7,703,'1',690596,690597,690598,633077,690599,690600,690601,540837,690602,652875,690603,690604,690605,644424,536333,690606,690607,690608,690609,690610,690611,690612,690613,690614,690615,690616,690617,690618,690619,690620,690621,690622,690623,503703,690624,690625,690626,690627,690628,690629,690630,690631,690632,644449,690633,690634,690635,690636,690637,690638,690639,690640,690641,690642,675512,656728,690643,644209,690644,668237,690645,690646,685778,690647,690648,690649,690650,690651,690652,633153,690653,583920,690654,690655,690656,690657,690658,690659,690660,690661,690662,690663,690664,690665,607486,690666,690667,588762,630602,690668,690669,690670,690671,690672,444787,690673,690674,690675,670204,617096,690676,673694,608525,690677,690678,690679,614005,474960,690680,555675,690681,690682,690683,689747,690684,690685,690686,690687,690688,604438,690689,690690,617868,690691,690692
7,703,'2',606436,690693,690694,690695,690696,690697,690698,690699,690700,690701,690702,690703,690704,690705,690706,690707,690708,629858,690709,690710,690711,690712,690713,690714,690715,690716,594182,690717,690718,690719,662703,643370,690720,619658,690721,690722,690723,670219,690724,690725,690726,690727,690728,690729,690730,690731,690732,690733,690734,690735,609246,639658,690736,653350,607077,690737,690738,690739,690740,690741,690742,690743,690744,690745,653103,690746,690747,690748,690749,640893,690750,690751,690752,690753,690754,690755,690756,506552,690757,689789,690758,522508,619064,690759,618478,690760,690761,690762,690763,690764,690765,690766,690767,690768,690769,690770,690771,606216,690772,690773,668772,554140,690774,690775,690776,619090,690777,690778,660991,690779,685836,514964,690780,690781,690782,690783,690784,622415,690785,690786
7,703,'3',690787,690788,690789,607664,690790,690791,690792,690793,690794,690795,690796,690797,690798,690799,690800,690801,690802,576016,671204,690803,690804,690805,690806,690807,690808,690809,690810,690811,690812,690813,690814,690815,690816,659807,565543,690817,690818,690819,690820,654285,690821,667998,690822,690823,690824,690825,690826,690827,690828,690829,621228,690830,690831,690832,690833,690834,690835,690836,690837,690838,690839,690840,690841,690842,690843,690844,690845,690846,690847,690848,690849,690850,690851,690852,690853,690854,690855,690856,690857,690858,690859,690860,690861,690862,641579,690863,690864,690865,690866,690867,690868,690869,515023,690870,690871,690872,690873,690874,690875,690876,634354,690877,690878,690879,690880,690881
7,703,'5',690882,690883,690884,644770,690885,690886,690887,690888,690889,690890,690891,690892,613489,690893,690894,690895,680728,690896,615073,690897,690898,690899,627713,646654,690900,690901,690902,690903,690904,690905,690906,690907,690908,690909,690910,690911,690912,690913,661179,690914,690915,690916,690917,690918,690919,690920,690921,690922,690923,690924,618688,690925,690926,564010,690927,690928,690929,690930,690931,682570,572462,690932,690933,690934,690935,690936,690937,570210,536674,690938,690939,681038,690940,604683,579590,690941,656641,690942,690943,690944,690945,690946,690947,646822,638921,616225,690948,690949,690950,690951,690952,690953,690954,690955,615675,690956,668035,690957,634930,690958,690959,690960,665624,588584,690961,690962,515916,670024,661820,690963,690964,690965,690966,690967,690968,690969,690970,690971
7,704,'1',690972,690973,690974,644416,673665,690975,690976,685751,690977,690978,690979,690980,690981,690982,690983,690984,690985,690986,690987,690988,690989,666261,690990,573220,690991,690992,676181,690993,629375,690994,690995,690996,690997,690998,690999,691000,691001,691002,691003,691004,691005,627968,691006,691007,691008,620157,691009,691010,669772,691011,691012,666860,691013,691014,691015,691016,691017,679314,691018,691019,691020,691021,691022,691023,691024,691025,691026,691027,691028,513193,691029,691030,691031,691032,667767,691033,691034,691035,691036,691037,647985,691038,691039,691040,616547,691041,691042,691043,627108,691044,691045,691046,691047,691048,691049,491710,691050,583925,616558,691051,650742,691052,691053,609219,676041,691054,691055,691056,691057,687219,607629,630644,691058,664025,691059,691060,691061,691062,691063,691064,691065,691066,691067,691068,691069,691070
7,704,'2',691071,659268,691072,691073,691074,691075,691076,691077,691078,691079,691080,691081,691082,596951,691083,691084,622361,691085,691086,691087,691088,691089,682381,691090,691091,691092,408615,691093,691094,691095,691096,691097,691098,691099,691100,691101,691102,691103,691104,691105,621157,530496,691106,691107,691108,548220,691109,691110,691111,691112,691113,691114,691115,691116,691117,691118,691119,691120,615367,542439,691121,691122,691123,632017,691124,691125,691126,669403,691127,667402,691128,691129,691130,691131,691132,691133,691134,691135,691136,691137,625532,691138,691139,691140,691141,691142,691143,691144,691145,611662,691146,691147,691148,691149,648150,691150,691151,691152,691153,691154,691155,691156,691157,691158,685994,691159,688252,691160,691161,691162,691163,691164,691165,691166,691167,670251,691168,691169,691170,648177,691171
7,704,'3',691172,691173,691174,691175,691176,691177,691178,691179,691180,691181,691182,691183,691184,691185,614136,691186,691187,691188,691189,691190,691191,691192,691193,691194,691195,691196,691197,691198,691199,634772,682088,619165,691200,691201,691202,691203,691204,691205,691206,691207,691208,691209,628473,691210,691211,691212,691213,628479,691214,691215,691216,691217,691218,691219,691220,691221,691222,691223,691224,691225,691226,691227,630967,691228,691229,691230,691231,691232,691233,691234,691235,691236,646273,691237,691238,691239,691240,604583,691241,691242,691243,691244,691245,661959,691246,691247,691248,691249,649666,654423,691250,691251,691252,691253,691254,691255,691256,659448,652482,691257,691258,691259,678445,691260,691261,691262,691263,691264,691265
7,704,'5',691266,687759,691267,591114,691268,691269,691270,691271,691272,691273,691274,661983,691275,524649,626712,691276,691277,691278,691279,691280,672714,691281,518870,674131,691282,691283,691284,691285,691286,691287,691288,691289,662143,572431,691290,691291,691292,691293,691294,691295,691296,655609,691297,691298,691299,691300,691301,691302,680176,691303,633446,644818,691304,553908,566799,691305,691306,691307,605754,615643,691308,663723,691309,691310,691311,678619,691312,691313,691314,691315,691316,691317,691318,605274,691319,691320,650269,612244,691321,691322,691323,691324,691325,655654,581726,613503,691326,624342,691327,691328,691329,691330,691331,660557,673315,691332,523460,691333,565767,691334,641395,691335,687528,691336,691337,691338,691339,691340,691341,691342,691343,691344,691345,691346,691347,691348,691349,631218,691350,691351,691352,691353
8,803,'1',691354,691355,691356,691357,691358,691359,691360,670349,691361,691362,691363,691364,691365,691366,691367,627001,691368,691369,691370,691371,691372,691373,691374,633131,691375,652309,691376,691377,691378,691379,691380,691381,610892,691382,691383,691384,649884,691385,691386,691387,691388,691389,691390,691391,462675,691392,646556,688948,691393,658934,691394,691395,691396,691397,664022,595786,691398,691399,652647,691400,667781
8,803,'2',691401,691402,691403,691404,620559,643020,691405,644560,670075,691406,691407,526872,691408,691409,667795,649974,691410,691411,691412,691413,691414,691415,691416,571151,691417,691418,691419,691420,691421,691422,691423,587943,691424,691425,691426,691427,691428,691429,691430,691431,691432,691433,691434,691435,691436,691437,691438,691439,691440,691441,691442,691443,691444,675583,691445,604509,630845,691446,691447,691448,691449,691450,604526,691451,691452,691453,691454,691455
8,803,'3',691456,691457,626399,677398,691458,661508,691459,691460,691461,691462,691463,685466,536560,691464,691465,691466,691467,691468,619171,691469,691470,691471,691472,691473,691474,691475,691476,691477,691478,691479,691480,680864,691481,691482,691483,691484,691485,691486,691487,691488,691489,691490,691491,691492,639152,691493,691494,691495,691496,691497,691498,651202,691499,691500,691501,691502,691503
8,803,'5',691504,691505,691506,691507,530620,691508,691509,691510,691511,691512,691513,691514,691515,691516,691517,542619,653169,691518,691519,691520,691521,610373,691522,691523,691524,691525,691526,691527,689892,691528,691529,691530,691531,691532,691533,691534,609010,691535,660545,691536,691537,691538,633637,691539,691540,691541,691542,691543,691544,691545,691546,691547,691548,691549,634946,691550,691551,691552,640042
8,804,'1',691553,691554,691555,691556,504427,691557,691558,691559,539076,691560,691561,691562,691563,691564,691565,691566,691567,691568,691569,691570,691571,691572,691573,691574,691575,691576,691577,691578,691579,691580,691581,691582,691583,691584,690517,691585,691586,691587,691588,691589,691590,691591,691592,691593,691594,691595,691596,691597,691598,691599,691600,691601,623991,691602,691603,691604,691605,564601,691606,691607
8,804,'2',691608,683951,691609,558544,691610,691611,691612,691613,691614,691615,688544,640115,691616,691617,691618,691619,691620,691621,691622,614787,691623,691624,691625,691626,691627,691628,649991,422709,691629,691630,609417,691631,691632,660245,691633,691634,691635,691636,691637,691638,691639,662429,691640,647068,640134,691641,691642,691643,662223,638209,691644,664678,691645,691646,691647,691648,598207,691649,691650,691651,691652,691653,659419,691654,691655,684118,691656
8,804,'3',691657,691658,691659,691660,691661,691662,577251,691663,691664,676416,691665,691666,691667,647094,691668,601972,691669,691670,691671,691672,691673,691674,691675,691676,691677,691678,691679,691680,691681,691682,691683,691684,691685,691686,691687,691688,610276,680457,691689,691690,691691,691692,568250,681354,691693,691694,691695,691696,691697,691698,691699,691700,691701,691702,691703,691704,691705,691706,691707,691708,691709
8,804,'5',691710,617172,691711,691712,691713,691714,631061,691715,691716,691717,691718,691719,691720,645251,635265,691721,666583,621712,691722,691723,691724,691725,691726,645755,691727,691728,691729,691730,691731,691732,640214,691733,591846,691734,691735,691736,691737,631789,691738,643577,691739,691740,691741,686074,691742,640033,603657,691743,691744,691745,691746,691747,691748,691749,691750,691751,682721,691752,691753,691754,691755
9,903,'1',691756,691757,626150,691758,691759,691760,691761,691762,610450,610057,691763,691764,691765,691766,691767,691768,691769,691770,691771,691772,691773,621864,630532,691774,442202,691775,529397,691776,691777,691778,691779,691780,691781,691782,691783,691784,691785,691786,691787,641019,673526,691788,691789,691790,691791,691792,647996,691793,691794,691795,691796,679179,654545,691797,691798,691799,691800,691801,691802,691803,691804,691805,691806
9,903,'2',691807,691808,691809,691810,691811,691812,691813,691814,691815,691816,691817,691818,691819,660217,691820,691821,691822,691823,691824,649496,691825,691826,647262,691827,691828,691829,521067,691830,691831,691832,662725,691833,691834,691835,691836,691837,691838,691839,691840,644622,691841,434854,691842,494641,691843,691844,691845,691846,691847,691848,651362,691849,691850,691851,691852,691853,691854,691855,691856,639689,691857,691858,665693,669425
9,903,'3',691859,691860,691861,616127,691862,691863,691864,691865,691866,691867,691868,691869,627493,691870,691871,691872,691873,691874,691875,691876,691877,691878,691879,691880,691881,691882,691883,691884,655989,691885,691886,691887,691888,691889,656502,691890,691891,691892,610295,691893,691894,691895,691896,676978,607262,691897,674102,674104,691898,691899,691900,675066,619937,691901,691902
9,903,'5',691903,691904,667586,691905,691906,691907,611403,691908,691909,691910,691911,562892,691912,691913,691914,691915,691916,636955,691917,691918,691919,691920,653619,691921,691922,627770,691923,615641,691924,691925,631147,691926,631767,554650,691927,691928,691929,691930,658193,606348,691931,691932,691933,691934,691935,691936,691937,691938,691939,691940,691941,691942,691943,691944,622559
9,904,'1',616783,691945,691946,691947,691948,691949,691950,615192,691951,691952,583232,691953,691954,691955,691956,691957,691958,520936,691959,691960,691961,691962,691963,691964,691965,691966,691967,627975,691968,691969,636223,660093,691970,691971,691972,681788,691973,691974,658239,691975,691976,691977,691978,691979,570037,691980,526594,691981,603478,691982,691983,691984,691985,691986,691987,691988,691989,691990,619613,481582
9,904,'2',638448,691991,633540,691992,691993,691994,691995,651114,691996,691997,669619,675335,532952,618962,691998,691999,692000,692001,624039,517690,692002,692003,692004,692005,692006,635077,692007,692008,629430,692009,605162,692010,692011,692012,692013,692014,524457,692015,692016,692017,692018,624106,692019,607523,692020,692021,673575,692022,648155,692023,692024,692025,692026,661293,692027,692028,692029,692030,692031,692032,692033,692034
9,904,'3',503912,692035,692036,692037,692038,692039,641964,692040,692041,692042,692043,692044,692045,692046,676094,692047,666488,692048,692049,692050,692051,692052,611720,692053,692054,692055,692056,620348,692057,550308,692058,692059,638556,657785,692060,692061,627601,692062,692063,692064,692065,692066,657338,692067,692068,631685,692069,692070,618609,692071,554221,626465,692072,692073,692074,692075,692076,692077
9,904,'5',692078,692079,692080,692081,692082,692083,692084,692085,692086,692087,692088,692089,692090,692091,692092,692093,692094,692095,692096,692097,692098,692099,692100,692101,692102,692103,692104,692105,692106,692107,692108,692109,661375,692110,573606,692111,692112,692113,692114,692115,692116,692117,692118,692119,650284,692120,692121,692122,692123,540105,692124,648419,692125,692126,692127
10,1001,'1',692128,692129,692130,692131,692132,651908,600265,692133,692134,692135,692136,692137,567483,692138,624991,519839,692139,690592,692140
10,1002,'1',692141,692142,668199,692143,692144,632701,692145,618802,616807,692146,631882,692147,692148,692149,692150,692151,692152,692153,692154
11,1103,'1',483356,640987,692155,692156,640991,692157,666845,692158,692159,603362,692160,692161,692162,692163,692164,658851,692165,692166,692167,618791,692168,692169,692170,692171,692172,692173,692174,692175,692176,692177,692178,692179,692180,692181,692182,692183,692184,692185,692186,564104,692187,626592,692188,654878,636216,692189,692190,678360,550153,630541,692191,630551,692192,692193,692194,623692,692195,692196,692197,627074,692198,692199,692200,692201,692202,611936,692203,692204,625822,692205,692206,692207,692208,692209,692210,692211,620516,692212,692213,692214,692215,692216,670198,692217,692218,692219,658014,692220,678517,692221,692222,677556,563012,692223,648015,692224,692225,692226,692227,692228,517490,692229,692230,692231,680060,665867,692232,621935,692233,692234,692235
11,1103,'2',692236,692237,679668,692238,692239,692240,692241,692242,692243,692244,692245,692246,692247,692248,692249,692250,692251,692252,655839,692253,692254,692255,683991,692256,692257,692258,692259,692260,692261,612490,692262,692263,690018,692264,692265,608129,692266,692267,692268,692269,692270,692271,692272,692273,692274,670224,674407,692275,692276,692277,692278,692279,692280,692281,692282,692283,692284,692285,630803,567058,692286,692287,692288,692289,692290,692291,536820,692292,692293,692294,692295,692296,568143,692297,451826,692298,692299,692300,682211,692301,692302,692303,649569,692304,692305,692306,692307
11,1103,'3',692308,692309,692310,692311,692312,692313,692314,692315,692316,692317,692318,692319,692320,692321,692322,692323,692324,692325,692326,692327,692328,692329,692330,692331,692332,692333,692334,692335,692336,692337,692338,692339,692340,692341,692342,692343,692344,692345,623041,692346,692347,485996,692348,692349,626869,692350,692351,692352,692353,692354,692355,692356,611050,692357,692358,692359,692360,692361,692362,692363,692364,673773,658725,692365,689094,692366,692367,692368,692369,692370,684274,692371,692372,692373,692374,692375,692376,692377,692378,692379
11,1103,'5',692380,692381,652995,669703,692382,692383,692384,692385,692386,692387,692388,692389,692390,692391,631079,692392,692393,692394,661361,692395,692396,609160,692397,692398,688376,692399,692400,692401,692402,692403,692404,692405,692406,692407,660495,567831,692408,692409,692410,692411,692412,692413,692414,692415,692416,692417,692418,692419,692420,692421,692422,692423,692424,692425,692426,692427,657665,685555,692428,692429,602121,692430,692431,692432,692433,667609,692434,668558,621779,692435,692436,646827,650648,692437,692438,692439,692440,677501,605107,692441
11,1104,'1',650302,621802,692442,517620,692443,692444,647192,692445,692446,692447,692448,692449,692450,692451,607317,692452,655215,692453,692454,692455,692456,619468,546839,692457,692458,692459,692460,692461,608856,379188,692462,692463,654867,692464,418322,692465,687587,692466,692467,692468,692469,603443,692470,692471,692472,692473,692474,692475,692476,692477,692478,692479,692480,692481,692482,692483,692484,692485,672161,549843,692486,692487,620841,644480,692488,692489,692490,670389,692491,692492,605487,658909,692493,692494,692495,692496,606400,692497,692498,692499,692500,692501,692502,692503,689734,461492,692504,692505,551955,692506,692507,573672,692508,692509,692510,621911,692511,692512,692513,692514,692515,692516,692517,692518,692519,692520,648533,692521,692522,654551,692523,692524,473117
11,1104,'2',692525,692526,692527,676274,692528,561817,692529,692530,626304,692531,636416,692532,692533,692534,692535,532638,692536,692537,630721,672587,692538,692539,692540,692541,612011,692542,692543,692544,692545,692546,692547,692548,692549,692550,692551,692552,610582,692553,692554,692555,692556,692557,692558,692559,681861,651625,692560,692561,692562,692563,692564,692565,692566,692567,692568,692569,692570,692571,692572,692573,549004,692574,502903,692575,692576,692577,692578,692579,610217,692580,692581,692582,692583,692584,692585,692586,692587,692588,692589,692590,571645,692591,692592,692593
11,1104,'3',692594,692595,692596,657764,692597,692598,692599,692600,692601,692602,692603,622424,692604,692605,692606,692607,692608,692609,692610,692611,692612,692613,692614,692615,692616,692617,692618,692619,692620,682276,661730,692621,692622,637717,692623,692624,692625,617295,692626,692627,637743,619865,549064,686607,692628,692629,692630,692631,553799,662115,692632,692633,692634,692635,692636,692637,692638,692639,692640,692641,664126,644736,692642,692643,692644,692645,692646,692647,692648,692649,692650,640186,692651,692652,692653,692654,678945,692655,692656
11,1104,'5',692657,692658,631054,692659,692660,662830,692661,692662,653590,692663,681775,692664,662841,692665,692666,659941,692667,692668,692669,692670,692671,692672,692673,572438,692674,692675,692676,671373,578864,692677,692678,692679,692680,692681,692682,692683,692684,686653,692685,692686,692687,635303,692688,692689,692690,692691,692692,692693,692694,692695,692696,692697,692698,692699,692700,692701,692702,692703,638340,692704,652252,692705,635712,692706,633639,692707,692708,692709,692710,672472,692711,692712,692713,692714,692715,692716,692717,605285,692718
12,1201,'1',692719,636110,692720,692721,692722,692723,692724,692725,653218,692726,652877,692727,692728,692729,692730,692731,670353,692732,692733,692734,654856,626982,692735,692736,623898,692737,692738,692739,692740,623172,692741,692742,692743,692744,692745,627971,676689,634986,651491,639859,692746,692747,578970,692748,692749,692750,692751,692752,692753,692754,471087,692755,623194,692756,685135,681263,692757,638985,692758,692759,692760,692761,685947,686348,692762,692763,692764,579964,692765,692766,692767,692768,642558,692769,544436,692770,692771,692772,692773,692774,692775,692776,676247,692777,678521,692778,692779,692780,692781,692782,692783,639320,692784,692785
12,1201,'2',692786,692787,644006,692788,692789,628161,610145,692790,692791,692792,677204,692793,600798,692794,632815,692795,677995,692796,692797,692798,692799,692800,692801,692802,692803,692804,692805,692806,669943,692807,686840,692808,692809,692810,692811,692812,692813,666391,692814,671490,692815,633239,692816,692817,692818,523643,692819,692820,692821,629649,692822,692823,692824,692825,610587,692826,692827,692828,692829,692830,692831,692832,692833,692834,673735,692835,692836,692837,692838,692839,692840,692841,692842,651359,650462,619079,692843,692844,692845,692846,639683,692847,626845,692848,670940
12,1201,'3',692849,692850,692851,692852,692853,692854,692855,692856,692857,692858,692859,692860,686943,692861,692862,692863,656469,692864,692865,692866,692867,692868,692869,692870,692871,692872,692873,692874,692875,692876,400228,692877,688661,692878,692879,692880,692881,692882,692883,692884,692885,692886,692887,692888,692889,692890,692891,692892,692893,692894,692895,645881,692896,692897,692898,692899,642361,692900,692901,692902,692903,593711,639157,692904,692905,692906,692907,692908,692909,692910
12,1201,'5',692911,692912,692913,585209,692914,692915,692916,516352,692917,692918,692919,692920,692921,634195,692922,692923,692924,692925,692926,668018,692927,692928,692929,692930,692931,692932,692933,692934,633432,692935,626720,682413,624297,692936,692937,692938,692939,692940,541490,692941,662859,692942,692943,692944,692945,692946,692947,692948,692949,692950,692951,609512,605273,692952,692953,671100,692954,692955,692956,692957,692958,692959,692960,692961,692962,692963,692964,692965,692966,692967,692968,692969,692970,617731,692971,544983,692972
12,1202,'1',692973,692974,692975,516089,651878,692976,692977,555051,692978,692979,692980,692981,692982,692983,692984,692985,692986,692987,692988,692989,692990,662309,675297,635731,692991,692992,692993,671995,692994,686265,642512,692995,606381,692996,692997,692998,692999,693000,693001,627034,693002,693003,693004,684601,693005,693006,693007,693008,693009,693010,693011,693012,693013,589465,693014,693015,693016,670801,693017,604403,693018,693019,693020,693021,693022,632347,668085,693023,693024,693025,693026,693027,693028,693029,693030,693031,683446,693032,505390,693033,693034,693035,528165,542822,693036,693037,693038,693039,693040,693041,693042,693043,635383,693044,607494,501659,693045,693046,693047,693048
12,1202,'2',693049,693050,693051,693052,693053,693054,693055,565372,693056,693057,693058,693059,693060,693061,693062,693063,693064,693065,644568,693066,693067,693068,693069,693070,693071,606707,693072,693073,693074,693075,693076,693077,693078,693079,625502,693080,649498,693081,693082,693083,519905,600097,693084,680089,455784,693085,519910,693086,693087,693088,693089,693090,693091,693092,693093,693094,693095,693096,693097,693098,693099,693100,653382,693101,693102,693103,693104,693105,693106,693107,693108,693109,693110,613012,693111,693112,693113,693114,627432,693115,693116,693117,693118,693119,693120,693121
12,1202,'3',645429,693122,693123,652964,693124,693125,693126,693127,693128,693129,646617,693130,693131,693132,693133,693134,693135,693136,693137,630928,693138,693139,693140,693141,693142,693143,693144,693145,693146,693147,693148,693149,642750,693150,693151,693152,693153,660368,693154,693155,555863,693156,674097,693157,693158,693159,693160,516031,693161,693162,693163,693164,693165,693166,693167,693168,671946,693169,693170,693171,693172,693173,693174,680310,686041,693175,693176,693177,668883
12,1202,'5',693178,693179,693180,693181,693182,693183,619279,693184,693185,693186,693187,693188,605594,693189,693190,693191,693192,693193,693194,693195,516809,693196,693197,693198,693199,693200,693201,684341,693202,693203,640209,620409,693204,693205,693206,693207,693208,693209,693210,693211,693212,693213,693214,635698,693215,693216,693217,693218,693219,687068,650622,693220,693221,620056,693222,693223,623640,693224,615141,693225,693226,693227,693228,693229,693230,693231,693232,672106,693233,693234,693235,643592,693236,693237,693238,641644,693239,693240
13,1303,'1',693241,693242,693243,693244,693245,631841,653716,693246,641854,693247,693248,677727,693249,600687,693250,693251,693252,693253,693254,693255,561247,631891,693256,693257,685596,693258,633528,693259,693260,624467,693261,693262,693263,693264,674740,633160,669918,693265,693266,693267,606670,693268,693269,693270,693271,693272,592065,693273,651962,693274,693275
13,1303,'2',693276,693277,693278,693279,655829,693280,693281,693282,620570,693283,643653,693284,693285,693286,693287,693288,693289,693290,615337,656352,693291,693292,693293,673045,693294,693295,455443,652937,681153,693296,693297,693298,693299,693300,693301,693302,693303,693304,693305,619076,693306,693307,693308,623300,693309,634740,693310,693311
13,1303,'3',693312,693313,635440,620312,693314,693315,641965,693316,693317,693318,693319,693320,693321,693322,645154,693323,678259,693324,693325,693326,693327,693328,693329,693330,645180,693331,693332,693333,693334,606966,693335,693336,693337,693338,693339,693340,693341,693342,671561,693343,693344,693345,693346
13,1303,'5',693347,693348,693349,682812,693350,693351,693352,548627,587765,544361,693353,693354,693355,684339,693356,693357,693358,693359,693360,693361,693362,693363,631117,610382,631130,693364,693365,600001,693366,693367,693368,693369,693370,693371,693372,622255,693373,693374,693375,693376,649293,693377,693378,671121,693379,693380,693381,560683
13,1304,'1',693382,693383,693384,693385,693386,693387,693388,646986,693389,679005,693390,693391,693392,693393,693394,693395,693396,693397,693398,693399,693400,693401,693402,693403,693404,693405,693406,693407,693408,693409,622896,693410,693411,625825,693412,693413,693414,693415,693416,693417,693418,693419,693420,693421,693422,693423,693424,693425,621446,693426,686306
13,1304,'2',664469,693427,693428,693429,693430,693431,693432,693433,693434,693435,693436,680677,693437,693438,660805,693439,693440,693441,693442,693443,693444,693445,693446,693447,684050,677594,693448,693449,693450,693451,669953,642247,693452,693453,693454,636605,693455,693456,615428,693457,693458,693459,693460,693461,614894,693462,693463,693464
13,1304,'3',693465,693466,693467,693468,693469,693470,693471,693472,693473,693474,693475,693476,693477,693478,693479,685483,693480,693481,693482,693483,664117,693484,693485,540684,693486,693487,610310,693488,693489,693490,693491,693492,693493,693494,693495,693496,693497,693498,693499,654429,616180,693500
13,1304,'5',693501,693502,677811,693503,693504,693505,693506,693507,693508,693509,693510,693511,693512,693513,693514,529190,693515,693516,693517,693518,693519,693520,693521,693522,693523,693524,635306,654161,693525,693526,693527,690148,693528,693529,677490,693530,693531,693532,693533,693534,682174,693535,693536,693537,693538,693539,693540,693541
14,1401,'1',693542,693543,693544,693545,693546,693547,693548,693549,633512,693550,640539,693551,533500,693552,693553,612794,454250,618299,693554,615866,693555,693556,693557,523550,609054,672180,693558,693559,674745,693560,693561,693562,693563,693564,693565,660152,693566,693567,693568,671684,666886,693569,693570,657871
14,1401,'2',693571,693572,693573,645017,693574,693575,661264,693576,693577,693578,693579,693580,628231,661680,693581,693582,693583,674401,693584,693585,681452,693586,693587,693588,693589,693590,575989,674547,693591,693592,693593,693594,693595,693596,693597,693598,693599,693600,693601,693602,693603,693604,693605,693606,693607,693608,693609
14,1401,'3',693610,659298,693611,693612,693613,693614,693615,693616,680706,693617,666484,693618,693619,693620,693621,693622,693623,693624,693625,693626,693627,497386,693628,693629,693630,673094,693631,684228,693632,693633,693634,693635,693636,693637,693638,693639,693640,693641,693642,693643,693644,693645
14,1401,'5',693646,613822,693647,693648,693649,693650,693651,693652,693653,693654,693655,693656,693657,693658,693659,693660,693661,693662,693663,693664,693665,693666,643210,693667,693668,693669,693670,693671,693672,693673,693674,615668,693675,693676,693677,693678,693679,693680,568902,693681,693682,693683,685908,693684,693685,693686
14,1402,'1',693687,651467,693688,693689,693690,693691,693692,693693,693694,693695,693696,693697,693698,681174,693699,693700,693701,693702,693703,693704,693705,693706,623680,618843,693707,612379,693708,615253,693709,693710,693711,693712,693713,693714,693715,693716,693717,693718,693719,693720,574745,592568,693721
14,1402,'2',545662,693722,693723,693724,693725,693726,658969,693727,693728,693729,693730,693731,693732,515975,693733,693734,693735,693736,693737,612035,693738,693739,693740,693741,693742,693743,693744,693745,614404,613683,605544,693746,693747,693748,693749,693750,693751,693752,655429,693753,693754,693755,693756,693757,560434
14,1402,'3',693758,693759,693760,580794,693761,693762,693763,693764,693765,693766,693767,693768,693769,693770,693771,693772,693773,693774,693775,693776,693777,693778,693779,693780,693781,693782,564265,693783,693784,693785,693786,693787,693788,693789,693790,693791,693792,536599,612622,693793,693794,693795,693796,693797
14,1402,'5',659907,693798,693799,693800,693801,693802,693803,693804,670662,693805,693806,693807,663413,693808,693809,693810,693811,693812,693813,646103,693814,693815,693816,662561,693817,693818,640492,569972,693819,693820,693821,660540,640505,693822,693823,693824,693825,693826,693827,693828,693829,693830,639230,561703,693831,693832,693833,693834
15,1501,'1',693835,693836,693837,693838,693839,632285,693840,693841,613534,602172,693842,688877,693843,693844,636174,693845,693846,693847,693848,693849,693850,693851,622578,409683,693852,693853,693854,693855,527150,693856,581449,693857,693858,693859,669348,693860,693861,693862,693863,693864,612410,680788,693865,693866,693867,693868,693869,620537,693870,693871,693872,509326,693873,693874,693875
15,1501,'2',693876,693877,693878,693879,693880,693881,693882,693883,693884,693885,693886,545268,693887,599911,619656,693888,693889,693890,693891,651605,604852,693892,589577,693893,693894,693895,693896,693897,693898,693899,605923,693900,693901,609095,693902,693903,693904,611296,693905,693906,460333,693907,693908,693909,693910
15,1501,'3',693911,693912,693913,693914,693915,693916,621199,693917,693918,693919,693920,693921,693922,693923,687721,621617,613071,636037,693924,693925,693926,693927,482312,693928,587730,693929,693930,640442,693931,693932,693933,693934,693935,693936,693937,693938,693939,682528,693940,693941
15,1501,'5',693942,693943,693944,693945,693946,619983,684330,693947,693948,693949,693950,609158,693951,693952,693953,693954,693955,693956,636966,693957,693958,693959,693960,693961,693962,617526,638920,693963,693964,693965,693966,607592,693967,693968,693969,693970,693971,693972,693973,693974,693975,693976,531731,693977,693978
15,1502,'1',693979,693980,693981,693982,671858,693983,693984,625774,693985,693986,693987,693988,693989,693990,693991,693992,693993,693994,693995,662310,693996,693997,693998,693999,694000,388573,694001,694002,694003,667360,612365,694004,694005,513757,694006,669341,694007,485180,694008,694009,694010,694011,694012,687200,694013,694014,694015,694016,681735,694017,694018,694019,694020,694021,694022
15,1502,'2',694023,694024,694025,624545,627242,694026,694027,515750,685165,694028,651989,694029,549605,694030,694031,694032,694033,694034,694035,694036,617932,539119,694037,694038,669817,694039,607853,694040,597516,694041,694042,629903,694043,694044,694045,694046,609436,694047,694048,694049,694050,598214
15,1502,'3',694051,694052,616369,680978,694053,694054,694055,694056,694057,660846,694058,694059,694060,694061,694062,667995,694063,694064,694065,637750,652980,694066,604584,694067,694068,694069,615538,694070,694071,694072,694073,694074,694075,623604,658144,694076,664718,694077,694078
15,1502,'5',616183,625226,694079,694080,694081,654090,694082,694083,694084,654103,685045,694085,694086,637925,663935,694087,694088,694089,671083,637961,694090,606830,694091,694092,540778,694093,694094,694095,694096,694097,694098,694099,694100,694101,694102,694103,694104,694105,694106,694107,694108,694109,694110,694111
16,1603,'1',694112,694113,694114,638663,694115,687817,617549,694116,694117,686250,627895,694118,694119,694120,686676,694121,694122,694123,660750,694124,694125,694126,694127,694128,694129,694130,694131,694132,647418,694133,694134,631862,694135,694136,694137,694138,694139,694140,694141,694142,694143,694144,663196,694145,694146,694147,694148,694149,694150,694151,669912,694152,694153,694154,694155,694156,694157,694158,694159,676220,694160,694161,694162,694163,629390,694164,694165,694166,694167,694168,618881,694169,673182,694170,611538,694171,611208,694172,694173,543680,694174,694175,694176,694177,377649,694178,467026,694179,674529,694180,694181,694182,694183,694184,610509,694185,694186,694187,694188,644520,694189,694190,694191,694192,694193,694194,694195,694196,694197,694198,665869,694199,694200,694201
16,1603,'2',694202,694203,694204,540200,694205,694206,694207,694208,694209,694210,694211,694212,672578,694213,524375,662207,694214,694215,694216,694217,694218,622945,671175,694219,694220,694221,694222,471812,694223,602266,694224,694225,694226,694227,694228,694229,694230,572782,545273,694231,694232,694233,694234,654585,694235,694236,694237,694238,694239,400106,694240,694241,694242,694243,694244,694245,534133,694246,694247,694248,694249,688232,672609,694250,694251,611639,646747,694252,694253,694254,694255,675577,694256,679922,694257,694258,694259,694260,694261,694262,694263,694264,694265,625538,694266,656885,495431,694267,689026,694268,662739,694269,694270,694271,694272,694273,694274,694275,694276,694277,402917,694278,694279,694280,694281,694282,694283,694284,694285
16,1603,'3',694286,694287,638807,694288,619801,694289,694290,694291,580500,619141,694292,694293,694294,694295,694296,694297,694298,694299,694300,694301,694302,694303,630927,694304,670268,620668,694305,694306,694307,694308,694309,694310,694311,622723,694312,694313,694314,694315,694316,694317,694318,694319,694320,694321,694322,694323,694324,694325,674450,694326,694327,694328,694329,694330,694331,694332,694333,694334,694335,595246,694336,673100,694337,694338,694339,694340,694341,694342,694343,516032,694344,694345,694346,694347,694348,694349,639150,559055,694350,694351,694352,694353,694354,694355,694356,694357,694358,643174,694359,694360,694361,694362,694363,694364,694365,620997
16,1603,'5',694366,694367,694368,694369,694370,631714,694371,650582,676538,694372,694373,694374,694375,654095,659145,634862,659940,694376,615077,694377,694378,694379,694380,694381,694382,694383,694384,694385,694386,694387,694388,694389,694390,694391,629738,694392,694393,694394,694395,653608,641816,694396,694397,601385,694398,694399,694400,694401,694402,694403,694404,645614,694405,694406,694407,655154,694408,694409,694410,694411,694412,694413,694414,694415,694416,628728,694417,694418,694419,694420,694421,694422,618198,694423,694424,671972,694425,694426,694427,628759,694428,694429,694430,684439,694431,540454,628768,646118,694432,694433,640036,694434,604714,694435,675468,650653,620450,694436,694437,694438,694439,694440,694441,694442,694443
16,1604,'1',694444,694445,694446,694447,694448,694449,650309,679464,694450,694451,694452,694453,579300,694454,694455,694456,694457,694458,694459,694460,634027,694461,694462,610860,694463,694464,630487,694465,694466,694467,694468,694469,669559,694470,694471,647956,617796,694472,694473,652894,694474,694475,694476,694477,694478,694479,694480,694481,628825,627054,694482,546896,582860,694483,533998,694484,663516,640572,694485,655769,694486,694487,633158,694488,694489,694490,519129,666320,694491,694492,694493,616045,694494,608679,694495,694496,694497,694498,694499,683905,694500,694501,694502,694503,694504,694505,694506,518587,694507,694508,694509,694510,694511,534042,694512,683924,694513,694514,694515,610517,694516,694517,685796,694518,694519,694520,694521,647523,694522,694523,694524,694525
16,1604,'2',694526,694527,694528,694529,694530,612471,694531,642166,694532,694533,694534,694535,694536,679340,694537,694538,694539,648981,694540,694541,694542,694543,694544,694545,694546,694547,694548,694549,694550,694551,694552,694553,694554,694555,694556,694557,694558,694559,624570,694560,694561,615340,694562,694563,694564,694565,694566,694567,694568,694569,625915,694570,568088,694571,694572,694573,694574,694575,694576,431886,694577,694578,694579,694580,694581,694582,694583,610594,694584,653110,694585,694586,694587,694588,670242,694589,694590,694591,694592,694593,694594,622991,694595,694596,694597,694598,694599,694600,694601,694602,694603,604517,694604,648166,694605,679933,694606,677274,694607,694608,634737,694609,694610,694611,473316,694612,674241,694613,694614
16,1604,'3',694615,694616,694617,694618,694619,694620,685461,694621,694622,612094,694623,694624,694625,694626,694627,694628,694629,694630,694631,694632,694633,694634,694635,694636,694637,694638,694639,694640,631617,694641,694642,694643,610265,694644,694645,694646,694647,694648,694649,694650,694651,694652,694653,694654,694655,652753,694656,674837,694657,694658,694659,694660,694661,694662,694663,694664,694665,694666,694667,694668,694669,694670,610303,694671,694672,694673,694674,694675,694676,694677,694678,694679,694680,694681,694682,694683,694684,694685,679725,694686,694687,694688,694689,694690,694691,694692,694693,694694,694695,694696,694697,694698,694699,664554
16,1604,'5',694700,694701,694702,694703,694704,694705,694706,694707,694708,522144,591118,694709,694710,694711,694712,694713,656587,680502,694714,694715,694716,694717,694718,694719,694720,694721,694722,694723,694724,694725,694726,694727,694728,694729,694730,694731,640775,659958,694732,694733,694734,694735,694736,694737,694738,694739,694740,694741,694742,675657,694743,694744,694745,694746,648798,694747,694748,694749,694750,694751,694752,694753,694754,607155,694755,694756,694757,694758,694759,694760,677084,585686,694761,694762,694763,694764,694765,694766,694767,694768,694769,694770,605764,694771,694772,694773,694774,635314,694775,694776,694777,694778,694779,694780,694781,694782,694783,694784,694785,694786,617203,694787,646833
17,1703,'1',694788,694789,694790,694791,694792,694793,663758,694794,642934,694795,694796,694797,694798,694799,694800,694801,694802,694803,694804,694805,694806,604753,694807,694808,694809,694810,694811,694812,592206,694813,694814,694815,694816,694817,606386,694818,694819,694820,694821,694822,694823,684490,642969,694824,694825,694826,694827,612842,694828,645959,694829,694830,694831,694832,694833,694834,694835,606127,694836,694837,694838,694839,694840,694841,694842,694843,694844,575353,583289,676042,694845,694846,694847,646865,694848,694849,543254,694850,694851,694852,694853,630648,613404,694854,667517,694855,694856,694857,694858,694859,694860,694861,534059,694862,694863,694864,694865
17,1703,'2',694866,694867,694868,686546,694869,694870,694871,694872,694873,694874,683498,694875,694876,383373,694877,694878,694879,694880,694881,694882,694883,607645,694884,694885,694886,694887,694888,694889,694890,672272,651350,694891,694892,694893,658617,694894,694895,694896,694897,694898,694899,694900,694901,502541,694902,694903,694904,517276,694905,694906,694907,694908,664860,659759,694909
17,1703,'3',694910,694911,694912,694913,684979,694914,571174,694915,665578,694916,694917,694918,694919,694920,694921,694922,676437,646051,694923,694924,694925,694926,694927,694928,662795,694929,566016,694930,694931,694932,694933,694934,694935,694936,694937,694938,694939,659880,694940,650567,694941,618110,694942,674865
17,1703,'5',694943,694944,694945,694946,694947,694948,694949,694950,694951,694952,694953,661367,608242,694954,661787,694955,635890,694956,694957,694958,685543,694959,694960,694961,694962,694963,524736,694964,537987,694965,694966,694967,520546,694968,694969,694970,694971,694972,694973,664754,620086,694974,694975,694976,609528,694977,694978,694979
17,1704,'1',668191,690476,687816,694980,694981,694982,694983,632688,694984,694985,694986,694987,694988,694989,606101,694990,694991,694992,694993,694994,694995,694996,694997,694998,694999,627951,695000,695001,695002,695003,695004,695005,695006,695007,586265,695008,695009,695010,630527,689652,652600,695011,557027,695012,695013,695014,695015,695016,620163,695017,695018,695019,695020,695021,695022,608874,695023,695024,695025,695026,695027,695028,654901,695029,695030,695031,695032,695033,695034,596200,695035,695036,572592,695037,695038,695039,695040,695041,636318,661648,695042,695043,628114,695044,611978,695045,695046,695047,695048
17,1704,'2',626281,695049,650399,695050,653819,695051,695052,695053,678530,695054,695055,625902,695056,695057,695058,695059,695060,695061,695062,695063,695064,695065,474147,695066,681742,695067,488428,645557,695068,695069,695070,695071,673728,695072,695073,695074,695075,695076,695077,646026,695078,592436,695079,695080,695081,695082,695083,695084,636634,621570,695085,695086,695087
17,1704,'3',536832,661925,695088,695089,650086,695090,695091,695092,695093,695094,695095,695096,695097,653978,695098,695099,695100,695101,638839,695102,695103,695104,695105,695106,695107,695108,695109,613469,695110,626872,695111,695112,695113,695114,695115,695116,695117,695118,695119,695120,530610,695121,695122
17,1704,'5',695123,675435,695124,695125,695126,695127,695128,695129,695130,695131,695132,695133,695134,603169,695135,695136,695137,695138,695139,695140,695141,695142,695143,536272,607986,695144,695145,695146,667880,695147,695148,695149,538999,695150,695151,695152,695153,695154,695155,695156,695157,695158,695159,695160,695161
18,1803,'1',674702,695162,695163,695164,695165,695166,695167,570257,695168,623153,620127,695169,695170,695171,695172,659510,695173,695174,695175,675130,695176,695177,695178,695179,695180,695181,695182,695183,695184,695185,695186,695187,532899,695188,695189,695190,666290,695191,666306,695192,695193,695194,658243,695195,695196,695197,695198,695199,695200,695201,695202,695203,695204,685384,695205,665855,695206,695207,695208,695209,695210,695211,695212,562785,695213,695214,695215,695216,695217,413097,695218
18,1803,'2',695219,695220,637423,695221,695222,591733,695223,631452,695224,695225,695226,629144,670467,695227,695228,582406,695229,695230,695231,695232,652688,664064,695233,695234,695235,695236,695237,695238,675821,695239,695240,695241,614084,695242,695243,695244,695245,695246,695247,695248,695249,536109,695250,695251,695252,695253,509614,695254,695255,513876,695256,695257,443326,695258,500883,695259,695260,695261
18,1803,'3',695262,695263,695264,676908,695265,526378,695266,675598,695267,695268,695269,695270,695271,695272,695273,695274,695275,695276,695277,695278,695279,695280,695281,695282,631632,695283,695284,659309,695285,639431,695286,695287,695288,695289,695290,695291,695292,695293,695294,695295,695296,695297,695298,695299,695300,635482,695301,612168,634351,695302,695303,695304,695305
18,1803,'5',695306,695307,695308,684770,695309,695310,695311,695312,695313,695314,677034,695315,695316,695317,695318,695319,695320,695321,695322,695323,695324,695325,525270,681910,695326,695327,695328,695329,695330,695331,695332,695333,695334,695335,625280,695336,695337,695338,695339,695340,695341,695342,695343,695344,695345,695346,695347,695348,652853,695349,635717,695350,695351,695352,695353,695354,695355,695356
18,1804,'1',695357,695358,695359,695360,695361,695362,695363,695364,695365,695366,695367,645507,695368,624428,695369,383979,695370,695371,571430,695372,695373,614364,695374,695375,695376,695377,621871,695378,695379,695380,695381,695382,686340,695383,695384,644942,695385,695386,695387,695388,603729,614374,626230,695389,695390,695391,695392,663048,695393,695394,683442,695395,695396,681941,695397,695398,695399,695400,695401,695402,695403,695404,695405,695406,612907,643798,695407,695408,686799,695409,689624,661873
18,1804,'2',629618,695410,643357,695411,695412,695413,695414,695415,695416,695417,695418,639644,695419,695420,695421,695422,695423,695424,695425,695426,695427,695428,648084,695429,613277,422322,695430,687937,664663,571570,695431,695432,695433,644600,695434,695435,695436,695437,388687,695438,695439,695440,695441,695442,695443,695444,695445,637583,695446,695447,695448,630837,636010,695449,642268,695450,519942,695451
18,1804,'3',695452,695453,695454,695455,660306,695456,695457,695458,632917,623781,695459,695460,695461,695462,695463,625156,695464,695465,621609,695466,695467,635175,695468,695469,695470,520434,695471,695472,695473,695474,695475,695476,472882,695477,633368,695478,695479,695480,695481,548518,695482,695483,695484,695485,635861,695486,695487,695488,695489,695490,695491,695492,695493,695494
18,1804,'5',695495,695496,695497,695498,695499,695500,695501,647793,636933,695502,644366,695503,695504,695505,695506,695507,695508,695509,695510,695511,695512,695513,611101,695514,642834,695515,695516,695517,695518,695519,695520,548725,565191,695521,695522,680182,695523,695524,695525,695526,633478,695527,695528,695529,695530,695531,695532,695533,695534,695535,695536,640980,695537,695538,676643,695539,695540,624382
19,1903,'1',695541,695542,677148,695543,695544,621336,685338,695545,695546,695547,695548,695549,651901,695550,612340,663041,695551,695552,695553,667920,695554,695555,695556,630533,695557,674952,610082,695558,695559,695560,695561,609741,672998,695562,695563,612414,695564,639299,626245,695565,695566,695567,695568,695569,695570,695571,695572
19,1903,'2',518414,695573,695574,695575,695576,695577,695578,643036,695579,695580,695581,695582,695583,695584,669044,695585,609766,695586,695587,695588,695589,645062,695590,695591,695592,695593,695594,695595,695596,650843,695597,695598,695599,695600,695601,681215,695602,695603,695604,645100,658078,695605,695606,695607,665088,539142
19,1903,'3',695608,674428,695609,687706,695610,695611,695612,653128,695613,695614,695615,635832,695616,680838,639710,695617,695618,695619,695620,695621,695622,695623,695624,695625,695626,695627,695628,622730,695629,695630,661750,695631,695632,695633,695634,695635,695636,695637,695638,695639,695640,695641,695642,695643,695644,695645,695646,695647,695648,695649,695650
19,1903,'5',695651,695652,695653,586373,608228,695654,695655,641127,657954,695656,695657,695658,695659,695660,695661,695662,695663,630041,695664,695665,645756,604669,695666,695667,695668,695669,695670,607980,695671,695672,695673,695674,675863,695675,695676,695677,695678,695679,695680,695681,695682,668957,619405,695683,607452,695684,695685,648429,695686,612275,695687
19,1904,'1',695688,668977,695689,517429,695690,695691,695692,695693,695694,695695,695696,695697,695698,688888,604755,681254,688897,695699,695700,695701,686269,606116,695702,695703,695704,695705,695706,608067,695707,695708,695709,695710,690192,695711,695712,695713,687213,695714,670415,653064,695715,695716,695717,695718,689993,695719,695720,695721
19,1904,'2',695722,651974,695723,695724,695725,695726,575033,695727,695728,695729,695730,623740,695731,695732,695733,644030,491896,695734,695735,648107,695736,695737,462311,695738,611640,573292,695739,695740,686394,695741,695742,657753,501208,695743,547196,695744,695745,695746,695747,695748,695749,695750,695751,695752,695753,695754
19,1904,'3',695755,695756,695757,695758,667684,695759,606753,645435,695760,539779,695761,695762,695763,695764,695765,695766,695767,695768,695769,695770,695771,695772,695773,695774,515568,695775,695776,683266,695777,695778,695779,695780,605724,695781,695782,695783,688321,695784,695785,695786,637809,695787,695788,695789,695790,695791,637832,695792,646793,695793,614590
19,1904,'5',695794,695795,695796,695797,695798,695799,695800,695801,695802,530283,695803,695804,695805,695806,695807,695808,695809,633626,695810,695811,642837,643547,695812,695813,695814,695815,686063,687502,695816,695817,681918,695818,655166,646818,555281,695819,695820,695821,695822,695823,695824,695825,695826,695827,695828,695829,695830,634943,695831,695832,695833
20,2001,'1',695834,695835,695836,695837,631838,575282,695838,695839,695840,695841,695842,695843,695844,695845,695846,695847,695848,695849,695850,695851,695852,681932,695853,695854,695855,695856,695857,695858,695859,695860,422199,695861,657994,695862,695863,695864,695865,695866,695867,647978,624466,567990,555354,643970,695868,695869,695870,695871,695872,695873,695874,695875,695876,695877,695878,695879,695880,695881,633866,695882,695883,695884,663060
20,2001,'2',695885,695886,695887,695888,695889,687255,695890,695891,695892,514514,581815,695893,695894,695895,649960,630195,695896,664479,695897,695898,695899,695900,695901,695902,695903,695904,695905,695906,695907,695908,695909,607648,695910,695911,695912,695913,652693,695914,695915,695916,695917,659413,695918,695919,695920,695921,695922,695923,695924,695925,695926,695927,695928,695929,695930,695931,695932,695933,695934
20,2001,'3',695935,695936,695937,695938,695939,695940,695941,559997,695942,695943,695944,695945,695946,695947,659300,695948,695949,695950,695951,687397,695952,695953,695954,695955,611359,695956,695957,695958,695959,667839,695960,695961,695962,695963,695964,695965,695966,695967,695968,695969,695970,695971,695972,695973,668156,695974,695975
20,2001,'5',624778,656079,695976,634842,695977,695978,695979,695980,695981,695982,695983,695984,695985,695986,624275,628645,695987,695988,695989,695990,695991,695992,695993,688739,679123,695994,695995,695996,607583,695997,695998,695999,696000,696001,669519,696002,696003,625719,696004,696005,696006,696007,696008,696009,696010,696011,696012,672959,696013,655194,540815,646126
20,2002,'1',696014,640527,696015,696016,690297,546385,696017,696018,696019,539224,696020,696021,609718,696022,696023,696024,631271,696025,696026,696027,696028,696029,696030,696031,696032,696033,696034,696035,696036,657713,696037,677232,696038,696039,696040,696041,643308,696042,696043,696044,696045,696046,696047,696048,696049,696050,696051,696052,414612,696053,696054,479384,696055,537347,696056,696057,652643,696058,696059
20,2002,'2',673863,696060,696061,696062,696063,696064,696065,696066,696067,696068,696069,696070,696071,696072,696073,648562,696074,696075,696076,696077,696078,689306,636452,696079,696080,696081,665931,696082,696083,597499,696084,696085,696086,696087,696088,696089,696090,696091,696092,696093,696094,696095,696096,585600,696097,696098,613439,696099,696100,696101,577228,524499,696102,696103,696104,696105,696106,696107
20,2002,'3',589641,616932,696108,696109,696110,696111,696112,696113,696114,696115,696116,696117,696118,696119,686953,696120,696121,696122,696123,624706,677646,685689,696124,696125,696126,696127,479096,696128,696129,696130,696131,696132,531559,696133,696134,527879,696135,696136,671560,696137,696138,696139,696140,696141,696142,696143,696144
20,2002,'5',696145,696146,696147,646088,696148,525893,632173,696149,696150,696151,696152,696153,696154,696155,634364,696156,696157,635279,696158,696159,664165,696160,696161,696162,696163,657653,696164,696165,696166,696167,696168,696169,696170,696171,696172,696173,696174,696175,696176,696177,696178,696179,696180,696181,696182,696183,696184,635329,696185,696186,696187,696188
21,2103,'1',610846,696189,661828,696190,696191,568453,583624,540127,696192,667303,696193,696194,620486,696195,696196,696197,696198,696199,696200,696201,696202,696203,696204,696205,696206,696207,607764,696208,564776,696209,696210,696211,696212,661852,696213,494679,696214,677153,651924,696215,696216,696217,696218,696219,645964,696220,659576,696221,696222,696223,696224,696225,696226,656282,680952,696227,696228,696229,696230,696231,696232,696233,696234,690536,696235,696236
21,2103,'2',696237,612940,696238,615299,696239,696240,696241,696242,696243,696244,689762,696245,636424,696246,621146,696247,669043,696248,533286,696249,696250,696251,696252,696253,696254,696255,656377,696256,696257,696258,696259,696260,696261,636544,696262,696263,696264,696265,696266,696267,629455,696268,696269,696270,696271,696272,696273,696274,628379,696275,696276,696277,696278,696279,696280
21,2103,'3',696281,696282,696283,696284,522052,696285,696286,696287,696288,696289,696290,696291,696292,682851,696293,696294,696295,696296,570126,696297,636718,696298,649137,696299,696300,696301,650528,696302,696303,696304,696305,696306,696307,696308,696309,643152,696310,696311,696312,696313,696314,696315,696316,696317,696318,696319,696320,696321,607944,696322
21,2103,'5',696323,696324,696325,674295,624266,547545,696326,668904,696327,696328,615080,696329,696330,696331,696332,696333,696334,525913,696335,696336,696337,696338,696339,696340,645279,696341,696342,615836,637007,696343,668542,696344,696345,696346,696347,696348,696349,696350,696351,696352,696353,696354,696355,696356,696357,696358,696359,696360,696361,696362
21,2104,'1',696363,696364,696365,696366,696367,696368,696369,684838,696370,696371,696372,696373,696374,696375,696376,696377,696378,696379,696380,696381,609545,696382,673171,612348,696383,696384,578028,676211,685599,696385,696386,696387,696388,607622,696389,696390,696391,384486,696392,639597,696393,696394,498388,696395,696396,696397,651944,696398,696399,626796,696400,696401,696402,696403,696404,696405,696406,491726,696407,696408,696409,696410,696411,696412,696413,696414
21,2104,'2',696415,696416,696417,696418,696419,649466,696420,696421,676053,696422,696423,696424,696425,696426,696427,696428,696429,696430,696431,696432,553680,696433,696434,696435,696436,518989,619037,679048,676851,696437,696438,696439,629013,696440,670505,696441,696442,696443,696444,678024,650852,650469,696445,696446,627446,696447,696448,696449,637630,696450,696451,696452,696453
21,2104,'3',696454,696455,696456,696457,696458,696459,696460,696461,696462,696463,696464,696465,696466,696467,696468,696469,696470,696471,696472,696473,696474,696475,632518,696476,696477,696478,643860,696479,696480,696481,696482,696483,696484,696485,696486,696487,696488,696489,696490,696491,696492,696493,696494,687430,646283,664547,696495,696496,696497
21,2104,'5',696498,696499,696500,696501,696502,696503,696504,696505,696506,618649,635499,696507,696508,696509,696510,696511,696512,696513,696514,696515,696516,672945,696517,696518,696519,696520,696521,696522,611835,696523,569760,696524,696525,696526,696527,696528,623642,696529,696530,696531,696532,634225,696533,696534,696535,696536,696537,590640,696538
22,2203,'1',696539,696540,696541,696542,696543,683372,696544,696545,696546,622565,696547,696548,696549,696550,623883,696551,696552,696553,696554,696555,696556,696557,696558,696559,696560,696561,696562,696563,696564,696565,696566,696567,696568,696569,696570,696571,696572,530998,696573,696574,696575,696576,696577,651900,696578,696579,696580,696581,618811,696582,684480,696583,696584,588929,564107,621859,696585,696586,696587,696588,630539,696589,696590,696591,696592,696593,696594,696595,696596,696597,696598,696599,612844,696600,614368,696601,696602,607185,696603,696604,696605,696606,696607,696608,512953,696609,696610,620187,696611,626236,485773,653258,664627,696612,696613,696614,696615,696616,625428,657198,696617,696618,696619,696620,696621,696622,685620,696623,696624,696625,696626,696627,696628,618924,696629,638728,696630,655297,696631,696632,696633,696634,561324
22,2203,'2',696635,696636,687252,696637,689291,696638,696639,696640,696641,607814,696642,604838,696643,696644,696645,696646,696647,696648,696649,696650,696651,665906,696652,696653,696654,696655,696656,696657,696658,696659,696660,696661,378241,648573,611258,696662,613645,696663,696664,656825,696665,696666,696667,696668,696669,428948,659663,696670,696671,696672,696673,675356,696674,638767,696675,696676,696677,696678,696679,696680,696681,696682,696683,696684,696685,696686,696687,696688,696689,696690,696691,676349,696692,696693,696694,481600,696695,635998,696696,696697,696698,696699,696700,696701,696702,696703,696704,696705,696706,696707,619055,696708,696709,636561,674063,629658,696710,696711,696712,696713,696714,679367,696715,696716,696717,564909,696718,696719,696720,696721,696722,696723,696724,696725,696726,696727,696728,696729,696730,696731,696732,696733,664314,696734,696735,622048,649074,696736,696737,696738,473934
22,2203,'3',696739,696740,696741,696742,696743,641294,624664,608170,696744,696745,696746,696747,696748,696749,696750,696751,696752,696753,696754,696755,696756,696757,696758,661139,583688,696759,696760,696761,696762,696763,696764,696765,696766,696767,696768,696769,696770,560479,681661,696771,696772,696773,696774,564250,696775,696776,696777,570131,696778,696779,613745,696780,696781,639717,674088,696782,696783,696784,696785,696786,696787,628507,696788,696789,696790,650139,696791,696792,696793,678437,696794,696795,612604,696796,696797,696798,696799,696800,696801,696802,696803,696804,696805,696806,696807,696808,696809,696810,696811,610315,666956,696812,696813,696814,696815,696816,655537,696817,696818,696819,696820,696821,696822,696823,696824,696825,620993,696826,696827,696828,696829,696830,696831,696832,696833,696834,696835,576684,672394,696836,696837,696838,696839,696840,696841
22,2203,'5',696842,696843,696844,617499,630356,696845,657798,632987,696846,696847,696848,696849,696850,696851,696852,696853,696854,696855,696856,688730,696857,696858,696859,696860,696861,696862,696863,696864,696865,696866,696867,687474,696868,696869,696870,696871,696872,696873,696874,696875,696876,696877,696878,696879,696880,696881,696882,696883,696884,696885,696886,696887,696888,696889,668026,554824,610013,696890,696891,696892,696893,696894,696895,696896,659168,621732,696897,696898,628702,696899,696900,696901,696902,696903,696904,696905,617708,677478,696906,696907,696908,696909,696910,696911,629548,696912,696913,696914,696915,696916,696917,696918,696919,696920,623426,545527,696921,633037,696922,696923,696924,696925,652850,696926,696927,696928,696929,696930,696931,696932,696933,696934,696935,609339,696936,696937,696938,696939,696940,696941,696942,696943,528048,696944,696945,663028,696946,696947,696948,696949,696950,696951,631221,696952
22,2204,'1',624386,696953,696954,696955,542252,696956,696957,696958,696959,696960,696961,696962,696963,696964,631843,696965,696966,696967,627922,696968,696969,696970,696971,696972,696973,660755,696974,646702,696975,696976,696977,696978,696979,696980,696981,696982,696983,696984,661414,696985,696986,696987,696988,696989,696990,696991,659543,696992,696993,696994,688120,696995,696996,411505,647442,570728,696997,696998,674186,696999,683116,697000,697001,697002,697003,616032,697004,697005,664002,697006,596889,697007,697008,658007,697009,697010,697011,697012,697013,697014,666874,697015,697016,697017,697018,697019,697020,697021,614706,687884,697022,697023,697024,697025,697026,622616,697027,697028,516903,697029,697030,697031,697032,619599,697033,697034,697035,697036,629127,697037,697038,697039,667950,697040,628124,697041,573475,697042,697043,697044,697045,697046,697047
22,2204,'2',697048,697049,697050,697051,697052,697053,614754,674982,697054,697055,681442,673541,614025,697056,697057,625889,697058,697059,697060,697061,697062,697063,697064,697065,697066,697067,677992,697068,524394,697069,697070,637437,697071,697072,562231,697073,697074,697075,697076,697077,697078,697079,697080,697081,697082,697083,697084,697085,697086,697087,697088,697089,697090,697091,697092,697093,697094,697095,610958,528246,536478,614806,697096,697097,697098,697099,697100,697101,697102,697103,697104,620591,641499,697105,672603,697106,652392,609086,697107,669054,697108,697109,697110,697111,697112,697113,697114,697115,616343,697116,697117,697118,649031,697119,697120,697121,697122,697123,660820,697124,697125,673231,697126,697127,519444,697128,697129,697130,697131,697132,697133,697134,697135,697136,675021,697137,697138,697139,697140,668383,697141,538578,626667,653120,697142,624135,697143,697144,697145,697146,697147
22,2204,'3',697148,651678,697149,697150,697151,697152,697153,697154,697155,697156,697157,697158,663631,697159,697160,697161,646043,647292,697162,697163,697164,697165,697166,697167,697168,552026,697169,697170,697171,697172,697173,697174,697175,697176,697177,697178,542008,697179,697180,697181,697182,697183,697184,547391,697185,643471,697186,697187,697188,697189,697190,697191,684728,697192,697193,697194,616960,697195,697196,697197,697198,697199,697200,697201,697202,697203,697204,697205,697206,697207,697208,697209,697210,697211,633742,697212,697213,697214,697215,697216,697217,697218,697219,697220,697221,683176,697222,697223,697224,654040,697225,697226,697227,697228,697229,697230,697231,697232,697233,697234,697235,697236,697237,651406,697238,697239,697240,697241,697242,697243,697244,697245,642374,697246,697247,657347,697248,697249,697250,697251,697252,697253,697254,697255,697256
22,2204,'5',697257,697258,697259,697260,697261,527091,697262,697263,633408,697264,697265,697266,697267,603611,697268,697269,697270,697271,697272,642003,673295,611785,697273,697274,697275,560577,697276,697277,585847,641361,697278,697279,697280,697281,697282,697283,697284,638613,697285,697286,697287,697288,697289,655604,697290,697291,697292,697293,624815,697294,697295,697296,697297,620022,697298,697299,697300,697301,697302,697303,697304,697305,697306,613359,668925,697307,697308,697309,697310,697311,697312,697313,697314,653183,697315,621752,660899,514615,697316,697317,697318,697319,697320,697321,697322,697323,697324,697325,622539,697326,697327,697328,697329,627826,697330,697331,697332,697333,525695,697334,697335,618206,697336,697337,697338,697339,697340,697341,697342,542218,697343,697344,697345,697346,697347,651029,697348,697349,697350,697351,697352,697353,668187,670733,584100,697354,697355,697356,697357,697358,697359,697360,697361,697362
23,2303,'1',697363,697364,697365,634952,697366,697367,697368,697369,697370,697371,610053,697372,643927,697373,697374,497831,660604,697375,697376,697377,697378,697379,697380,697381,697382,654490,697383,697384,697385,697386,697387,697388,697389,648883,697390,635937,697391,697392,697393,697394,697395,697396,639862,661213,697397,697398,697399,697400,697401,697402,697403,697404,697405,622588,697406,697407,632327,697408,623688,697409,697410,697411,590093,697412,697413,697414,618856,564125,697415,697416,697417,683857,660109,552421,599483,697418,697419,697420,697421,697422,697423,697424,697425,697426,638136,650365,697427,697428,697429,697430,697431,697432,697433,697434,644981,697435,697436,697437,697438,697439,697440,697441,611572,674974,697442,639317,697443,697444,615282,697445,697446,697447,697448,634090,697449,697450
23,2303,'2',697451,697452,697453,697454,697455,697456,697457,697458,697459,634437,682120,697460,697461,697462,697463,697464,697465,697466,697467,697468,697469,697470,530798,697471,697472,697473,697474,697475,697476,697477,697478,697479,697480,697481,697482,697483,697484,697485,697486,697487,697488,697489,697490,697491,697492,697493,697494,697495,607646,697496,559433,697497,505400,650004,697498,697499,653354,628292,697500,697501,697502,622379,697503,697504,697505,697506,697507,697508,666741,697509,697510,697511,581846,697512,697513,697514,481717,697515,697516,697517,697518,697519,689029,697520,697521,697522,697523,697524,685204,697525,697526,697527,697528,697529,697530,697531,697532,697533,697534,697535,697536,697537,697538,697539,697540,697541,697542
23,2303,'3',635628,697543,697544,697545,697546,697547,697548,697549,619139,615466,677402,697550,697551,697552,697553,697554,697555,697556,697557,697558,697559,697560,697561,697562,697563,697564,697565,697566,697567,697568,697569,697570,697571,697572,697573,697574,697575,697576,697577,631631,697578,697579,605717,631634,697580,603115,697581,697582,697583,697584,697585,697586,697587,697588,697589,697590,697591,697592,697593,697594,697595,697596,697597,697598,606543,697599,531566,697600,697601,697602,697603,697604,647328,697605,697606,697607,697608,632151,697609,697610,697611,553365,645213,697612,697613,697614,697615
23,2303,'5',697616,697617,697618,697619,697620,560095,697621,697622,697623,697624,697625,697626,697627,697628,697629,697630,697631,655590,697632,697633,697634,697635,697636,697637,658387,697638,697639,620004,697640,697641,697642,697643,697644,697645,697646,697647,697648,697649,697650,697651,697652,697653,697654,648796,697655,618702,697656,697657,697658,697659,697660,697661,652544,697662,697663,697664,697665,697666,697667,697668,697669,697670,697671,697672,697673,697674,697675,697676,697677,697678,697679,647174,697680,697681,697682,550730,697683,697684,669293,697685,697686,682719,697687,697688,697689,697690,697691,697692,697693,634947,697694,697695,697696,675477,697697
23,2304,'1',644411,697698,697699,439735,697700,697701,697702,697703,697704,668200,697705,697706,518547,697707,697708,697709,697710,607464,697711,697712,697713,697714,641653,697715,697716,697717,607466,599634,697718,697719,697720,697721,697722,697723,697724,697725,697726,697727,697728,697729,697730,697731,697732,697733,697734,697735,697736,697737,697738,697739,667914,688899,654877,697740,375110,690561,690280,697741,697742,433827,690508,683117,616534,697743,697744,697745,697746,661433,697747,628026,697748,677313,697749,697750,697751,697752,697753,615263,697754,697755,697756,697757,697758,697759,697760,697761,658517,632753,697762,647491,666325,605868,697763,697764,697765,697766,521898,680953,631379,622331,681427,697767,697768,697769,697770,697771,386772,697772,615886,697773,697774,697775,697776,697777,673862,492737
23,2304,'2',697778,697779,697780,697781,697782,697783,664640,697784,697785,697786,697787,625475,697788,697789,697790,697791,627243,697792,697793,624552,697794,697795,606171,697796,697797,697798,697799,697800,697801,697802,697803,609235,646737,697804,697805,697806,697807,697808,697809,697810,697811,697812,697813,697814,697815,697816,697817,697818,697819,697820,697821,697822,697823,697824,637510,697825,673882,697826,534678,569528,697827,697828,697829,585386,697830,697831,697832,640371,697833,697834,582702,697835,697836,657903,697837,697838,587459,562268,697839,624104,697840,658627,697841,697842,606935,697843,697844,563897,697845,697846,697847,697848,697849,644645,697850,566646,697851,697852,697853,697854,697855,697856,697857,455856,511477,697858,697859
23,2304,'3',697860,697861,697862,697863,697864,697865,644671,697866,697867,697868,697869,697870,697871,697872,697873,697874,697875,556802,697876,697877,697878,697879,697880,633734,697881,697882,697883,697884,697885,697886,697887,697888,697889,670975,537696,697890,697891,697892,697893,697894,644704,697895,697896,697897,697898,697899,697900,697901,697902,697903,697904,516633,697905,657934,697906,697907,697908,697909,697910,697911,697912,570162,622467,697913,697914,697915,550880,697916,697917,697918,697919,697920,697921,697922,697923,632571,649681,697924,697925,697926,697927,697928,697929,697930,607272,697931,697932
23,2304,'5',697933,697934,663687,697935,555925,697936,656090,697937,697938,697939,697940,602824,697941,697942,697943,697944,697945,697946,697947,697948,697949,641359,697950,697951,697952,697953,631087,697954,697955,659946,697956,697957,697958,605430,697959,697960,607578,697961,608444,697962,657810,697963,685053,697964,697965,697966,615835,697967,697968,697969,697970,666183,642854,697971,667132,697972,697973,611829,697974,697975,605755,671971,578898,697976,697977,697978,697979,697980,697981,697982,655658,697983,697984,630420,603213,697985,697986,697987,637067,697988,697989,697990,674501,697991,697992,697993,697994,697995,697996,697997,697998,697999,630094,698000,698001
24,2403,'1',698002,698003,698004,461585,698005,649804,698006,698007,698008,698009,698010,677278,698011,641167,698012,648440,698013,698014,698015,698016,686677,698017,698018,698019,698020,698021,698022,698023,698024,698025,524843,678152,698026,698027,698028,658448,698029,698030,544247,698031,698032,597286,698033,698034,698035,698036,698037,698038,698039,698040,698041,610061,698042,698043,698044,698045,698046,698047,698048,607324,672522,698049,698050,698051,698052,698053,698054,698055,698056,698057,698058,698059,658878,698060,661218,698061,698062,698063,698064,698065,698066,698067,698068,520288,605843,698069,655252,698070,698071,639869,698072,698073,698074,698075,698076,698077,698078,698079,698080,698081,635569,698082,698083,698084,658009,698085,698086,698087,698088,698089,658245,698090,401408,698091,698092,698093,698094,698095,698096,698097,698098,698099,698100,698101,698102,664803,698103,698104,698105,650366,698106,698107,698108,698109,698110,698111,698112,698113,698114,625437,698115,698116,698117,698118,633536,698119,698120,639615,698121,689749,698122,698123,698124,698125,684903,698126,698127,698128,698129,698130,698131,698132,698133,698134,698135,644543
24,2403,'2',698136,698137,698138,698139,698140,698141,698142,698143,698144,698145,698146,698147,648971,698148,698149,681588,640334,698150,698151,698152,698153,698154,698155,698156,687258,698157,667959,698158,698159,651325,698160,698161,698162,671704,698163,698164,698165,698166,635074,698167,698168,698169,698170,698171,698172,698173,643371,698174,698175,636460,698176,649004,635084,698177,698178,698179,494519,698180,610174,698181,698182,655367,572161,605913,698183,698184,698185,698186,689319,683521,698187,698188,698189,698190,539964,698191,698192,698193,655381,698194,612041,698195,698196,698197,698198,698199,698200,698201,698202,698203,698204,600104,698205,698206,698207,698208,698209,686894,698210,698211,698212,698213,698214,698215,698216,698217,698218,698219,698220,617965,626364,698221,698222,698223,498191,698224,698225,698226,698227,698228,698229,698230,698231,698232,698233,655006,698234,698235,698236,698237,698238,698239,698240,698241,665691,698242,549653,698243,698244,698245,698246,698247,698248,599192,698249
24,2403,'3',698250,698251,698252,698253,698254,653441,698255,698256,698257,698258,594800,698259,698260,698261,636668,698262,698263,698264,621598,698265,698266,698267,698268,636686,698269,698270,698271,698272,698273,698274,698275,698276,698277,698278,698279,698280,698281,698282,698283,698284,698285,698286,698287,698288,698289,698290,578243,698291,698292,635459,698293,683598,698294,698295,698296,698297,698298,698299,698300,698301,698302,698303,698304,698305,569370,698306,698307,698308,698309,698310,698311,698312,698313,698314,698315,698316,698317,698318,698319,698320,672678,698321,638851,637778,651741,698322,698323,698324,698325,698326,698327,698328,653152,698329,698330,698331,698332,698333,698334,698335,674283,698336,698337,698338,698339,698340,698341,600155,676515,698342,698343,681373,698344,698345,698346,698347,698348,680314,662127,698349,698350
24,2403,'5',698351,649185,698352,698353,514591,698354,698355,698356,698357,698358,581305,698359,611392,698360,572389,698361,698362,698363,626489,698364,698365,698366,698367,698368,698369,698370,698371,631729,698372,698373,698374,698375,698376,698377,698378,698379,698380,698381,698382,605039,698383,698384,698385,698386,698387,698388,698389,698390,698391,698392,698393,698394,698395,631742,698396,698397,698398,698399,634370,698400,698401,625262,698402,698403,698404,698405,698406,698407,698408,698409,675765,626728,698410,698411,698412,698413,698414,637974,625277,698415,698416,698417,698418,698419,660529,698420,698421,698422,698423,698424,698425,698426,698427,698428,698429,698430,698431,698432,698433,698434,698435,698436,698437,698438,605083,698439,698440,698441,698442,698443,627837,698444,698445,630424,698446,698447,698448,698449,698450,698451,615691,698452,698453,698454,698455,698456,698457,698458,698459,698460,698461,698462
24,2404,'1',630435,698463,681228,698464,698465,668584,624903,675283,698466,698467,698468,698469,698470,698471,698472,698473,698474,698475,698476,698477,698478,698479,670348,698480,519291,576143,698481,698482,698483,513733,698484,698485,698486,698487,555592,572577,698488,698489,698490,698491,639549,698492,698493,698494,698495,698496,698497,698498,698499,698500,698501,638964,698502,698503,698504,698505,698506,652597,665786,698507,698508,698509,698510,698511,698512,667912,698513,698514,698515,698516,698517,698518,698519,698520,698521,698522,698523,698524,698525,685929,698526,698527,698528,698529,698530,698531,698532,698533,481933,657175,698534,690567,680658,698535,698536,698537,698538,661221,698539,698540,621098,526997,698541,698542,698543,698544,698545,698546,547989,698547,698548,698549,698550,627082,678658,698551,698552,595433,698553,640580,698554,698555,698556,659254,676723,698557,698558,698559,698560,698561,698562,698563,643325,698564,698565,698566,698567,698568,698569,698570,646863,658526,698571,698572,698573,614001,698574,698575,552168,698576,698577,698578,698579,698580,698581,698582,698583,698584,698585,698586,698587,675233,698588,698589,698590,626276,488652,698591
24,2404,'2',647526,698592,698593,662380,698594,651317,698595,698596,684639,698597,621462,616860,698598,698599,698600,698601,698602,698603,698604,698605,698606,698607,698608,698609,698610,698611,698612,698613,698614,698615,606177,698616,698617,698618,698619,698620,698621,662701,698622,698623,698624,698625,607354,698626,698627,698628,698629,698630,698631,698632,617412,698633,698634,698635,698636,418434,620236,698637,698638,698639,698640,698641,698642,698643,698644,698645,698646,698647,698648,698649,698650,698651,698652,698653,698654,643394,627331,698655,698656,698657,698658,607518,698659,698660,698661,698662,698663,698664,698665,698666,673392,698667,698668,698669,698670,698671,698672,698673,698674,656397,676863,698675,533585,698676,698677,655918,698678,661122,698679,698680,698681,698682,698683,698684,698685,698686,658302,698687,698688,698689,698690,698691,536114,698692,641528,698693,611674,698694,698695,698696,677386,698697,641759,698698,698699,698700,698701,698702,698703,698704,698705,698706
24,2404,'3',698707,698708,698709,698710,698711,698712,698713,698714,698715,698716,619802,698717,698718,698719,698720,698721,698722,698723,621587,698724,698725,698726,698727,698728,698729,698730,698731,698732,698733,698734,515286,698735,698736,698737,698738,698739,698740,698741,698742,698743,698744,698745,565878,698746,698747,698748,698749,682056,698750,698751,698752,698753,698754,698755,678432,698756,698757,698758,612588,698759,698760,666512,698761,698762,698763,698764,698765,658343,698766,654414,698767,698768,698769,698770,698771,698772,698773,566318,698774,698775,698776,676107,698777,594371,698778,698779,698780,698781,698782,698783,698784,698785,698786,698787,698788,698789,698790,698791,698792,650170,698793,698794,698795,698796,623809,698797,698798,649683,698799,698800,698801,626049,698802,698803,698804,698805,698806,609658,698807,698808
24,2404,'5',698809,698810,698811,698812,698813,698814,698815,698816,698817,698818,698819,698820,698821,698822,698823,698824,698825,698826,698827,698828,632176,658160,698829,698830,698831,698832,698833,617010,698834,698835,698836,698837,698838,698839,698840,698841,698842,698843,698844,698845,698846,698847,698848,644795,698849,698850,698851,616725,698852,698853,627746,698854,698855,698856,698857,621729,698858,698859,698860,698861,698862,698863,698864,698865,698866,698867,660734,698868,698869,677068,698870,698871,698872,615986,698873,640968,698874,535376,698875,607988,698876,698877,607157,698878,698879,698880,698881,698882,698883,698884,607297,644393,698885,698886,698887,638644,661190,698888,698889,698890,645486,698891,698892,698893,698894,620781,698895,698896,698897,698898,698899,656670,698900,611848,698901,639220,698902,698903,698904,698905,605282,698906,698907,698908,671263,634386,698909,698910,698911,668042,665633,698912
25,2503,'1',698913,698914,698915,698916,641849,698917,698918,698919,698920,689924,698921,698922,698923,547833,644418,698924,698925,668975,698926,625330,664409,698927,698928,698929,698930,698931,638094,698932,675485,652579,698933,698934,698935,698936,698937,698938,698939,698940,698941,698942,698943,698944,657160,672495,630474,545166,698945,698946,698947,698948,698949,698950,698951,698952,698953,698954,698955,616501,698956,634240,698957,698958,698959,698960,698961,698962,698963,698964,645645,698965,698966,665247,532878,698967,698968,698969,606098,698970,555064,698971,698972,698973,620489,698974,698975,633106,698976,649827,660071,698977,698978,698979,698980,698981,698982,698983,698984,698985,698986,698987,698988,698989,698990,698991,698992,698993,698994,616267,698995,698996,698997,613383,698998,655225,698999,699000,699001,633112,699002,699003,699004,699005,699006,627960,699007,699008,699009,699010,699011,699012,699013,699014,699015,699016,699017,699018,699019,699020,683816,699021,634404,699022,699023,699024,636207,699025,553077,699026,699027,525731,699028,672525,699029,642089,699030,699031,618818,699032,699033,699034,699035,699036,631884,638972,699037,467543,608314,690370,699038,403861,699039,699040,699041,699042,699043,699044,699045,600058,699046,699047,699048,631895,464735,699049,699050,699051,699052,612824,699053,638401,699054,699055,699056,676210,699057,699058,699059,699060,699061,699062,653053,699063,699064,645802,699065,699066,637246,699067,699068,699069,699070,699071,699072,602202,699073,699074,629815,699075,699076,495343,699077,666870,699078,699079,699080,699081,699082,699083,699084,699085,699086,699087,699088,604782,699089,699090,699091,699092,602640,635005,634057,631339,640080,540158,615733,686511,699093,611530,699094,699095,699096,498977,699097,699098,699099,608325,699100,636284,699101,699102,699103,699104,699105,699106,699107,699108,699109,699110,699111,699112,699113,699114,699115,699116,699117,699118,699119,689732,699120,699121,699122,699123,699124,699125,636292,699126,699127,652624,699128,699129,699130,630158,620194,699131,645380,699132,699133,667184,699134,699135,685617,699136,699137,699138,699139,699140,699141,699142,699143,604416,699144,699145,648008,699146,699147,699148,699149,699150,699151,690586,699152,699153,699154,640602,699155,699156,699157,699158,699159,699160,699161,699162,699163,699164,699165,699166,699167,699168,699169,689274,699170,677979,699171,699172,699173,699174,623228,699175,699176,665663,699177,605148,682376,699178,699179,699180,635044,699181,699182,699183,699184,699185,699186,673696,699187,563440,699188,699189,699190,699191,699192,699193,699194,699195,699196,699197,560814,632788,583309,699198,699199,699200,699201,528187,699202,699203,699204,673020,611230,699205,699206,654243,699207,699208,699209,699210,699211
25,2503,'2',699212,699213,699214,699215,699216,699217,699218,699219,699220,699221,618952,699222,699223,649944,699224,538378,699225,699226,699227,699228,699229,699230,699231,699232,699233,652656,699234,699235,699236,699237,699238,699239,699240,645541,699241,699242,699243,699244,699245,699246,681956,699247,565844,699248,650790,699249,699250,699251,699252,699253,699254,699255,699256,502516,699257,699258,699259,699260,699261,699262,699263,699264,699265,684656,699266,699267,699268,699269,699270,699271,699272,699273,699274,657531,641938,587942,605911,699275,605675,699276,699277,699278,699279,675818,699280,699281,699282,699283,699284,641263,699285,699286,699287,699288,699289,699290,699291,635609,699292,699293,699294,689330,699295,699296,699297,699298,699299,699300,699301,699302,699303,699304,648133,699305,541190,699306,611657,699307,699308,699309,526660,699310,606731,699311,699312,699313,699314,699315,699316,699317,699318,699319,699320,699321,699322,699323,628374,699324,682885,699325,640146,699326,699327,644647,699328,699329,699330,699331,699332,699333,699334,699335,615432,699336,648169,699337,699338,699339,699340,663620,699341,699342,699343,699344,699345,699346,699347,699348,635823,699349,699350
25,2503,'3',699351,699352,651168,699353,699354,699355,699356,699357,647290,699358,699359,699360,699361,699362,631590,699363,699364,699365,699366,699367,699368,676089,699369,699370,619134,699371,699372,699373,699374,699375,699376,699377,699378,699379,699380,699381,699382,699383,699384,654277,699385,699386,699387,699388,689053,699389,699390,699391,699392,699393,699394,699395,667692,699396,699397,699398,699399,699400,634779,699401,699402,699403,699404,699405,699406,699407,625598,699408,699409,699410,699411,699412,699413,699414,699415,699416,699417,699418,699419,684727,699420,699421,699422,699423,699424,699425,699426,699427,699428,699429,699430,699431,699432,699433,638254,699434,699435,699436,699437,686977,699438,626021,685252,414408,699439,699440,699441,699442,699443,699444,699445,699446,699447,680860,699448,699449,699450,699451,699452,699453,699454,699455,621654,583701,699456,699457,664894,699458,699459,699460,699461,699462,699463,699464,610723,616164,699465,699466,699467,699468,699469,699470,699471,699472,699473,699474,699475,574884,656065,699476,699477,623606,699478,699479,699480,699481,699482,699483,548581
25,2503,'5',699484,699485,699486,699487,699488,699489,699490,699491,699492,699493,606561,699494,699495,699496,699497,699498,699499,699500,605424,699501,699502,699503,699504,699505,615067,699506,699507,699508,669271,699509,699510,608437,699511,699512,699513,699514,699515,699516,699517,664563,699518,699519,699520,699521,699522,699523,699524,529866,699525,699526,699527,699528,699529,699530,699531,699532,623103,699533,664167,529165,699534,699535,699536,699537,699538,699539,699540,699541,699542,699543,699544,637958,699545,699546,699547,531659,699548,699549,699550,699551,699552,676585,699553,699554,699555,699556,699557,699558,699559,699560,699561,699562,699563,621034,699564,699565,699566,671602,699567,699568,654795,699569,699570,699571,699572,672748,699573,699574,699575,699576,699577,689471,699578,699579,699580,651838,699581,699582,699583,572890,699584,628754,699585,521293,661389,699586,635312,699587,618729,699588,699589,614321,699590,699591,699592,682873,699593,699594,699595,699596,699597,699598,699599,699600,682820,699601,699602,699603,699604,699605,699606,699607,699608,699609,699610,648845,699611,699612,699613,699614,699615,699616,699617,699618,699619,671628,699620
25,2504,'1',699621,699622,699623,625761,699624,699625,699626,699627,677942,635723,699628,699629,699630,683759,699631,699632,699633,699634,699635,667009,699636,400764,699637,699638,699639,652577,699640,699641,658214,699642,699643,699644,699645,699646,699647,699648,627904,699649,608287,699650,654843,699651,699652,660926,699653,699654,699655,699656,699657,699658,699659,699660,699661,699662,699663,699664,699665,699666,699667,637149,699668,699669,699670,621332,699671,699672,699673,699674,699675,699676,665643,699677,699678,699679,699680,699681,699682,699683,566090,699684,699685,518931,566494,699686,699687,566091,699688,699689,699690,699691,699692,699693,699694,699695,699696,699697,569484,699698,699699,699700,699701,699702,699703,699704,699705,699706,699707,699708,699709,699710,699711,699712,699713,699714,699715,699716,699717,699718,699719,699720,699721,699722,699723,663766,630499,699724,699725,699726,659522,699727,699728,699729,699730,699731,699732,699733,699734,699735,699736,699737,699738,699739,385619,699740,699741,699742,699743,699744,699745,699746,521374,603346,613386,699747,699748,682928,699749,657841,604761,699750,699751,699752,699753,699754,637205,699755,699756,699757,699758,684482,631289,699759,699760,699761,699762,699763,699764,699765,699766,699767,699768,594745,699769,699770,699771,647003,679883,699772,661076,618306,699773,699774,699775,699776,699777,699778,699779,699780,699781,699782,699783,699784,699785,699786,685126,699787,699788,699789,699790,533733,625393,686291,699791,699792,689516,699793,699794,699795,653745,699796,699797,660095,699798,612369,699799,699800,699801,699802,699803,699804,699805,699806,663212,699807,699808,699809,624459,699810,657473,699811,660100,635562,628030,699812,668635,699813,699814,587387,652613,699815,699816,699817,699818,699819,699820,699821,623197,601489,580640,699822,664243,642114,699823,699824,699825,699826,686346,699827,699828,674523,699829,658505,699830,699831,699832,699833,699834,699835,699836,699837,571481,699838,455991,699839,699840,699841,699842,656752,699843,699844,621407,699845,689251,699846,699847,511847,629835,699848,699849,699850,699851,604800,677157,699852,699853,663237,645814,699854,699855,699856,699857,699858,699859,699860,699861,699862,699863,480399,699864,699865,699866,699867,699868,699869,674025,688167,699870,699871,699872,668669,699873,699874,699875,699876,699877,699878,699879,699880,699881,699882,699883,699884,699885,699886,646188,699887,699888,699889,699890,699891,699892,699893,699894,699895,699896,699897,699898,699899,699900,699901,699902,699903,610522,699904,699905,699906,699907,699908,699909,699910,699911,699912,699913,699914,699915,699916,699917,699918,699919,699920,643005,667952,560817,699921,699922,699923,699924,551786,699925,628138,699926,669190,699927,699928,669191,699929,699930
25,2504,'2',699931,699932,699933,699934,699935,699936,699937,699938,699939,699940,699941,699942,699943,699944,699945,699946,699947,699948,699949,699950,699951,699952,699953,699954,513808,699955,699956,699957,682614,612002,699958,699959,699960,614389,699961,617598,699962,699963,699964,699965,699966,699967,699968,699969,699970,699971,699972,699973,699974,699975,699976,699977,699978,699979,542874,699980,699981,699982,699983,699984,699985,442254,699986,699987,699988,699989,699990,699991,699992,679513,699993,641733,699994,618435,528251,699995,699996,699997,699998,699999,700000,700001,700002,687302,700003,624606,700004,700005,700006,700007,700008,700009,386330,700010,700011,700012,700013,700014,700015,642237,700016,700017,700018,700019,700020,700021,700022,700023,700024,662734,700025,615405,700026,635417,700027,639086,565990,700028,700029,700030,700031,700032,700033,623286,700034,700035,502683,700036,700037,700038,700039,700040,700041,700042,700043,636589,700044,700045,700046,700047,700048,700049,700050,700051,636613,700052,645098,632471,700053,700054,700055,700056,681745,700057,700058,700059,700060,700061,700062,700063,700064,700065,700066,700067,641762,700068,609963,700069,700070,700071
25,2504,'3',700072,700073,700074,700075,700076,700077,700078,700079,700080,700081,700082,700083,700084,700085,700086,700087,700088,700089,700090,700091,700092,658098,616133,700093,700094,700095,700096,700097,619150,700098,700099,700100,700101,700102,700103,700104,700105,700106,700107,700108,700109,700110,700111,700112,700113,700114,700115,649613,700116,684173,669666,594820,623790,700117,700118,700119,677640,700120,700121,700122,700123,677790,700124,700125,700126,614960,700127,700128,700129,700130,643698,688298,555220,700131,631642,700132,700133,495759,620347,700134,700135,700136,641321,700137,656017,700138,625179,595164,700139,700140,700141,700142,700143,690090,700144,700145,700146,640929,700147,700148,700149,700150,700151,700152,700153,700154,700155,700156,700157,613773,700158,700159,700160,700161,700162,700163,700164,700165,700166,684239,700167,700168,647749,700169,700170,700171,700172,661965,700173,700174,700175,700176,635219,700177,700178,680481,700179,700180,700181,700182,700183,700184,627649,700185,700186,700187,700188,700189,700190,635673,700191,700192,700193,700194,700195,700196,700197
25,2504,'5',700198,700199,700200,700201,700202,700203,678293,700204,700205,700206,700207,664143,700208,700209,700210,700211,619977,700212,576063,700213,700214,700215,700216,700217,633426,651792,700218,700219,659930,700220,661560,700221,700222,630374,571839,700223,700224,700225,700226,663136,700227,612672,700228,700229,700230,700231,700232,700233,563673,571844,682414,677816,700234,700235,700236,700237,700238,613493,700239,700240,700241,700242,700243,700244,700245,700246,700247,700248,700249,700250,700251,700252,659969,700253,627769,700254,700255,700256,700257,700258,700259,566798,519076,700260,700261,700262,700263,700264,700265,700266,700267,700268,686467,630404,700269,700270,700271,700272,539858,700273,700274,700275,700276,665739,700277,700278,700279,700280,700281,700282,700283,556526,700284,700285,700286,700287,631798,700288,700289,661392,667480,700290,700291,700292,700293,700294,700295,623648,700296,700297,700298,700299,700300,700301,700302,700303,700304,700305,700306,700307,700308,700309,653194,700310,700311,700312,700313,700314,700315,700316,700317,700318,615709,686669,700319,700320,700321,700322,700323,700324,700325,700326,641847
26,2601,'1',634550,700327,700328,700329,700330,700331,700332,700333,655724,700334,700335,700336,700337,700338,700339,700340,700341,700342,700343,700344,700345,700346,700347,700348,700349,700350,700351,700352,700353,670399,700354,700355,632743,612868,700356,700357,700358,700359,700360,700361,629125,700362,700363,700364,616059,700365
26,2601,'2',700366,700367,700368,700369,700370,700371,700372,700373,568053,647553,700374,700375,700376,700377,700378,700379,700380,700381,700382,700383,700384,700385,700386,700387,700388,648591,700389,623548,700390,700391,700392,700393,700394,700395,700396,566624,700397,700398,700399,700400,700401,700402,637608,700403,700404,700405,700406,700407
26,2601,'3',700408,700409,700410,700411,622426,700412,688269,700413,700414,700415,700416,700417,700418,700419,700420,700421,625607,700422,700423,700424,700425,700426,660383,700427,700428,700429,700430,700431,700432,609299,642366,700433,700434,700435,700436,657033,700437,700438,700439,700440
26,2601,'5',681542,700441,700442,700443,700444,700445,523814,700446,580896,700447,700448,700449,658382,700450,700451,700452,700453,605048,618153,620023,700454,700455,686228,700456,700457,700458,700459,700460,567354,700461,700462,700463,700464,700465,700466,700467,613206,700468,700469,700470,700471,530358,700472
26,2602,'1',589919,700473,533916,700474,588885,638097,700475,700476,700477,700478,700479,700480,700481,700482,661069,700483,700484,700485,700486,700487,700488,700489,700490,700491,700492,513362,700493,700494,677533,700495,700496,551489,700497,700498,700499,611531,611542,700500,700501,700502,700503,627143,528718,700504,637361,671695
26,2602,'2',700505,700506,700507,700508,681211,670072,700509,700510,700511,700512,700513,700514,700515,700516,700517,700518,700519,700520,649994,472844,700521,562591,700522,700523,700524,533298,405246,700525,700526,603061,700527,700528,700529,700530,700531,700532,700533,652701,700534,700535,700536,700537,700538,700539,700540,700541,700542,700543
26,2602,'3',700544,700545,700546,700547,700548,666477,646253,700549,700550,681159,672655,636680,700551,700552,700553,700554,700555,700556,700557,700558,700559,700560,700561,700562,700563,700564,700565,700566,700567,700568,700569,700570,700571,619905,574312,700572,700573,700574,700575,700576,700577,700578
26,2602,'5',700579,700580,700581,700582,700583,700584,700585,520487,608798,700586,700587,616723,700588,700589,700590,700591,544570,700592,700593,700594,700595,700596,700597,700598,677474,646487,700599,700600,546550,682511,700601,700602,700603,700604,700605,700606,700607,686664,700608,700609,700610,700611,631211,700612,700613
27,2703,'1',700614,700615,669761,700616,700617,700618,700619,700620,634554,700621,700622,605113,646693,527540,624406,700623,700624,700625,700626,700627,700628,700629,582824,700630,585010,700631,700632,700633,700634,700635,700636,700637,700638,700639,700640,700641,700642,616513,700643,688893,648465,700644,700645,700646,690343,700647,700648,700649,700650,700651,607042,700652,700653,700654,641437,700655,700656,684487,700657,700658,700659,700660,700661,700662,700663,636259,700664,700665,700666,700667,700668,700669,700670,700671,700672,700673,700674,700675,609736,700676,700677,465227,700678,700679,700680,700681,635027,700682,700683,700684,607189,700685,700686,700687,700688,700689,700690,700691,700692,700693,700694,700695,700696,700697,700698,638144,700699,700700,700701,640320,617393,700702,565350,700703,700704,657210,700705,700706,700707,689753,700708,700709,700710
27,2703,'2',700711,700712,700713,700714,700715,630691,700716,700717,677202,700718,700719,543723,700720,700721,700722,632395,700723,700724,700725,700726,606444,635068,700727,700728,660189,670860,700729,700730,700731,700732,700733,700734,700735,700736,700737,657235,700738,700739,700740,700741,628226,700742,700743,700744,700745,700746,700747,700748,700749,611270,700750,700751,700752,700753,700754,700755,700756,700757,700758,700759,700760,619021,556254,700761,700762,700763,700764,562251,700765,700766,700767,646404,700768,700769,700770,700771,700772,700773,700774,700775,700776,700777,700778,700779,700780,700781,700782,700783,700784,700785,700786,700787,700788,700789,700790,700791,608153,558948,700792,700793,700794,700795,700796,700797,605366,700798,700799,700800,700801,700802,700803,700804,689797,700805,700806,700807,415912,700808,700809,700810,700811
27,2703,'3',673748,662460,650484,643443,528316,638808,700812,700813,614131,700814,700815,700816,662231,700817,700818,615464,700819,700820,700821,700822,700823,660329,700824,700825,700826,700827,700828,700829,700830,700831,700832,700833,700834,700835,700836,700837,700838,700839,700840,646912,700841,700842,624181,700843,700844,700845,700846,700847,652119,700848,700849,700850,700851,700852,700853,700854,700855,700856,643143,700857,700858,571193,678930,614188,700859,661529,678578,659852,700860,700861,700862,700863,700864,647735,700865,700866,700867,700868,700869,700870,700871,700872,700873,700874,700875,700876,700877,616163,700878,700879,700880,700881,700882,700883,700884,700885,700886,700887,700888,700889,700890,700891,700892,700893,700894,700895,608430,700896,646467,700897,700898,700899
27,2703,'5',671030,654076,700900,700901,700902,700903,700904,700905,700906,700907,606022,700908,700909,700910,647136,700911,700912,700913,700914,700915,700916,700917,700918,700919,700920,700921,675651,674478,700922,700923,700924,700925,690125,700926,700927,700928,700929,700930,700931,700932,700933,700934,700935,620412,700936,700937,700938,700939,700940,700941,700942,700943,700944,700945,700946,700947,700948,700949,700950,700951,700952,700953,700954,700955,700956,700957,700958,700959,610399,700960,700961,700962,609513,700963,700964,700965,660002,700966,700967,700968,700969,599432,700970,700971,700972,700973,700974,700975,700976,700977,700978,700979,700980,700981,700982,552612,700983,700984,700985,657411,700986,700987,700988,700989,700990,700991,618746,609023,700992,700993,700994,700995,673495,700996,700997,700998,675198,700999,682177,701000,701001,619432
27,2704,'1',701002,701003,701004,652276,529302,701005,701006,701007,701008,640052,701009,685332,654474,602587,701010,666848,701011,701012,701013,701014,701015,701016,701017,616503,655220,701018,701019,603294,701020,701021,701022,701023,657450,701024,701025,701026,621078,701027,701028,629245,701029,546398,701030,701031,701032,667306,701033,509297,701034,701035,701036,701037,701038,701039,701040,701041,701042,701043,701044,701045,701046,612371,701047,683418,701048,701049,701050,701051,701052,701053,701054,701055,701056,701057,701058,701059,701060,701061,701062,686758,701063,672549,701064,672177,701065,688937,689616,701066,701067,701068,701069,701070,701071,679495,701072,616048,701073,701074,701075,701076,701077,701078,701079,683914,701080,701081,701082,701083,701084,701085,689284,701086,701087,635048,701088,701089,701090,701091,701092,701093,701094,483697,701095
27,2704,'2',701096,630688,701097,701098,668692,701099,701100,701101,654933,701102,701103,701104,631427,701105,701106,701107,701108,701109,701110,701111,618971,701112,701113,701114,701115,701116,701117,701118,701119,701120,701121,530137,701122,701123,701124,701125,701126,701127,701128,701129,382877,701130,701131,701132,653844,660221,701133,701134,701135,666904,701136,701137,701138,701139,531075,701140,529562,701141,701142,619025,701143,641259,701144,701145,661481,624069,657893,701146,648605,701147,701148,570425,701149,631514,701150,701151,701152,701153,670911,701154,701155,687685,701156,701157,701158,604495,701159,701160,701161,701162,701163,701164,701165,701166,701167,701168,701169,701170,701171,701172,701173,701174,701175,701176,701177,701178,701179,701180,537598,701181,701182,519464,701183,701184,701185,701186,701187,701188,435913,621192,672639
27,2704,'3',701189,701190,701191,678238,659769,701192,701193,701194,701195,701196,701197,701198,701199,701200,701201,701202,544523,701203,701204,701205,701206,701207,701208,701209,701210,701211,701212,701213,701214,701215,701216,701217,701218,701219,640419,701220,701221,672331,701222,701223,701224,701225,701226,701227,654409,537698,701228,701229,701230,701231,701232,607917,701233,672349,701234,701235,701236,701237,625606,701238,701239,701240,701241,701242,633598,701243,701244,701245,701246,701247,701248,701249,701250,660385,701251,701252,701253,660392,701254,701255,701256,701257,639137,701258,701259,701260,701261,701262,701263,701264,563613,701265,701266,701267,701268,701269,701270,701271,701272,648726,684753,701273,701274,701275,609825,582751,701276,657031,701277,701278,701279
27,2704,'5',701280,701281,660438,701282,701283,701284,682762,701285,675641,701286,622491,606808,701287,701288,701289,701290,701291,701292,701293,701294,701295,701296,701297,701298,701299,701300,635269,687769,701301,701302,701303,701304,701305,701306,701307,701308,701309,701310,701311,701312,542622,701313,701314,667469,701315,701316,701317,701318,701319,628688,701320,701321,701322,701323,701324,615112,701325,701326,650245,701327,701328,701329,611116,701330,672446,701331,701332,701333,651444,701334,701335,701336,701337,701338,701339,701340,701341,623422,657967,701342,701343,701344,701345,701346,701347,701348,701349,701350,701351,673137,670313,701352,701353,701354,701355,701356,701357,701358,701359,701360,701361,653679,701362,701363,682065,701364,701365,701366,701367,520218,641159,676641,701368,701369,701370,701371,645491,701372,701373,701374,701375,701376
28,2801,'1',701377,701378,701379,701380,701381,701382,701383,701384,701385,669903,701386,549212,701387,701388,701389,701390,701391,701392,701393,627022,701394,701395,688126,496845,653240,701396,701397,514870,701398,701399,701400,528144,701401,666315,494094,701402,689738,701403,701404,701405,701406,634274,701407,701408
28,2801,'2',621454,621461,701409,680074,701410,701411,701412,701413,701414,605349,701415,701416,701417,701418,701419,558915,701420,701421,701422,701423,676354,701424,701425,701426,651633,701427,701428,701429,701430,701431,614094,610989,701432,701433,701434,701435,701436,701437,701438,701439,701440,474249,701441,701442,701443,701444
28,2801,'3',701445,701446,701447,513896,701448,701449,701450,701451,701452,686948,701453,701454,701455,701456,701457,701458,701459,701460,701461,701462,628524,701463,701464,701465,701466,597706,588118,701467,701468,701469,701470,701471,701472,701473,701474,701475,701476,701477,605585,666545,701478,701479,701480
28,2801,'5',701481,654077,701482,701483,701484,701485,701486,701487,701488,701489,701490,701491,701492,701493,701494,562896,701495,701496,701497,701498,701499,701500,595716,615109,701501,701502,701503,701504,701505,701506,701507,701508,689472,701509,701510,701511,701512,701513,701514,701515,673143,701516,673812,701517,657682,701518,701519
28,2802,'1',626146,701520,701521,701522,701523,701524,616253,701525,602174,701526,701527,701528,701529,701530,654874,701531,701532,701533,701534,701535,701536,637249,701537,701538,701539,701540,701541,701542,633156,701543,701544,701545,701546,701547,701548,701549,701550,701551,701552,701553,701554,701555,701556,701557
28,2802,'2',678380,701558,701559,701560,701561,701562,635070,614390,521041,701563,405097,701564,701565,701566,605903,701567,701568,701569,701570,701571,620249,582548,662723,701572,701573,701574,701575,664496,620260,701576,701577,701578,536504,517710,701579,701580,701581,701582,701583,701584,701585,701586,701587,701588,659420,701589
28,2802,'3',701590,701591,701592,617996,701593,701594,701595,701596,701597,701598,651175,652739,701599,425849,701600,701601,701602,701603,701604,701605,701606,701607,701608,639430,701609,701610,701611,701612,701613,701614,701615,701616,646926,701617,701618,701619,646787,701620,701621,701622,701623,701624,701625
28,2802,'5',701626,701627,623379,701628,701629,579415,701630,701631,701632,701633,701634,521670,701635,701636,629739,649732,701637,701638,701639,701640,597169,701641,701642,701643,542650,701644,701645,701646,701647,701648,701649,605082,701650,701651,701652,701653,701654,701655,701656,701657,701658,701659,701660,701661,584341,701662,701663
29,2903,'1',701664,701665,701666,701667,668044,701668,701669,701670,701671,701672,701673,701674,660057,684837,701675,701676,701677,701678,701679,701680,614647,658219,701681,701682,701683,701684,701685,701686,608855,701687,701688,701689,701690,630506,701691,701692,399471,701693,701694,663770,701695,701696,701697,701698,649849,701699,701700,701701,534533,701702,701703,701704,683833,701705,701706,701707,701708,609373,630538,665651,701709,701710,701711,701712,701713,677307,701714,701715,585914,701716,641675,701717,701718,701719,701720,619527,701721,686272,701722,659250,701723,701724,701725,701726,701727,671151,701728,701729,568974,701730,701731,701732,701733,701734,701735,701736,668654,701737,701738,701739,701740,630607,651547,631931,627128,701741,660135,701742,701743,701744,701745,701746,652334,701747,701748,701749,701750,408591,701751,638434,701752,701753,628843,683455,701754,701755,701756,689277,701757,671886,701758,686794,701759,701760,671685,701761,701762,386776,701763,701764,701765,701766,675154,701767,701768,701769
29,2903,'2',701770,524355,701771,679185,701772,686810,641478,701773,701774,701775,701776,701777,701778,701779,701780,701781,701782,701783,701784,701785,701786,701787,701788,664820,701789,701790,701791,701792,701793,656808,628861,701794,701795,701796,701797,701798,701799,701800,701801,701802,617111,701803,701804,701805,701806,701807,701808,701809,688208,701810,701811,629870,701812,701813,701814,621968,587664,701815,701816,701817,701818,701819,701820,701821,701822,701823,701824,701825,701826,701827,701828,619012,701829,485853,701830,701831,701832,701833,675566,701834,701835,701836,627323,701837,662717,701838,701839,701840,701841,701842,701843,701844,701845,627339,701846,701847,527408,701848,659689,701849,606469,701850,629650,701851,701852,701853,701854,701855,701856,701857,701858,675819,701859,701860,701861,701862,517708,701863,701864,646022,701865,701866,687684,485891,701867,701868,701869,701870,612996,701871,608382,475395,701872,701873,701874,632856,701875,701876,701877,675018,701878,701879,701880,701881,701882,666428,635118,701883,701884,701885,701886,701887,701888,664302,701889,701890,627417,701891,701892,701893,701894,701895,701896,701897,701898,701899,701900,701901,701902,701903,701904,701905,701906,701907,701908,701909,701910,701911,701912,701913,701914,701915,701916,701917,701918,701919,619786,625556,701920,646035,701921,701922,701923,701924
29,2903,'3',701925,701926,701927,619795,701928,701929,701930,701931,640698,701932,701933,613044,701934,701935,701936,701937,701938,701939,637666,701940,701941,701942,701943,569884,634154,701944,650097,701945,701946,701947,701948,671345,701949,523274,701950,701951,701952,701953,701954,701955,580337,661001,681487,701956,701957,701958,701959,701960,701961,701962,701963,701964,701965,701966,626418,701967,701968,612573,701969,701970,701971,668821,665392,672064,531126,701972,533349,701973,639975,642327,701974,701975,628496,701976,701977,567714,701978,701979,592615,701980,701981,625609,701982,658700,701983,701984,476970,701985,645183,701986,701987,701988,701989,701990,701991,701992,701993,701994,701995,477102,701996,701997,701998,701999,702000,702001,675060,661330,702002,702003,702004,702005,702006,702007,702008,647743,702009,702010,702011,702012,702013,684245,702014,702015,702016,702017,702018,702019,527890,702020,525203,702021,702022,702023,702024,702025,702026,702027,702028,702029,702030,644750,702031,702032,702033,702034,702035,649685,702036,575236,702037,640752,611075,702038,702039,702040,702041,702042,702043,702044
29,2903,'5',702045,702046,702047,702048,702049,702050,626484,628619,702051,649195,702052,635875,702053,702054,702055,702056,702057,702058,702059,702060,702061,702062,702063,702064,702065,702066,702067,702068,702069,702070,702071,626888,702072,702073,702074,702075,702076,702077,702078,702079,702080,702081,702082,702083,702084,702085,702086,702087,612675,702088,702089,702090,674134,702091,620001,702092,689449,702093,702094,702095,702096,629341,657376,702097,702098,702099,702100,702101,675265,628686,702102,702103,618160,702104,702105,665182,702106,702107,702108,702109,702110,702111,702112,702113,702114,688391,639496,702115,702116,702117,653016,517382,702118,702119,702120,702121,702122,702123,702124,702125,702126,702127,702128,702129,544963,702130,702131,702132,702133,702134,702135,702136,555025,702137,702138,702139,702140,702141,702142,682643,702143,702144,517603,702145,702146,618723,702147,649763,609516,702148,702149,702150,702151,702152,625299,627828,702153,676140,702154,702155,702156,702157,611446,702158,702159,702160,702161,702162,702163,702164,702165,702166,702167,637082,702168,702169,702170,572535,702171,702172,702173,702174,702175,621049,702176,702177,702178,660914,702179,702180,702181,702182,702183,702184,702185,702186,593517
29,2904,'1',702187,608017,702188,702189,702190,702191,702192,702193,702194,702195,702196,702197,656697,587259,702198,702199,702200,702201,702202,702203,681727,702204,702205,702206,689501,702207,610451,560722,702208,702209,702210,702211,702212,657165,702213,702214,702215,702216,677842,702217,702218,702219,702220,702221,702222,702223,702224,702225,702226,702227,702228,702229,702230,702231,702232,702233,702234,702235,702236,702237,702238,702239,702240,702241,702242,702243,570726,702244,638118,702245,702246,702247,656240,702248,636239,702249,702250,399968,688920,624968,628025,702251,702252,702253,702254,702255,585738,702256,702257,493088,702258,702259,702260,702261,702262,567995,702263,702264,688933,702265,683877,702266,658509,537286,702267,702268,702269,702270,702271,702272,683441,702273,702274,582388,702275,702276,702277,702278,702279,702280,702281,702282,702283,495536,665856,702284,702285,702286,702287,628098,702288,683461,702289,702290,653071,611975,702291,702292,702293,702294,702295,702296,702297,702298,688971
29,2904,'2',702299,702300,702301,702302,702303,702304,702305,702306,702307,702308,702309,702310,657497,702311,539719,702312,702313,702314,702315,702316,702317,624551,688198,702318,702319,702320,702321,702322,686376,702323,702324,702325,702326,702327,702328,702329,702330,702331,702332,633884,702333,702334,702335,702336,702337,702338,673551,702339,702340,702341,702342,702343,702344,627280,702345,702346,702347,702348,702349,702350,702351,702352,625066,702353,702354,702355,702356,702357,702358,702359,702360,702361,702362,702363,702364,702365,702366,702367,658593,702368,702369,702370,702371,658596,702372,702373,702374,702375,702376,702377,702378,702379,702380,702381,702382,702383,702384,702385,702386,702387,702388,702389,702390,702391,702392,674789,702393,702394,702395,702396,702397,473789,619036,702398,702399,702400,702401,702402,702403,702404,702405,702406,619710,651142,702407,702408,685433,702409,659703,702410,702411,702412,702413,702414,702415,702416,702417,702418,702419,702420,702421,702422,702423,702424,702425,702426,656879,702427,702428,702429,702430,702431,702432,702433,702434,702435,617272,702436,702437,702438,702439,610990,702440,702441,644641,677381,632876,702442,702443,702444,702445,702446,702447,702448,702449,702450,702451,654270,685456,702452,702453,702454,651368,702455,632069,702456,702457,702458,702459,528932
29,2904,'3',702460,702461,702462,702463,676085,702464,702465,702466,702467,702468,702469,702470,702471,702472,702473,702474,610243,702475,702476,702477,702478,702479,702480,680592,702481,702482,607898,702483,702484,702485,702486,702487,633325,702488,702489,702490,702491,702492,689814,659797,702493,566682,702494,702495,649611,687998,702496,702497,688281,702498,702499,662782,702500,702501,702502,702503,702504,702505,702506,702507,632106,680846,702508,648239,634165,688006,702509,702510,702511,702512,702513,702514,620344,702515,646779,702516,702517,702518,702519,702520,702521,702522,632117,702523,702524,702525,646450,702526,702527,702528,702529,702530,702531,702532,702533,702534,702535,702536,702537,702538,702539,702540,673767,671791,702541,679717,702542,702543,702544,702545,702546,702547,702548,702549,702550,702551,702552,702553,702554,702555,702556,702557,702558,702559,702560,702561,702562,657018,702563,702564,702565,702566,665434,702567,702568,702569,702570,702571,702572,702573,577597,702574,702575,680887,702576,702577,681095,702578,702579,702580,605007,702581,702582,702583,702584,702585,702586,622160,702587
29,2904,'5',702588,702589,702590,702591,627667,702592,702593,702594,702595,702596,702597,702598,702599,702600,702601,702602,702603,702604,702605,657055,680498,702606,702607,702608,702609,702610,548614,702611,684323,675760,630371,702612,664148,702613,702614,702615,702616,702617,702618,702619,611089,702620,702621,702622,702623,637923,702624,702625,702626,702627,635278,702628,702629,702630,702631,702632,702633,702634,702635,702636,702637,702638,601382,702639,653612,702640,702641,702642,702643,702644,702645,702646,702647,702648,702649,702650,654780,702651,671829,702652,702653,702654,702655,702656,702657,619343,702658,702659,702660,702661,702662,702663,702664,702665,702666,702667,613881,702668,702669,702670,702671,702672,702673,702674,702675,702676,702677,702678,702679,702680,702681,702682,702683,630411,702684,702685,591649,702686,702687,662578,702688,702689,702690,702691,702692,660551,702693,702694,555546,619387,702695,702696,702697,563719,702698,702699,702700,702701,633044,702702,702703,702704,702705,702706,702707,621043,702708,702709,702710,514467,702711,702712,702713,702714,702715,702716,702717,702718,680644,702719,702720,702721,702722,702723,702724,630095,702725,702726,702727,702728,702729,702730,626925
30,3003,'1',554337,702731,648439,702732,581009,601451,702733,652587,685755,702734,702735,702736,702737,663202,702738,702739,702740,702741,702742,687860,588014,702743,702744,652615,607050,702745,702746,506193,635020,637288,702747,702748,645376,702749,702750,702751,702752,702753,675225,702754,608343,702755,702756,702757,702758,702759
30,3003,'2',702760,650779,702761,685807,702762,702763,669039,670456,702764,702765,702766,702767,702768,702769,702770,609588,702771,702772,702773,702774,702775,630774,702776,654605,702777,702778,702779,702780,702781,702782,702783,702784,537536,702785,702786,587946,645083,567080,702787,702788,702789,702790,702791,576007,702792,619106
30,3003,'3',702793,702794,702795,617285,702796,702797,702798,702799,702800,680445,702801,702802,702803,702804,702805,702806,702807,702808,628470,702809,477838,702810,702811,628512,702812,702813,608414,702814,702815,616402,702816,702817,643496,702818,702819,702820,702821,702822,702823,702824,702825,702826,702827
30,3003,'5',702828,702829,702830,702831,702832,702833,702834,702835,702836,702837,702838,702839,702840,702841,702842,635501,702843,702844,702845,702846,567298,702847,702848,597172,702849,702850,702851,702852,702853,702854,702855,650264,702856,702857,702858,631175,702859,572891,702860,702861,702862,702863,702864,657984,702865,558267,616001,702866
30,3004,'1',702867,702868,702869,702870,702871,702872,702873,702874,702875,597274,702876,702877,560735,702878,702879,702880,702881,702882,702883,702884,564111,702885,702886,702887,702888,702889,657853,702890,702891,702892,702893,702894,702895,626244,702896,702897,702898,654916,702899,702900,591713,702901,702902,702903,587025
30,3004,'2',702904,702905,702906,537394,702907,702908,702909,702910,637426,702911,689304,634673,702912,702913,615349,702914,702915,702916,702917,702918,702919,622673,611644,702920,702921,702922,702923,702924,613685,702925,702926,702927,702928,702929,702930,702931,702932,702933,702934,515792,702935,702936,645106,702937,702938
30,3004,'3',702939,702940,702941,702942,702943,702944,702945,514559,604937,689050,702946,702947,702948,702949,659799,702950,702951,702952,650121,702953,620336,702954,702955,681690,702956,702957,702958,702959,702960,681509,600509,702961,702962,702963,661960,627604,702964,657940,702965,702966,674467,702967,702968
30,3004,'5',702969,702970,702971,702972,702973,702974,702975,702976,702977,702978,702979,702980,702981,702982,702983,702984,702985,702986,702987,655139,702988,702989,702990,702991,702992,702993,702994,702995,702996,702997,702998,702999,703000,703001,703002,703003,703004,703005,703006,703007,523915,703008,703009,703010,703011,703012,703013
31,3103,'1',703014,703015,703016,703017,703018,522270,686086,703019,703020,703021,703022,703023,703024,703025,703026,527558,703027,703028,703029,703030,703031,703032,703033,703034,703035,703036,703037,703038,703039,703040,703041,703042,703043,703044,703045,703046,703047,703048,703049,703050,703051,703052,703053,655255,703054,703055,606129,703056,703057,703058,703059,602988,703060,703061,703062,703063,583644,703064,703065,703066,610100,703067,628838,689261,703068,703069,703070,703071,703072,703073,481687,703074,627192,703075,703076,703077,703078,703079,703080
31,3103,'2',703081,703082,534604,703083,703084,703085,680234,703086,703087,703088,665900,703089,683060,703090,703091,703092,528229,659644,703093,580712,703094,703095,703096,617262,559421,703097,703098,675816,703099,617934,703100,703101,641940,703102,703103,703104,703105,703106,703107,684059,703108,703109,703110,703111,703112,703113,703114,703115,703116,703117,616912,703118,703119,703120,703121,648156,703122,703123,703124,703125,703126,703127,703128,648638,703129,703130,703131,703132,703133,703134,703135,703136,703137
31,3103,'3',703138,703139,620642,703140,595095,703141,621580,572977,703142,528329,703143,625984,703144,703145,703146,658324,703147,703148,703149,703150,703151,703152,703153,703154,703155,703156,703157,703158,703159,684725,703160,703161,585173,703162,703163,703164,703165,703166,703167,703168,703169,549987,703170,703171,703172,703173,703174,703175,636804,703176,703177,526726,703178,703179,703180,703181,703182,703183,610322,703184,703185,703186,703187,703188,632570,703189,678767,703190,703191,703192
31,3103,'5',703193,703194,703195,703196,703197,703198,577051,703199,703200,647783,703201,703202,703203,703204,703205,645245,703206,703207,703208,661993,703209,703210,703211,703212,703213,703214,606580,703215,703216,703217,646954,703218,703219,703220,703221,703222,635284,703223,703224,703225,703226,703227,703228,703229,677062,703230,613875,703231,645766,526787,703232,703233,703234,703235,703236,689154,703237,594397,667740,703238,703239,703240,703241,703242,703243,703244,703245,703246,703247,703248,703249,703250,703251,703252,703253,703254
31,3104,'1',703255,703256,703257,523937,703258,537123,703259,703260,703261,703262,703263,703264,641175,651056,481188,550120,703265,703266,703267,703268,703269,657441,703270,685586,703271,703272,703273,515436,703274,703275,703276,703277,703278,630525,703279,703280,703281,683831,690344,611512,703282,532906,679490,686752,703283,703284,703285,588956,656260,703286,703287,703288,703289,703290,703291,668261,481953,703292,703293,703294,550175,686298,703295,703296,703297,703298,636330,703299,703300,703301,644521,703302,703303,703304,703305,703306,613259,703307
31,3104,'2',703308,703309,703310,660170,703311,703312,703313,703314,703315,703316,703317,703318,703319,703320,661101,614776,703321,703322,537446,703323,703324,703325,703326,703327,703328,703329,703330,545703,636478,498566,703331,703332,703333,703334,703335,610581,703336,703337,703338,703339,703340,703341,703342,703343,630804,703344,703345,632028,703346,628345,703347,703348,703349,664505,703350,703351,703352,703353,608390,683231,684095,703354,703355,703356,703357,703358,703359,703360,703361,703362,659760,703363,636645
31,3104,'3',703364,703365,703366,703367,703368,703369,703370,666769,703371,673255,703372,635636,703373,703374,703375,703376,656473,546480,703377,703378,703379,703380,703381,703382,703383,703384,628505,703385,703386,703387,703388,605225,703389,703390,703391,703392,703393,703394,703395,606278,703396,703397,703398,703399,703400,703401,548533,703402,606973,703403,665717,703404,703405,631031,703406,703407,703408,703409,651764,583075,674466,703410,703411,703412,635866,703413,703414,632165
31,3104,'5',703415,703416,703417,703418,703419,703420,703421,703422,703423,703424,703425,703426,703427,640198,703428,703429,703430,522160,703431,572684,703432,703433,703434,703435,703436,703437,703438,703439,703440,703441,703442,703443,703444,703445,703446,602473,649243,703447,703448,703449,703450,703451,703452,703453,703454,703455,703456,703457,703458,703459,703460,703461,703462,703463,703464,651013,703465,703466,703467,628765,703468,703469,703470,703471,662888,703472,703473,703474,703475,703476,553492,703477,703478,703479,703480
32,3201,'1',703481,703482,703483,538096,703484,703485,703486,632690,703487,703488,689684,661407,703489,703490,703491,703492,703493,606374,669313,703494,703495,634030,703496,703497,703498,703499,703500,703501,703502,526241,703503,703504,703505,703506,703507,703508,686259,703509,703510,703511,703512,616270,703513,703514,703515,703516,703517,703518,703519,703520,703521,690385,703522,703523,605837,703524,703525,703526,703527,703528,703529,687599,678163,651517,703530,703531,703532,703533,703534,663524,703535,703536,683437,703537,703538,703539,703540,501650,703541,703542,703543,703544,703545,703546,703547,703548,471125,669597,703549,703550,703551,608336,618350,703552,703553,703554,703555,703556,703557,689594,703558,703559,703560,703561,703562,593781,703563,703564,703565,703566,703567,703568,703569,635384,703570,703571,703572,536786,703573,703574
32,3201,'2',703575,703576,703577,703578,703579,703580,703581,648552,703582,703583,703584,703585,703586,703587,672227,703588,703589,703590,703591,703592,703593,630729,703594,703595,624572,685972,703596,703597,624051,703598,624057,703599,555742,703600,703601,703602,703603,703604,703605,651615,614824,703606,703607,703608,703609,703610,660254,703611,703612,674796,649034,703613,703614,703615,703616,703617,703618,703619,515516,703620,549930,703621,703622,678400,622012,703623,703624,703625,703626,678222,703627,703628,703629,703630,703631,662959,703632,703633,703634,703635,703636,703637,703638,650471,703639,703640,703641,703642,703643,664862
32,3201,'3',703644,703645,703646,703647,633579,703648,703649,649090,703650,703651,703652,703653,703654,703655,703656,703657,703658,703659,703660,703661,703662,703663,703664,569554,703665,703666,703667,703668,703669,703670,703671,703672,703673,703674,663887,703675,703676,703677,703678,703679,703680,703681,703682,703683,609126,703684,703685,668843,703686,703687,703688,703689,703690,703691,703692,703693,703694,703695,703696,703697,703698,703699,703700,490495,703701,703702,703703,703704,672686,703705,649675,703706,703707,621246,703708,703709,703710,621679,703711,703712,703713,703714,703715,703716,678948,703717
32,3201,'5',703718,703719,703720,703721,703722,565098,688358,703723,703724,703725,703726,688038,703727,677457,703728,703729,703730,703731,703732,647140,703733,703734,639778,703735,703736,703737,703738,703739,703740,703741,671822,703742,617703,703743,703744,703745,703746,703747,703748,703749,703750,663940,621280,703751,703752,703753,703754,703755,638328,703756,703757,703758,703759,703760,703761,703762,680524,703763,667737,703764,703765,703766,703767,703768,703769,703770,681575,703771,703772,703773,579287,703774,586068,703775,703776,703777,640038,703778,650657,703779,703780,569473,703781,703782,655702,703783,703784,703785,703786
32,3202,'1',596434,703787,633075,537110,703788,703789,703790,703791,703792,703793,703794,703795,703796,703797,686280,703798,662611,703799,651258,703800,703801,703802,703803,703804,703805,703806,703807,431418,703808,703809,703810,665785,614662,703811,703812,703813,703814,703815,703816,703817,703818,703819,634250,703820,679488,703821,703822,703823,703824,703825,621387,703826,703827,703828,703829,703830,703831,703832,631917,703833,703834,703835,703836,703837,703838,703839,639878,661084,703840,703841,703842,703843,456891,703844,703845,703846,703847,432870,703848,703849,703850,703851,605494,703852,703853,605871,703854,703855,703856,528725,703857,703858,703859,703860,703861,703862,703863,703864,703865,703866,703867,703868,703869,703870,703871
32,3202,'2',703872,703873,555395,613617,703874,703875,703876,703877,703878,703879,703880,672837,703881,626306,679191,703882,703883,703884,703885,703886,637449,703887,703888,703889,703890,703891,703892,703893,703894,654582,703895,703896,625067,703897,703898,703899,703900,703901,703902,703903,703904,703905,703906,703907,654381,703908,703909,703910,703911,703912,703913,609423,703914,703915,605179,703916,703917,703918,703919,703920,582418,703921,703922,703923,703924,703925,703926,703927,703928,703929,703930,703931,703932,628368,703933,703934,607872,703935,703936,671334,406432,703937,703938,703939,703940,703941,703942,703943,703944
32,3202,'3',703945,608171,569341,703946,703947,607241,663099,703948,703949,703950,703951,703952,703953,703954,703955,703956,703957,703958,703959,703960,703961,703962,703963,703964,703965,703966,703967,611020,659800,652446,703968,703969,703970,703971,703972,649617,606765,703973,676441,703974,703975,703976,648687,703977,703978,703979,703980,647719,703981,703982,703983,703984,703985,703986,703987,703988,703989,652470,676979,638269,703990,703991,703992,703993,703994,703995,666091,703996,703997,654057,703998,703999,704000,704001,704002,704003,704004,625220,704005,704006,704007
32,3202,'5',636876,704008,704009,704010,704011,704012,704013,704014,704015,704016,704017,704018,704019,704020,704021,704022,704023,704024,704025,704026,704027,704028,704029,704030,704031,704032,704033,704034,704035,650982,704036,704037,704038,704039,704040,704041,704042,704043,704044,704045,704046,582771,704047,678120,704048,704049,652236,704050,704051,704052,704053,704054,704055,524760,678982,614304,704056,654324,704057,704058,562464,704059,704060,619390,670312,704061,704062,704063,704064,704065,704066,704067,704068,704069,704070,704071,704072,704073,704074,620088,704075,704076,610429,704077,704078,704079,704080,704081,704082
33,3303,'1',704083,704084,704085,704086,704087,704088,704089,590306,704090,704091,704092,704093,704094,704095,704096,704097,704098,704099,704100,704101,633829,704102,704103,671431,658488,704104,617370,704105,704106,704107,704108,704109,704110,704111,704112,704113,704114,704115,704116,704117,704118,704119,704120,704121,648951,704122,704123,641714,704124,704125
33,3303,'2',704126,704127,704128,625465,704129,704130,610940,704131,704132,649963,704133,616072,704134,704135,506140,704136,680798,704137,704138,677765,704139,492310,679208,617942,704140,704141,704142,704143,704144,704145,704146,704147,654633,704148,704149,609613,616918,704150,704151,704152,704153,704154,704155
33,3303,'3',682048,704156,704157,614423,704158,704159,704160,704161,704162,704163,704164,704165,666486,704166,704167,704168,704169,704170,704171,704172,704173,704174,704175,615526,704176,704177,704178,704179,704180,704181,704182,704183,524615,704184,557521,704185,704186,704187
33,3303,'5',704188,704189,704190,623378,704191,674578,634849,617004,704192,704193,704194,704195,704196,704197,704198,650218,704199,704200,704201,704202,704203,674312,704204,704205,670149,704206,704207,672442,704208,704209,704210,704211,704212,704213,704214,629762,704215,704216,704217,704218,704219,704220
33,3304,'1',704221,630439,704222,704223,704224,704225,651470,704226,704227,704228,515127,704229,704230,704231,704232,704233,704234,704235,704236,644195,648897,704237,704238,704239,704240,704241,457723,704242,689959,612378,687867,704243,704244,704245,704246,704247,704248,704249,704250,611951,704251,641900,704252,704253,704254,704255,647027,685956,624518,704256,704257,704258,704259,704260,704261
33,3304,'2',704262,704263,704264,614525,704265,659638,704266,704267,652664,704268,704269,704270,704271,704272,704273,619006,704274,704275,704276,704277,704278,704279,704280,704281,704282,704283,704284,704285,704286,704287,704288,704289,704290,704291,704292,624646,704293,704294,704295,704296,704297,704298,704299,704300
33,3304,'3',704301,704302,704303,704304,704305,704306,704307,704308,704309,704310,704311,642731,653135,500712,704312,704313,670973,704314,704315,682627,704316,704317,704318,704319,704320,650530,704321,704322,704323,704324,704325,704326,704327,561035,704328,704329,674116,704330,704331
33,3304,'5',570987,704332,704333,623615,704334,704335,704336,704337,704338,704339,704340,704341,704342,704343,620754,704344,704345,704346,704347,704348,704349,704350,704351,704352,625714,704353,704354,704355,704356,704357,657405,704358,704359,618213,704360,704361,704362,704363,704364,704365,704366,639523,531228
34,3401,'1',623149,704367,704368,704369,704370,704371,704372,704373,704374,704375,704376,704377,704378,690482,704379,704380,704381,704382,704383,704384,704385,640265,671427,704386,704387,704388,704389,704390,704391,544839,704392,628831,704393,704394,704395,704396,704397,669589,704398,704399,704400,664439,704401,644962,621903,704402,704403,704404,704405,617385,528715,704406,704407,704408,704409,704410,704411,704412,625023,634085,538344,704413,704414,704415
34,3401,'2',605509,704416,704417,704418,660959,704419,704420,639044,704421,704422,704423,577740,704424,654949,704425,704426,704427,704428,704429,704430,704431,704432,704433,704434,704435,704436,704437,607357,704438,704439,639659,704440,704441,704442,668353,704443,704444,704445,704446,704447,704448,672616,704449,704450,704451,704452,704453,704454,704455,704456,704457,648149,704458,704459,704460,636612,656908,644309,704461,704462,704463,704464,629930,704465
34,3401,'3',704466,704467,643678,704468,704469,671206,704470,704471,704472,583438,704473,654664,704474,704475,704476,704477,704478,704479,704480,581234,614166,704481,704482,685688,704483,704484,704485,704486,704487,704488,704489,704490,704491,704492,704493,704494,704495,704496,650930,704497,646927,704498,690099,704499,704500,688689,633963,704501,704502,704503,704504,624761,704505,643508,704506
34,3401,'5',704507,639459,704508,704509,545106,704510,704511,704512,704513,704514,704515,704516,704517,704518,704519,704520,704521,704522,704523,704524,704525,704526,704527,704528,619313,704529,704530,704531,704532,704533,581935,704534,704535,704536,704537,704538,704539,704540,704541,704542,704543,704544,704545,704546,704547,704548,704549,704550,704551,704552,704553,704554,704555,704556,704557,616472,644853,704558,704559,577832,704560,704561
34,3402,'1',704562,704563,646698,618789,704564,704565,622866,704566,704567,704568,704569,704570,704571,704572,704573,704574,618286,704575,704576,704577,704578,637224,704579,704580,704581,704582,704583,704584,704585,704586,704587,704588,704589,704590,704591,473566,704592,704593,645967,704594,704595,672179,704596,704597,704598,704599,704600,622619,704601,704602,704603,704604,704605,623995,653785,631398,704606,704607,704608,704609,648964,704610
34,3402,'2',704611,704612,704613,704614,674627,704615,606445,589020,651581,551006,621961,704616,704617,704618,704619,704620,704621,704622,704623,704624,704625,704626,491516,704627,704628,704629,678005,704630,679517,704631,704632,704633,704634,573713,670234,704635,602307,704636,704637,704638,704639,704640,704641,704642,607863,704643,704644,704645,672294,618495,652041,652043,704646,704647,704648,704649,704650,704651,704652,704653,704654,704655
34,3402,'3',704656,704657,704658,704659,704660,704661,704662,704663,704664,704665,704666,704667,611023,704668,704669,704670,688000,704671,704672,646264,704673,704674,704675,645177,704676,704677,704678,704679,704680,605994,704681,704682,671004,704683,704684,523329,704685,704686,704687,704688,704689,704690,704691,704692,704693,704694,704695,704696,704697,704698,704699,704700,704701,704702,643518
34,3402,'5',704703,611391,704704,704705,704706,704707,704708,704709,640467,704710,548617,660722,659927,704711,704712,704713,704714,704715,635685,704716,704717,704718,704719,624303,704720,704721,704722,704723,645612,704724,704725,704726,704727,704728,680519,704729,704730,704731,704732,704733,704734,704735,704736,704737,704738,704739,704740,611844,594900,704741,704742,704743,704744,704745,669295,649298,704746,704747,631829,704748,626924
35,3503,'1',636109,679638,704749,704750,704751,704752,704753,675876,704754,704755,704756,704757,704758,704759,704760,704761,646983,704762,636142,635728,704763,704764,704765,704766,704767,704768,704769,704770,532869,704771,704772,704773,704774,704775,704776,704777,704778,704779,704780,704781,704782,704783,704784,704785,704786,704787,704788,640260,704789,585024,634981,704790,689511,704791,704792,638688,704793,661212,704794,486078,704795,484116,704796,704797,704798,649853,704799,704800,704801,704802,704803,704804,704805,704806,704807,647210,704808,704809,704810,704811,704812,704813,704814,704815,645955,704816,609897,704817,704818,704819,704820,704821,464258,704822,704823,704824,704825,704826,704827,583276,704828,704829,704830,704831,704832,643964,704833,704834,704835,704836,704837,704838,704839,704840,635574,535534,704841,704842,704843,704844,606410,655282,677854,704845,622914,704846,704847,631377,704848,704849,704850,704851,704852,704853,704854,704855,593539,704856,704857,610512,650376,704858,704859,704860,704861,704862,704863,704864,704865,704866,704867,704868,704869,704870,704871,704872
35,3503,'2',704873,704874,704875,704876,670843,704877,704878,670069,623238,704879,704880,704881,704882,704883,610539,704884,704885,621950,704886,704887,704888,631434,704889,704890,704891,704892,704893,704894,704895,622360,704896,704897,704898,704899,704900,704901,704902,704903,704904,704905,704906,704907,641727,704908,704909,704910,704911,704912,704913,621145,704914,559407,704915,704916,704917,704918,704919,704920,704921,704922,704923,704924,664284,624577,704925,704926,654596,704927,704928,704929,704930,704931,560378,704932,704933,704934,704935,704936,688231,704937,704938,649522,704939,704940,704941,704942,704943,704944,704945,653368,635102,704946,605934,704947,704948,704949,704950,627384,704951,704952,704953,704954,616098,591389,608146,681071,623557,704955,661912,704956,704957,662441,704958,704959,704960,665974,704961,704962,651648,605691,704963,704964,704965,704966,704967,704968,704969,704970,704971,501910,704972,704973,704974,704975,704976,704977,704978,704979
35,3503,'3',704980,704981,704982,601601,704983,704984,704985,704986,704987,704988,704989,704990,704991,704992,704993,704994,704995,704996,704997,685224,659059,704998,553758,704999,705000,705001,705002,705003,705004,669071,705005,705006,705007,705008,617291,705009,645724,705010,705011,567705,681123,638536,618551,705012,673917,705013,705014,705015,705016,705017,705018,705019,629983,705020,705021,705022,651185,600504,624202,705023,705024,705025,705026,705027,705028,705029,686984,705030,705031,705032,705033,705034,552045,678934,705035,705036,705037,705038,655528,705039,688327,705040,705041,705042,705043,705044,705045,705046,705047,660408,705048,705049,705050,705051,705052,705053,440118,705054,705055,705056,705057,705058,705059,652159,626046,705060,705061,705062,705063,705064,705065,705066,621687,681536,705067,639455,705068
35,3503,'5',705069,705070,705071,705072,624258,705073,705074,705075,705076,705077,611399,705078,705079,705080,705081,705082,631074,705083,705084,705085,640201,659939,705086,705087,705088,705089,705090,604653,705091,705092,705093,705094,705095,705096,705097,705098,705099,705100,705101,705102,705103,705104,705105,622512,705106,705107,705108,571859,705109,705110,629743,705111,705112,705113,705114,705115,705116,705117,705118,705119,705120,705121,705122,673978,606590,705123,705124,705125,705126,705127,705128,705129,626112,705130,563710,705131,705132,620427,705133,705134,705135,705136,705137,705138,705139,705140,705141,705142,705143,705144,705145,705146,681571,705147,705148,705149,705150,705151,705152,705153,705154,677108,515657,705155,705156,705157,705158,705159,705160,705161,705162,705163,705164,705165,705166,705167,705168,705169,705170,705171,705172,705173,622844,705174,705175,705176,705177,660748
35,3504,'1',705178,705179,616486,705180,705181,705182,668194,705183,705184,705185,705186,705187,705188,513716,606622,705189,705190,705191,705192,573212,635926,657703,705193,705194,683384,605475,519781,705195,705196,705197,615201,589410,705198,705199,705200,705201,705202,705203,705204,705205,705206,545181,705207,705208,705209,705210,705211,705212,531279,705213,570706,660075,705214,705215,705216,705217,705218,705219,675893,690216,544636,664228,705220,705221,622579,705222,705223,705224,705225,705226,705227,618823,705228,705229,705230,637228,705231,705232,705233,614673,705234,705235,705236,624966,705237,705238,705239,705240,705241,705242,705243,705244,705245,705246,705247,705248,677542,705249,705250,705251,705252,705253,644224,705254,705255,705256,530427,705257,573907,705258,705259,705260,705261,705262,705263,627120,677744,705264,705265,648516,705266,705267,631937,642141,705268,705269,625434,661649,637313,705270,705271,705272,705273,705274,705275,705276,705277,705278,705279,705280,705281,705282,705283,705284,705285,705286,705287,705288,508088,705289,705290,635049,705291,688969,705292,705293,605786
35,3504,'2',705294,705295,705296,705297,655822,705298,705299,705300,705301,705302,601533,605511,705303,705304,705305,705306,705307,705308,705309,549277,705310,705311,705312,705313,705314,705315,705316,705317,705318,705319,705320,705321,705322,644268,639641,679673,667793,705323,705324,705325,705326,672237,705327,705328,705329,705330,705331,705332,705333,705334,705335,705336,705337,671708,705338,705339,705340,705341,705342,705343,641250,639655,705344,705345,705346,705347,705348,705349,705350,705351,705352,705353,685980,673053,620599,705354,705355,705356,705357,705358,705359,705360,705361,705362,705363,608729,705364,705365,705366,705367,705368,705369,705370,705371,656876,705372,705373,679055,632861,624107,613689,705374,705375,705376,617631,705377,705378,705379,705380,705381,705382,705383,678556,705384,705385,660282,705386,705387,620285,667980,705388,614109,705389,705390,705391,705392,705393,705394,579207,705395,705396,705397,705398,705399,705400,705401,643441
35,3504,'3',611688,705402,705403,705404,705405,641084,705406,705407,636655,705408,705409,705410,626401,705411,705412,705413,705414,705415,705416,705417,705418,705419,683587,705420,705421,705422,705423,705424,705425,705426,705427,705428,705429,705430,705431,655484,705432,705433,705434,705435,705436,705437,628491,705438,705439,705440,705441,705442,705443,705444,705445,705446,705447,607254,705448,705449,705450,705451,705452,606263,705453,705454,705455,705456,705457,705458,705459,630313,705460,705461,705462,705463,662507,705464,705465,705466,705467,705468,705469,593857,648267,705470,705471,705472,705473,705474,705475,705476,705477,680875,705478,705479,642355,705480,705481,622749,705482,705483,705484,705485,705486,705487,705488,680615,705489,705490,705491,647760,626044,705492,705493,705494,705495,705496,705497,705498,705499,705500
35,3504,'5',705501,705502,705503,705504,705505,705506,705507,705508,705509,705510,705511,555248,705512,705513,705514,645463,661357,630030,626500,705515,705516,661775,705517,639176,705518,657808,705519,705520,705521,705522,705523,705524,705525,705526,581709,705527,705528,513998,647353,705529,705530,662852,705531,705532,705533,705534,705535,705536,705537,705538,705539,705540,705541,656623,705542,705543,579435,705544,705545,705546,607152,705547,705548,551697,705549,576518,705550,663013,705551,705552,705553,705554,705555,705556,705557,631776,705558,655649,705559,705560,671251,563299,650267,678983,705561,590940,705562,652555,705563,705564,616751,705565,705566,705567,705568,705569,705570,648389,705571,705572,705573,705574,705575,705576,705577,705578,652563,705579,705580,705581,705582,705583,668960,705584,705585,705586,591669,684823,522744,705587,705588,524802,705589,705590,705591,705592,705593
36,3601,'1',705594,705595,705596,581581,705597,705598,705599,616003,705600,705601,705602,705603,654838,649311,705604,705605,705606,705607,682181,617551,514478,705608,705609,705610,705611,705612,647930,685922,705613,676169,705614,705615,705616,705617,705618,705619,705620,705621,705622,705623,705624,679641,705625,667020,705626,705627,666853,705628,705629,705630,705631,633815,705632,705633,705634,705635,705636,705637,705638,578516,664785,705639,705640,705641,624943,705642,658469,705643,705644,705645,705646,520279,705647,705648,705649,521840,705650,705651,705652,661630,672530,705653,705654,705655,639571,705656,705657,705658,705659,669576,705660,705661,705662,705663,705664,705665,666293,705666,705667,552418,705668,705669,705670,705671,705672,705673,705674,624468,705675,705676,705677,705678,705679,705680,705681,705682,705683,705684,670404,479340,535059,705685,705686,705687,705688,705689,705690,705691,690228,705692,705693,705694,705695,705696,650362,705697,705698,705699,705700,705701,705702,705703,705704,705705,705706,705707,705708,705709,705710,705711,705712,541776,705713,705714,705715,705716,654238,705717,705718,705719,705720,637325,705721,705722,677161,705723,705724,705725,705726,705727,705728,705729,705730,649925,705731,509028,705732,705733,705734,689750,705735,705736,705737,705738,672566,705739,624532,570802,705740,705741,705742,656309,631957,705743,705744
36,3601,'2',705745,705746,705747,705748,705749,705750,664642,705751,705752,632798,705753,606163,542383,705754,521459,705755,649946,705756,705757,534087,605512,705758,705759,705760,662692,705761,705762,645026,705763,705764,705765,705766,705767,705768,705769,638467,705770,520335,705771,705772,705773,630197,705774,524124,705775,518974,705776,705777,705778,705779,705780,705781,705782,705783,705784,705785,705786,705787,705788,705789,705790,705791,705792,705793,705794,705795,705796,705797,705798,705799,705800,705801,705802,679202,608372,705803,705804,629287,705805,705806,705807,621992,705808,705809,705810,705811,705812,705813,554479,705814,705815,705816,705817,705818,625929,705819,705820,705821,671911,705822,705823,705824,606199,705825,705826,684955,632451,616093,705827,705828,705829,705830,705831,705832,705833,705834,705835,639080,705836,612997,705837,705838,630240,705839,705840,705841,705842,705843,544707,705844,705845,590396,705846,705847,705848,619755,705849,705850,705851,681866,705852,611310,705853,705854,705855,637611,613699,705856,705857,705858,705859,705860,705861,705862,705863,705864,705865,688619,705866,577536,623770,705867,622412,678034,705868
36,3601,'3',666461,705869,705870,431361,705871,705872,705873,601269,705874,705875,652424,705876,705877,637660,705878,705879,705880,521129,705881,705882,687709,513514,705883,669233,705884,705885,705886,705887,705888,705889,610252,705890,705891,705892,705893,705894,705895,705896,705897,705898,648216,705899,705900,705901,705902,705903,705904,705905,705906,705907,705908,705909,705910,601629,705911,705912,488014,705913,705914,620677,705915,705916,705917,542983,656975,678751,684198,679830,705918,705919,675051,705920,705921,705922,705923,705924,705925,705926,705927,705928,705929,705930,705931,705932,705933,705934,646922,611735,705935,558209,705936,705937,705938,705939,705940,705941,705942,705943,705944,705945,705946,614580,705947,705948,705949,673617,705950,610317,705951,705952,705953,705954,649667,705955,705956,705957,705958,705959,705960,705961,705962,705963,705964,705965,469218,623069,705966,620704,705967,640454,705968,705969,705970,705971,705972,705973,705974,705975,705976,705977,705978,705979,705980,705981,705982,705983
36,3601,'5',705984,668885,689863,705985,705986,705987,705988,705989,705990,705991,705992,673949,673291,705993,705994,705995,675853,584044,705996,705997,705998,705999,620731,654099,706000,706001,706002,706003,706004,706005,706006,640768,706007,706008,706009,706010,706011,706012,706013,706014,706015,706016,706017,706018,706019,706020,677039,706021,706022,706023,706024,706025,706026,706027,642830,706028,552075,706029,706030,539851,706031,706032,525280,613858,706033,706034,541482,706035,706036,706037,706038,661790,706039,706040,706041,706042,706043,706044,706045,706046,617187,706047,706048,706049,649251,706050,706051,582773,706052,706053,706054,706055,706056,639500,706057,706058,544802,645768,706059,706060,624331,706061,706062,570625,706063,706064,607160,706065,706066,706067,706068,706069,706070,706071,706072,706073,706074,652245,584479,706075,706076,706077,706078,706079,706080,706081,706082,706083,663021,706084,706085,706086,675113,615846,706087,706088,706089,706090,706091,689166,687535,706092,580089,706093,706094,706095,706096,706097,706098,706099,706100,706101,706102,706103,706104,706105,706106,706107
36,3602,'1',706108,706109,706110,674917,706111,706112,706113,609704,690396,629363,612283,706114,706115,619442,706116,664597,706117,706118,706119,663754,706120,706121,639538,706122,706123,706124,706125,706126,706127,628817,706128,706129,706130,706131,657162,516396,706132,706133,706134,706135,706136,706137,706138,706139,706140,706141,706142,667496,706143,706144,706145,706146,706147,706148,706149,706150,706151,706152,706153,706154,706155,706156,637185,586809,706157,706158,608303,529356,575920,706159,706160,706161,706162,706163,687589,706164,706165,582003,607755,706166,706167,683824,706168,706169,706170,706171,706172,706173,706174,706175,657176,640274,685775,706176,550154,452563,706177,706178,631903,706179,706180,706181,706182,706183,706184,665819,680549,631331,706185,706186,706187,533215,706188,613571,706189,706190,706191,642540,687186,706192,706193,544651,679319,524890,706194,706195,706196,706197,675215,706198,706199,689642,706200,706201,706202,591890,706203,706204,595131,706205,706206,706207,532596,667339,651086,638999,706208,636291,706209,688944,617384,706210,480956,706211,706212,706213,706214,706215,634070,671446,706216,706217,706218,611959,664447,706219,635576,706220,706221,706222,706223,688517,606422,706224,467938,706225,706226,706227,630173,480778,706228,706229,706230,706231,706232,706233,658541,706234,615744,706235,482399,633195,706236,706237,620210,538349,706238,706239,706240,670436
36,3602,'2',706241,706242,706243,672218,706244,706245,706246,706247,706248,706249,521026,706250,706251,706252,706253,706254,706255,706256,706257,706258,706259,706260,617404,706261,706262,706263,706264,706265,706266,641485,706267,604460,706268,706269,706270,706271,706272,677577,706273,706274,706275,706276,706277,706278,641929,706279,706280,706281,706282,706283,651592,686379,706284,706285,706286,651598,576971,706287,706288,706289,706290,706291,706292,586669,706293,706294,706295,706296,706297,559924,706298,706299,706300,706301,706302,706303,685178,706304,706305,706306,706307,706308,706309,706310,651133,706311,706312,676829,706313,706314,706315,614821,706316,706317,706318,706319,706320,706321,706322,646591,706323,706324,643821,706325,706326,706327,706328,706329,706330,706331,706332,706333,706334,706335,706336,706337,706338,706339,437379,706340,706341,706342,706343,706344,706345,706346,540261,706347,706348,634141,606482,630835,706349,706350,706351,706352,706353,706354,706355,706356,621547,706357,706358,706359,706360,706361,657554,706362,706363,706364,706365,706366,706367,647655,706368,706369,706370,706371,706372,653926,706373,706374,706375,706376,706377,706378,706379
36,3602,'3',673411,634316,706380,706381,706382,706383,706384,623315,706385,706386,706387,706388,706389,706390,706391,706392,706393,706394,706395,706396,706397,637691,706398,706399,706400,706401,706402,706403,706404,706405,706406,706407,706408,706409,706410,662976,706411,706412,687999,706413,666029,706414,706415,615497,706416,706417,706418,630950,668429,706419,706420,706421,645728,706422,706423,582106,706424,628490,706425,706426,706427,706428,706429,706430,706431,706432,706433,706434,706435,706436,706437,706438,641981,628508,706439,706440,706441,706442,706443,706444,706445,706446,706447,706448,706449,706450,706451,706452,706453,706454,706455,647734,706456,706457,625191,706458,683623,706459,706460,636801,706461,706462,706463,706464,706465,706466,676983,706467,706468,706469,619903,623596,706470,504862,706471,575075,706472,706473,666099,706474,706475,706476,706477,706478,706479,706480,706481,706482,633385,706483,706484,706485,706486,668479,706487,706488,706489,706490,706491,706492,706493,706494,706495,706496,632576,478261,706497,706498,706499
36,3602,'5',706500,589246,706501,609152,706502,706503,626485,706504,619283,706505,706506,706507,706508,706509,706510,706511,706512,706513,607425,617689,643725,706514,706515,706516,706517,706518,706519,706520,706521,706522,706523,706524,706525,706526,706527,706528,706529,706530,706531,706532,706533,706534,706535,660725,706536,706537,706538,706539,706540,706541,641608,706542,706543,706544,706545,706546,706547,706548,682021,706549,706550,706551,706552,651808,627761,706553,706554,706555,706556,706557,606047,706558,581938,706559,541498,706560,706561,706562,680012,706563,706564,706565,706566,547692,706567,646670,706568,544208,706569,706570,706571,706572,706573,615648,706574,615128,706575,706576,706577,706578,608456,706579,706580,706581,706582,706583,706584,634005,706585,706586,706587,706588,706589,706590,645917,706591,595378,706592,706593,706594,706595,706596,706597,618728,706598,706599,706600,706601,706602,652855,706603,706604,706605,628769,706606,671846,706607,706608,706609,706610,706611,706612,706613,706614,706615,706616,632668,706617,706618,706619,706620,706621,706622,706623,706624,706625,606856,706626,706627,706628,706629
37,3703,'1',706630,706631,656207,706632,706633,706634,687820,706635,706636,706637,706638,706639,706640,706641,706642,706643,706644,706645,706646,619452,706647,706648,706649,706650,706651,706652,706653,706654,706655,706656,706657,631267,706658,706659,706660,706661,706662,706663,706664,706665,706666,706667,706668,706669,706670,627978,706671,706672,706673,706674,706675,706676,706677,706678,706679,706680,706681,706682,706683,381541,706684,706685,526569,706686,706687,706688,637241,706689,706690,706691,706692,656733,706693,706694,706695,683425,706696,706697,706698,601832,706699,706700,490570,664617,706701,633846,706702,706703,706704,706705,706706,706707,706708,706709,640087,706710,706711,706712,706713,706714,706715,663535,706716,706717,706718,706719,706720,706721,628085,706722,706723,706724,660947,664023,683454,706725,706726,706727,676260,706728,706729,706730,706731
37,3703,'2',706732,461095,706733,706734,706735,706736,688186,706737,706738,706739,706740,706741,706742,706743,706744,706745,653302,706746,706747,706748,706749,706750,706751,706752,706753,706754,706755,706756,706757,706758,706759,706760,706761,706762,706763,706764,670882,706765,706766,706767,706768,706769,613279,706770,706771,706772,676813,706773,706774,706775,706776,706777,680962,706778,706779,706780,706781,706782,629885,706783,706784,617422,706785,706786,706787,706788,706789,706790,706791,706792,706793,676846,706794,706795,613675,706796,606473,706797,706798,706799,639076,706800,641516,706801,706802,706803,626352,706804,706805,706806,706807,706808,706809,706810,706811,706812,653396,706813,706814,706815,577758,706816,656418,706817,706818,706819,706820,706821,706822,706823,706824,706825,706826,679932,706827,706828,610998,706829,706830,638802,706831,706832
37,3703,'3',706833,706834,706835,543835,706836,706837,706838,632904,574833,655454,706839,706840,706841,706842,706843,706844,706845,706846,706847,706848,706849,681189,706850,706851,706852,706853,650110,706854,706855,706856,706857,646770,706858,706859,706860,706861,706862,706863,706864,706865,706866,706867,706868,706869,706870,706871,706872,706873,706874,706875,706876,706877,706878,706879,706880,706881,680290,706882,665414,671939,706883,640431,674094,706884,706885,706886,706887,706888,706889,706890,706891,706892,706893,706894,530890,659865,706895,706896,706897,610714,706898,706899,706900,706901,706902,706903,706904,611376,669095,706905,706906,706907,536858,706908,706909,706910,706911,706912,706913,667708,631035,607561,706914,706915
37,3703,'5',706916,613337,706917,706918,706919,706920,706921,706922,706923,706924,706925,655121,706926,706927,678605,706928,706929,706930,706931,706932,706933,666579,706934,706935,706936,706937,706938,706939,706940,706941,706942,706943,706944,706945,706946,706947,605433,608623,706948,607705,706949,706950,706951,706952,706953,668172,706954,706955,706956,706957,706958,706959,706960,679443,706961,660521,706962,706963,706964,706965,643903,706966,706967,706968,669119,585684,629346,706969,706970,597912,706971,706972,706973,706974,627810,706975,706976,706977,706978,706979,650277,706980,706981,706982,706983,661815,706984,580395,615998,616474,706985,706986,706987,673320,706988,706989,706990,706991,706992,706993,706994,706995,706996,706997,706998,706999,671125,707000
37,3704,'1',707001,668580,707002,707003,604148,707004,555567,647401,650679,707005,577703,707006,707007,707008,707009,707010,707011,601791,707012,707013,689689,675787,683389,707014,707015,707016,707017,707018,707019,707020,707021,540881,707022,707023,707024,707025,707026,707027,661208,605829,707028,562978,707029,707030,707031,707032,673675,656231,707033,618302,647958,707034,707035,656721,707036,707037,707038,672156,707039,707040,707041,707042,384004,707043,686508,707044,707045,661226,707046,707047,707048,707049,707050,707051,373547,707052,707053,707054,707055,707056,707057,707058,707059,623495,707060,422254,707061,548020,707062,683887,707063,683443,688941,707064,689568,707065,707066,707067,707068,707069,664994,620198,707070,568013,707071,707072,707073,707074,707075,477046,707076,707077,707078,637331,623721,644248,707079,707080,707081,633680,707082,707083,707084,675155
37,3704,'2',707085,707086,707087,707088,637378,707089,707090,707091,707092,707093,707094,641481,707095,707096,707097,707098,707099,707100,707101,707102,707103,707104,707105,707106,655846,707107,707108,688552,707109,707110,707111,707112,707113,628232,707114,672239,707115,707116,707117,707118,707119,680682,707120,707121,622653,612971,707122,707123,707124,683511,707125,707126,707127,707128,707129,707130,644589,707131,707132,707133,627329,573948,707134,707135,707136,707137,707138,707139,616341,707140,707141,707142,707143,707144,707145,707146,707147,707148,707149,707150,707151,659706,707152,707153,707154,707155,707156,707157,707158,707159,707160,707161,707162,707163,672293,707164,707165,707166,707167,707168,707169,707170,707171,707172,707173,707174,707175,707176,654271,707177,707178,707179,707180,642274,613302,707181,707182,707183,707184,707185,707186,627457
37,3704,'3',707187,707188,707189,707190,707191,707192,707193,707194,707195,707196,707197,546474,707198,707199,707200,707201,647687,707202,707203,585814,707204,707205,707206,707207,620661,659794,707208,577773,707209,707210,707211,611345,707212,707213,707214,707215,707216,707217,707218,677636,707219,707220,707221,707222,707223,658117,707224,707225,707226,674261,707227,620345,682559,707228,707229,707230,707231,707232,677423,650526,707233,707234,707235,707236,615809,707237,707238,707239,660382,512187,707240,707241,688024,707242,707243,707244,707245,707246,707247,707248,670129,668473,707249,707250,663675,707251,707252,707253,707254,707255,707256,661542,707257,617312,707258,707259,707260,662258,613807,707261,707262,707263
37,3704,'5',707264,707265,707266,541412,707267,707268,707269,707270,707271,707272,707273,707274,658763,707275,707276,619301,707277,707278,707279,707280,707281,707282,707283,707284,707285,660471,707286,707287,707288,707289,707290,707291,707292,707293,707294,707295,707296,707297,707298,707299,707300,629742,707301,707302,707303,707304,707305,658389,707306,707307,707308,707309,707310,707311,647828,707312,707313,707314,707315,707316,642852,707317,707318,707319,707320,707321,707322,707323,707324,687071,707325,707326,707327,707328,707329,618184,610024,707330,707331,707332,707333,609015,677100,707334,707335,707336,707337,707338,707339,707340,707341,707342,707343,707344,707345,707346,707347,707348,642469,707349,707350,661063,565257,707351,707352,707353,620459
38,3801,'1',533919,707354,707355,707356,707357,649312,707358,707359,642920,680759,707360,707361,707362,707363,707364,707365,707366,611166,707367,681729,707368,707369,707370,707371,707372,583630,707373,707374,707375,707376,707377,707378,707379,459240,707380,707381,663193,707382,707383,659531,707384,707385,707386,707387,707388,707389,707390,680770,707391,707392,707393,707394,707395,707396,707397,609372,707398,707399,592981,707400,537269,707401,707402,707403,394312,707404,526576,707405,503425,707406,608064,629253,707407,707408,707409,668646,707410,627097,707411,707412,707413,707414,707415,707416,652329,707417,707418,707419,707420,707421,707422,707423,707424,707425,707426,707427,707428,707429,707430,707431,707432,596916,679896,606428,707433,707434,707435,641468,707436,644995,707437,527017,678860,707438,665873,707439,658254,660628,624016
38,3801,'2',707440,707441,707442,707443,707444,629414,660183,707445,707446,707447,707448,707449,707450,707451,707452,707453,707454,707455,707456,707457,707458,707459,707460,707461,707462,707463,707464,707465,707466,707467,541139,555738,707468,707469,707470,707471,707472,707473,609087,707474,622666,607218,707475,707476,707477,707478,707479,707480,707481,707482,707483,707484,707485,707486,707487,670504,632459,707488,707489,707490,707491,707492,707493,707494,665971,707495,707496,648153,707497,707498,707499,707500,707501,672302,707502,707503,707504,707505,707506,638798,707507,707508,707509,707510,707511
38,3801,'3',707512,707513,707514,640697,707515,707516,707517,707518,637673,664096,707519,688639,707520,707521,707522,707523,707524,707525,686950,707526,707527,707528,707529,675407,707530,707531,707532,707533,707534,707535,707536,707537,707538,707539,707540,632948,707541,707542,707543,707544,707545,707546,619219,707547,707548,628913,707549,707550,707551,521185,707552,707553,671015,707554,604608,707555,707556,707557,616175,707558,707559,707560,707561,707562,707563,707564
38,3801,'5',707565,650189,612647,707566,707567,707568,707569,707570,707571,707572,707573,646093,682635,707574,707575,707576,707577,707578,521674,547608,707579,607967,707580,707581,672936,707582,707583,707584,707585,707586,707587,652532,707588,707589,596327,707590,707591,707592,707593,707594,707595,707596,707597,707598,707599,707600,707601,707602,707603,707604,707605,707606,635311,707607,707608,660022,707609,707610,707611,707612,655682,563735,707613,707614,707615,638357,707616,707617,686483,707618,707619
38,3802,'1',707620,665510,707621,707622,707623,671630,707624,648858,707625,707626,681412,707627,616788,707628,707629,707630,707631,707632,707633,707634,640997,707635,707636,688104,707637,707638,707639,539083,707640,707641,707642,644436,707643,707644,707645,707646,707647,707648,707649,707650,707651,707652,679476,707653,707654,707655,707656,707657,707658,625796,707659,675698,707660,707661,687852,707662,707663,707664,707665,707666,707667,707668,707669,707670,707671,707672,707673,707674,707675,707676,707677,707678,707679,707680,707681,707682,707683,528149,707684,606657,707685,550781,707686,707687,707688,688826,707689,707690,707691,707692,707693,530086,707694,623708,707695,707696,676245,707697,658937,707698,707699,539703,707700,673533,707701,707702,707703,707704,707705,707706,707707,653787,707708
38,3802,'2',707709,707710,707711,640614,656316,626813,707712,707713,707714,707715,680233,707716,707717,707718,707719,514912,707720,707721,707722,707723,660640,707724,707725,707726,707727,707728,707729,707730,707731,707732,707733,707734,707735,707736,646222,707737,527727,707738,530495,707739,707740,707741,707742,707743,570421,707744,482700,707745,707746,707747,707748,707749,707750,707751,707752,707753,707754,707755,707756,707757,707758,707759,707760,707761,707762,634716,707763,707764,707765,707766,621544,707767,707768,707769,548309,707770,707771,707772,707773,707774,707775,608569,707776,488744,673903,707777,707778
38,3802,'3',707779,707780,707781,707782,707783,707784,707785,707786,707787,707788,680118,707789,707790,548387,707791,707792,707793,624690,707794,707795,707796,707797,707798,707799,707800,707801,707802,659083,707803,707804,707805,707806,707807,707808,707809,627566,707810,707811,707812,707813,707814,707815,622120,707816,707817,707818,613778,707819,707820,707821,707822,707823,707824,707825,707826,707827,707828,707829,707830,707831,707832,707833,707834,707835,707836,707837,707838
38,3802,'5',682896,707839,707840,707841,707842,707843,707844,707845,635496,707846,666578,707847,707848,707849,707850,643893,707851,652204,707852,667126,707853,707854,707855,707856,707857,707858,707859,707860,707861,707862,707863,707864,707865,707866,707867,707868,589328,635304,649757,707869,707870,707871,631157,634539,707872,707873,668551,552603,707874,707875,707876,686071,707877,707878,707879,707880,707881,707882,707883,548831,707884,707885,707886,707887,707888,707889,707890,647387,707891,707892,684829,707893,561712
39,3901,'1',577099,707894,707895,707896,707897,707898,707899,707900,707901,707902,707903,707904,707905,707906,707907,707908,707909,707910,707911,686684,621328,707912,542269,707913,707914,624411,707915,707916,707917,582813,707918,707919,620480,598366,707920,707921,707922,707923,707924,707925,707926,707927,707928,707929,707930,707931,625786,707932,707933,707934,707935,707936,707937,707938,707939,707940,663039,707941,707942,707943,707944,707945,707946,707947,707948,707949,707950,707951,707952,707953,707954,597309,707955,707956,470941,680769,707957,707958,707959,707960,707961,707962,707963,707964,707965,532578,649356,707966,651071,707967,707968,707969,571122,707970,707971,707972,707973,707974,707975,592812,648910,707976,707977,707978,707979,707980,707981,707982,616542,689238,571125,647009,707983,707984,707985,707986,707987,707988,707989,707990,707991,707992,707993,707994,707995,707996,707997,707998,707999,708000,708001,708002,708003,708004,677551,607786,504505,708005,708006,708007,590664,708008,604798,439211,708009,708010,708011,708012,708013,708014,708015,598656,686525,708016,708017,659385,708018,708019,681945,708020,708021,708022,708023,708024,708025,708026,708027,708028,677244,682197,649922,708029,708030,708031,708032,621440,621441,708033,708034,708035,708036,596929,708037,708038,673700
39,3901,'2',708039,708040,708041,708042,708043,708044,708045,708046,610134,681441,614756,708047,708048,686814,708049,642167,708050,708051,708052,708053,708054,708055,708056,708057,708058,708059,708060,689764,708061,708062,708063,708064,708065,708066,708067,708068,708069,708070,708071,708072,619654,708073,607642,708074,708075,708076,708077,708078,708079,708080,708081,708082,623736,708083,708084,708085,605167,708086,708087,708088,708089,708090,708091,708092,708093,708094,622662,708095,613662,654254,708096,708097,708098,708099,708100,708101,708102,684030,708103,708104,633557,708105,676338,708106,660244,708107,708108,610584,708109,708110,708111,708112,708113,666910,708114,708115,708116,708117,708118,708119,676854,708120,708121,708122,708123,708124,708125,708126,708127,708128,708129,708130,708131,708132,615406,639083,615914,708133,708134,708135,708136,708137,708138,708139,708140,633276,708141,708142,516164,708143,708144,708145,708146,556298,708147,471588,645849,574276,708148,613441,708149,708150,616119,684105,708151,556303,708152,562836,530537,708153,614891,708154,708155,708156,708157,708158,659753,708159,708160,708161,708162,708163,708164
39,3901,'3',708165,708166,708167,708168,525097,708169,708170,708171,708172,708173,614910,629938,708174,708175,708176,708177,553274,708178,708179,708180,708181,708182,708183,609454,654657,633580,708184,708185,708186,560961,708187,708188,708189,708190,708191,708192,708193,708194,708195,708196,708197,708198,708199,708200,708201,488496,676433,708202,641100,708203,708204,708205,686601,708206,643129,708207,708208,708209,708210,708211,708212,708213,708214,708215,708216,708217,708218,708219,708220,708221,537026,492350,632524,667694,609279,708222,708223,708224,708225,708226,708227,708228,613757,642338,708229,708230,611360,708231,708232,708233,708234,708235,708236,679245,708237,628527,708238,708239,708240,616399,708241,708242,679248,708243,708244,656532,708245,677431,708246,708247,708248,708249,708250,708251,629046,708252,672373,708253,708254,708255,708256,708257,708258,708259,708260,708261,708262,708263,708264,708265,708266,666098,708267,667578,708268,708269,517755,590883,531582,708270,607127,708271,708272,708273,708274,708275,708276,708277,708278,708279,708280,708281,708282,708283,708284,708285,708286,708287,708288,639756,708289,638587,550015,522138,666120,708290,708291
39,3901,'5',708292,565092,708293,615582,708294,708295,708296,708297,708298,635246,650195,668014,613137,708299,708300,708301,708302,708303,708304,708305,708306,708307,708308,640767,618125,667120,708309,708310,708311,651798,708312,708313,708314,708315,708316,708317,708318,708319,708320,708321,708322,708323,683276,708324,708325,708326,708327,708328,708329,708330,708331,708332,708333,708334,708335,708336,708337,687776,708338,708339,708340,682483,708341,708342,708343,708344,645903,708345,708346,708347,708348,708349,708350,708351,708352,708353,708354,708355,708356,708357,708358,708359,708360,708361,708362,708363,708364,708365,708366,708367,708368,708369,708370,708371,622226,708372,708373,708374,624337,522710,708375,708376,708377,660546,708378,708379,708380,708381,708382,708383,708384,584076,708385,708386,708387,708388,708389,708390,708391,708392,610412,708393,708394,708395,708396,617532,540796,708397,708398,708399,708400,708401,679753,708402,708403,708404,708405,708406,708407,708408,708409,665498,708410,708411,647178,708412,708413,708414,708415,708416,708417,708418,708419,552828,708420,708421,708422,708423,708424,708425,638945,708426
39,3902,'1',642911,708427,708428,631229,624389,671402,487343,708429,708430,655716,605807,645931,708431,708432,708433,685096,687568,708434,708435,708436,708437,708438,708439,708440,655216,708441,708442,639546,708443,708444,708445,708446,708447,638384,628972,708448,708449,708450,708451,708452,708453,708454,708455,708456,708457,708458,708459,708460,708461,708462,708463,647950,708464,708465,708466,708467,708468,708469,708470,708471,708472,708473,708474,708475,595625,708476,708477,608312,708478,578023,708479,708480,708481,708482,708483,670379,708484,708485,708486,708487,708488,708489,708490,708491,708492,708493,622887,708494,708495,708496,708497,708498,689960,708499,708500,708501,708502,708503,690283,708504,708505,649871,708506,685374,708507,708508,708509,708510,708511,708512,708513,708514,642119,653253,708515,708516,708517,708518,708519,640843,659581,708520,460002,708521,708522,667180,708523,708524,644226,708525,708526,708527,708528,675315,708529,708530,708531,599840,708532,708533,708534,708535,708536,708537,708538,708539,708540,690323,708541,708542,708543,673010,617852,708544,678674,493134,708545,708546,708547,708548,708549,708550,708551,708552,621436,708553,708554,708555,708556,708557,708558,708559,513277,708560,708561,708562,708563
39,3902,'2',708564,708565,708566,708567,708568,624026,708569,708570,708571,624028,708572,708573,708574,708575,632804,631972,531383,708576,708577,708578,708579,657878,661262,708580,686825,708581,556225,708582,708583,708584,708585,708586,708587,708588,708589,708590,708591,708592,708593,708594,708595,708596,708597,608364,587290,681282,708598,708599,708600,708601,708602,708603,708604,708605,708606,708607,708608,617264,648096,708609,675352,708610,708611,708612,708613,708614,708615,708616,708617,708618,708619,708620,708621,612031,611275,708622,708623,708624,708625,708626,708627,708628,585381,708629,708630,708631,642646,708632,708633,667808,708634,667400,708635,708636,708637,708638,690035,708639,708640,708641,708642,708643,708644,708645,708646,708647,708648,708649,708650,597522,708651,642244,708652,708653,708654,629657,708655,708656,687957,708657,471245,608152,708658,708659,708660,708661,708662,708663,627423,708664,708665,708666,708667,649061,708668,708669,708670,708671,708672,622402,708673,708674,636011,708675,610228,708676,708677,463480,708678,708679,708680,708681,708682,708683,618514,708684
39,3902,'3',708685,708686,708687,708688,649583,708689,666764,708690,708691,634748,708692,708693,629942,671756,708694,708695,672650,708696,708697,666472,708698,708699,708700,616373,575767,708701,708702,708703,708704,578722,708705,660318,708706,708707,708708,708709,708710,708711,708712,708713,708714,708715,708716,708717,708718,708719,708720,380767,708721,708722,708723,708724,708725,678421,708726,708727,540013,708728,708729,708730,680447,708731,582291,708732,708733,708734,708735,708736,708737,708738,708739,708740,708741,708742,708743,708744,708745,708746,708747,708748,665587,708749,636735,708750,708751,666055,708752,708753,708754,656513,623800,708755,708756,708757,708758,708759,708760,708761,708762,708763,708764,708765,708766,708767,708768,708769,708770,676977,708771,708772,708773,708774,708775,708776,588322,708777,708778,681360,708779,590457,708780,660868,567751,708781,708782,708783,708784,708785,708786,708787,645206,655545,539463,654426,708788,687436,708789,708790,708791,684756,708792,581295,708793,708794,708795,529790,597096,708796,708797,681717,674671,708798,658737,708799,708800,708801,653560,708802,708803,708804,708805
39,3902,'5',646292,708806,708807,708808,708809,708810,708811,708812,708813,708814,708815,708816,708817,522145,667857,708818,708819,708820,708821,708822,708823,708824,708825,708826,708827,708828,626490,708829,708830,708831,656588,708832,708833,708834,708835,530621,708836,664731,708837,708838,708839,708840,638884,708841,622182,708842,708843,708844,708845,708846,708847,708848,708849,708850,708851,708852,708853,708854,708855,667123,661996,708856,708857,613853,708858,708859,708860,660497,708861,708862,708863,708864,708865,708866,708867,708868,708869,708870,708871,617026,708872,708873,708874,708875,656630,662152,708876,708877,708878,543096,708879,708880,644825,685894,708881,661577,708882,708883,708884,708885,708886,708887,708888,708889,708890,708891,708892,708893,552348,708894,642451,708895,708896,708897,708898,708899,708900,708901,708902,708903,708904,676009,708905,708906,708907,708908,708909,672758,708910,708911,708912,708913,708914,708915,708916,649793,708917,708918,708919,686242,708920,708921,708922,708923,708924,708925,708926,708927,708928,708929,652573,708930,708931,665508,708932
40,4001,'1',635920,708933,708934,708935,708936,708937,708938,708939,624405,661833,708940,708941,708942,708943,708944,629781,708945,708946,708947,708948,612315,708949,708950,708951,524848,708952,708953,674933,708954,708955,708956,708957,708958,708959,708960,708961,708962,635355,708963,483805,708964,661628,708965,708966,708967,637227,649351,708968,708969,708970,708971,708972,708973,708974,708975,708976,432294,708977,708978,708979,708980,485604,708981,708982,708983,708984,708985,708986,708987,606404,708988,708989,708990,708991,708992,708993,708994,708995,708996,708997,679331,708998,623999,483889,708999,709000,607632,709001,638730,709002,709003,709004,709005,709006,709007,709008,709009,709010,709011
40,4001,'2',653280,709012,709013,709014,709015,709016,709017,709018,709019,677254,709020,709021,709022,709023,709024,709025,709026,709027,709028,709029,709030,709031,709032,709033,709034,709035,709036,709037,709038,709039,709040,636446,709041,709042,709043,709044,709045,421976,709046,709047,709048,709049,709050,679353,709051,709052,709053,709054,709055,709056,709057,709058,709059,709060,709061,503110,709062,709063,709064,709065,541152,709066,709067,709068,709069,709070,651621,634123,659694,709071,709072,607852,709073,709074,619051,506551,615908,709075,689332,685197,617440,709076,618485,562610,709077,709078,709079,709080,709081,709082,635821,709083
40,4001,'3',709084,709085,709086,709087,709088,709089,709090,709091,709092,668401,709093,576234,709094,709095,709096,709097,709098,625139,709099,709100,709101,709102,659061,709103,709104,633326,709105,709106,709107,709108,709109,709110,519515,709111,709112,709113,648228,709114,709115,709116,709117,709118,709119,709120,709121,632534,650915,709122,709123,709124,709125,709126,709127,671547,709128,709129,709130,709131,709132,709133,621645,709134,709135,709136,709137,709138,628543,709139,709140,668471,709141,614444,709142,672915,709143,669992,709144,615017,709145,709146,709147,709148,709149,709150,672922,709151,709152,709153,709154,709155,709156,678597,623078
40,4001,'5',637867,709157,709158,630024,709159,709160,709161,709162,709163,709164,709165,667864,709166,709167,709168,709169,709170,709171,709172,709173,709174,709175,626505,614266,709176,709177,709178,709179,709180,709181,709182,709183,661567,709184,709185,645275,709186,709187,709188,677825,709189,709190,709191,709192,532163,709193,709194,709195,581368,709196,709197,683706,709198,709199,709200,709201,618191,532834,659341,709202,709203,709204,709205,709206,709207,709208,685742,709209,709210,709211,709212,709213,629217,709214,621296,709215,609336,709216,607013,628766,709217,709218,709219,709220,709221,709222,652566,709223,709224,709225,709226,709227,709228,709229,709230,709231,652269,709232,648847,709233,632671,709234,709235,709236,688444
40,4002,'1',709237,709238,709239,709240,584488,554347,709241,709242,709243,709244,709245,709246,709247,634563,709248,642932,552846,709249,709250,709251,709252,709253,709254,709255,709256,709257,709258,709259,709260,709261,709262,709263,709264,709265,709266,690444,709267,709268,709269,709270,709271,709272,709273,709274,709275,709276,709277,621881,709278,511367,709279,709280,709281,709282,624476,709283,709284,709285,709286,487401,709287,533750,709288,631353,709289,709290,679777,709291,709292,709293,709294,514122,709295,709296,617848,709297,709298,709299,709300,709301,615741,709302,621122,512068,709303,709304,709305,709306,658545,709307,709308,709309,709310,612460,709311,537368,709312
40,4002,'2',610527,709313,709314,633541,709315,709316,709317,709318,709319,709320,709321,709322,709323,709324,709325,709326,709327,709328,709329,709330,709331,709332,709333,709334,709335,709336,709337,709338,709339,709340,709341,709342,709343,709344,709345,709346,709347,709348,709349,709350,709351,709352,709353,709354,625089,709355,640662,709356,709357,709358,670906,709359,709360,632445,709361,709362,709363,508516,709364,709365,709366,619736,709367,619062,709368,709369,709370,709371,709372,619753,709373,709374,659727,709375,709376,709377,709378,709379,614550,709380,632052,709381,709382,709383,683559,709384,709385,709386,709387,709388,614555
40,4002,'3',709389,709390,709391,709392,709393,709394,685220,709395,709396,709397,709398,588660,709399,709400,709401,623029,709402,709403,709404,709405,646255,709406,709407,709408,709409,709410,709411,709412,709413,559540,653973,709414,709415,657589,709416,709417,709418,709419,635461,709420,709421,709422,634786,709423,709424,709425,709426,709427,709428,709429,709430,709431,709432,709433,709434,623056,709435,709436,709437,709438,709439,709440,709441,709442,709443,709444,709445,709446,709447,709448,709449,709450,709451,709452,709453,669474,709454,709455,709456,634834,709457,709458,709459,709460,606556,649179,709461,681376,709462,709463,688354
40,4002,'5',709464,709465,709466,709467,709468,709469,709470,709471,709472,709473,709474,678101,709475,709476,709477,663696,709478,709479,709480,709481,709482,709483,709484,709485,709486,709487,709488,709489,709490,709491,607282,709492,709493,709494,627734,709495,661564,709496,709497,666590,622194,709498,709499,709500,709501,709502,709503,709504,709505,709506,657389,709507,709508,709509,709510,659976,607288,709511,709512,709513,709514,709515,709516,709517,709518,624843,709519,622230,588170,555540,567345,648378,539643,709520,709521,709522,709523,709524,709525,709526,709527,709528,709529,709530,709531,709532,670315,536712,709533,709534,618742,645489,709535,513697,709536,709537,709538,709539,709540,709541,709542,681051,709543,709544
41,4103,'1',709545,497201,682316,709546,709547,709548,709549,709550,709551,709552,709553,709554,667014,709555,709556,709557,709558,709559,709560,709561,709562,562520,709563,709564,709565,709566,709567,709568,709569,709570,709571,554372,709572,626992,625365,709573,709574,709575,709576,709577,649336,709578,709579,709580,653231,627961,709581,709582,709583,709584,666692,709585,655239,709586,610071,709587,653051,660766,671284,679486,612364,709588,709589,709590,662332,709591,709592,709593,680662,709594,662339,448573,709595,709596,709597,709598,709599,709600,630151,709601,709602,709603,709604,709605,709606,709607,612397,709608,709609,709610,709611,407881,654906,709612,709613,709614,709615,709616,709617,709618,709619,709620,709621,709622,669185,709623,709624,635964,709625,622932,709626,604442,709627,689669,686805,709628
41,4103,'2',619617,709629,709630,709631,682042,709632,709633,709634,709635,709636,709637,709638,649454,709639,709640,709641,709642,683976,709643,709644,709645,620887,709646,709647,586475,709648,709649,709650,709651,709652,709653,709654,709655,709656,709657,709658,709659,709660,709661,709662,709663,709664,709665,709666,709667,709668,709669,709670,709671,709672,709673,709674,709675,709676,472558,596976,709677,709678,536995,709679,709680,709681,614837,709682,709683,687310,635097,709684,709685,709686,709687,709688,659415,709689,709690,709691,709692,567078,709693,709694,610210,709695,709696,606483,709697,709698,709699,709700,709701,709702,709703,627427,709704,709705,709706,709707,709708,709709,709710,709711,709712,680698,709713,709714,709715,709716,709717,674555,709718,709719,709720,709721
41,4103,'3',709722,709723,664519,709724,615454,709725,709726,709727,709728,709729,709730,678244,709731,709732,709733,709734,709735,709736,633733,709737,709738,709739,709740,709741,709742,709743,709744,709745,709746,709747,709748,709749,683035,709750,709751,709752,709753,635179,709754,709755,709756,709757,709758,709759,709760,709761,709762,709763,709764,709765,643142,709766,709767,709768,709769,709770,709771,709772,709773,709774,709775,709776,709777,671945,709778,668867,709779,709780,709781,521183,709782,709783,709784,672387,709785,709786,709787,709788,709789,709790,709791,709792,665154,709793,709794,709795,709796,624775,709797,709798,709799
41,4103,'5',709800,709801,709802,709803,709804,709805,709806,709807,709808,633976,709809,709810,709811,709812,709813,709814,709815,709816,709817,709818,709819,709820,709821,709822,709823,709824,678303,611090,519618,709825,709826,709827,709828,682019,650224,709829,622514,709830,709831,709832,709833,709834,709835,709836,709837,709838,709839,709840,709841,709842,709843,587553,709844,709845,600601,709846,615119,709847,709848,609855,709849,620053,709850,709851,709852,709853,709854,685308,709855,709856,709857,709858,709859,709860,709861,683216,709862,623845,709863,709864,709865,709866,709867,709868,709869,709870,660032,709871,646686,709872,709873,709874,709875,709876,709877,709878
41,4104,'1',617737,709879,683190,523051,709880,709881,709882,550942,709883,709884,709885,709886,709887,709888,709889,709890,709891,709892,686311,709893,709894,709895,709896,685757,709897,709898,709899,709900,709901,709902,709903,709904,709905,709906,709907,709908,709909,709910,607179,690497,709911,709912,709913,709914,709915,709916,709917,709918,709919,709920,709921,709922,709923,709924,656724,709925,709926,614502,709927,633138,709928,709929,709930,709931,709932,625814,644478,709933,709934,709935,709936,709937,709938,623199,709939,709940,709941,709942,709943,709944,709945,709946,669010,709947,709948,639883,709949,604409,709950,529423,709951,709952,515472,709953,709954,709955,647497,637301,596049,675803,709956,709957,709958,709959,709960,646561,632371,635042,709961,709962,709963,709964,607195,645389,709965,585931,709966,650766
41,4104,'2',709967,709968,709969,709970,709971,709972,709973,635060,709974,657499,619630,668310,709975,709976,709977,709978,709979,709980,709981,559905,709982,709983,709984,709985,709986,709987,709988,709989,709990,709991,709992,709993,709994,709995,709996,612013,636462,709997,653332,709998,709999,710000,710001,710002,710003,582694,710004,710005,710006,710007,710008,413813,710009,710010,710011,710012,710013,710014,635093,710015,710016,710017,710018,710019,710020,710021,710022,710023,710024,456267,710025,710026,710027,675013,520374,710028,710029,710030,710031,642240,710032,710033,710034,615407,710035,620614,710036,710037,710038,710039,710040,710041,710042,710043,710044,710045,710046,710047,710048,710049,710050,710051,710052,710053,675023,636616,710054,710055,710056,710057,710058,710059,675384,710060,710061,710062,710063
41,4104,'3',710064,625560,710065,710066,710067,710068,632488,513891,616651,710069,710070,710071,710072,597617,633320,710073,606513,710074,710075,678051,528343,710076,710077,605563,710078,710079,710080,710081,710082,710083,682965,710084,710085,710086,710087,710088,710089,710090,515820,710091,710092,710093,710094,530877,710095,710096,710097,710098,710099,710100,710101,710102,710103,710104,710105,664121,481895,710106,710107,710108,710109,710110,710111,710112,679973,681522,710113,710114,710115,710116,710117,620366,710118,710119,710120,710121,710122,710123,687007,710124,710125,710126,710127,710128,619264,710129,710130,710131
41,4104,'5',676530,710132,710133,615049,710134,710135,710136,710137,710138,710139,710140,710141,710142,710143,664147,710144,710145,710146,710147,710148,647142,710149,710150,710151,710152,710153,710154,710155,710156,710157,710158,620416,710159,710160,533889,710161,710162,710163,710164,710165,710166,610799,710167,710168,710169,710170,710171,710172,710173,710174,710175,710176,710177,710178,710179,710180,710181,655171,710182,619377,710183,710184,710185,688777,710186,614317,710187,580235,671107,710188,710189,710190,710191,710192,710193,710194,710195,710196,710197,710198,710199,710200,710201,710202,710203,710204,710205,654208,710206,537091,687550,710207,710208,710209
42,4201,'1',710210,654836,710211,710212,710213,710214,710215,710216,710217,710218,710219,625773,658440,633088,710220,710221,621329,710222,710223,710224,670757,710225,673667,710226,710227,710228,710229,710230,710231,710232,710233,710234,710235,654494,710236,710237,582373,591197,710238,710239,710240,710241,582005,710242,710243,664791,710244,610078,710245,710246,710247,710248,673682,710249,710250,710251,710252,710253,676218,710254,541716,710255,710256,710257,710258,710259,490326,710260,710261,710262,710263,710264,710265,710266,710267,710268,710269,625842,710270,710271,629261,710272,710273,710274,668667,677146,710275,710276,710277,710278,684902,710279,710280,684564,614740,710281
42,4201,'2',710282,710283,674039,710284,710285,710286,710287,710288,639041,710289,710290,710291,710292,710293,710294,710295,710296,710297,710298,645404,710299,710300,684930,710301,621973,710302,606720,710303,710304,710305,710306,710307,710308,710309,710310,710311,710312,710313,710314,710315,710316,710317,605182,710318,710319,710320,710321,710322,710323,645412,710324,710325,710326,710327,710328,710329,710330,710331,710332,710333,710334,684100,710335,710336,710337,710338,710339
42,4201,'3',710340,710341,710342,710343,710344,531997,710345,710346,710347,517920,710348,710349,710350,710351,710352,574842,710353,660849,710354,710355,710356,710357,710358,710359,634164,580180,710360,710361,710362,710363,710364,710365,710366,710367,710368,710369,710370,710371,710372,710373,710374,710375,710376,627588,710377,710378,710379,710380,710381,710382,710383,621665,710384,710385,710386,710387,710388,710389,710390,710391,710392,710393,710394
42,4201,'5',710395,710396,615584,710397,710398,653575,710399,710400,710401,710402,675644,710403,710404,710405,710406,710407,710408,710409,710410,643193,710411,710412,710413,710414,710415,710416,710417,710418,710419,710420,710421,710422,710423,710424,710425,640789,710426,710427,710428,664927,710429,710430,710431,710432,710433,710434,633482,710435,710436,710437,710438,710439,609864,710440,710441,710442,710443,710444,710445
42,4202,'1',710446,710447,710448,710449,710450,710451,710452,710453,710454,710455,710456,710457,710458,710459,710460,710461,710462,710463,682317,710464,710465,683083,710466,710467,710468,710469,675207,710470,710471,710472,710473,623174,621079,710474,710475,710476,710477,671651,710478,710479,612355,710480,654502,710481,710482,528656,710483,710484,710485,710486,590018,710487,710488,635944,710489,710490,710491,710492,710493,710494,710495,710496,629595,710497,710498,710499,710500,710501,710502,710503,710504,570766,710505,660128,710506,710507,514125,710508,710509,546966,710510,608337,710511,710512,710513,710514,624514,710515,660950,710516,630664,635382,710517,710518,710519,710520,710521,710522,710523,710524
42,4202,'2',683948,710525,710526,710527,710528,710529,574124,605338,710530,710531,710532,710533,710534,710535,710536,710537,710538,710539,710540,710541,710542,710543,710544,652389,710545,710546,710547,710548,710549,710550,710551,710552,710553,710554,710555,511443,710556,710557,601930,710558,710559,710560,710561,622025,710562,644629,710563,710564,710565,710566,710567,612079,710568,710569,710570,710571,710572,710573,710574,710575,710576,710577,710578,710579
42,4202,'3',710580,710581,710582,625974,710583,710584,710585,710586,645139,710587,710588,710589,710590,652973,710591,710592,710593,710594,710595,710596,710597,710598,647109,710599,710600,710601,710602,593839,710603,678923,710604,710605,710606,622109,710607,563178,710608,710609,710610,710611,710612,710613,689414,710614,637803,669690,710615,710616,710617,710618,710619,710620,710621,710622,710623,688702,710624
42,4202,'5',710625,710626,710627,710628,710629,710630,710631,710632,710633,710634,710635,659938,710636,710637,710638,710639,710640,710641,710642,710643,634879,710644,710645,710646,710647,710648,710649,710650,710651,615644,613880,612706,710652,710653,710654,710655,710656,710657,710658,710659,710660,710661,710662,710663,710664,710665,710666,710667,710668,710669,710670,710671,669134,710672,710673,710674
43,4303,'1',710675,640046,675280,583755,710676,710677,710678,617740,657430,710679,710680,710681,671131,710682,597247,633085,710683,710684,710685,710686,710687,710688,710689,615722,710690,710691,710692,710693,710694,710695,710696,710697,710698,710699,611485,710700,638386,528625,710701,710702,710703,710704,710705,710706,710707,710708,710709,710710,710711,582369,710712,710713,710714,710715,653232,710716,668063,710717,710718,645357,710719,710720,710721,710722,710723,710724,710725,710726,710727,626200,710728,626201,710729,710730,710731,710732,710733,669333,710734,496068,710735,710736,681257,592386,710737,710738,710739,680660,710740,710741,671659,710742,710743,710744,710745,710746,546005,710747,710748,659559,710749,710750,489660,710751,710752,710753,615250,710754,620177,710755,710756,601490,710757,710758,710759,710760,670393,710761,710762,710763,532269,710764,710765,656748,537285,710766,710767,710768,643975,710769,710770,710771,604276,710772,667182,710773,710774,710775,710776,710777,710778,710779,710780,710781,710782,710783,710784,710785,644509,710786,710787,710788,710789,710790,710791,563016,710792,710793,645978,710794,710795,710796,710797,657489,604425,710798,710799,710800,710801,667946,650757,612905,710802,710803,632778,618362,588619,637336,710804,710805,607807,674760,614009,710806,710807,710808,710809,710810,710811,710812,710813,710814,710815,621443,710816,710817,710818,635386,636370,710819,710820
43,4303,'2',710821,710822,620551,710823,710824,710825,710826,665885,710827,710828,710829,710830,531045,710831,710832,671171,710833,710834,710835,710836,644554,710837,652920,710838,710839,710840,710841,710842,710843,536041,710844,710845,672230,710846,628199,656337,710847,710848,710849,710850,710851,647559,710852,650406,524979,710853,710854,710855,710856,710857,710858,710859,710860,710861,710862,710863,710864,710865,710866,710867,710868,632824,710869,710870,710871,710872,710873,710874,710875,710876,710877,710878,614052,710879,710880,685416,710881,710882,710883,710884,710885,710886,642198,710887,710888,710889,710890,641051,710891,710892,710893,710894,710895,710896,710897,545291,476595,667966,620911,607219,710898,710899,710900,710901,710902,710903,710904,710905,710906,653873,710907,710908,710909,630796,710910,710911,710912,710913,710914,710915,710916,684672,710917,710918,710919,710920,710921,710922,710923,710924,564899,710925,710926,516307,710927,569317,710928,609782,710929,710930,710931,710932,639377,710933,675375,710934,674644,710935,710936,710937,710938,656415,710939,653909,710940,682080,710941,710942,609437,630851,612533,676387,710943,710944,710945,710946,710947,710948,641073,710949,710950,710951,609442,710952,710953,710954,710955,710956,710957,669962,534199,710958,668397,710959,710960,710961,633303
43,4303,'3',710962,710963,710964,710965,710966,710967,710968,710969,710970,710971,710972,688266,629303,710973,710974,710975,710976,710977,710978,710979,710980,653954,710981,689807,710982,567133,636669,710983,710984,710985,710986,684982,710987,710988,710989,580501,710990,710991,710992,710993,658672,537657,710994,710995,710996,662778,710997,710998,710999,711000,711001,711002,711003,711004,711005,711006,711007,666492,711008,711009,711010,620332,711011,711012,711013,617651,641555,711014,711015,711016,711017,711018,711019,711020,711021,711022,637735,711023,711024,711025,711026,711027,656981,711028,656982,711029,711030,644709,711031,711032,711033,591087,711034,711035,711036,711037,600945,675178,711038,711039,711040,711041,567193,711042,711043,711044,711045,711046,711047,711048,711049,711050,711051,675059,711052,711053,711054,711055,711056,711057,711058,711059,711060,711061,646929,711062,711063,711064,711065,711066,711067,711068,669857,711069,711070,711071,562366,711072,616704,711073,711074,711075,637827,711076,711077,711078,711079,711080,711081,711082,711083,641586,711084,711085,711086,711087,711088,711089,688353,711090
43,4303,'5',711091,711092,711093,711094,711095,711096,614231,607698,711097,656085,711098,711099,711100,711101,711102,711103,711104,711105,711106,711107,711108,711109,711110,711111,711112,711113,711114,649206,711115,711116,711117,711118,711119,711120,711121,634864,711122,711123,711124,711125,711126,592503,711127,711128,711129,711130,711131,711132,711133,711134,711135,711136,711137,711138,711139,711140,711141,711142,711143,570197,711144,645261,711145,711146,711147,711148,711149,711150,711151,711152,711153,711154,711155,633441,711156,711157,711158,711159,683111,711160,711161,711162,711163,711164,628942,711165,711166,711167,711168,534379,711169,711170,711171,623113,711172,711173,711174,671386,711175,711176,711177,711178,711179,711180,711181,711182,711183,711184,711185,711186,711187,687800,711188,711189,711190,711191,711192,711193,574640,656166,711194,711195,711196,711197,632647,711198,711199,711200,711201,711202,605762,711203,711204,711205,711206,711207,632653,711208,711209,635525,550085,711210,711211,711212,711213,711214,711215,711216,711217,711218,687532,679455,711219,711220,711221,582787,711222,711223,711224,711225,711226,711227,711228,711229,665501,711230,711231,711232,559769,711233,711234,711235,711236,711237,711238,711239,711240
43,4304,'1',711241,711242,647903,711243,711244,609031,626567,711245,711246,711247,711248,711249,711250,711251,711252,711253,675879,632278,711254,711255,711256,711257,711258,711259,711260,711261,711262,711263,711264,711265,711266,711267,711268,711269,711270,633103,711271,711272,711273,711274,711275,711276,711277,711278,711279,711280,711281,711282,711283,711284,711285,711286,711287,711288,621348,711289,711290,711291,609721,711292,711293,669770,684529,621850,711294,632709,711295,648887,711296,683812,711297,711298,690368,711299,711300,651497,711301,711302,711303,711304,711305,711306,711307,680218,711308,711309,711310,617224,626210,686292,711311,711312,711313,711314,643298,711315,711316,711317,711318,711319,711320,612381,711321,630144,657475,711322,711323,711324,711325,678171,711326,711327,647461,648917,711328,711329,711330,711331,711332,711333,711334,711335,559313,673351,711336,711337,645807,681424,711338,711339,711340,711341,582665,711342,711343,711344,711345,711346,648500,711347,711348,679175,711349,711350,678372,665660,711351,711352,642137,711353,711354,672822,711355,711356,711357,711358,711359,711360,711361,711362,711363,711364,667185,686776,653063,711365,711366,711367,711368,711369,711370,711371,711372,635770,711373,711374,711375,711376,711377,652641,631400,617101,711378,667951,711379,711380,711381,711382,711383,711384,711385,513795,711386,511205,711387,711388,621451,654554
43,4304,'2',711389,711390,711391,711392,711393,711394,711395,711396,532294,711397,711398,711399,711400,711401,711402,711403,711404,711405,532300,711406,711407,711408,711409,711410,646204,711411,711412,711413,711414,711415,711416,711417,711418,711419,711420,711421,665022,711422,711423,635393,711424,711425,711426,648990,711427,711428,711429,711430,711431,711432,711433,711434,616326,711435,711436,418080,711437,711438,711439,711440,711441,660214,711442,711443,711444,711445,711446,711447,711448,711449,711450,711451,711452,711453,711454,711455,711456,711457,711458,711459,711460,711461,711462,643048,711463,646743,711464,711465,638483,711466,711467,711468,711469,473758,711470,711471,711472,614397,711473,711474,686867,711475,711476,711477,609773,711478,711479,711480,711481,711482,711483,711484,711485,711486,711487,711488,711489,711490,711491,711492,610975,711493,711494,614851,711495,711496,711497,633264,711498,711499,629906,711500,711501,711502,711503,711504,687329,711505,656883,711506,711507,711508,711509,711510,711511,711512,639676,711513,711514,711515,711516,711517,611309,528294,541943,604903,711518,711519,555190,711520,711521,711522,489506,711523,711524,711525,711526,711527,711528,502549,711529,711530,711531,711532,711533,711534,631580
43,4304,'3',711535,711536,711537,711538,711539,711540,711541,711542,711543,711544,711545,711546,556318,711547,711548,711549,711550,711551,711552,711553,711554,711555,711556,711557,649591,711558,711559,711560,711561,711562,637680,711563,627486,711564,711565,711566,656456,685464,711567,711568,711569,711570,711571,608750,678248,711572,711573,711574,711575,711576,711577,711578,711579,711580,711581,711582,711583,711584,711585,689815,711586,711587,615489,711588,711589,711590,606525,711591,711592,644694,711593,711594,711595,711596,711597,711598,711599,711600,711601,711602,711603,711604,670577,711605,711606,711607,711608,711609,711610,711611,711612,509945,711613,711614,640730,711615,711616,685694,711617,711618,711619,711620,711621,711622,711623,711624,711625,711626,711627,711628,711629,639436,494888,667100,711630,711631,711632,627590,711633,711634,711635,711636,711637,606548,669689,711638,711639,711640,711641,711642,711643,711644,645202,711645,656056,711646,711647,711648,711649,638281,711650,679406,711651,638579,711652,711653,711654,711655,711656,711657,711658,711659,711660,711661,711662,654299,711663
43,4304,'5',711664,711665,711666,682409,711667,711668,711669,711670,711671,628616,711672,711673,711674,711675,680900,711676,711677,711678,711679,711680,711681,711682,711683,711684,711685,687038,666576,711686,711687,711688,711689,711690,628934,711691,711692,711693,711694,711695,711696,711697,597817,644793,711698,711699,711700,711701,711702,711703,711704,711705,711706,711707,711708,711709,634875,711710,711711,711712,711713,711714,711715,585854,711716,711717,646098,711718,711719,711720,711721,711722,711723,711724,711725,711726,711727,711728,711729,711730,711731,711732,711733,681391,711734,648348,711735,661046,711736,711737,711738,670691,711739,711740,711741,711742,711743,711744,567322,711745,711746,711747,711748,711749,711750,711751,711752,653649,711753,711754,711755,711756,711757,627803,711758,711759,637043,711760,711761,711762,711763,711764,711765,711766,711767,711768,637049,711769,711770,711771,711772,711773,563313,711774,573408,711775,711776,711777,711778,711779,654183,711780,711781,711782,711783,646117,711784,711785,649290,711786,554679,669294,711787,711788,639827,711789,711790,711791,711792,711793,711794,711795,711796,650670,618753,711797,711798,683747,711799,671127,711800,711801
44,4403,'1',711802,711803,711804,711805,640817,711806,711807,711808,603392,711809,711810,711811,711812,711813,711814,711815,639248,711816,711817,686694,711818,711819,711820,600249,711821,711822,711823,711824,591342,711825,711826,711827,711828,711829,711830,711831,711832,711833,711834,522906,711835,711836,621077,577129,711837,711838,711839,711840,652300,711841,711842,711843,711844,711845,631296,711846,711847,683827,711848,649350,711849,690386,711850,711851,711852,665808,711853,711854,636226,616813,711855,711856,689956,686747,614367,711857,711858,711859,711860,516108,711861,711862,711863,684492,638697,711864,711865,626226,711866,711867,711868,711869,530079,592055,711870,711871,711872,711873,711874,711875,711876,660616,613586,690417,711877,711878,573248,711879,711880,711881,711882,562550,711883,679892,711884,711885,586281,711886,711887,653774,711888,373229,612434,711889,711890,711891,711892,711893,711894,711895,711896,711897,686786,711898,711899,711900,684897,711901,711902,711903,711904,515734,711905,711906,622930,498800,554060,711907,711908,711909,711910,682461,711911
44,4403,'2',711912,607065,711913,711914,711915,711916,626629,711917,711918,711919,711920,711921,711922,673202,711923,627239,711924,711925,660800,711926,711927,711928,711929,711930,607070,612005,620232,711931,711932,711933,711934,711935,711936,711937,711938,614797,711939,711940,711941,609242,711942,711943,565412,541879,711944,577499,711945,711946,711947,673383,711948,542432,711949,711950,711951,711952,711953,711954,711955,711956,711957,662421,711958,711959,711960,711961,711962,656386,711963,711964,711965,711966,711967,711968,633709,617946,711969,711970,641743,711971,633257,711972,711973,711974,663847,711975,711976,653893,711977,711978,711979,711980,711981,711982,711983,639088,612065,711984,711985,711986,711987,711988,711989,711990,711991,665077,711992,711993,711994,493861,711995,711996,652707,541226,637620,711997,711998,711999,605951,712000,712001
44,4403,'3',712002,608941,712003,712004,712005,712006,712007,712008,712009,712010,712011,712012,712013,712014,598488,712015,671203,712016,712017,712018,712019,712020,712021,677893,712022,712023,712024,712025,712026,712027,712028,712029,712030,712031,712032,712033,712034,712035,622714,712036,712037,614948,712038,712039,712040,608188,712041,654283,712042,712043,712044,712045,712046,712047,712048,712049,712050,712051,608594,712052,712053,607919,712054,712055,712056,712057,712058,712059,607256,644712,712060,712061,525170,712062,712063,712064,682803,712065,712066,712067,712068,712069,712070,712071,712072,712073,712074,712075,565594,712076,654707,712077,712078,610316,712079,712080,712081,712082,712083,712084,712085,712086,712087,712088,712089,712090,712091,660427,712092,712093,712094,712095,712096,651203,712097,712098
44,4403,'5',643877,712099,712100,712101,663686,712102,712103,624783,712104,712105,657047,712106,642810,712107,712108,712109,712110,712111,712112,712113,712114,712115,712116,712117,712118,712119,712120,712121,712122,712123,680505,712124,712125,712126,712127,712128,712129,712130,712131,712132,712133,687482,712134,666166,712135,712136,712137,712138,712139,712140,712141,712142,712143,712144,712145,631759,712146,712147,521267,683049,712148,712149,712150,712151,619354,712152,712153,712154,712155,712156,712157,712158,666627,712159,712160,712161,712162,712163,712164,712165,712166,712167,664183,712168,712169,712170,632644,660003,712171,712172,712173,662582,712174,654453,712175,712176,571939,680189,712177,712178,712179,712180,712181,712182,712183,712184,626558,712185,687098,712186,712187,640037,651241,712188,712189,712190,607725,712191,712192,712193,712194,608832,544061,712195,712196,712197,638659,712198,712199,712200,712201,712202,611148,712203
44,4404,'1',712204,712205,712206,712207,712208,712209,668980,626757,712210,633806,712211,712212,712213,712214,712215,712216,712217,712218,599863,636149,712219,712220,712221,712222,712223,712224,712225,712226,712227,712228,712229,712230,712231,712232,652596,635351,688887,712233,627966,712234,712235,618809,712236,712237,712238,712239,712240,712241,712242,712243,712244,712245,712246,531305,656722,712247,399496,598641,633130,635745,712248,712249,618832,712250,673175,712251,712252,712253,658493,712254,712255,712256,712257,588017,712258,712259,712260,712261,712262,712263,712264,712265,712266,712267,645965,712268,712269,712270,712271,712272,712273,601159,712274,712275,712276,712277,712278,712279,712280,712281,712282,712283,652627,689737,712284,712285,712286,712287,520996,712288,712289,712290,712291,685621,663545,597391,712292,712293,712294,633186,712295,630660,712296,712297,712298,712299,712300,712301,608090,712302,712303,712304,625869,588236,621126,712305,682981,712306,678861,712307,712308,712309,712310,712311,712312,712313,378610,712314
44,4404,'2',712315,633202,712316,712317,712318,712319,712320,712321,660635,712322,655317,712323,525776,712324,685809,640634,712325,648064,712326,712327,631450,712328,712329,712330,712331,712332,712333,712334,712335,712336,712337,712338,712339,712340,712341,712342,712343,712344,558884,712345,712346,712347,712348,712349,712350,641734,712351,712352,712353,616605,656366,712354,712355,712356,712357,712358,712359,712360,712361,563497,712362,649019,674637,712363,712364,712365,712366,639367,712367,712368,712369,712370,712371,652398,712372,712373,712374,712375,656394,712376,712377,627383,712378,712379,580751,712380,712381,712382,712383,712384,712385,712386,712387,712388,712389,534166,676381,712390,712391,712392,712393,712394,712395,712396,553723,712397,671920,407754,712398,712399,712400,712401,712402,712403,712404,680971,712405,712406,712407,712408,712409
44,4404,'3',712410,712411,712412,712413,712414,712415,712416,712417,712418,712419,712420,712421,613048,712422,712423,712424,712425,712426,712427,712428,712429,712430,712431,712432,712433,712434,712435,652433,712436,712437,712438,712439,712440,506233,712441,712442,712443,628460,629476,712444,712445,712446,648675,712447,712448,628478,621616,712449,581243,712450,712451,712452,674259,712453,674089,712454,712455,679393,712456,609280,539149,712457,712458,712459,712460,712461,712462,712463,634338,712464,712465,712466,712467,712468,712469,712470,712471,608773,712472,712473,712474,712475,647321,712476,712477,680298,596266,712478,712479,619224,712480,552972,712481,712482,712483,712484,712485,712486,712487,712488,712489,712490,712491,712492,528406,712493,712494,712495,712496,712497,712498,712499,657034,662259,712500,712501,712502
44,4404,'5',614229,525226,712503,712504,712505,712506,680897,712507,712508,712509,712510,712511,712512,712513,712514,712515,546522,712516,712517,712518,712519,712520,712521,712522,712523,650211,712524,554610,712525,712526,712527,712528,679273,712529,712530,712531,712532,608439,655596,712533,712534,712535,712536,712537,712538,712539,557323,712540,712541,712542,712543,712544,712545,712546,712547,619322,712548,712549,712550,712551,712552,712553,675654,712554,562430,571218,712555,712556,712557,712558,712559,574940,712560,712561,712562,712563,637983,712564,652829,712565,712566,712567,662873,712568,519683,712569,712570,712571,712572,712573,712574,671253,712575,712576,712577,712578,712579,712580,712581,712582,712583,712584,712585,712586,712587,712588,712589,515094,712590,712591,712592,602518,712593,712594,712595,643249,712596,615173,559210,712597,647890,712598,531728,712599,712600,712601,646689,712602,712603,712604,712605,712606,712607,712608
45,4503,'1',712609,712610,638367,688852,712611,639529,712612,712613,712614,712615,712616,712617,712618,712619,712620,712621,540124,712622,712623,712624,712625,712626,712627,712628,620491,712629,712630,712631,712632,712633,712634,712635,712636,712637,712638,712639,712640,712641,712642,712643,712644,712645,712646,627957,712647,712648,613953,712649,712650,712651,712652,712653,607754,712654,712655,712656,712657,712658,712659,712660,712661,712662,641671,674007,712663,712664,712665,712666,712667,621376,712668,712669,712670,712671,643300,685779,712672,712673,712674,712675,712676,620844,712677,712678,712679,712680,518948,603307,712681,712682,712683,712684,712685,712686,712687,712688,600306,712689,604797,712690,712691,583646,621422,712692,712693,683908,665858,712694,712695,626259,712696,712697,540177,712698,712699,712700,712701,712702,712703,656299,712704,712705,712706,689599,712707,712708,712709,712710
45,4503,'2',712711,712712,604447,712713,655313,712714,712715,712716,712717,712718,712719,712720,712721,712722,712723,568546,712724,712725,712726,712727,712728,712729,712730,712731,667526,637429,712732,712733,712734,712735,626642,712736,612010,712737,658268,712738,712739,712740,712741,712742,615341,678389,656828,712743,712744,712745,542423,712746,712747,712748,712749,712750,712751,712752,664288,638482,712753,712754,712755,712756,712757,712758,712759,712760,712761,712762,712763,712764,712765,712766,636519,483957,712767,712768,712769,684670,712770,619709,652942,659411,712771,712772,712773,712774,712775,712776,712777,712778,712779,712780,712781,712782,614857,712783,712784,645073,712785,712786,644048,712787,712788,712789,712790,712791,712792,712793,712794,712795,712796,684084,712797,712798,712799,712800,712801,712802,712803,560923,712804,712805,712806,712807,712808,712809,679935,712810,712811,712812,712813,712814,712815
45,4503,'3',712816,712817,712818,609968,712819,712820,712821,712822,712823,712824,712825,712826,712827,712828,686942,712829,712830,712831,712832,712833,712834,712835,712836,712837,712838,712839,646437,712840,712841,712842,712843,573756,712844,559543,712845,712846,712847,712848,712849,712850,587211,712851,626426,712852,712853,712854,712855,712856,712857,485009,712858,672354,712859,712860,712861,712862,712863,534266,712864,712865,712866,712867,712868,712869,712870,712871,712872,712873,712874,712875,672911,712876,712877,672684,712878,712879,712880,712881,712882,712883,712884,712885,712886,712887,712888,712889,712890,712891,712892,712893,712894,712895,712896,712897,712898,654066,712899,712900,712901,712902,622766,626054
45,4503,'5',712903,712904,712905,712906,712907,712908,674125,712909,712910,712911,712912,712913,712914,712915,712916,712917,712918,712919,712920,712921,712922,712923,712924,712925,712926,712927,651803,712928,712929,712930,712931,666587,712932,712933,712934,712935,712936,712937,712938,712939,712940,712941,712942,712943,675090,712944,712945,640777,712946,712947,597167,712948,712949,671244,712950,545495,712951,712952,712953,712954,712955,662008,608813,712956,712957,712958,712959,712960,615126,712961,712962,712963,712964,712965,712966,712967,712968,679142,687083,660553,712969,638019,608461,712970,649771,712971,712972,712973,712974,712975,712976,712977,712978,712979,712980,712981,712982,712983,712984,712985,640979,712986,712987,712988,712989,712990,712991,712992,712993
45,4504,'1',712994,712995,712996,712997,712998,712999,713000,713001,713002,713003,713004,713005,713006,639537,713007,713008,647925,613936,713009,713010,713011,514098,713012,713013,648874,713014,713015,713016,713017,713018,713019,713020,713021,713022,713023,713024,713025,713026,713027,626188,713028,713029,637198,713030,713031,608306,713032,713033,713034,713035,713036,713037,713038,713039,713040,713041,713042,713043,713044,713045,713046,713047,631897,650345,713048,713049,713050,713051,713052,713053,617229,713054,713055,713056,713057,713058,713059,713060,713061,649876,713062,713063,630149,713064,713065,713066,713067,639874,713068,713069,713070,713071,629829,713072,713073,713074,713075,713076,662188,686774,713077,713078,652907,713079,713080,713081,713082,713083,713084,668285,713085,713086,713087,643992,713088,713089,713090,713091,675228,713092,713093,713094,713095,713096,713097,713098,713099,648538,713100
45,4504,'2',604444,713101,713102,713103,713104,713105,713106,713107,615891,713108,713109,713110,640337,713111,713112,713113,713114,713115,713116,713117,713118,713119,713120,713121,713122,713123,713124,713125,713126,664050,713127,713128,671477,612963,610167,638758,713129,664654,713130,713131,713132,713133,713134,713135,713136,713137,634290,578652,514933,713138,713139,713140,713141,713142,713143,713144,400996,713145,713146,713147,629288,713148,713149,672265,713150,713151,713152,713153,713154,713155,629895,713156,713157,713158,713159,713160,672278,713161,713162,610198,713163,713164,713165,713166,713167,713168,713169,713170,627394,713171,713172,713173,713174,713175,667064,713176,713177,713178,652700,713179,516754,713180,713181,610219,650055,622691,713182,620629,637614,713183,713184,713185,713186,713187,713188,713189,713190,659036,713191,713192,642271,713193,713194,684699,642273,713195,713196,713197,713198,670253
45,4504,'3',713199,646426,713200,713201,713202,713203,713204,713205,625977,713206,673078,713207,713208,713209,713210,713211,713212,713213,713214,713215,713216,713217,713218,713219,713220,713221,646048,713222,713223,713224,713225,713226,713227,713228,713229,628463,713230,713231,713232,713233,713234,713235,713236,595993,713237,559014,713238,713239,713240,713241,713242,713243,713244,713245,583044,713246,605989,713247,713248,713249,713250,649145,713251,713252,676106,713253,713254,713255,713256,713257,609988,713258,713259,672072,713260,713261,713262,713263,713264,713265,713266,713267,713268,713269,713270,713271,713272,713273,713274,713275,713276,659110,681019,615562,713277,713278,713279,607688,713280,674111,713281,713282,713283,605586,611387,713284,665720,713285,713286,713287
45,4504,'5',713288,713289,713290,560092,713291,713292,713293,713294,713295,713296,713297,634357,713298,713299,713300,713301,713302,713303,713304,713305,601360,713306,713307,580897,713308,713309,713310,713311,713312,713313,713314,713315,713316,713317,713318,713319,713320,713321,713322,713323,713324,713325,713326,659966,713327,713328,713329,713330,680340,713331,713332,713333,713334,713335,713336,713337,713338,713339,625712,713340,546155,609175,713341,713342,713343,548753,713344,622814,713345,655650,713346,713347,713348,713349,713350,713351,713352,713353,713354,713355,713356,713357,586595,713358,713359,713360,681924,713361,713362,713363,713364,713365,713366,689486,713367,713368,713369,713370,634936,713371,619402,624888,713372,713373,713374,713375,655191,713376,713377,713378,640813,713379,713380,713381,674164
46,4603,'1',713382,713383,713384,713385,713386,713387,634019,713388,713389,713390,713391,713392,626166,668206,713393,713394,713395,713396,645643,643271,580106,713397,629581,713398,713399,713400,713401,713402,583770,713403,585022,713404,713405,713406,713407,713408,713409,713410,713411,645800,667335,713412,713413,713414,684871,713415,713416,713417,713418,713419,713420,713421,713422,713423,713424,713425,713426,713427,713428,688163,713429,713430,661245,713431,657864,566942,664259,713432,713433,713434,630656,713435,713436,713437,713438,678678,713439,481981
46,4603,'2',713440,713441,713442,565383,713443,713444,713445,713446,713447,713448,713449,713450,713451,713452,713453,713454,713455,713456,607833,713457,713458,713459,713460,713461,713462,713463,647261,713464,713465,713466,713467,635607,713468,713469,662955,713470,673228,713471,713472,713473,713474,713475,713476,713477,713478,713479,713480,713481,713482,713483,713484,713485,713486
46,4603,'3',713487,713488,713489,713490,713491,600463,574296,713492,713493,713494,713495,713496,557895,713497,639977,713498,421488,713499,713500,631653,713501,713502,713503,713504,713505,713506,622741,713507,713508,713509,594954,713510,713511,713512,618078,680879,669254,713513,678283,686199,713514,713515,713516,713517,713518,713519,713520
46,4603,'5',713521,713522,713523,713524,713525,713526,713527,533876,650201,645244,713528,713529,713530,713531,713532,713533,713534,713535,713536,622791,713537,514012,713538,713539,713540,713541,713542,713543,713544,713545,685732,713546,601409,713547,690147,713548,713549,713550,609517,713551,713552,666829,713553,646825,713554,713555,713556,713557,713558,713559,713560,713561,713562,713563
46,4604,'1',713564,713565,713566,713567,713568,713569,713570,713571,584616,713572,612295,713573,713574,677724,611161,713575,713576,713577,713578,713579,713580,567961,713581,586091,713582,713583,713584,713585,713586,713587,713588,713589,713590,713591,713592,713593,713594,713595,713596,713597,713598,713599,713600,713601,499667,713602,713603,713604,713605,713606,713607,713608,674962,713609,713610,713611,713612,713613,713614,713615,713616,713617,713618,713619,713620,713621,713622,596543,713623,713624,713625,713626,690594
46,4604,'2',713627,713628,713629,713630,713631,713632,713633,713634,713635,713636,713637,713638,713639,713640,713641,713642,610159,713643,713644,624567,713645,648571,713646,713647,713648,713649,713650,713651,713652,713653,713654,614066,661279,668120,713655,713656,713657,713658,713659,713660,713661,713662,713663,713664,713665,713666,713667,713668,713669
46,4604,'3',655442,713670,713671,574158,713672,713673,713674,713675,713676,605706,713677,713678,713679,713680,713681,713682,713683,713684,713685,713686,713687,713688,713689,713690,713691,713692,713693,713694,713695,713696,713697,713698,713699,565039,713700,534268,713701,713702,628547,713703,713704,713705,713706,713707,713708,713709,713710
46,4604,'5',713711,713712,713713,713714,713715,713716,713717,713718,713719,607142,713720,713721,713722,713723,713724,713725,713726,713727,713728,713729,713730,644809,713731,713732,713733,713734,713735,713736,713737,713738,667281,713739,713740,713741,713742,648375,713743,713744,713745,713746,713747,713748,713749,713750,713751,713752,713753,713754,713755,664762,713756
47,4703,'1',713757,713758,713759,713760,713761,617547,713762,713763,713764,624387,713765,713766,713767,713768,713769,556866,713770,713771,713772,713773,713774,713775,713776,690206,713777,713778,713779,713780,713781,588739,713782,713783,713784,713785,713786,713787,713788,713789,713790,685098,713791,686254,713792,713793,713794,713795,713796,713797,713798,611162,713799,664215,713800,713801,713802,689554,713803,713804,602923,713805,713806,671637,713807,599117,713808,713809,713810,713811,651890,713812,713813,542281,713814,713815,713816,713817,713818,713819,713820,713821,600253,713822,713823,713824,655735,713825,713826,713827,713828,713829,713830,713831,713832,713833,626988,713834,713835,713836,713837,713838,713839,713840,713841,620825,713842,713843,713844,713845,520271,713846,713847,713848,680211,713849,677952,713850,713851,713852,573066,713853,713854,713855,713856,713857,618805,713858,713859,713860,675300,666275,607323,713861,713862,713863,626196,713864,713865,713866,713867,713868,481766,713869,713870,713871,713872,713873,713874,713875,713876,713877,713878,713879,713880,713881,713882,713883,713884,713885,713886,713887,713888,608867,602630,713889,713890,713891,497855,713892,713893,713894,713895,713896,713897,618841,713898,713899,651280,713900,713901,637254,713902,474464,713903,713904,713905,713906,713907,713908,641203,713909,713910,490560,663045,713911,713912,713913,713914,713915,713916,713917,713918,713919,713920,612389,713921,713922,713923,713924,713925,713926,713927,713928,713929,713930,713931,713932,713933,529414,615734,493101,713934,713935,713936,713937,625836,468304,646362,713938,713939,713940,648502,713941,713942,667644,670058,713943,439202,610898,713944,679176,713945,713946,713947,713948,713949,713950,713951,713952,713953,713954,713955,713956,522394,632755,713957,713958,713959,713960,713961,713962,713963,713964,679026,713965,713966,617842,713967,713968,673004,713969,713970,666331,713971,713972,713973,713974,713975,713976,713977,713978,713979,690464,713980,713981,713982,686777,713983,713984,604420,713985,713986,713987,713988,713989,662663,713990,713991,669182,713992,713993,690527,655798,713994,713995,605873,713996,713997,713998,688519,683918,713999,714000,714001,459151,662669,634266,714002,714003,714004,650377,714005,714006,679784,714007,714008,714009,714010,714011,714012,714013,714014,714015,714016,714017,714018,627190,714019,714020,617865,714021,611227,714022,714023,714024,714025,647235,714026,714027,714028,714029,714030,714031,714032,714033,714034,714035,714036,714037,714038
47,4703,'2',714039,714040,714041,714042,617400,714043,714044,714045,714046,714047,410230,714048,714049,714050,680067,714051,714052,714053,714054,714055,714056,714057,714058,569820,714059,714060,714061,714062,714063,677987,714064,714065,714066,662388,714067,654561,714068,714069,714070,714071,714072,665895,714073,628187,714074,638462,714075,714076,714077,714078,714079,714080,714081,714082,602707,714083,714084,714085,714086,714087,668320,655838,714088,714089,714090,714091,659398,714092,606915,649958,714093,714094,714095,638174,676788,714096,714097,714098,714099,714100,714101,714102,714103,714104,714105,714106,714107,714108,714109,714110,714111,714112,714113,714114,714115,714116,714117,714118,714119,448874,714120,679043,714121,669806,376209,714122,714123,714124,714125,714126,714127,714128,528238,714129,714130,714131,714132,714133,714134,670082,714135,649979,714136,714137,673554,714138,714139,646007,714140,714141,686848,714142,714143,714144,483925,714145,714146,714147,714148,714149,714150,714151,714152,714153,620907,651132,714154,714155,714156,714157,714158,714159,714160,643661,714161,714162,385508,714163,714164,714165,658275,714166,628288,714167,714168,714169,714170,714171,652003,631501,714172,714173,714174,714175,714176,714177,714178,714179,714180,714181,714182,714183,714184,714185,670088,714186,714187,714188,714189,714190,605921,689011,714191,714192,672274,714193,714194,714195,714196,604492,714197,714198,714199,714200,714201,714202,714203,714204,714205,714206,714207,714208,714209,606203,714210,714211,714212,658064,714213,714214,714215,714216,714217,714218,714219,714220,714221,629297,558939,714222,460762,648140,714223,714224,714225,714226,714227,577525,714228,714229,714230,714231,714232,714233,714234,714235,714236,714237,714238,714239,714240,714241,714242,714243,674808,714244,714245,714246,714247,652951,714248,714249,714250,714251,714252,714253,714254,668381,714255,714256,714257,714258,714259,714260,714261,714262,714263,714264,714265,714266,714267,714268,714269,714270,714271,627437,714272,714273,714274,714275,714276,714277,675251,714278,714279,714280,714281,714282,714283,634147,490056,714284,714285,714286,714287,714288,714289,714290,714291,714292,714293,714294,714295,714296,714297,714298,714299,714300,714301,714302,714303,714304,714305
47,4703,'3',714306,623015,714307,714308,667077,714309,714310,679548,655446,714311,714312,714313,714314,714315,714316,714317,714318,630893,714319,714320,714321,714322,714323,714324,714325,714326,714327,714328,662104,714329,714330,671757,714331,714332,714333,714334,626855,714335,714336,714337,714338,550597,714339,638824,714340,714341,714342,625147,714343,714344,714345,714346,714347,714348,714349,714350,714351,714352,714353,639405,714354,714355,714356,714357,714358,714359,714360,714361,714362,714363,714364,714365,714366,714367,714368,714369,714370,714371,714372,714373,642317,714374,714375,714376,714377,714378,660851,714379,714380,714381,714382,653996,714383,714384,617470,650127,714385,714386,714387,714388,714389,665402,714390,714391,714392,714393,714394,714395,714396,677648,714397,714398,714399,714400,714401,714402,714403,714404,648243,714405,469940,714406,641980,714407,714408,714409,583462,714410,714411,714412,714413,714414,714415,714416,666518,714417,714418,714419,714420,714421,714422,714423,714424,714425,714426,714427,666067,613319,568729,714428,714429,654035,714430,714431,714432,714433,669852,714434,714435,714436,616403,714437,714438,714439,609814,714440,450494,714441,714442,657612,714443,624743,714444,714445,714446,629996,682308,714447,714448,714449,676491,714450,714451,714452,714453,657010,714454,714455,714456,714457,714458,714459,714460,666536,714461,714462,714463,714464,714465,714466,714467,679403,649671,714468,714469,714470,624226,714471,714472,609139,714473,714474,654427,687437,714475,646285,714476,714477,377762,714478,491114,714479,714480,714481,714482,714483,714484,714485,714486,714487,714488,714489,410823,714490,714491,629054,667848,714492,714493,714494,714495,714496,714497,714498,678769,714499,624772,714500,714501,714502,714503,657040,714504,714505
47,4703,'5',714506,714507,561577,714508,614234,714509,714510,681646,714511,714512,674119,714513,714514,714515,670638,714516,714517,714518,714519,714520,714521,714522,665165,714523,714524,714525,714526,714527,714528,714529,714530,714531,656590,714532,714533,616718,714534,714535,638880,714536,714537,714538,714539,632180,714540,714541,714542,714543,536643,714544,714545,714546,714547,688732,714548,714549,714550,637914,635268,629527,714551,714552,714553,714554,632601,714555,714556,714557,714558,714559,714560,714561,714562,714563,714564,714565,714566,714567,714568,714569,714570,714571,714572,616442,714573,714574,714575,664158,714576,714577,714578,714579,714580,647354,714581,714582,714583,676565,593474,714584,674683,677818,714585,714586,714587,714588,714589,660498,714590,714591,618687,714592,714593,714594,714595,714596,714597,714598,573599,714599,714600,714601,714602,714603,714604,714605,714606,714607,714608,714609,714610,714611,714612,714613,714614,714615,674590,714616,714617,714618,714619,714620,714621,714622,714623,689893,714624,714625,714626,714627,714628,714629,714630,714631,628724,684394,714632,714633,714634,714635,714636,658187,714637,652547,714638,714639,646676,714640,714641,714642,714643,714644,714645,714646,714647,714648,714649,714650,714651,714652,714653,714654,676615,714655,714656,714657,714658,714659,714660,714661,714662,714663,714664,714665,714666,664929,714667,714668,714669,714670,714671,714672,714673,714674,617533,638027,714675,714676,714677,654454,714678,714679,714680,714681,714682,714683,714684,661587,714685,714686,714687,714688,714689,646329,714690,677112,714691,714692,657137,633494,714693,714694,714695,714696,633055,714697,605768,714698,714699,714700,714701,714702,714703,714704,714705,714706,714707,714708,714709,679759,714710,714711,687815,714712,714713,714714,714715,714716,714717,689919,714718,714719,714720
47,4704,'1',714721,714722,545149,714723,714724,714725,714726,714727,714728,714729,714730,714731,714732,714733,714734,714735,682489,690245,668047,620470,714736,714737,714738,714739,678495,714740,714741,714742,714743,714744,714745,714746,714747,664598,714748,642924,714749,714750,714751,623155,714752,714753,714754,714755,714756,714757,714758,714759,714760,714761,714762,668209,646135,714763,714764,642493,648452,714765,714766,537151,714767,714768,714769,617758,714770,634241,714771,714772,714773,714774,714775,714776,714777,611889,714778,612788,714779,714780,652291,714781,714782,714783,714784,617773,714785,652295,714786,714787,714788,714789,603250,714790,714791,714792,714793,714794,714795,714796,714797,651483,714798,626995,714799,714800,635733,714801,714802,714803,714804,714805,714806,714807,714808,663985,714809,714810,714811,714812,714813,657709,714814,714815,714816,614363,621851,657995,631873,686717,714817,714818,714819,714820,714821,714822,714823,714824,714825,714826,661627,714827,714828,651911,714829,714830,621085,714831,714832,618822,562990,714833,714834,714835,714836,714837,714838,714839,714840,714841,714842,714843,714844,714845,376986,714846,435682,714847,714848,647211,714849,714850,714851,612825,714852,714853,714854,714855,714856,714857,714858,714859,714860,714861,714862,714863,714864,585326,714865,621380,714866,684489,714867,714868,670790,618844,714869,714870,513759,689715,714871,714872,714873,714874,714875,714876,714877,548925,714878,714879,659560,714880,714881,689962,714882,714883,714884,714885,690313,647216,714886,662346,714887,714888,714889,714890,714891,714892,714893,513380,585331,714894,714895,714896,714897,714898,472697,714899,688492,714900,714901,714902,714903,714904,714905,714906,714907,613984,714908,714909,714910,714911,714912,714913,714914,714915,714916,714917,688934,714918,714919,714920,714921,714922,665282,632356,612407,714923,642130,684503,714924,714925,714926,714927,517473,714928,714929,675147,714930,714931,714932,714933,714934,714935,714936,673854,621118,673187,714937,714938,714939,671450,714940,714941,714942,714943,642995,685792,714944,640313,673008,622332,714945,714946,714947,714948,463150,714949,714950,714951,714952,714953,714954,623719,714955,714956,714957,714958,714959,714960,714961,714962,714963,542362,714964,714965,714966,714967,714968,714969,714970,714971,714972,561318,714973,714974,654241,714975,714976,649929,714977,714978,714979,714980,714981,714982,714983,714984,714985,714986,668293,714987,714988,714989,714990,714991,628141,480068,714992,605884
47,4704,'2',714993,714994,714995,714996,714997,714998,714999,715000,715001,715002,715003,643012,715004,715005,715006,715007,665887,715008,715009,715010,715011,603016,715012,715013,715014,715015,715016,715017,715018,715019,715020,715021,715022,715023,649452,715024,715025,715026,715027,715028,715029,715030,538392,715031,715032,523606,715033,715034,715035,671700,715036,675810,715037,715038,668315,715039,715040,715041,715042,715043,715044,666723,642172,715045,514146,715046,715047,715048,715049,715050,715051,715052,536046,715053,715054,715055,715056,651985,715057,715058,715059,715060,715061,715062,644570,715063,715064,715065,715066,715067,715068,715069,715070,715071,715072,715073,715074,715075,715076,715077,715078,715079,676793,715080,715081,715082,662211,605902,715083,715084,715085,715086,715087,715088,715089,715090,715091,715092,715093,614046,715094,715095,715096,715097,715098,715099,715100,715101,715102,617918,715103,715104,715105,715106,610954,715107,715108,715109,715110,715111,715112,715113,715114,715115,715116,715117,715118,715119,715120,529559,715121,715122,715123,715124,715125,715126,715127,715128,715129,715130,715131,632421,715132,715133,715134,715135,715136,715137,715138,715139,715140,616081,645554,715141,651342,715142,715143,715144,609598,715145,715146,669819,715147,715148,715149,675570,419262,715150,715151,715152,715153,715154,715155,715156,715157,637535,519913,715158,715159,715160,715161,686879,627364,715162,715163,715164,715165,715166,715167,715168,715169,606202,686888,715170,625527,715171,715172,715173,715174,715175,715176,519171,715177,600414,715178,715179,715180,646750,715181,715182,715183,715184,715185,643405,715186,715187,715188,645078,715189,608929,715190,592720,715191,666917,715192,715193,715194,715195,715196,715197,645706,715198,659724,715199,715200,715201,715202,715203,632869,715204,715205,631551,715206,715207,715208,715209,715210,647075,715211,715212,549942,715213,715214,715215,715216,610620,616114,715217,715218,715219,605942,715220,715221,715222,715223,715224,715225,715226,532355,715227,715228,715229,715230,715231,715232,715233,715234,715235,715236,543826,715237,686001,676082,715238,715239,715240,715241,685838,715242,715243,715244,715245,715246,715247,715248,715249,490744,715250,715251,661504,715252,715253,715254
47,4704,'3',715255,715256,636650,586883,715257,715258,715259,715260,715261,715262,715263,715264,715265,715266,676913,715267,715268,715269,715270,715271,715272,715273,660310,551053,715274,715275,715276,715277,715278,715279,684143,715280,715281,715282,715283,715284,715285,715286,715287,715288,715289,715290,637685,638823,715291,612108,715292,659299,715293,613056,715294,609970,715295,715296,715297,688276,634764,647099,715298,715299,715300,715301,715302,715303,715304,715305,715306,715307,715308,715309,715310,715311,635163,715312,608400,626415,715313,715314,715315,715316,715317,715318,715319,715320,715321,642311,715322,715323,715324,715325,715326,715327,715328,715329,715330,621610,715331,715332,658112,616385,715333,715334,715335,715336,715337,715338,715339,715340,715341,658334,715342,550618,715343,715344,688663,715345,595581,715346,715347,715348,715349,715350,715351,715352,715353,715354,715355,715356,715357,715358,715359,715360,715361,715362,715363,715364,715365,715366,715367,715368,584019,715369,688308,715370,715371,715372,715373,715374,715375,715376,715377,715378,684213,715379,715380,541343,615527,525172,715381,715382,715383,715384,715385,715386,607553,715387,715388,715389,715390,715391,715392,715393,715394,625621,715395,715396,715397,715398,715399,715400,715401,670285,715402,669855,715403,715404,715405,715406,715407,715408,715409,715410,715411,715412,670604,715413,715414,715415,715416,715417,715418,715419,715420,682004,715421,715422,715423,715424,715425,715426,672383,715427,715428,715429,715430,715431,715432,715433,715434,661966,681368,616421,715435,500294,715436,715437,573358,715438,715439,715440,715441,715442,715443,715444,715445,715446,715447,715448,715449,715450,715451,715452,715453,626475,715454,715455,504270,715456,715457,715458,715459,715460
47,4704,'5',666800,715461,715462,715463,674673,715464,715465,689109,715466,715467,715468,715469,715470,546515,715471,715472,715473,715474,715475,715476,715477,715478,715479,681547,715480,715481,566035,715482,715483,715484,574191,715485,715486,715487,715488,715489,715490,715491,715492,715493,715494,715495,715496,607276,715497,715498,715499,715500,608797,715501,715502,715503,715504,715505,715506,715507,715508,715509,715510,715511,715512,715513,715514,680164,715515,715516,642402,715517,715518,715519,715520,715521,634872,715522,715523,715524,715525,715526,715527,587539,715528,715529,715530,715531,715532,715533,715534,715535,715536,634880,715537,715538,715539,715540,524700,715541,715542,648332,715543,656122,715544,715545,715546,715547,661785,715548,615833,715549,715550,613857,715551,523843,715552,715553,689136,715554,715555,715556,715557,715558,715559,715560,652223,715561,715562,631756,624309,715563,715564,715565,715566,671595,649246,715567,715568,715569,715570,648794,715571,619347,715572,673649,715573,715574,661574,715575,715576,715577,715578,715579,669285,569162,645618,715580,715581,715582,715583,715584,715585,715586,715587,629348,679625,715588,656653,629075,715589,630074,715590,659339,715591,715592,715593,715594,669739,715595,715596,715597,715598,715599,715600,715601,715602,681042,690152,715603,633787,715604,665211,715605,715606,715607,715608,715609,715610,715611,715612,715613,541572,715614,615149,715615,715616,715617,715618,715619,715620,715621,715622,715623,715624,715625,715626,562089,632249,715627,715628,715629,715630,715631,715632,715633,715634,715635,715636,715637,715638,715639,609184,715640,715641,715642,715643,652264,650659,715644,663743,715645,618750,715646,715647,715648,715649,622839,715650,715651,715652,618752,715653,715654,610436,715655,715656,715657,715658,715659,715660,715661,674915,715662,715663
48,4801,'1',666242,574226,715664,715665,629570,715666,715667,611877,715668,715669,715670,715671,715672,715673,715674,656708,715675,715676,715677,715678,715679,715680,715681,681704,715682,715683,715684,715685,665654,715686,715687,715688,715689,715690,715691,653751,575646,715692,715693,715694,715695,715696,715697,690357,715698,715699,715700,715701,715702,715703
48,4801,'2',715704,715705,715706,715707,715708,715709,715710,715711,649000,715712,668334,715713,639650,715714,515232,715715,715716,715717,715718,428960,715719,715720,715721,679797,715722,715723,715724,715725,715726,389342,715727,616351,715728,715729,630834,715730,715731,715732,715733,715734,715735,715736,715737,715738,505037,715739
48,4801,'3',715740,715741,715742,658094,568176,715743,653956,715744,715745,646620,542505,660326,715746,715747,715748,715749,715750,715751,715752,715753,715754,715755,715756,715757,715758,715759,715760,715761,715762,715763,664131,624748,715764,715765,715766,674287,628574,643505,520040,715767
48,4801,'5',715768,715769,662533,715770,640197,715771,715772,715773,715774,715775,534358,715776,715777,715778,715779,715780,615977,715781,669502,715782,650613,669116,659981,528502,715783,615125,688067,715784,715785,715786,715787,715788,715789,642027,715790,715791,715792,715793,715794,680745,715795,715796,715797,624895,715798
48,4802,'1',715799,715800,715801,715802,715803,715804,663179,630491,715805,686258,715806,715807,715808,655741,616271,715809,678356,715810,715811,715812,672159,651925,715813,715814,656254,715815,715816,690260,715817,715818,715819,656267,687878,474951,715820,715821,634636,493473,715822,715823,485201,715824,616572,654921,715825
48,4802,'2',715826,715827,715828,585561,715829,671898,715830,570399,715831,657241,715832,668724,642193,715833,715834,715835,715836,684032,715837,715838,715839,715840,715841,715842,715843,715844,715845,652949,715846,715847,619749,681155,715848,715849,673235,670103,715850,715851,715852,715853,715854,715855,715856,715857,715858
48,4802,'3',715859,715860,539294,715861,715862,715863,715864,715865,715866,715867,715868,715869,668137,715870,715871,715872,715873,684190,715874,715875,715876,715877,715878,715879,715880,517559,715881,715882,715883,645452,715884,715885,715886,715887,715888,715889,629053,633609,715890
48,4802,'5',715891,715892,715893,715894,715895,715896,715897,715898,715899,715900,715901,715902,715903,715904,543978,715905,715906,715907,715908,715909,673975,715910,641620,513665,681626,715911,614301,715912,645914,715913,715914,715915,620439,715916,715917,715918,715919,664584,634388,715920,715921,657695,715922
49,4901,'1',715923,715924,715925,715926,688097,715927,715928,715929,715930,631255,646520,715931,715932,715933,715934,715935,715936,715937,715938,715939,715940,715941,617791,715942,715943,715944,715945,715946,715947,715948,715949,715950,715951,401954,715952,715953,715954,715955,715956,536398,715957,622323,715958,715959,715960,715961,715962,715963,715964,715965,660624,715966,715967,715968,715969,715970,655303
49,4901,'2',715971,684643,715972,715973,715974,715975,715976,715977,715978,715979,715980,679349,715981,715982,715983,715984,715985,715986,715987,715988,715989,715990,715991,715992,715993,715994,715995,653887,715996,715997,715998,383507,715999,716000,716001,716002,716003,716004,716005,716006,716007,628394,716008
49,4901,'3',716009,716010,716011,716012,716013,716014,716015,716016,716017,716018,716019,716020,716021,716022,716023,716024,716025,716026,655995,716027,716028,716029,716030,716031,716032,716033,716034,716035,622133,716036,670599,716037,716038,537788,716039,716040,673451,716041,716042
49,4901,'5',716043,673454,680490,716044,625236,670647,716045,716046,716047,716048,716049,716050,650980,716051,716052,675093,631111,716053,649238,611423,716054,716055,716056,716057,716058,716059,716060,605760,716061,716062,716063,716064,716065,716066,716067,716068,716069,716070,716071,653198,716072,716073,716074
49,4902,'1',558491,679760,611464,716075,617069,716076,716077,716078,716079,603366,716080,716081,716082,533179,716083,622573,571999,716084,716085,716086,716087,716088,716089,716090,643946,716091,716092,716093,716094,716095,716096,630571,716097,716098,716099,716100,605141,716101,716102,636310,716103,716104,716105,716106,716107,626257,653066,716108,670423,716109,670063,716110,716111,716112,636365
49,4902,'2',716113,606159,716114,716115,716116,716117,674984,716118,716119,716120,716121,716122,716123,716124,716125,716126,716127,716128,716129,716130,716131,716132,716133,716134,716135,716136,716137,716138,716139,716140,665067,616100,621179,716141,716142,716143,716144,716145,716146,664311,716147,716148
49,4902,'3',716149,716150,716151,716152,716153,716154,716155,716156,716157,716158,716159,716160,716161,716162,716163,716164,716165,716166,716167,716168,716169,716170,716171,652128,690095,716172,635476,716173,716174,716175,716176,716177,632969,716178,716179,634830,716180,654065
49,4902,'5',605589,716181,716182,679266,716183,672719,648318,646652,652515,716184,632600,716185,716186,716187,716188,716189,716190,716191,612216,628693,716192,716193,716194,716195,716196,716197,716198,716199,716200,716201,716202,685067,716203,716204,716205,716206,573852,716207,716208,716209,716210,716211
50,5001,'1',579941,716212,716213,716214,716215,716216,586428,716217,716218,612773,716219,716220,716221,641421,716222,716223,716224,716225,668991,716226,716227,617562,552862,716228,716229,656716,609889,608862,617794,716230,716231,560759,716232,716233,716234,716235,716236,628027,618319,716237,716238,716239,716240,636273,716241,716242,716243,716244,658921,630157,716245,716246,716247,625849,498275,716248,716249,658250,591362,538323,716250,716251,716252,716253,716254,589493,716255,661095,662680
50,5001,'2',716256,716257,716258,668104,716259,716260,716261,716262,716263,716264,716265,596613,648564,716266,687662,677869,716267,716268,716269,640641,716270,716271,716272,716273,716274,716275,716276,716277,645058,716278,716279,655887,716280,716281,716282,716283,716284,716285,716286,716287,672276,687678,716288,716289,716290,716291,716292,578678,716293,664301,628342,716294,716295,668372,716296,716297,716298,716299,716300,591243,556785,623297,716301,640149,716302,716303,716304,716305,716306,716307,716308,716309,716310,716311
50,5001,'3',716312,716313,716314,716315,716316,716317,716318,667824,716319,716320,716321,716322,716323,670957,716324,716325,716326,716327,653975,539305,659070,716328,664692,716329,716330,716331,716332,716333,561520,716334,716335,716336,716337,716338,673603,716339,716340,716341,716342,682351,716343,716344,716345,716346,716347,716348,716349,716350,716351,716352,716353,716354,716355,716356,716357,716358,716359,716360,716361,483463
50,5001,'5',716362,687021,716363,634355,716364,716365,716366,716367,716368,716369,716370,663404,716371,638308,716372,716373,716374,716375,716376,639478,716377,716378,716379,716380,716381,716382,716383,716384,716385,716386,716387,716388,568840,716389,716390,716391,716392,716393,716394,716395,716396,680015,716397,716398,716399,716400,716401,716402,716403,716404,716405,716406,716407,716408,716409,716410,716411,617195,716412,716413,662889,716414,672479,625319,716415,716416,716417
50,5002,'1',670030,716418,716419,716420,716421,716422,716423,620137,716424,716425,716426,638382,716427,716428,606633,716429,716430,716431,716432,665790,653233,716433,716434,716435,716436,716437,672800,716438,716439,716440,716441,716442,622309,716443,716444,716445,668634,597344,716446,603727,526265,716447,674373,716448,688936,716449,685380,716450,716451,716452,716453,716454,607791,716455,716456,716457,716458,633864,716459,716460,716461,716462,716463,716464,716465,716466
50,5002,'2',716467,716468,716469,716470,613412,716471,716472,716473,616318,716474,716475,716476,716477,668317,716478,681446,716479,716480,716481,716482,716483,716484,716485,716486,716487,716488,688993,716489,716490,716491,716492,716493,716494,716495,716496,716497,716498,716499,716500,716501,595145,716502,716503,716504,716505,716506,716507,716508,716509,653399,716510,716511,716512,716513,716514,716515,716516,620286,716517,630864,716518,716519,681636,716520,716521,716522,716523,716524,716525,651369,716526,716527,570104
50,5002,'3',716528,716529,716530,716531,716532,716533,716534,716535,641304,716536,716537,716538,716539,716540,716541,716542,716543,716544,716545,572290,716546,537703,716547,716548,716549,716550,716551,716552,716553,716554,493970,716555,681129,716556,716557,716558,716559,716560,716561,716562,716563,716564,627592,716565,716566,716567,716568,716569,716570,716571,716572,716573,620714,716574,716575,662525,716576,716577,716578
50,5002,'5',661348,716579,716580,716581,716582,716583,716584,716585,716586,716587,716588,716589,716590,716591,716592,716593,716594,605043,659950,716595,716596,540750,716597,716598,716599,716600,716601,716602,716603,716604,716605,629752,716606,716607,716608,716609,716610,716611,716612,666988,716613,628947,716614,647859,716615,716616,562715,716617,716618,716619,670725,681577,716620,716621,716622,716623,716624,716625,647185,716626,661824,716627,676646,716628,716629,716630
51,5103,'1',716631,716632,606862,716633,716634,716635,716636,716637,716638,716639,689683,716640,716641,716642,716643,524841,640998,688871,716644,716645,716646,716647,716648,716649,716650,716651,716652,612800,716653,524278,716654,509827,716655,716656,514109,716657,716658,640563,657174,716659,619512,716660,716661,716662,660097,716663,716664,545203,716665,716666,683853,564580,716667,716668,716669,716670,621886,716671,716672,716673,716674,540967,716675,716676,716677,716678,716679,685608,716680,716681,716682,554040,716683,624500,616297,716684,716685,716686,716687,716688,716689,716690,716691,716692,716693,716694,716695,716696,716697,716698,637335,716699,716700,716701,716702,716703,716704,716705,651558,716706,716707,716708,686133,620868,617870,634089,716709,658953
51,5103,'2',716710,716711,716712,716713,716714,716715,716716,716717,544674,716718,648048,628167,615302,716719,716720,658038,520669,716721,716722,716723,716724,716725,716726,716727,716728,716729,716730,716731,716732,716733,716734,716735,639915,716736,659402,631991,716737,646579,716738,716739,716740,716741,716742,716743,716744,716745,716746,716747,652391,716748,716749,716750,679204,716751,716752,682389,716753,716754,716755,716756,716757,647272,716758,716759,716760,622675,716761,716762,716763,716764,716765,587457,716766,716767,716768,716769,716770,621180,648145,716771,670097,716772,716773,677882,669219,607233,627422,716774,716775,633923,716776,716777,716778,716779,716780,678029,716781,498627,716782,716783,716784,716785,716786,716787,716788,716789,716790,716791
51,5103,'3',716792,716793,716794,716795,716796,716797,716798,716799,716800,716801,716802,648189,716803,716804,716805,716806,716807,716808,716809,716810,716811,498885,716812,716813,716814,716815,716816,716817,716818,630284,716819,716820,641101,505433,716821,716822,716823,716824,716825,716826,716827,716828,643466,716829,716830,716831,716832,716833,716834,716835,716836,716837,716838,716839,639719,716840,716841,716842,686971,619870,545805,716843,716844,716845,716846,716847,716848,716849,685860,633364,716850,716851,559583,716852,716853,716854,716855,669688,716856,716857,543914,716858,716859,716860,716861,716862,716863,716864,716865,716866,716867,716868,716869,716870,716871,716872,646643,627646,716873,716874,716875
51,5103,'5',716876,716877,716878,716879,716880,573798,716881,716882,716883,716884,716885,716886,634853,716887,716888,716889,716890,617506,615069,619304,716891,716892,716893,716894,716895,716896,716897,716898,716899,716900,716901,660486,716902,716903,661040,636075,716904,716905,716906,716907,716908,543521,716909,716910,716911,620413,716912,716913,716914,515882,716915,617707,716916,716917,716918,716919,716920,637978,623118,716921,716922,716923,592776,716924,716925,716926,716927,716928,716929,716930,716931,716932,648815,716933,638927,653667,599604,716934,716935,716936,626744,632247,716937,716938,716939,716940,716941,716942,626750,716943,716944,716945,716946,716947,716948,716949,716950,648417,716951,716952,539059,716953,716954,716955,643257,716956
51,5104,'1',674166,716957,716958,716959,716960,716961,716962,716963,716964,716965,716966,716967,716968,716969,716970,716971,716972,716973,716974,621338,716975,716976,716977,610457,716978,609363,716979,716980,716981,716982,716983,716984,676685,605120,662621,716985,716986,716987,716988,716989,716990,716991,539906,716992,716993,716994,689951,716995,608054,688814,672003,716996,611194,716997,716998,716999,717000,717001,717002,717003,604062,686339,717004,679652,717005,632334,717006,717007,646859,717008,615255,717009,717010,651539,717011,717012,676237,717013,717014,540533,717015,686770,632761,717016,717017,717018,717019,717020,650754,717021,717022,472711,717023,717024,717025,717026,683223,717027,501657,717028,717029,717030,717031,717032,717033,717034,638736
51,5104,'2',717035,717036,717037,717038,717039,717040,717041,641236,679787,717042,717043,717044,717045,556900,628188,717046,610543,630710,717047,662699,617256,717048,717049,717050,717051,717052,717053,717054,717055,717056,717057,717058,717059,661476,463410,717060,717061,717062,717063,717064,717065,717066,640651,717067,717068,717069,717070,509886,635604,717071,717072,717073,717074,717075,717076,609249,717077,717078,717079,717080,717081,651144,717082,717083,717084,717085,717086,717087,717088,717089,717090,717091,717092,717093,717094,717095,717096,717097,717098,717099,717100,717101,687342,717102,717103,717104,717105,717106,717107,717108,717109,629300,717110,717111,717112,717113,717114,717115,717116,613025,717117,611685,717118,613447,717119,531108,675031
51,5104,'3',717120,717121,717122,717123,558598,717124,717125,717126,717127,682050,717128,717129,717130,717131,717132,717133,717134,717135,717136,717137,717138,717139,717140,717141,717142,651386,717143,717144,717145,717146,717147,717148,717149,717150,677791,717151,717152,717153,717154,717155,666504,717156,717157,717158,717159,717160,605718,717161,664335,717162,717163,717164,659832,608764,717165,717166,717167,717168,717169,666519,717170,717171,682754,717172,717173,717174,717175,717176,717177,673098,658351,717178,717179,717180,717181,717182,717183,717184,717185,717186,717187,717188,717189,717190,520031,619917,680146,717191,717192,717193,717194,717195,717196,717197,717198,717199,717200,717201,618103,717202,717203
51,5104,'5',717204,717205,717206,635238,615042,717207,717208,717209,717210,638298,717211,717212,717213,717214,717215,717216,717217,717218,717219,717220,717221,717222,717223,717224,717225,717226,717227,717228,717229,717230,717231,717232,717233,717234,717235,717236,717237,717238,717239,717240,717241,717242,717243,717244,717245,717246,717247,717248,717249,717250,717251,717252,717253,717254,717255,610390,717256,717257,717258,717259,717260,717261,717262,717263,717264,717265,717266,717267,717268,717269,717270,717271,717272,717273,717274,687804,717275,717276,717277,668555,717278,717279,717280,684431,717281,717282,717283,615994,717284,610416,717285,717286,717287,654332,653684,647383,717288,717289,717290,717291,717292,717293,717294,591481,717295,717296
52,5201,'1',717297,717298,717299,717300,644414,717301,591333,717302,717303,717304,616248,717305,717306,717307,717308,717309,717310,618247,717311,717312,717313,717314,717315,683767,717316,717317,717318,675782,717319,717320,717321,717322,717323,652581,717324,717325,717326,717327,633510,717328,717329,717330,717331,717332,717333,717334,717335,717336,717337,431415,546800,717338,717339,526227,717340,717341,672133,717342,717343,602169,547885,621831,717344,679303,643933,717345,717346,717347,717348,717349,559801,717350,609540,717351,717352,663181,717353,690303,717354,717355,717356,717357,717358,717359,717360,717361,717362,717363,717364,717365,717366,717367,717368,717369,717370,717371,717372,717373,717374,717375,717376,717377,717378,717379,717380,659527,717381,643279,717382,717383,717384,717385,562745,717386,519315,670771,717387,717388,650336,717389,717390,717391,609722,717392,717393,690499,627977,717394,717395,717396,717397,717398,678159,717399,717400,640266,533203,623682,717401,717402,717403,644925,717404,717405,717406,717407,673515,717408,717409,717410,717411,717412,717413,717414,717415,717416,717417,717418,717419,717420,598062,717421,717422,717423,717424,717425,717426,717427,717428,717429,540935,717430,717431,717432,617369,661437,717433,717434,717435,717436,686342,717437,528677,717438,664432,633144,717439,668643,689720,717440,717441,580117,717442,717443,717444,717445,572591,717446,717447,717448,717449,717450,717451,688151,717452,717453,717454,717455,717456,717457,717458,717459,717460,717461,546597,717462,717463,717464,665842,717465,642125,717466,717467,717468,717469,717470,717471,717472,717473,717474,717475,717476,717477,717478,717479,717480,717481,717482,669594,717483,717484,717485,717486,717487,717488,717489,717490,717491,717492,487104,717493,590668,717494,717495,717496,717497,717498,717499,624508,717500,460856,664451,605496,717501,717502,717503,717504,717505,670825,717506,717507,717508,717509,631390,717510,717511,717512,604292,717513,717514,717515,717516,669187,717517,717518,717519,717520,717521,717522,717523,717524,717525,717526,717527,717528,717529,675531,648960,684905,717530,717531,717532,717533,717534,717535,717536,717537,620215,717538,717539,523586
52,5201,'2',381573,717540,660167,717541,717542,717543,536437,717544,717545,717546,717547,717548,717549,717550,717551,717552,717553,651113,717554,611592,717555,717556,717557,717558,717559,717560,717561,717562,717563,717564,717565,655830,717566,717567,527383,685969,717568,717569,717570,717571,717572,717573,661468,717574,717575,717576,669381,717577,717578,717579,520678,717580,717581,579346,717582,717583,717584,717585,717586,717587,717588,717589,717590,717591,717592,676795,717593,717594,717595,717596,717597,717598,717599,717600,717601,717602,717603,717604,717605,717606,551555,717607,717608,645048,717609,717610,717611,717612,664285,717613,717614,717615,606459,641254,619009,717616,629881,717617,634689,717618,717619,717620,717621,717622,717623,717624,608370,717625,548219,717626,717627,717628,717629,717630,717631,717632,717633,717634,637517,717635,717636,717637,717638,717639,717640,510098,717641,717642,717643,717644,717645,717646,717647,717648,608378,618453,717649,717650,717651,717652,717653,717654,717655,717656,717657,645067,717658,717659,717660,717661,717662,717663,717664,717665,717666,717667,485885,717668,633710,717669,717670,717671,717672,717673,717674,717675,645702,717676,677266,717677,717678,717679,717680,717681,717682,717683,717684,675374,662434,717685,717686,717687,643069,717688,657755,717689,678019,717690,717691,717692,654390,717693,717694,717695,600425,717696,717697,717698,717699,717700,717701,717702,717703,717704,717705,717706,717707,517717,717708,717709,717710,659290,717711,717712,717713,717714,717715,717716,539579,717717,717718,717719,717720,717721,717722,717723,717724,579204,717725,717726,717727,614414,717728,717729,717730,717731,645568,465904,717732,717733,717734,717735,717736,717737,717738,675943,717739,717740,717741,717742,717743,717744,717745,717746,717747,717748,717749,717750,649079,717751,717752
52,5201,'3',717753,717754,717755,717756,717757,717758,717759,717760,717761,717762,717763,717764,717765,717766,717767,571657,717768,717769,717770,717771,717772,717773,717774,717775,717776,666010,536550,717777,597616,717778,650100,622427,717779,717780,717781,717782,717783,684165,625991,717784,592282,717785,717786,717787,717788,717789,717790,717791,717792,717793,717794,717795,717796,717797,717798,664327,717799,717800,717801,717802,717803,717804,717805,717806,717807,717808,615499,717809,717810,717811,717812,717813,717814,651179,717815,682661,717816,717817,528994,532724,717818,620342,655497,717819,717820,671780,717821,504544,675962,717822,625170,717823,717824,717825,717826,717827,717828,717829,717830,717831,717832,717833,717834,717835,666946,659835,717836,717837,717838,717839,573143,717840,717841,717842,717843,717844,717845,717846,717847,717848,717849,717850,717851,717852,717853,441225,717854,717855,717856,717857,717858,717859,717860,717861,717862,717863,717864,717865,717866,717867,717868,717869,638856,717870,717871,717872,717873,717874,717875,717876,717877,717878,717879,717880,717881,717882,717883,633603,717884,717885,717886,689849,717887,717888,717889,584861,717890,684253,633604,717891,717892,646788,669467,717893,717894,717895,717896,717897,717898,717899,717900,659888,717901,717902,717903,717904,717905,717906,717907,630340,717908,717909,717910,717911,717912,717913,717914,717915,645459,664139,717916,717917,717918,639998,717919,717920,654300,717921,717922
52,5201,'5',717923,717924,717925,685513,717926,717927,717928,717929,717930,717931,717932,717933,717934,717935,717936,717937,619286,717938,717939,535776,717940,717941,717942,550892,717943,664908,717944,717945,717946,717947,717948,717949,717950,717951,717952,717953,717954,717955,717956,688734,717957,717958,717959,717960,717961,717962,717963,717964,717965,617016,717966,556459,556460,515614,717967,717968,717969,717970,717971,641814,717972,717973,717974,717975,717976,717977,717978,717979,717980,717981,717982,717983,571028,717984,604667,717985,717986,717987,717988,565701,717989,717990,646959,717991,638317,717992,717993,717994,717995,632624,717996,717997,717998,717999,718000,648790,666609,718001,718002,718003,718004,718005,718006,718007,718008,676587,718009,718010,718011,718012,718013,718014,718015,718016,718017,718018,718019,718020,718021,718022,718023,656643,718024,718025,718026,718027,718028,646820,718029,637997,718030,718031,718032,718033,718034,718035,718036,718037,718038,718039,718040,718041,718042,718043,718044,718045,718046,525340,718047,718048,718049,718050,718051,718052,718053,718054,718055,718056,681576,718057,718058,718059,718060,718061,718062,718063,718064,718065,626920,718066,718067,718068,718069,718070,718071,718072,623140,718073,532210,718074,625744,718075,718076,718077,718078,667749,718079,572898,638070,718080,581577,718081,718082,718083,675474,718084,718085,718086,718087,601438,718088,718089,718090,718091,718092,517805,718093,718094,718095
52,5202,'1',718096,686246,653202,718097,608841,718098,718099,718100,718101,718102,718103,718104,718105,718106,718107,718108,718109,718110,718111,718112,687563,718113,718114,684572,718115,718116,718117,718118,718119,718120,659500,718121,718122,718123,718124,718125,718126,718127,657836,640824,612311,718128,718129,642494,718130,718131,718132,654853,667017,718133,546832,718134,718135,718136,718137,718138,718139,718140,718141,718142,718143,718144,718145,718146,649329,718147,718148,635546,718149,659523,718150,718151,718152,718153,632303,676191,718154,718155,718156,718157,626591,718158,718159,718160,718161,682037,718162,718163,718164,718165,632315,718166,718167,718168,560754,718169,718170,718171,718172,666695,718173,718174,718175,718176,674005,673679,718177,718178,718179,718180,718181,617226,718182,642527,718183,650346,718184,633659,718185,558784,718186,718187,718188,632729,718189,385660,718190,532909,718191,718192,680775,718193,614686,718194,718195,718196,718197,610484,718198,718199,718200,626223,718201,642973,718202,718203,718204,718205,718206,718207,669168,718208,718209,718210,718211,718212,718213,718214,718215,663530,718216,647222,718217,718218,718219,718220,718221,718222,718223,642553,677239,718224,718225,718226,718227,718228,718229,718230,515178,718231,669016,718232,718233,480765,718234,718235,718236,718237,718238,634069,718239,556160,718240,676246,718241,718242,718243,718244,718245,598146,718246,686780,718247,718248,631384,643994,718249,718250,718251,649428,718252,718253,535553,718254,718255,718256,718257,718258,649921,718259,603746,718260,718261,528744,718262,718263,718264,718265,718266,718267,718268,718269,718270,718271,718272,718273,641034,718274,718275,718276,718277
52,5202,'2',718278,718279,718280,718281,718282,718283,718284,718285,662383,718286,664273,718287,644551,718288,718289,718290,718291,591917,718292,718293,610153,718294,621952,718295,718296,687921,718297,673207,718298,718299,718300,531397,718301,718302,589978,629421,653830,687266,718303,718304,718305,672841,718306,718307,574133,718308,718309,718310,718311,718312,718313,718314,718315,609236,718316,662212,718317,718318,718319,611259,718320,718321,718322,718323,718324,718325,718326,718327,718328,718329,718330,564446,718331,718332,718333,637481,718334,718335,718336,718337,718338,718339,557457,718340,718341,718342,718343,718344,718345,718346,718347,718348,718349,718350,671721,718351,718352,718353,718354,685420,652390,718355,718356,562252,688570,718357,718358,718359,718360,718361,655380,718362,718363,718364,718365,556915,718366,718367,718368,688574,718369,718370,636541,718371,622386,541910,678016,718372,718373,718374,718375,718376,718377,718378,718379,718380,718381,718382,654386,718383,718384,718385,718386,718387,718388,718389,613435,646236,609952,718390,718391,718392,718393,718394,718395,649549,718396,549005,718397,718398,718399,718400,718401,718402,689339,718403,718404,718405,718406,683553,718407,718408,718409,718410,718411,681658,672300,718412,650056,718413,718414,718415,718416,718417,629666,718418,718419,718420,665985,718421,681801,718422,659039,718423,718424,718425,718426,718427,653931,718428,718429,718430,604916,718431
52,5202,'3',718432,718433,718434,718435,718436,662761,594632,718437,718438,718439,718440,681591,679939,718441,718442,718443,718444,718445,592456,623329,718446,718447,718448,718449,605561,718450,718451,718452,718453,718454,718455,718456,718457,718458,718459,718460,718461,718462,718463,718464,395329,718465,718466,662483,718467,718468,718469,718470,718471,718472,718473,718474,718475,718476,718477,718478,718479,718480,718481,718482,718483,718484,666041,718485,718486,718487,718488,718489,542028,718490,718491,671540,718492,718493,604962,718494,606772,718495,474678,654015,718496,718497,718498,718499,718500,718501,718502,681506,718503,718504,718505,718506,718507,718508,718509,718510,718511,718512,718513,597703,656524,718514,718515,718516,718517,718518,650154,718519,718520,718521,718522,718523,718524,679108,640736,718525,492614,718526,718527,718528,718529,718530,617308,718531,632149,718532,684262,718533,718534,718535,562369,718536,718537,718538,718539,718540,718541,718542,718543,718544,718545,522997,718546,577311,607946,718547,718548,718549,718550,718551,718552,718553,538812,718554,718555,718556,684288
52,5202,'5',718557,718558,718559,718560,718561,619276,718562,718563,718564,718565,718566,618639,718567,718568,718569,718570,718571,650199,718572,718573,718574,718575,718576,718577,718578,718579,718580,631081,718581,534338,718582,718583,718584,718585,650219,625676,718586,718587,718588,718589,718590,718591,718592,718593,718594,718595,718596,718597,718598,556467,718599,718600,644127,718601,718602,677044,573594,718603,718604,668525,718605,673468,663416,718606,718607,718608,718609,718610,718611,614603,718612,718613,718614,718615,718616,667597,718617,718618,718619,718620,718621,718622,718623,606592,718624,718625,718626,718627,679446,718628,718629,718630,718631,718632,718633,718634,718635,718636,718637,718638,718639,681780,718640,634910,718641,605066,718642,634220,626913,718643,718644,718645,718646,718647,645301,718648,718649,718650,718651,718652,653669,718653,718654,718655,595776,718656,718657,718658,718659,718660,663961,718661,718662,718663,718664,625311,647885,718665,683736,718666,718667,718668,718669,718670,718671,718672,718673,599094,674701,718674,718675,718676,718677,718678,718679,718680,718681
53,5301,'1',718682,718683,718684,718685,718686,689175,718687,718688,718689,676158,718690,718691,548885,623869,718692,681207,718693,718694,718695,718696,718697,718698,608481,639543,718699,718700,640247,718701,718702,718703,718704,718705,718706,718707,718708,683054,718709,718710,718711,718712,718713,718714,718715,718716,625360,718717,718718,718719,662173,718720,718721,718722,718723,718724,718725,718726,718727,718728,718729,718730,718731,718732,718733,718734,718735,686326,633524,718736,718737,718738,718739,683813,718740,718741,718742,718743,653737,718744,718745,718746,718747,718748,718749,718750,718751,718752,670381,718753,718754,718755,718756,718757,718758,718759,718760,718761,718762,718763,718764,668242,690455,718765,605640,718766,664240,641015,718767,718768,718769,718770,718771,718772,504699,718773,718774,718775,718776,668648,718777,718778,718779,718780,718781,718782,718783,718784,718785,718786,718787,718788,718789,718790,536405,718791,718792,624498,718793,718794,718795,677853,643983,718796,718797,718798,718799,718800,718801,718802,718803,628088,618351,718804,718805,718806,718807,395859,718808,718809,718810,718811,718812,718813,718814,641221,718815,718816,718817,718818,718819,718820,718821,718822,718823,718824,718825,718826,718827,632378,718828,718829,718830,566556,718831,718832,718833,678863,718834,718835
53,5301,'2',718836,718837,718838,718839,718840,531043,683958,530463,718841,718842,545670,718843,718844,553637,619632,718845,718846,718847,718848,718849,654942,677346,718850,559901,664649,718851,718852,718853,718854,718855,718856,718857,718858,718859,718860,718861,718862,718863,718864,718865,718866,563057,718867,718868,718869,718870,718871,611269,718872,718873,718874,718875,718876,718877,718878,718879,718880,718881,718882,626325,718883,718884,718885,718886,656841,718887,718888,718889,718890,718891,658057,718892,617933,718893,718894,718895,718896,718897,610966,718898,718899,718900,718901,718902,718903,718904,674410,718905,718906,718907,718908,718909,718910,718911,718912,718913,718914,718915,622008,718916,718917,641744,667539,615398,718918,718919,718920,718921,651643,608930,718922,718923,718924,718925,718926,718927,718928,718929,718930,718931,689347,718932,718933,718934,620631,607875,718935,718936,718937,718938,718939,718940,718941,718942,631574,718943,718944,718945
53,5301,'3',718946,718947,718948,718949,718950,718951,638233,657763,718952,645433,678042,718953,718954,646614,684139,718955,718956,718957,718958,622067,718959,718960,718961,718962,718963,718964,718965,718966,718967,718968,718969,718970,718971,718972,718973,718974,718975,610261,675839,718976,718977,718978,498647,718979,718980,718981,718982,718983,718984,718985,718986,718987,718988,718989,688297,718990,718991,632114,718992,718993,718994,718995,718996,718997,675619,718998,718999,719000,719001,719002,719003,719004,719005,719006,719007,719008,579238,719009,719010,719011,719012,719013,687734,719014,566330,719015,719016,670283,719017,719018,719019,719020,642351,719021,719022,719023,719024,719025,719026,619233,719027,719028,665433,719029,719030,719031,719032,719033,648737,719034,719035,719036,719037,719038,719039,719040,719041,719042
53,5301,'5',719043,719044,719045,719046,608433,719047,719048,719049,719050,668893,719051,719052,562001,719053,719054,719055,719056,587526,719057,719058,719059,606574,719060,719061,719062,628654,719063,719064,719065,719066,719067,719068,719069,719070,552576,719071,637926,719072,719073,719074,519632,719075,719076,673966,719077,719078,719079,719080,719081,685054,719082,719083,719084,719085,719086,719087,719088,719089,719090,719091,719092,719093,719094,719095,719096,719097,719098,719099,719100,606595,719101,719102,719103,719104,578422,639804,719105,719106,649267,719107,719108,719109,719110,719111,719112,719113,719114,719115,719116,719117,719118,719119,719120,719121,719122,542200,719123,719124,719125,719126,719127,676624,719128,677832,618218,719129,719130,719131,719132,719133,719134,719135,719136,660578,719137,719138,631213,719139,719140,719141,719142,515106,719143,719144,719145,719146
53,5302,'1',719147,719148,719149,719150,647396,719151,646691,651046,719152,719153,719154,719155,719156,630451,719157,719158,719159,719160,719161,719162,671409,719163,668589,719164,606085,719165,719166,639846,719167,719168,719169,719170,719171,719172,719173,719174,629580,719175,719176,719177,719178,719179,719180,719181,719182,719183,623672,719184,553068,672511,719185,719186,662313,719187,719188,719189,719190,719191,719192,719193,719194,719195,719196,719197,719198,719199,719200,719201,651909,719202,719203,719204,618303,719205,719206,719207,719208,627031,578026,683834,719209,719210,719211,487057,719212,719213,719214,719215,553559,719216,719217,719218,719219,719220,719221,719222,719223,719224,719225,719226,719227,719228,719229,719230,641677,659375,719231,642971,719232,564783,719233,719234,719235,719236,719237,512514,719238,719239,719240,719241,670392,719242,719243,719244,644951,719245,667933,719246,719247,663230,631924,485189,565824,719248,611537,719249,606664,719250,719251,719252,719253,719254,647489,719255,719256,563419,558823,622913,719257,719258,719259,719260,551779,719261,719262,719263,719264,719265,719266,719267,719268,719269,719270,719271,483106,719272,719273,611970,640606,719274,719275,719276,719277,719278,645983,667318,719279,719280,643347,632381,719281,657724,719282,719283,719284,719285,652646,719286,719287,558542
53,5302,'2',653283,719288,719289,719290,719291,719292,630693,719293,719294,719295,579698,719296,606910,719297,719298,719299,719300,719301,719302,719303,719304,719305,690010,719306,719307,719308,719309,719310,719311,719312,719313,719314,719315,719316,719317,719318,719319,719320,719321,719322,617917,719323,719324,719325,719326,719327,627302,637479,719328,719329,719330,618432,719331,719332,719333,719334,719335,719336,662085,719337,719338,719339,719340,719341,719342,653352,719343,719344,719345,616339,719346,719347,719348,719349,719350,612983,719351,719352,670500,719353,719354,719355,719356,719357,719358,719359,719360,669409,719361,719362,719363,719364,719365,719366,719367,719368,654987,719369,719370,719371,719372,719373,719374,719375,719376,719377,719378,719379,719380,719381,719382,653916,719383,719384,719385,676389,719386,719387,719388,719389,719390,719391,719392,719393,719394,719395,632070,719396,719397
53,5302,'3',719398,619116,688630,719399,623317,719400,719401,616131,719402,719403,719404,719405,719406,719407,719408,620319,657296,719409,719410,719411,630917,719412,719413,719414,612567,582438,719415,719416,719417,719418,719419,719420,719421,611346,719422,719423,605713,719424,719425,719426,719427,617151,719428,719429,655489,719430,719431,719432,719433,645868,719434,719435,719436,719437,719438,719439,719440,719441,719442,719443,719444,719445,719446,719447,719448,719449,624192,719450,719451,719452,644711,684206,506869,719453,719454,719455,719456,719457,719458,719459,719460,719461,663893,719462,719463,719464,653506,719465,594281,670999,719466,719467,719468,719469,719470,719471,719472,719473,625636,653534,719474,719475,719476,719477,719478,719479,719480,719481,719482,719483,719484,719485,667584,719486,719487,650183,719488,719489
53,5302,'5',606799,719490,632578,719491,719492,719493,719494,719495,719496,719497,548600,719498,719499,719500,719501,719502,719503,719504,719505,629334,719506,719507,719508,719509,719510,719511,719512,719513,719514,719515,719516,719517,719518,719519,719520,552314,719521,719522,719523,611096,555964,719524,719525,719526,719527,663710,627756,719528,719529,549443,719530,719531,719532,719533,719534,719535,719536,621740,719537,719538,719539,719540,657391,719541,719542,719543,719544,719545,668933,719546,719547,719548,719549,638329,719550,719551,719552,719553,719554,719555,719556,719557,719558,719559,719560,682063,719561,719562,719563,582184,719564,719565,719566,662883,719567,719568,663154,719569,719570,663959,719571,719572,719573,719574,719575,719576,719577,719578,719579,673149,719580,549183,719581,719582,719583,719584,719585,666671,652871,719586
54,5401,'1',719587,719588,719589,673326,719590,719591,719592,719593,719594,553505,719595,719596,719597,719598,719599,719600,719601,719602,719603,647915,719604,719605,719606,719607,719608,719609,631254,719610,574687,719611,719612,719613,719614,719615,719616,719617,647200,719618,719619,719620,652886,682726,686282,660607,719621,719622,719623,719624,719625,719626,719627,719628,719629,719630,719631,719632,719633,719634,510637,719635,719636,719637,658868,719638,719639,719640,552863,719641,719642,719643,633119,719644,641190,608049,680544,719645,627019,719646,719647,719648,719649,683828,719650,669572,642094,659550,719651,719652,512760,719653,719654,620838,573899,719655,719656,538226,719657,719658,719659,719660,719661,719662,719663,719664,719665,719666,719667,719668,719669,644489,719670,719671,719672,587009,656269,719673,719674,719675,719676,601161,719677,719678,719679,642124,719680,719681,719682,719683,719684,719685,627119,611545,689254,719686,607337,622618,719687,719688,719689,611555,641697,719690,719691,719692,643990,719693,666882,719694,719695,719696,719697,719698,719699,719700,719701,684633,719702,719703,719704,719705,719706,719707,667041,629130,719708,719709,719710,719711,719712,719713,719714,719715
54,5401,'2',719716,719717,678190,719718,719719,719720,719721,719722,719723,719724,719725,719726,719727,719728,608357,719729,719730,719731,719732,622947,674042,677348,719733,719734,645684,719735,719736,719737,719738,719739,719740,719741,639916,719742,719743,719744,719745,719746,591548,719747,719748,719749,674994,719750,681237,426797,719751,719752,719753,719754,719755,719756,688217,604858,719757,719758,719759,719760,719761,669400,719762,719763,719764,719765,719766,719767,719768,719769,719770,612037,719771,642218,719772,719773,719774,719775,719776,670498,490966,719777,719778,541170,719779,719780,719781,719782,582963,719783,655913,719784,719785,719786,564900,585967,719787,613291,719788,719789,719790,719791,719792,719793,719794,719795,719796,686902,719797,719798,719799,719800,719801,719802,719803,719804,719805,719806,719807,719808,719809,719810,719811,610229,579862,544147,719812,719813,612548,662963,658644,686919,619108,719814,607879,719815,719816,719817,719818
54,5401,'3',719819,719820,719821,646425,719822,719823,647669,719824,719825,719826,719827,719828,719829,719830,719831,606754,719832,719833,719834,719835,719836,719837,719838,661307,719839,719840,719841,719842,719843,719844,719845,719846,719847,719848,719849,663345,719850,719851,719852,719853,719854,719855,719856,719857,719858,719859,719860,719861,681886,719862,663879,672667,719863,719864,719865,719866,637732,719867,719868,719869,719870,684192,658120,719871,719872,719873,719874,719875,719876,719877,719878,719879,629315,719880,719881,719882,719883,719884,668846,719885,719886,719887,719888,719889,719890,719891,719892,719893,719894,719895,547445,719896,719897,719898,539158,719899,602017,686617,719900,719901,719902,645882,719903,719904,719905,719906,719907,719908,719909,719910,719911,532072,719912,719913,719914,719915,719916,719917,719918,719919,719920,719921,719922,719923,719924,719925,719926
54,5401,'5',719927,719928,719929,719930,719931,719932,719933,719934,719935,719936,719937,719938,719939,719940,719941,719942,719943,719944,719945,719946,685524,719947,719948,719949,635878,719950,719951,719952,719953,719954,719955,648766,719956,719957,719958,719959,719960,719961,719962,719963,719964,719965,719966,719967,719968,719969,670665,719970,719971,719972,637933,719973,719974,719975,719976,719977,558091,719978,719979,655619,719980,719981,584304,719982,719983,719984,719985,719986,719987,660735,719988,719989,719990,719991,689145,633451,676593,657662,515631,719992,633460,719993,637018,719994,719995,675663,719996,534907,719997,719998,719999,720000,720001,720002,720003,720004,720005,720006,720007,720008,720009,720010,720011,720012,720013,720014,720015,720016,720017,720018,650641,720019,674595,720020,720021,661396,720022,720023,720024,645323,720025,720026,720027,652863,639223,720028,660583,720029,720030,666232,720031,720032,720033,677130,720034
54,5402,'1',675123,720035,514826,720036,720037,720038,644876,720039,720040,720041,644877,720042,687823,720043,720044,720045,720046,720047,720048,608026,720049,720050,720051,720052,720053,671861,720054,720055,651474,720056,720057,588503,720058,720059,720060,720061,720062,720063,720064,720065,720066,720067,720068,720069,720070,720071,720072,720073,720074,720075,720076,720077,720078,720079,720080,720081,720082,720083,616017,720084,720085,720086,720087,720088,720089,683802,720090,527575,720091,720092,720093,720094,720095,720096,720097,720098,720099,720100,664426,720101,617219,720102,666280,720103,651907,720104,720105,720106,720107,720108,720109,644918,690446,720110,689651,720111,720112,720113,720114,720115,638114,720116,611192,644468,720117,611511,720118,615231,720119,465305,720120,720121,720122,720123,720124,720125,666297,720126,616285,720127,720128,720129,720130,720131,720132,609211,720133,648493,720134,605855,720135,720136,720137,720138,720139,685609,628986,540532,686767,720140,680787,720141,720142,720143,720144,720145,720146,720147,720148,720149,720150,720151,720152,720153,608689,720154,720155,631938,720156,720157,720158,720159,624509,720160,720161,720162,635038,720163,720164,720165,720166,720167,720168,720169,720170,720171,651559,689544,720172,720173,720174,720175,686802,720176,720177,720178,720179,720180,690005,720181
54,5402,'2',570807,720182,720183,615291,720184,720185,720186,720187,720188,655327,720189,720190,676774,663068,720191,720192,720193,668708,720194,720195,671703,620567,720196,720197,720198,720199,720200,720201,720202,720203,720204,720205,627278,720206,720207,720208,720209,720210,720211,720212,720213,720214,517506,720215,720216,720217,650416,678701,720218,720219,720220,720221,583802,720222,428171,720223,720224,720225,720226,720227,720228,670483,720229,720230,720231,720232,720233,720234,720235,720236,720237,720238,720239,720240,720241,720242,720243,567594,720244,720245,720246,720247,720248,720249,720250,720251,720252,653874,720253,720254,720255,720256,720257,720258,720259,608728,684673,720260,720261,720262,720263,720264,720265,720266,720267,720268,720269,720270,720271,720272,720273,720274,720275,720276,720277,720278,720279,720280,640387,647647,720281,720282,720283,720284,720285,619083,720286,720287,667977,720288,720289,687967,720290,720291,720292,720293,720294,720295,720296,720297,720298,720299,720300,663862,720301,720302
54,5402,'3',720303,591945,653937,720304,720305,720306,720307,720308,720309,720310,677621,720311,720312,720313,720314,720315,720316,720317,720318,720319,686937,614139,720320,720321,720322,720323,662471,720324,720325,661935,720326,720327,720328,720329,720330,720331,720332,720333,613451,720334,720335,720336,641970,720337,720338,720339,720340,720341,720342,720343,720344,720345,720346,720347,720348,720349,720350,720351,720352,720353,720354,720355,681887,585164,720356,720357,649129,720358,561518,720359,720360,720361,720362,720363,720364,720365,720366,720367,720368,720369,720370,720371,720372,720373,720374,720375,720376,720377,720378,720379,634803,720380,632131,720381,608208,720382,626446,720383,660391,720384,619897,720385,720386,720387,720388,720389,720390,720391,720392,720393,720394,720395,636821,605729,720396,720397,720398,720399,720400,720401,720402,720403,720404,720405,720406,720407,720408,720409,626467,720410,720411,720412,720413,720414,720415,650180,643514,720416,720417,720418,671368,720419
54,5402,'5',585654,720420,720421,720422,720423,642387,720424,720425,720426,720427,720428,720429,578825,720430,720431,720432,720433,720434,601356,720435,720436,720437,720438,536227,615070,720439,720440,720441,720442,681140,720443,720444,720445,720446,720447,562684,720448,664369,720449,687050,720450,720451,720452,720453,720454,720455,720456,720457,720458,720459,720460,635891,720461,720462,720463,720464,720465,720466,720467,720468,720469,720470,720471,621026,687786,720472,720473,720474,720475,720476,720477,720478,720479,720480,720481,720482,720483,720484,720485,657820,720486,615133,720487,720488,720489,720490,720491,720492,720493,720494,688072,720495,720496,720497,720498,665491,720499,678328,720500,720501,531217,605612,720502,720503,720504,598841,720505,720506,657824,615151,720507,720508,720509,615154,720510,720511,615159,720512,720513,720514,524793,720515,720516,638052,720517,720518,720519,720520,720521,720522,720523,720524,720525,720526,720527,720528,720529,720530,720531,590756,720532,720533,529278,720534,720535,720536,720537,720538
55,5503,'1',720539,575908,720540,720541,720542,720543,616264,720544,720545,720546,720547,609884,520607,720548,662322,720549,720550,639262,720551,644466,720552,720553,720554,720555,720556,720557,720558,672551,720559,634260,611539,720560,720561,603278,720562,720563,720564,720565,720566,653268,720567,720568,649430,720569,720570,720571,720572,668689
55,5503,'2',650772,720573,720574,670446,720575,720576,720577,618400,720578,720579,720580,628174,662698,720581,720582,720583,720584,720585,720586,720587,560365,720588,676831,720589,720590,720591,597496,720592,720593,631510,641943,720594,720595,720596,720597,673230,720598,720599,720600,720601,720602,609441,720603,720604,720605,720606,720607,720608
55,5503,'3',720609,720610,720611,720612,720613,720614,720615,720616,720617,720618,647092,720619,720620,720621,720622,720623,720624,720625,720626,579878,720627,720628,720629,720630,681131,720631,720632,639435,560517,720633,720634,720635,720636,720637,720638,720639,669695,720640,689858,664898,720641,720642,720643
55,5503,'5',720644,720645,630026,720646,720647,720648,720649,720650,720651,720652,720653,663702,720654,720655,720656,720657,720658,621272,720659,720660,720661,720662,720663,720664,720665,574628,720666,720667,668536,674148,720668,720669,720670,661807,618720,720671,720672,720673,720674,720675,720676,720677,720678,720679,720680,720681,720682,529287
55,5504,'1',720683,720684,720685,720686,683762,607172,720687,720688,720689,720690,720691,720692,720693,720694,720695,720696,720697,720698,653731,632311,720699,720700,720701,720702,720703,720704,615869,720705,720706,720707,720708,720709,720710,720711,720712,720713,720714,627098,720715,720716,684551,720717,720718,720719,720720,720721,720722,720723
55,5504,'2',720724,720725,720726,720727,720728,637395,720729,720730,720731,720732,720733,720734,720735,720736,720737,720738,720739,720740,720741,720742,653858,720743,720744,622382,720745,720746,720747,720748,720749,720750,720751,630810,720752,720753,650450,720754,720755,720756,720757,630854,720758,720759,720760,720761,720762,673071,720763,720764
55,5504,'3',674244,720765,669428,720766,720767,720768,720769,517295,720770,720771,720772,720773,720774,720775,605382,720776,720777,720778,665585,720779,720780,720781,720782,720783,720784,720785,552528,720786,720787,720788,720789,530236,720790,720791,720792,720793,720794,720795,720796,720797,720798,720799,720800
55,5504,'5',636879,610743,720801,720802,720803,720804,633410,720805,720806,663927,720807,720808,720809,720810,647801,720811,720812,720813,720814,720815,543525,561636,720816,720817,720818,720819,720820,720821,626104,720822,661803,720823,720824,720825,523435,720826,720827,527992,720828,720829,720830,720831,720832,720833,720834,720835,608465,674161
57,5703,'1',720836,720837,720838,720839,720840,720841,720842,720843,720844,720845,720846,720847,720848,720849,720850,720851,720852,720853,720854,720855,720856,720857,687148,720858,720859,720860,631294,720861,638398,720862,720863,576937,720864,720865,720866,672804,720867,648481,617808,720868,720869,484130,720870,720871,720872,720873,720874,720875,635000,720876,720877,720878,720879,720880,660113,720881,666313,641686,720882,720883,720884,720885,720886,720887,720888,720889,659588,720890,684505,720891,720892,720893,518584,720894,612886,720895,613400,720896,720897,720898,676742,720899,720900,720901,720902,720903,582890,596924,720904,720905,614735,720906,720907,720908
57,5703,'2',720909,720910,720911,720912,720913,720914,720915,620223,720916,720917,720918,720919,720920,616320,720921,720922,720923,720924,720925,720926,720927,720928,720929,720930,720931,720932,621971,720933,720934,720935,720936,720937,628870,720938,620248,720939,720940,653865,720941,720942,720943,720944,720945,720946,720947,720948,720949,720950,720951,680103,720952,720953,720954,720955,720956,720957,720958,620940,720959,720960,720961,720962,720963,720964,720965,720966,720967,604918
57,5703,'3',720968,720969,720970,720971,682582,720972,720973,720974,720975,720976,720977,720978,720979,720980,720981,720982,720983,720984,720985,720986,720987,720988,720989,613470,720990,720991,650927,720992,720993,620984,720994,720995,720996,665713,720997,720998,720999,721000,721001,721002,721003,721004,721005,721006,721007,647129,721008
57,5703,'5',721009,721010,567774,721011,721012,721013,721014,680322,721015,721016,721017,721018,721019,582322,721020,721021,721022,721023,646952,622790,721024,721025,721026,721027,517086,721028,721029,721030,721031,618174,721032,643898,721033,721034,721035,721036,721037,721038,721039,721040,721041,721042,721043,721044,721045,721046,721047,721048,522235,721049,721050,721051,721052,721053
57,5704,'1',721054,680538,721055,636125,721056,721057,669901,604734,721058,721059,721060,721061,599113,721062,721063,721064,721065,591684,721066,721067,721068,721069,721070,721071,536936,622291,721072,721073,721074,611181,666272,721075,721076,634587,721077,721078,537216,721079,612346,721080,721081,721082,721083,566900,721084,721085,667766,627998,631303,721086,721087,721088,631904,606649,721089,721090,721091,721092,721093,721094,721095,721096,721097,721098,721099,623701,721100,687882,721101,721102,721103,685951,645819,721104,721105,721106,721107,721108,721109,721110,721111,721112,721113,671460,721114,721115,721116,646375,404098,721117,721118,721119,629406
57,5704,'2',721120,721121,721122,721123,721124,721125,721126,721127,721128,721129,721130,721131,721132,721133,721134,721135,721136,721137,721138,721139,650792,679194,721140,644023,721141,721142,721143,721144,721145,629435,721146,721147,721148,721149,721150,721151,721152,674639,721153,721154,721155,721156,721157,721158,652015,637558,721159,607858,721160,721161,721162,721163,721164,721165,721166,721167,721168,721169,721170,721171,721172,721173,721174,721175,379784,721176
57,5704,'3',643095,721177,721178,721179,664869,721180,721181,607543,721182,721183,721184,721185,721186,721187,721188,721189,721190,721191,721192,721193,617302,573145,721194,721195,721196,644343,721197,721198,721199,721200,721201,721202,721203,520459,721204,721205,721206,721207,721208,721209,721210,684267,648284,721211,721212,721213,640458,675848,721214
57,5704,'5',721215,721216,721217,721218,635488,629059,721219,721220,721221,721222,721223,721224,721225,605426,721226,721227,721228,721229,721230,721231,721232,582323,721233,615618,721234,609672,605432,721235,525679,672426,721236,721237,721238,721239,721240,681917,721241,721242,721243,623126,721244,721245,721246,721247,684433,721248,721249,637088,721250,721251,721252,721253,721254,721255
59,5901,'1',721256,665231,721257,721258,721259,651885,663976,721260,721261,721262,721263,630484,721264,721265,721266,721267,721268,721269,721270,721271,686264,721272,721273,721274,721275,721276,721277,721278,557811,721279,721280,721281,721282,510350,721283,721284,689722,721285,721286,638705,721287,721288,721289,721290,721291,721292,721293,721294,721295,721296,721297,721298,721299,721300,721301,721302,721303
59,5901,'2',721304,721305,721306,721307,721308,721309,721310,721311,721312,721313,721314,721315,721316,721317,721318,721319,721320,721321,721322,502369,721323,721324,721325,721326,721327,721328,721329,721330,639665,721331,611647,721332,721333,616095,676368,721334,721335,721336,721337,521086,721338,721339,721340,721341,585396,721342,721343,684697,721344,721345,721346,721347
59,5901,'3',631581,659764,721348,663864,721349,721350,721351,721352,679819,721353,613060,721354,721355,721356,721357,721358,721359,721360,721361,721362,721363,721364,721365,721366,624184,721367,721368,721369,721370,721371,721372,721373,721374,721375,721376,721377,721378,721379,721380,721381,721382,721383,721384,721385
59,5901,'5',721386,721387,721388,721389,721390,662832,721391,721392,657059,597803,721393,721394,721395,721396,646477,721397,721398,721399,661568,721400,613158,721401,629748,652227,624319,721402,721403,721404,633024,721405,721406,721407,721408,721409,721410,662020,721411,721412,721413,721414,721415,591478,721416,594723,721417,721418,721419,721420
59,5902,'1',633067,721421,721422,721423,721424,721425,721426,721427,721428,721429,721430,721431,721432,721433,721434,688873,721435,721436,721437,721438,721439,721440,686096,721441,721442,721443,721444,721445,721446,721447,721448,470592,721449,642526,663784,721450,721451,721452,721453,721454,721455,721456,721457,721458,721459,721460,721461,721462,721463,528710,721464,721465,721466,721467,721468,721469,721470
59,5902,'2',721471,721472,721473,721474,628204,721475,721476,721477,721478,721479,721480,721481,604466,721482,642187,721483,721484,721485,721486,721487,721488,721489,721490,721491,721492,684031,721493,721494,721495,607084,721496,721497,721498,721499,721500,721501,721502,637574,721503,619739,721504,721505,721506,721507,721508,721509,721510,721511,621563,721512,721513,721514
59,5902,'3',721515,721516,721517,721518,721519,600912,657768,721520,721521,572268,721522,721523,721524,721525,721526,721527,721528,721529,721530,627584,469969,721531,721532,721533,584852,721534,721535,721536,721537,634817,721538,721539,579066,721540,608217,599395,721541,721542,721543,630012,721544,721545,556418,522623
59,5902,'5',721546,640195,721547,646091,721548,721549,721550,721551,639477,721552,721553,721554,721555,721556,721557,721558,721559,721560,721561,721562,721563,721564,685295,721565,664746,721566,721567,721568,721569,721570,606059,721571,721572,721573,721574,721575,721576,721577,721578,524775,721579,721580,721581,721582,621788,721583,559763,721584
60,6001,'1',721585,721586,721587,721588,721589,721590,642916,575286,721591,721592,721593,721594,721595,721596,574681,652878,721597,614644,604132,721598,721599,721600,721601,721602,612322,721603,630115,721604,721605,721606,721607,623890,721608,721609,721610,721611,721612,721613,721614,721615,721616,674174,721617,721618,721619,721620,641425,721621,721622,721623,721624,721625,665784,721626,721627,559812,721628,721629,721630,621364,721631,721632,665264,721633,721634,721635,721636,518941,629802,721637,721638,657712,721639,721640,721641,721642,721643,721644,630552,683415,721645,721646,721647,721648,721649,721650,721651,721652,721653,721654,721655,721656,642538,669005,721657,537278,521869,721658,721659,721660,622610,657481,663533,721661,721662,721663,721664,721665,721666,721667,721668,721669,671157,721670,721671,721672,499890,721673,721674,721675,721676,721677,721678,721679,721680,721681,670823,721682,721683,721684,721685,721686,721687,721688,721689,721690,721691,721692,721693,721694,721695,680225,721696,721697,648035
60,6001,'2',721698,627214,721699,721700,721701,721702,721703,721704,721705,721706,721707,721708,644558,670450,721709,628186,721710,674534,618965,721711,721712,721713,617108,721714,531059,661265,721715,721716,721717,721718,721719,721720,721721,674397,641729,721722,675559,721723,721724,644572,721725,721726,721727,721728,721729,637474,721730,721731,721732,721733,721734,687289,531929,721735,721736,721737,721738,721739,513454,721740,721741,721742,721743,721744,721745,660814,721746,721747,721748,721749,721750,721751,721752,643820,721753,721754,517519,721755,654974,721756,721757,684950,721758,721759,721760,721761,721762,621169,721763,459397,721764,721765,721766,721767,686887,721768,721769,721770,588280,721771,656872,682575,679212,721772,721773,721774,721775,721776,721777,670513,721778,721779,721780,589098,721781,604893,721782,721783,721784,721785,721786,721787,721788,599927,721789,721790,721791,721792,721793,721794,721795,562611,665359,721796,721797,721798,721799,679375,721800,721801,721802,721803,686002,721804,721805,721806,721807
60,6001,'3',721808,721809,721810,676905,721811,721812,616370,721813,721814,721815,721816,721817,530548,721818,721819,721820,721821,687988,721822,721823,653969,721824,721825,721826,721827,721828,721829,721830,721831,721832,721833,721834,721835,721836,721837,721838,721839,721840,721841,511700,721842,721843,721844,617152,721845,721846,721847,721848,721849,721850,721851,721852,721853,721854,721855,668443,576036,666059,721856,619207,721857,721858,656518,721859,721860,721861,661325,721862,685494,632136,721863,721864,721865,721866,721867,721868,721869,721870,721871,652771,721872,721873,721874,721875,721876,721877,721878,721879,721880,721881,721882,721883,721884,721885,721886,721887,721888,721889,721890,604618,721891,620371,622758,721892,721893,554807,721894,721895,721896,721897,721898,637851,721899
60,6001,'5',721900,721901,513593,654093,721902,687034,721903,721904,721905,721906,721907,721908,721909,721910,721911,721912,721913,642403,721914,721915,721916,721917,721918,721919,721920,721921,641606,662851,721922,721923,721924,661998,721925,721926,721927,721928,721929,721930,721931,721932,721933,721934,535822,558662,535824,721935,721936,721937,721938,560161,721939,721940,721941,721942,721943,680634,721944,721945,721946,721947,658182,522693,621748,721948,721949,686065,721950,721951,721952,630068,721953,721954,721955,721956,568396,674327,721957,721958,721959,721960,721961,721962,721963,721964,721965,589346,721966,721967,721968,669746,721969,721970,721971,721972,721973,721974,721975,721976,721977,624880,721978,721979,721980,721981,721982,721983,721984,721985,660907,721986,610426,721987,721988,721989,721990,721991,721992,670730,721993,721994,721995,721996,721997,721998,721999,722000,722001,680755,722002
60,6002,'1',722003,722004,722005,722006,722007,722008,722009,722010,722011,722012,722013,650678,627898,722014,722015,722016,722017,722018,576916,620812,722019,670176,722020,722021,722022,722023,641855,722024,722025,722026,722027,722028,722029,722030,722031,722032,722033,651261,560255,553539,671866,722034,722035,722036,722037,722038,722039,722040,722041,635734,722042,722043,533970,722044,722045,625373,722046,722047,722048,685350,610066,722049,722050,685117,520950,722051,631295,722052,722053,663503,722054,672802,722055,676704,722056,722057,592210,636241,722058,722059,722060,722061,672811,722062,633532,617374,722063,722064,722065,722066,722067,722068,635756,722069,722070,722071,722072,722073,722074,722075,722076,722077,682878,689728,722078,586278,722079,722080,722081,722082,670811,616295,682980,722083,722084,722085,722086,665852,722087,643795,722088,722089,722090,722091,722092,722093,722094,722095,722096,722097,722098,722099,625864,722100,722101,722102,675230,722103,722104,522433,722105,612456,722106,722107,671689,646724,722108,722109
60,6002,'2',722110,722111,722112,722113,722114,722115,722116,722117,722118,722119,722120,722121,722122,722123,722124,722125,722126,722127,722128,722129,722130,646733,722131,612955,722132,633546,722133,722134,722135,617600,722136,598682,722137,722138,722139,722140,722141,722142,654950,722143,722144,722145,653838,722146,722147,722148,598686,722149,642613,722150,683503,722151,722152,722153,722154,722155,722156,722157,687939,686559,722158,629643,722159,722160,722161,722162,443231,722163,722164,722165,722166,629439,637521,722167,722168,722169,722170,722171,722172,722173,722174,722175,722176,678890,473197,722177,722178,722179,722180,722181,587452,722182,654982,722183,722184,609094,637566,722185,722186,617436,722187,722188,722189,722190,722191,722192,722193,722194,722195,722196,632865,722197,722198,615778,722199,722200,722201,722202,722203,722204,722205,722206,722207,722208,680815,722209,722210,722211,722212,722213,722214,722215,606498,722216,655944,722217,722218,722219,722220,722221,722222,722223,655436,722224,722225,722226,722227,722228
60,6002,'3',646424,722229,722230,722231,722232,722233,521118,722234,722235,722236,722237,722238,722239,722240,722241,722242,722243,722244,722245,608177,722246,588549,722247,722248,722249,722250,722251,625151,722252,638828,722253,722254,722255,722256,722257,722258,675608,722259,722260,722261,541297,722262,722263,722264,658333,722265,551849,722266,722267,722268,722269,722270,722271,646266,722272,722273,722274,722275,722276,722277,552765,722278,722279,722280,722281,722282,722283,576257,722284,722285,722286,722287,658706,722288,722289,722290,375624,666063,722291,684737,722292,722293,722294,611736,722295,722296,722297,722298,722299,667438,722300,722301,722302,722303,722304,722305,722306,722307,722308,722309,722310,722311,668480,722312,722313,636852,722314,722315,722316,651773,722317,640754
60,6002,'5',628605,722318,722319,641800,536867,722320,619956,722321,722322,722323,722324,722325,575828,722326,722327,722328,722329,632990,722330,722331,722332,722333,722334,722335,613842,722336,722337,722338,722339,722340,722341,642825,631734,654105,647800,722342,722343,672413,722344,722345,722346,722347,722348,722349,722350,722351,722352,722353,722354,722355,722356,722357,722358,722359,722360,542634,629535,722361,722362,722363,722364,722365,632207,612693,722366,722367,722368,722369,722370,687790,722371,722372,722373,722374,722375,722376,722377,683017,722378,722379,722380,722381,722382,722383,618179,722384,722385,722386,722387,722388,722389,722390,722391,722392,722393,722394,722395,608458,722396,722397,722398,722399,722400,722401,722402,722403,722404,609696,722405,722406,722407,722408,722409,722410,722411,722412,655189,722413,722414,722415,527520,722416,722417,643917,722418,722419,680198,649302
61,6103,'1',722420,722421,722422,608285,722423,722424,722425,722426,722427,722428,722429,722430,722431,722432,661408,722433,722434,444102,722435,722436,722437,722438,611490,722439,643936,722440,648463,722441,722442,613966,722443,722444,690559,722445,722446,601482,722447,722448,665817,722449,722450,722451,659577,612406,722452,722453,722454,722455,668097,722456,722457,722458,722459,722460,722461,722462,722463,656782,722464,722465,722466,722467,611986,722468,722469
61,6103,'2',659263,722470,722471,722472,722473,722474,722475,722476,722477,546620,722478,722479,722480,614391,653831,722481,722482,722483,722484,678202,722485,722486,722487,722488,722489,722490,722491,722492,612494,614801,722493,541882,722494,722495,722496,554932,722497,629434,722498,722499,722500,722501,722502,722503,722504,722505,687677,722506,722507,722508,722509,722510,625941,722511,722512,617133,669417,587691,722513,634732,676081,722514,722515
61,6103,'3',722516,722517,722518,722519,722520,722521,722522,722523,722524,722525,722526,722527,722528,610655,631605,664523,722529,722530,684718,667691,722531,722532,722533,722534,722535,722536,722537,722538,722539,669086,722540,722541,722542,722543,722544,722545,722546,722547,680469,722548,684235,722549,722550,722551,722552,722553,722554,722555,722556,722557,722558,722559,722560,722561,722562,668158
61,6103,'5',722563,722564,658152,722565,557731,722566,722567,722568,722569,722570,635683,722571,722572,722573,647795,722574,722575,722576,603617,722577,722578,722579,722580,722581,722582,722583,722584,722585,722586,722587,722588,722589,722590,722591,517593,722592,722593,722594,619355,669515,722595,722596,722597,571064,722598,722599,722600,722601,722602,722603,722604,722605,722606,722607,722608,722609,722610,722611,722612,618236,722613,722614,722615
61,6104,'1',722616,722617,722618,722619,722620,722621,523054,722622,663171,722623,722624,722625,722626,722627,722628,722629,722630,722631,722632,552404,683800,722633,722634,722635,722636,722637,631279,722638,722639,722640,722641,722642,722643,722644,722645,722646,668238,722647,722648,722649,722650,722651,610088,688142,518575,722652,722653,722654,722655,722656,722657,722658,722659,619589,722660,722661,521440,722662,722663,637343,722664,722665,538340,606682,722666
61,6104,'2',722667,722668,722669,722670,722671,722672,604831,655827,722673,722674,722675,722676,722677,722678,722679,722680,722681,722682,722683,722684,722685,722686,722687,722688,722689,722690,722691,722692,722693,722694,722695,722696,722697,722698,722699,722700,722701,722702,624084,661282,722703,722704,722705,722706,527754,722707,722708,722709,722710,722711,722712,722713,576219,485652,722714,722715,722716,722717,722718,722719,722720,722721,722722
61,6104,'3',722723,722724,722725,722726,722727,722728,722729,722730,722731,722732,722733,722734,722735,722736,635157,606245,630916,722737,722738,722739,722740,580339,722741,722742,722743,722744,722745,646263,722746,722747,722748,722749,722750,722751,621637,722752,722753,722754,722755,577584,722756,722757,685498,722758,722759,722760,722761,688028,722762,651407,722763,722764,722765,722766,684285,722767
61,6104,'5',722768,722769,722770,722771,722772,722773,722774,722775,637885,722776,545875,722777,648763,722778,722779,722780,722781,675648,722782,722783,722784,722785,612677,658170,646480,722786,722787,522183,722788,722789,722790,685730,722791,722792,722793,722794,722795,722796,722797,722798,722799,657112,722800,722801,722802,722803,722804,722805,722806,688419,722807,722808,722809,638934,722810,722811,722812,616765,722813,722814,682030,722815,722816
62,6201,'1',722817,722818,722819,722820,722821,722822,722823,683786,672972,722824,605820,646344,722825,722826,722827,722828,722829,722830,722831,722832,627980,722833,722834,722835,722836,722837,722838,722839,722840,621384,594320,722841,690187,613392,722842,722843,722844,572049,647488,722845,629838,722846,722847,618349,665000,722848,722849,722850,722851,593355,722852,722853,671686,722854,722855,722856,598915
62,6201,'2',722857,722858,722859,722860,722861,722862,645999,722863,722864,722865,722866,722867,722868,722869,722870,615345,722871,722872,722873,722874,722875,672260,722876,617938,722877,722878,722879,722880,722881,722882,722883,722884,722885,722886,722887,722888,722889,722890,722891,722892,722893,646028,722894,722895,722896,722897,722898,722899,722900,722901,722902,722903,722904,722905
62,6201,'3',722906,722907,722908,722909,722910,722911,722912,722913,722914,722915,722916,722917,722918,722919,642727,722920,722921,722922,659071,659815,722923,722924,722925,722926,552958,722927,663361,722928,722929,722930,722931,722932,634176,722933,722934,661531,722935,376586,722936,722937,722938,722939,722940,722941,722942,522127,651762,722943,722944,722945,722946,470923,722947
62,6201,'5',722948,722949,722950,722951,722952,687457,722953,722954,613828,722955,722956,722957,535314,722958,722959,561607,667458,722960,722961,722962,722963,722964,722965,722966,722967,722968,722969,722970,722971,722972,722973,529189,722974,722975,722976,722977,722978,690142,722979,722980,722981,722982,662159,722983,663727,722984,722985,722986,722987,668560,722988,722989,722990,722991,722992,612270,722993,722994
62,6202,'1',722995,722996,722997,657429,690395,722998,722999,723000,723001,610447,723002,723003,723004,665245,723005,723006,723007,723008,585021,630504,723009,723010,723011,723012,723013,723014,626597,603452,723015,723016,723017,723018,723019,665830,723020,723021,723022,723023,631926,723024,723025,628078,668665,723026,723027,686362,723028,677558,723029,723030,723031,550190,723032,723033,519366,723034,723035,723036
62,6202,'2',723037,723038,723039,675544,723040,723041,723042,723043,723044,723045,723046,723047,723048,723049,723050,723051,723052,723053,723054,723055,723056,723057,723058,667203,723059,723060,574475,723061,723062,723063,723064,642212,723065,642219,723066,723067,636536,723068,723069,723070,529596,723071,723072,688246,723073,723074,723075,723076,723077,723078,723079,486315,723080,723081,723082
62,6202,'3',723083,723084,723085,723086,723087,723088,723089,723090,723091,723092,723093,723094,631615,723095,723096,723097,656965,723098,723099,723100,723101,723102,723103,599727,723104,723105,723106,723107,643481,723108,723109,723110,723111,723112,723113,723114,723115,723116,617673,723117,680304,723118,723119,723120,723121,484084,723122,723123,723124,723125,562665,472448
62,6202,'5',723126,723127,723128,723129,637870,723130,534321,723131,723132,723133,723134,723135,723136,723137,723138,723139,723140,723141,723142,723143,723144,723145,723146,723147,534363,723148,627762,723149,723150,723151,723152,683277,723153,723154,723155,683698,723156,723157,723158,723159,723160,682902,723161,723162,723163,723164,723165,723166,723167,723168,723169,643247,635531,723170,723171,723172,723173
63,6303,'1',384711,723174,723175,723176,723177,723178,610440,723179,644874,723180,723181,723182,723183,723184,568925,723185,723186,671631,723187,723188,671856,723189,723190,723191,607459,522271,723192,590649,723193,617206,685578,665758,638093,723194,723195,625333,723196,723197,723198,723199,723200,723201,723202,723203,723204,723205,723206,723207,723208,723209,723210,723211,723212,723213,723214,723215,528084,604360,723216,723217,592551,631848,723218,723219,723220,723221,608032,723222,723223,723224,723225,723226,723227,723228,723229,532240,688462,723230,723231,611891,723232,723233,723234,723235,723236,630489,723237,723238,723239,723240,723241,723242,723243,723244,631269,723245,723246,723247,723248,680043,723249,723250,538168,723251,723252,723253,723254,723255,723256,723257,582512,723258,723259,723260,723261,723262,644186,723263,723264,723265,723266,723267,723268,723269,723270,723271,654340,723272,723273,723274,723275,723276,723277,723278,723279,723280,634038,723281,723282,723283,723284,723285,723286,723287,723288,723289,723290,723291,723292,723293,676199,668626,723294,723295,723296,723297,688124,723298,580621,723299,723300,723301,723302,723303,723304,723305,723306,723307,723308,596437,723309,723310,723311,723312,723313,723314,723315,723316,723317,723318,723319,723320,646156,723321,723322,723323,723324,723325,723326,723327,500094,723328,617367,723329,723330,646158,723331,723332,583641,661224,547983,723333,723334,723335,723336,723337,723338,723339,723340,591504,723341,723342,723343,723344,723345,723346,723347,723348,656742,723349,635951,723350,688145,723351,723352,616038,723353,723354,723355,723356,659573,723357,611203,545616,642118,723358,723359,723360,723361,602983,610896,723362,723363,723364,508854,723365,723366,723367,723368,723369,723370,723371,723372,723373,723374,723375,649892,723376,675313,723377,611541,723378,723379,723380,723381,573908,723382,723383,723384,723385,684502,659256,723386,723387,723388,723389,679326,723390,723391,645971,723392,723393,723394,723395,723396,689735,723397,723398,723399,723400,616566,723401,723402,723403,723404,723405,723406,578581,723407,606893,723408,723409,638719,688165,723410,533232,723411,723412,723413,723414,723415,723416,723417,671160,605318,723418,723419,723420,688170,723421,513087,723422,723423,723424,723425,484939,723426,723427,723428,634426,723429,723430,533543,723431,723432,723433,723434,723435,723436,723437,723438,723439,723440,723441,723442,723443,723444,723445,723446,723447,637337,723448,723449,723450,723451,723452,723453,723454,690530,723455,723456,723457,723458,723459,517493,723460,646190,723461,723462,723463,723464,723465,723466,723467,723468,723469,684906,647522,723470,723471,723472,624015,723473,519141,723474,723475,723476,723477,723478,723479
63,6303,'2',723480,553618,723481,723482,723483,723484,723485,723486,723487,723488,557048,723489,723490,723491,606904,723492,653081,647531,608099,632390,723493,723494,723495,665888,723496,723497,723498,686813,723499,682328,723500,723501,723502,604451,723503,723504,723505,635062,723506,669802,723507,723508,723509,723510,723511,686549,723512,723513,685968,723514,648052,613625,723515,723516,723517,723518,723519,723520,655832,723521,723522,664648,576417,723523,723524,723525,723526,723527,723528,723529,654372,723530,723531,723532,723533,723534,723535,723536,723537,723538,723539,723540,723541,723542,723543,723544,604845,723545,723546,660205,723547,723548,723549,723550,723551,723552,723553,723554,723555,723556,723557,723558,723559,723560,723561,723562,723563,663072,723564,723565,668330,723566,723567,628229,723568,723569,677998,723570,612488,723571,723572,516436,723573,723574,543320,723575,723576,723577,723578,723579,723580,723581,631994,643376,723582,723583,723584,723585,723586,723587,723588,723589,672032,723590,723591,723592,723593,723594,723595,723596,723597,723598,723599,625076,723600,723601,723602,723603,612028,723604,723605,723606,554934,723607,723608,723609,723610,723611,523983,723612,723613,723614,723615,723616,650423,723617,723618,723619,723620,723621,723622,723623,552463,723624,580323,723625,723626,723627,645558,723628,723629,723630,591555,675006,723631,723632,579022,723633,723634,723635,723636,723637,723638,723639,723640,723641,723642,671908,723643,723644,723645,723646,650022,723647,723648,665554,723649,723650,723651,723652,723653,723654,588647,723655,723656,723657,682617,723658,723659,723660,723661,723662,723663,723664,723665,723666,723667,723668,723669,639075,723670,723671,610598,723672,723673,568125,723674,723675,723676,723677,624631,679923,723678,723679,723680,723681,723682,606477,723683,723684,723685,723686,723687,723688,723689,723690,723691,723692,723693,678219,723694,661706,611299,723695,528887,723696,723697,723698,607866,662439,723699,517264,723700,723701,723702,723703,723704,723705,723706,650845,723707,723708,723709,624111,633920,723710,723711,723712,723713,723714,723715,685202,723716,723717,723718,723719,723720,723721,723722,723723,723724,604515,723725,633284,723726,723727,723728,723729,723730,723731,723732,723733,723734,723735,723736,723737,723738,723739,680105,660668,723740,723741,723742,723743,723744,723745,690054,723746,723747,723748,723749,723750,723751,723752,723753,723754,723755,687968,723756,723757,723758,723759,723760,723761,723762,723763,723764,723765,723766,723767,723768,723769,613711,723770,723771,723772,723773,723774,723775,723776,723777,619104,723778,723779,723780,723781,723782,616925,723783,723784,723785,723786
63,6303,'3',723787,723788,723789,723790,723791,723792,723793,723794,622056,629467,723795,723796,723797,622057,723798,723799,723800,723801,723802,670109,639396,723803,723804,723805,723806,664322,723807,618523,723808,552495,723809,723810,723811,723812,723813,723814,723815,723816,723817,723818,723819,723820,723821,723822,723823,723824,723825,723826,723827,723828,723829,723830,723831,723832,688641,723833,723834,647684,723835,723836,723837,723838,723839,723840,723841,723842,723843,723844,723845,723846,723847,723848,723849,723850,723851,621209,723852,723853,649107,723854,723855,723856,723857,723858,723859,723860,723861,723862,723863,723864,723865,723866,723867,723868,723869,723870,682222,723871,723872,723873,723874,723875,723876,723877,723878,723879,666032,723880,723881,670569,723882,528361,723883,723884,643691,723885,723886,723887,723888,723889,723890,723891,723892,723893,723894,525852,723895,723896,723897,723898,723899,723900,723901,661516,723902,723903,653140,723904,631638,723905,723906,723907,723908,723909,723910,723911,723912,723913,723914,723915,723916,723917,723918,613465,723919,676449,723920,604958,723921,723922,723923,723924,723925,723926,723927,723928,723929,723930,723931,723932,723933,678265,723934,723935,723936,723937,609640,723938,723939,723940,723941,723942,723943,590446,723944,633356,723945,621640,723946,522593,723947,723948,723949,723950,723951,584435,723952,520783,454953,672071,723953,723954,723955,723956,723957,723958,723959,723960,723961,723962,723963,654036,723964,723965,723966,723967,723968,723969,723970,723971,723972,723973,723974,723975,619218,723976,723977,723978,723979,723980,656535,723981,723982,723983,723984,723985,723986,642352,723987,723988,723989,631673,723990,723991,666083,723992,723993,723994,723995,723996,723997,723998,723999,724000,655082,724001,724002,724003,724004,724005,724006,724007,724008,631686,724009,724010,724011,526120,724012,724013,724014,724015,724016,724017,655546,724018,724019,724020,724021,724022,724023,724024,724025,724026,724027,724028,724029,724030,724031,724032,724033,724034,421839,724035,618099,416980,724036,724037,724038,724039,724040,682634,724041,724042,724043,631040,724044,724045,724046,724047,724048,724049,724050,724051,724052,724053,724054,724055,724056,724057,724058,724059,635230,724060
63,6303,'5',724061,626055,666121,724062,649187,685029,724063,724064,724065,724066,724067,724068,630353,724069,724070,724071,548590,724072,724073,724074,724075,724076,659917,724077,724078,724079,724080,669867,724081,724082,724083,724084,724085,580881,724086,724087,724088,724089,724090,724091,724092,724093,724094,724095,580885,724096,724097,724098,724099,724100,664728,724101,679119,724102,628637,724103,724104,632992,683046,724105,724106,724107,724108,724109,724110,724111,609495,724112,724113,724114,724115,724116,724117,724118,724119,724120,602442,724121,724122,724123,674132,724124,724125,724126,724127,724128,724129,724130,724131,724132,724133,724134,724135,724136,688373,724137,681721,724138,724139,724140,660481,549738,724141,724142,724143,642408,724144,602453,579258,724145,680336,724146,724147,724148,724149,724150,724151,724152,724153,685723,724154,588703,724155,724156,724157,654120,724158,675091,724159,724160,724161,724162,724163,724164,724165,622199,654124,644373,724166,724167,724168,724169,724170,679612,724171,724172,684370,724173,605054,724174,724175,724176,724177,724178,724179,642848,724180,724181,724182,724183,724184,567303,648789,530937,724185,643558,673304,724186,724187,724188,620039,724189,724190,724191,724192,616461,724193,632218,607289,724194,635899,724195,724196,724197,724198,666184,724199,666618,724200,724201,724202,724203,724204,620765,622531,724205,724206,724207,724208,724209,724210,724211,648365,724212,724213,724214,724215,609329,724216,724217,724218,724219,724220,724221,724222,724223,724224,724225,724226,724227,724228,724229,724230,724231,724232,724233,724234,724235,642444,724236,724237,608639,724238,724239,724240,724241,724242,724243,724244,724245,642454,724246,724247,724248,724249,528540,724250,724251,724252,724253,724254,724255,724256,519721,724257,724258,724259,724260,724261,724262,724263,724264,724265,724266,724267,724268,724269,724270,724271,724272,724273,724274,724275,724276,724277,724278,724279,684446,724280,653681,724281,724282,724283,724284,688082,724285,638050,724286,724287,590755,724288,724289,724290,724291,724292,724293,724294,724295,724296,605459,724297,724298,620452,724299,724300,654828,724301,724302,724303,724304,724305,724306,724307,724308,724309,724310,724311,724312,724313,666664,724314,689917,668970,724315,724316,633796,634948,724317,724318,681410,724319,724320,685090,724321,724322,605109,724323
63,6304,'1',724324,642483,724325,724326,724327,724328,724329,724330,674920,724331,724332,724333,529304,645930,724334,724335,724336,607601,724337,724338,724339,724340,609873,724341,724342,724343,650683,724344,724345,522283,724346,724347,633509,606865,519288,724348,676166,724349,724350,724351,724352,682649,724353,724354,724355,724356,724357,724358,724359,724360,665515,724361,681700,724362,654476,724363,724364,724365,724366,724367,629575,724368,724369,724370,640057,689688,657436,591685,724371,724372,724373,570277,724374,724375,724376,724377,724378,724379,724380,669319,724381,724382,609196,724383,654338,724384,724385,724386,724387,627940,672507,724388,724389,724390,724391,724392,689196,724393,724394,724395,724396,724397,724398,724399,724400,724401,724402,724403,724404,588405,724405,724406,724407,724408,724409,724410,724411,724412,724413,633816,724414,724415,633108,634578,724416,605827,724417,724418,724419,724420,724421,724422,724423,724424,724425,724426,724427,724428,680767,724429,724430,724431,724432,724433,724434,651270,724435,688892,724436,724437,724438,724439,724440,724441,724442,724443,572744,724444,724445,689512,613960,724446,724447,724448,619494,724449,724450,724451,724452,637219,724453,724454,667634,724455,724456,724457,724458,724459,724460,724461,647443,724462,724463,633833,634042,724464,724465,724466,681418,613970,724467,724468,724469,724470,527356,724471,724472,724473,724474,724475,724476,724477,609895,724478,637244,724479,724480,637248,724481,724482,563803,690510,724483,724484,724485,724486,724487,724488,652311,724489,619525,656736,724490,724491,724492,653247,642108,724493,510341,724494,618317,724495,724496,670793,724497,724498,619530,724499,724500,690282,724501,724502,646163,724503,724504,724505,724506,724507,724508,724509,724510,638986,724511,724512,724513,671147,724514,724515,595082,643622,724516,570329,724517,689655,724518,724519,570756,572043,724520,724521,724522,623960,640083,724523,724524,724525,724526,560295,724527,661236,724528,724529,724530,724531,724532,502978,599146,588416,618338,724533,606661,724534,688498,724535,724536,724537,648507,724538,724539,724540,724541,724542,724543,724544,724545,724546,724547,724548,724549,724550,724551,724552,690463,684885,724553,724554,724555,724556,664995,724557,724558,724559,724560,724561,724562,648945,724563,724564,724565,724566,724567,724568,724569,724570,724571,724572,724573,724574,724575,663547,608344,724576,724577,549877,724578,724579,724580,724581,724582,724583,724584,724585,395881,724586,724587,661456,724588,688964,724589,724590,724591,655298,724592,587418,616573,662931,724593,724594,646376,724595,724596,724597,724598,724599,724600,724601,724602,724603,724604,724605,614013,724606,724607,724608,680563,724609,724610,724611
63,6304,'2',676267,724612,724613,724614,724615,724616,724617,724618,724619,724620,724621,724622,724623,724624,629410,724625,724626,724627,724628,656321,724629,724630,724631,724632,684915,724633,724634,724635,724636,724637,724638,724639,724640,724641,724642,724643,689294,724644,724645,724646,724647,724648,724649,724650,606167,612476,724651,724652,724653,724654,724655,626635,537426,724656,724657,724658,724659,724660,724661,724662,724663,724664,724665,724666,724667,724668,620885,724669,620230,724670,724671,724672,539949,671475,724673,724674,724675,724676,724677,724678,724679,724680,641928,724681,671900,724682,677994,515751,724683,724684,724685,562804,724686,724687,724688,724689,724690,724691,724692,724693,724694,724695,724696,724697,724698,724699,724700,724701,724702,724703,724704,724705,724706,724707,724708,724709,724710,724711,724712,724713,638471,724714,724715,549290,724716,724717,593187,724718,724719,724720,428541,724721,724722,724723,654586,629432,724724,628239,724725,724726,667660,724727,724728,724729,724730,724731,724732,420635,724733,724734,628247,724735,724736,724737,724738,724739,574779,724740,724741,724742,724743,724744,724745,724746,724747,724748,724749,724750,724751,724752,724753,666390,604476,724754,724755,724756,688566,724757,724758,724759,724760,724761,724762,724763,724764,724765,724766,627325,724767,724768,724769,724770,724771,649021,724772,724773,618446,595025,662951,724774,724775,724776,724777,724778,724779,724780,724781,724782,724783,724784,652395,724785,724786,724787,724788,724789,724790,724791,724792,724793,571588,724794,724795,724796,724797,724798,724799,654976,724800,724801,724802,724803,724804,724805,724806,724807,724808,724809,724810,624617,724811,724812,724813,724814,724815,724816,724817,724818,724819,724820,724821,724822,724823,724824,724825,724826,724827,724828,724829,724830,724831,724832,724833,724834,724835,724836,556276,724837,724838,724839,724840,724841,621174,724842,655917,724843,724844,724845,724846,724847,724848,658298,724849,724850,666915,724851,724852,724853,724854,724855,636575,724856,724857,724858,724859,636577,724860,724861,724862,724863,724864,724865,724866,613693,724867,724868,724869,724870,724871,724872,724873,724874,724875,553720,724876,724877,724878,724879,627433,618498,656426,724880,724881,724882,724883,724884,724885,724886,724887,724888,619089,724889,724890,724891,724892,724893,724894,724895,724896,612542,724897,724898,724899,684106,724900,724901,724902,724903,724904,724905,616923,724906,724907,724908,724909,724910,590410,627451,724911,724912,724913,724914,724915,724916,724917,724918,724919,724920,724921,724922,724923,724924,724925,724926,724927,724928,724929,724930,724931,724932,724933,724934,724935
63,6304,'3',724936,724937,724938,724939,724940,724941,724942,724943,724944,724945,724946,724947,604923,724948,724949,724950,724951,724952,724953,724954,724955,724956,724957,724958,724959,724960,724961,724962,724963,627477,724964,724965,724966,600905,724967,724968,724969,724970,724971,724972,724973,724974,724975,724976,724977,724978,724979,724980,724981,561490,724982,724983,684711,724984,724985,724986,724987,724988,724989,724990,724991,724992,724993,724994,724995,554539,724996,724997,724998,724999,630922,725000,725001,725002,725003,725004,725005,725006,725007,725008,725009,725010,725011,725012,725013,725014,725015,725016,725017,725018,725019,725020,725021,725022,667989,725023,725024,725025,669837,725026,725027,725028,725029,725030,725031,660335,725032,725033,689056,725034,725035,725036,725037,725038,725039,725040,608958,725041,725042,725043,725044,725045,429532,725046,685237,725047,725048,684180,667993,725049,725050,604564,725051,725052,620973,725053,725054,623345,725055,725056,725057,725058,725059,725060,725061,725062,725063,725064,725065,609123,725066,725067,725068,725069,667431,485126,725070,725071,725072,725073,725074,725075,725076,725077,633346,725078,725079,571726,725080,537720,725081,682138,725082,725083,725084,618572,725085,539314,725086,725087,725088,625610,725089,725090,725091,725092,725093,725094,725095,725096,690088,725097,725098,725099,725100,725101,725102,553331,725103,725104,725105,725106,725107,725108,725109,725110,725111,725112,640441,725113,725114,725115,725116,725117,684740,725118,725119,725120,675968,725121,617670,667253,725122,607934,725123,725124,725125,725126,725127,725128,725129,643866,661535,675843,725130,725131,725132,725133,597073,661754,725134,658720,725135,657011,725136,725137,725138,725139,725140,725141,677435,725142,684243,725143,725144,725145,725146,725147,725148,725149,607409,725150,644102,725151,545829,725152,725153,725154,725155,725156,725157,725158,725159,725160,609477,725161,725162,725163,725164,725165,725166,725167,725168,639154,725169,725170,725171,667107,725172,606554,725173,667583,725174,725175,725176,725177,725178,725179,725180,725181,725182,725183,725184,725185,725186,615574,725187,725188,623076,725189,681532,725190,725191,725192,725193,725194,725195,725196,725197,725198,725199,725200,725201,725202
63,6304,'5',725203,725204,592493,642384,725205,677025,725206,725207,685031,725208,654738,725209,725210,725211,725212,725213,725214,725215,595883,622771,725216,725217,725218,580049,725219,725220,725221,725222,725223,725224,725225,725226,725227,725228,640761,725229,725230,725231,605020,679992,725232,621258,595007,598797,725233,725234,725235,725236,688728,725237,725238,725239,631726,653001,725240,725241,725242,541435,725243,725244,633768,725245,725246,624277,725247,725248,725249,725250,725251,725252,725253,725254,725255,725256,725257,725258,725259,674306,725260,725261,605035,725262,725263,725264,632185,725265,725266,725267,725268,725269,725270,725271,725272,725273,725274,725275,725276,725277,725278,725279,725280,725281,725282,725283,725284,725285,725286,725287,725288,725289,725290,725291,725292,725293,596460,725294,665461,643192,725295,725296,725297,725298,725299,725300,684347,725301,654765,725302,725303,725304,725305,725306,650602,725307,725308,725309,725310,725311,725312,654320,725313,725314,725315,627754,725316,725317,725318,607973,725319,560148,725320,725321,725322,725323,725324,725325,725326,725327,725328,670675,725329,725330,725331,725332,725333,725334,725335,653626,664747,725336,725337,725338,725339,725340,725341,725342,725343,725344,725345,626901,725346,514029,662870,725347,725348,725349,675268,725350,725351,725352,551702,725353,725354,725355,725356,725357,725358,725359,725360,725361,725362,725363,725364,586967,725365,725366,725367,725368,725369,725370,633632,680522,725371,725372,725373,608635,725374,725375,725376,725377,725378,725379,725380,725381,725382,725383,725384,649761,725385,725386,725387,725388,725389,725390,725391,725392,725393,725394,651235,725395,725396,609861,685311,609690,725397,725398,725399,725400,669527,725401,725402,725403,725404,725405,725406,682257,725407,725408,725409,725410,725411,725412,685897,656664,646678,640802,654177,725413,667882,725414,725415,725416,725417,725418,725419,645322,637080,725420,725421,725422,725423,725424,601076,725425,725426,725427,725428,725429,725430,623850,725431,725432,725433,725434,725435,725436,725437,725438,637093,725439,725440,725441,725442,725443,725444,725445,725446,644863,725447,725448,725449,612272,725450,725451,725452,725453,725454,725455,679758,725456,725457,610839,534451,725458,725459,725460,574974,725461,725462,624381,725463,527131,725464,725465,725466,725467,725468,725469
64,6403,'1',725470,725471,636114,725472,725473,725474,555311,626956,725475,592190,725476,574094,725477,725478,725479,725480,725481,619462,725482,725483,725484,725485,725486,725487,725488,725489,725490,725491,642076,725492,725493,725494,615213,725495,616021,725496,725497,725498,725499,725500,725501,725502,725503,627052,725504,614679,725505,725506,725507,725508,725509,725510,725511,725512,725513,685136,492967,643785,725514,725515,725516,609734,725517,725518,725519,725520,631351,725521,667035,725522,725523,677554,725524,725525,725526,725527,558526,725528,725529,618907,725530,621916,725531,725532,725533,725534,725535,725536,725537,638725,725538,725539,725540,725541,725542,725543,725544,725545,530104,725546,725547,725548
64,6403,'2',725549,640329,725550,725551,656317,725552,680231,725553,676273,725554,725555,584178,725556,725557,725558,725559,725560,725561,725562,605339,725563,725564,725565,725566,725567,725568,725569,725570,725571,725572,725573,725574,657512,725575,725576,725577,725578,725579,725580,377053,725581,725582,725583,725584,725585,536809,725586,725587,725588,725589,725590,725591,725592,725593,725594,725595,725596,725597,725598,664298,612520,725599,725600,725601,680420,725602,725603,725604,725605,725606,725607,725608,632878,725609,725610,725611,725612,725613,725614,725615,630260,725616,725617,725618,725619,725620,725621,725622,725623,666455,725624
64,6403,'3',725625,725626,725627,725628,725629,617286,725630,725631,725632,725633,665577,725634,725635,725636,725637,725638,668413,725639,725640,725641,725642,725643,619833,725644,725645,725646,725647,725648,614954,725649,725650,725651,725652,725653,725654,725655,725656,725657,725658,725659,725660,725661,725662,725663,725664,725665,725666,725667,725668,725669,672361,725670,725671,661323,725672,725673,725674,725675,725676,630323,656533,725677,725678,686994,725679,725680,725681,725682,647755,725683,725684,725685,725686,725687,671563,725688,725689,631039,725690,656563,725691,725692,725693,725694,725695
64,6403,'5',725696,668159,725697,537837,725698,725699,725700,725701,725702,725703,725704,725705,725706,725707,725708,725709,725710,657072,725711,611791,725712,725713,678304,725714,725715,725716,725717,621721,725718,725719,725720,725721,725722,725723,725724,671079,725725,725726,725727,685892,725728,725729,656627,725730,725731,725732,725733,725734,725735,725736,725737,725738,616739,529924,725739,725740,608636,609514,678621,725741,725742,725743,725744,725745,725746,725747,725748,725749,725750,725751,725752,663025,725753,725754,725755,650650,725756,725757,725758,725759,725760,725761,725762,725763,725764,725765,605621,725766,628803,564383,725767
64,6404,'1',549802,725768,725769,671853,725770,725771,725772,725773,725774,725775,725776,725777,670175,725778,725779,725780,629780,515132,725781,522300,725782,725783,725784,670755,725785,725786,725787,725788,725789,725790,725791,725792,725793,617217,725794,666274,725795,725796,725797,725798,725799,725800,624952,725801,652896,725802,725803,725804,539912,725805,725806,725807,725808,725809,725810,725811,689236,725812,725813,725814,725815,590333,725816,725817,725818,725819,651939,725820,725821,725822,725823,725824,725825,607789,725826,725827,725828,725829,725830,725831,725832,725833,725834,725835,725836,725837,725838,725839,623227,725840,677245,725841,725842,725843,725844,725845,674976,678677,673196,725846,725847,725848
64,6404,'2',725849,628849,725850,635056,725851,725852,725853,725854,725855,725856,525774,725857,639908,725858,725859,725860,725861,725862,725863,725864,686829,725865,586853,725866,725867,725868,612487,646576,725869,622648,725870,725871,725872,725873,725874,725875,725876,725877,725878,725879,725880,725881,725882,725883,725884,725885,725886,725887,725888,725889,725890,725891,725892,725893,725894,725895,725896,725897,725898,725899,725900,725901,725902,725903,653888,614859,725904,725905,725906,725907,725908,725909,725910,725911,725912,725913,688606,725914,632051,631561,725915,725916,725917,725918,624136,725919,725920,725921,725922,725923,641954
64,6404,'3',725924,725925,653125,725926,725927,541259,725928,725929,725930,725931,679227,725932,611336,725933,725934,725935,725936,725937,725938,725939,725940,725941,725942,725943,725944,725945,725946,725947,725948,725949,725950,725951,725952,668424,725953,725954,725955,725956,725957,725958,725959,725960,725961,725962,725963,725964,496552,725965,492120,725966,666523,725967,725968,725969,725970,555227,725971,725972,725973,725974,725975,622129,725976,725977,657615,725978,725979,607937,604600,725980,725981,725982,725983,725984,725985,725986,642370,725987,725988,725989,725990,725991,725992,725993,725994
64,6404,'5',725995,725996,725997,725998,605423,725999,726000,726001,726002,622496,726003,726004,726005,726006,726007,726008,726009,726010,689880,532466,726011,726012,726013,726014,640478,726015,649224,656606,556466,726016,726017,726018,620752,726019,726020,726021,726022,726023,726024,726025,726026,726027,615646,582775,726028,726029,726030,726031,726032,726033,726034,604693,726035,558465,726036,726037,726038,726039,726040,726041,686073,726042,726043,726044,726045,726046,726047,726048,726049,726050,726051,637079,726052,726053,726054,726055,569187,726056,547796,726057,631208,726058,668965,726059,534959,726060,726061,726062,609531,726063,726064
65,6503,'1',618239,726065,549189,675781,726066,726067,726068,513118,726069,572730,660927,726070,726071,649320,646132,583233,726072,726073,644430,726074,678497,726075,630114,726076,726077,726078,674713,726079,726080,726081,726082,726083,619476,647944,690486,726084,726085,726086,726087,675889,726088,726089,726090,726091,726092,726093,726094,726095,663988,726096,726097,726098,726099,726100,726101,726102,726103,726104,726105,726106,646534,726107,672537,726108,726109,726110,726111,726112,667030,623944,726113,628035,403926,726114,726115,726116,726117,726118,681267,689241,662351,726119,726120,726121,726122,726123,627121,653263,683906,726124,601172,726125,726126,726127,726128,671678,726129,726130,726131,616839,726132,726133,726134,726135,726136,726137,726138,726139,670428,726140,726141,726142,726143,632793
65,6503,'2',618385,726144,726145,726146,621135,726147,662205,726148,726149,726150,650784,582044,726151,726152,726153,606175,622643,726154,726155,665026,726156,726157,726158,726159,726160,726161,657513,726162,726163,726164,726165,726166,726167,726168,726169,726170,726171,726172,726173,726174,726175,726176,641497,726177,726178,726179,662949,625925,726180,726181,726182,726183,726184,726185,649520,615375,726186,726187,726188,726189,726190,620615,726191,645703,726192,650048,726193,726194,726195,726196,646753,726197,726198,726199,652414,726200,726201,726202,726203,726204,726205,602750,726206,726207,726208,726209,726210,726211,726212,568658,726213
65,6503,'3',726214,587304,726215,689356,726216,726217,726218,726219,726220,726221,726222,726223,726224,726225,726226,726227,726228,616653,726229,726230,726231,726232,726233,726234,726235,726236,726237,726238,726239,726240,726241,726242,635835,726243,726244,613460,726245,689820,659821,726246,726247,633589,726248,637745,726249,726250,726251,726252,726253,726254,726255,726256,726257,645451,726258,726259,726260,726261,726262,726263,726264,726265,726266,726267,726268,726269,726270,726271,655544,726272,604614,726273,667446,726274,726275,726276,496766,726277,726278,726279
65,6503,'5',726280,726281,726282,726283,726284,726285,726286,726287,726288,621006,726289,726290,726291,726292,726293,726294,726295,640471,726296,726297,726298,726299,616441,726300,726301,726302,726303,726304,726305,726306,654759,726307,726308,726309,726310,726311,726312,726313,726314,726315,726316,726317,726318,726319,625272,726320,726321,726322,575549,726323,726324,726325,726326,726327,726328,677083,726329,726330,674497,726331,726332,726333,726334,613193,726335,611841,623430,645778,726336,726337,638931,726338,726339,726340,726341,588490,726342,726343,726344,726345,618220,726346,726347,726348,726349,726350
65,6504,'1',726351,726352,726353,726354,646337,689926,726355,614639,726356,726357,726358,726359,726360,726361,726362,726363,726364,726365,726366,726367,726368,726369,726370,726371,726372,726373,610461,629243,604375,726374,726375,726376,638392,726377,726378,726379,726380,586812,726381,726382,726383,726384,726385,602956,726386,607044,433662,726387,668232,582850,726388,726389,726390,726391,726392,726393,585524,663211,617227,622888,726394,726395,663792,726396,726397,623956,726398,726399,726400,636271,726401,726402,726403,635954,726404,726405,726406,726407,726408,726409,726410,726411,726412,624995,638709,617238,726413,687888,540989,726414,726415,726416,726417,615882,577154,726418,726419,726420,535546,726421,726422,726423,726424,726425,726426,726427,726428,726429,726430,726431,726432,726433,615748,726434,726435
65,6504,'2',726436,668295,726437,726438,726439,726440,726441,726442,683155,726443,726444,726445,726446,726447,726448,726449,726450,726451,726452,726453,726454,726455,726456,726457,726458,726459,726460,669387,726461,726462,726463,726464,726465,726466,726467,726468,726469,726470,726471,726472,726473,726474,726475,726476,567568,504601,608130,626650,726477,726478,726479,726480,726481,726482,726483,726484,726485,628304,726486,726487,726488,726489,582264,726490,726491,726492,648620,635614,726493,726494,726495,538547,726496,726497,726498,726499,629914,726500,726501,726502,726503,726504,726505,614416,726506,726507,621191,726508,726509,726510,726511
65,6504,'3',726512,726513,726514,726515,726516,726517,580786,726518,726519,726520,726521,726522,617142,624157,726523,726524,726525,726526,726527,726528,726529,672060,726530,642301,726531,726532,658679,726533,726534,726535,726536,726537,726538,646775,726539,641775,726540,726541,726542,726543,726544,628521,726545,726546,657607,726547,726548,726549,726550,726551,673274,561022,726552,599387,604986,726553,726554,627615,726555,726556,726557,726558,673776,726559,633753,726560,726561,726562,726563,632569,726564,672698,683643,726565,726566,726567,726568,726569,726570
65,6504,'5',726571,726572,726573,726574,726575,635253,726576,726577,726578,726579,726580,726581,726582,726583,726584,726585,726586,726587,726588,726589,687046,726590,614599,726591,726592,726593,726594,726595,726596,726597,681563,726598,726599,726600,726601,523028,726602,726603,726604,726605,726606,726607,726608,726609,726610,726611,726612,726613,726614,726615,726616,726617,726618,726619,726620,638002,726621,726622,726623,643575,726624,726625,617339,726626,726627,726628,726629,726630,726631,726632,726633,726634,726635,726636,726637,726638,651240,726639,726640,526195,726641,607019,726642,726643,726644,726645
66,6603,'1',726646,726647,726648,726649,726650,726651,726652,726653,726654,726655,547852,726656,726657,726658,662607,726659,726660,726661,726662,668595,726663,726664,667623,726665,726666,726667,726668,726669,726670,726671,552855,726672,726673,675497,726674,726675,726676,726677,726678,726679,726680,726681,726682,726683,577715,726684,726685,726686,726687,726688,726689,726690,726691,726692,726693,726694,726695,726696,726697,726698,571452,726699,726700,457226,726701,726702,667925,674187,684869,726703,726704,726705,726706,726707,659251,726708,726709,671882,633157,726710,726711,726712,651934,726713,726714,667178,726715,726716,686351,726717,726718,726719,726720,726721,612878,625848,575947,479369,726722,726723,726724,726725,726726,726727,726728,726729,687222,488392,726730,726731,537345,726732,726733,726734,672562,641030,726735,726736,726737,560812,612924,726738,726739,665874,726740,726741,726742,726743
66,6603,'2',501327,726744,726745,726746,726747,726748,726749,726750,726751,726752,726753,662696,679507,652662,726754,726755,726756,726757,726758,726759,726760,503804,726761,726762,648580,726763,726764,499932,726765,726766,726767,726768,726769,642201,726770,726771,665046,726772,637515,643052,726773,726774,726775,626338,726776,726777,726778,726779,515513,624608,726780,726781,726782,726783,726784,630815,726785,726786,726787,726788,726789,726790,726791,663088,677775,634139,551278,726792,726793,726794,726795,726796,726797,726798,726799,726800,726801,726802,726803,726804,726805,726806,726807,726808,726809,607882
66,6603,'3',678236,726810,726811,726812,726813,726814,726815,726816,726817,726818,726819,688270,726820,726821,659790,620659,642304,726822,726823,726824,726825,726826,726827,726828,726829,726830,726831,726832,726833,650512,548444,726834,726835,726836,726837,726838,726839,726840,726841,726842,726843,652762,726844,726845,726846,726847,726848,726849,726850,726851,726852,726853,726854,726855,518669,726856,645191,726857,726858,726859,605404,726860,726861,726862,726863,726864,726865,726866,726867,726868,635484,650563,726869,466201,726870,726871,726872,726873,726874
66,6603,'5',656081,554997,726875,726876,726877,726878,726879,726880,726881,726882,726883,726884,726885,726886,726887,726888,524046,726889,726890,726891,726892,726893,679999,726894,726895,726896,726897,726898,726899,726900,726901,627745,726902,726903,726904,650233,726905,726906,726907,726908,726909,726910,726911,726912,726913,640021,726914,726915,726916,726917,726918,637028,726919,616222,726920,726921,622818,617037,658810,726922,726923,726924,680926,726925,641396,726926,726927,687530,669890,621785,726928,726929,726930,726931,726932,726933,726934,726935,726936,657688,726937,726938,726939,726940,726941,642909
66,6604,'1',726942,726943,726944,587591,726945,726946,726947,726948,726949,648859,726950,726951,726952,726953,726954,726955,726956,640993,685919,726957,726958,726959,726960,726961,726962,617755,626978,726963,726964,726965,726966,726967,726968,726969,726970,637177,726971,726972,726973,726974,726975,726976,726977,645794,726978,726979,634987,726980,685769,726981,669157,726982,726983,726984,608662,726985,726986,726987,726988,726989,520285,726990,726991,726992,726993,726994,726995,383268,726996,726997,668248,726998,617085,526262,668639,726999,546200,727000,727001,727002,727003,727004,727005,727006,727007,727008,659575,727009,727010,727011,727012,727013,535530,727014,727015,727016,727017,727018,727019,642989,608333,727020,727021,632364,727022,727023,662062,677747,727024,642564,393256,727025,727026,727027,727028,727029,727030,727031,727032,727033,727034,727035,647517,662675,727036,676048,727037,570801,649437,727038
66,6604,'2',727039,727040,727041,727042,583792,727043,727044,727045,667784,727046,727047,727048,727049,727050,727051,727052,727053,727054,727055,727056,727057,727058,727059,727060,727061,727062,727063,727064,654579,727065,618986,727066,727067,727068,727069,727070,727071,727072,727073,727074,727075,678886,727076,510097,727077,532656,727078,727079,629654,727080,727081,727082,727083,727084,727085,727086,631533,727087,727088,727089,727090,727091,727092,727093,727094,727095,675378,638504,727096,727097,727098,727099,633285,727100,727101,727102,635138,727103,727104,727105,538601,727106,727107,727108,727109,727110,727111,727112
66,6604,'3',727113,727114,727115,727116,727117,727118,727119,653448,727120,727121,727122,621204,564976,727123,682852,620961,681985,727124,649105,641096,727125,727126,727127,727128,727129,727130,727131,727132,727133,727134,727135,727136,727137,727138,727139,727140,727141,727142,686424,727143,727144,607550,639981,727145,727146,727147,727148,727149,727150,727151,727152,727153,651728,727154,727155,727156,727157,727158,727159,727160,727161,727162,647739,727163,727164,727165,604605,689851,727166,727167,670131,727168,679724,727169,727170,727171,727172,727173,686205,727174,617682
66,6604,'5',727175,727176,727177,727178,590728,727179,727180,727181,727182,727183,727184,727185,727186,727187,688737,727188,727189,727190,727191,727192,727193,727194,626894,727195,526772,727196,727197,727198,727199,727200,727201,727202,688050,727203,552798,727204,727205,727206,727207,727208,727209,727210,727211,727212,684382,727213,727214,727215,727216,727217,630065,727218,727219,660534,727220,727221,727222,727223,727224,727225,727226,631171,727227,727228,727229,727230,727231,727232,727233,727234,645779,727235,727236,727237,727238,727239,727240,676637,727241,727242,727243,686666,727244,727245,727246,727247,727248,624379
67,6703,'1',727249,608646,727250,727251,727252,613929,727253,662604,727254,727255,727256,727257,627909,727258,727259,727260,727261,727262,727263,727264,727265,727266,727267,727268,727269,727270,727271,727272,663765,540886,727273,727274,727275,613551,727276,727277,727278,634406,727279,380414,727280,727281,727282,570307,727283,727284,611920,727285,727286,727287,727288,564582,550973,727289,727290,727291,727292,607784,727293,727294,727295,727296,727297,727298,686355,609910,686523,415093,727299,523121,727300,727301,727302,727303,612442,727304,727305,638146,727306,633188,594914,727307,429944,727308,727309,727310,580466,661874,727311,626627
67,6703,'2',727312,727313,727314,727315,727316,727317,727318,727319,727320,727321,727322,727323,409813,727324,727325,727326,727327,727328,628230,727329,606455,562238,727330,727331,727332,727333,628260,612026,727334,727335,727336,727337,727338,727339,727340,727341,727342,727343,727344,619046,727345,676362,630808,727346,727347,727348,618467,649045,727349,727350,727351,596589,615919,727352,727353,622692,727354,684096,727355,622405,643672,727356,727357,727358,516620,727359
67,6703,'3',727360,727361,727362,552493,727363,727364,727365,727366,600125,727367,727368,727369,727370,727371,646438,727372,727373,727374,727375,727376,727377,727378,659088,727379,727380,675418,727381,727382,515573,567200,727383,727384,727385,727386,727387,727388,727389,727390,628565,727391,727392,727393,727394,727395,727396,727397,628593,683642,727398,727399
67,6703,'5',727400,727401,727402,727403,727404,727405,727406,727407,727408,727409,727410,679598,727411,727412,727413,727414,727415,727416,608996,727417,727418,727419,727420,727421,727422,727423,727424,727425,727426,523851,727427,727428,610795,661047,727429,727430,727431,663954,727432,727433,727434,727435,727436,727437,727438,727439,727440,517611,621784,635321,620108,621307,727441,687108,727442
67,6704,'1',727443,727444,727445,727446,727447,621810,727448,727449,727450,727451,727452,727453,727454,727455,727456,727457,727458,727459,639853,727460,727461,727462,727463,727464,727465,727466,727467,727468,727469,727470,727471,658472,727472,612814,629800,727473,727474,582230,727475,533982,727476,727477,679015,727478,690185,407432,727479,727480,727481,727482,727483,727484,727485,727486,660769,664435,727487,727488,727489,727490,727491,727492,727493,727494,727495,727496,727497,727498,690390,727499,727500,687885,727501,727502,727503,727504,609911,611960,727505,727506,727507,727508,605874,727509,727510,727511,727512,621439,727513,727514,727515,727516
67,6704,'2',727517,727518,727519,727520,529490,582681,727521,727522,727523,727524,727525,727526,727527,727528,727529,727530,727531,727532,727533,727534,727535,612012,643373,727536,727537,727538,727539,727540,727541,727542,534127,509884,727543,727544,727545,727546,727547,727548,727549,616902,727550,727551,727552,727553,727554,727555,675934,727556,727557,727558,727559,727560,727561,727562,727563,577232,727564,727565,727566,727567,727568,535193,727569,727570,727571
67,6704,'3',727572,727573,727574,727575,727576,727577,727578,640913,619156,604554,727579,727580,727581,727582,684178,727583,727584,727585,727586,727587,727588,727589,727590,727591,727592,513550,727593,727594,644723,659854,727595,644726,727596,727597,727598,727599,727600,727601,727602,633748,727603,727604,727605,727606,727607,628918,577789,727608,627638,515590,727609
67,6704,'5',727610,685272,727611,727612,564290,727613,727614,727615,675446,727616,727617,727618,677464,727619,727620,727621,727622,727623,727624,727625,727626,658175,727627,674891,727628,727629,727630,727631,636092,727632,727633,727634,609333,727635,727636,727637,727638,571935,727639,727640,727641,727642,727643,727644,668958,727645,727646,727647,727648,727649,685322,727650,727651,727652
68,6803,'1',727653,727654,727655,727656,609351,564084,727657,727658,727659,727660,727661,727662,727663,727664,727665,727666,727667,616796,727668,727669,514485,727670,644434,727671,727672,605297,727673,727674,727675,727676,727677,727678,727679,727680,727681,632706,727682,727683,727684,727685,609887,727686,727687,727688,727689,727690,727691,727692,727693,727694,727695,727696,727697,727698,727699,727700,727701,727702,727703,686751,687181,727704,727705,727706,674188,727707,727708,727709,614698,727710,727711,651290,727712,727713,727714,727715,727716,727717,727718,624993,727719,727720,727721,727722,628068,727723,727724,727725,727726,618904,727727,727728,727729,727730,727731,727732,727733,727734,727735,727736,418405,615884,628108,727737,727738,727739,727740,727741,727742,727743,543279,658955
68,6803,'2',727744,727745,727746,573921,614018,727747,727748,727749,585357,683479,727750,727751,678529,727752,625050,727753,727754,727755,727756,727757,727758,727759,727760,615758,727761,727762,727763,727764,727765,727766,727767,727768,620576,727769,614796,727770,727771,727772,727773,727774,727775,727776,652681,727777,727778,607837,727779,671489,727780,727781,727782,727783,727784,727785,727786,727787,660246,727788,727789,727790,727791,727792,727793,565438,603059,727794,727795,727796,576636,727797,727798,727799,727800,727801,727802,727803,727804,727805,727806,727807,727808,684693,686402,727809,727810,727811,727812,727813,657564,727814,727815,573735,727816,727817
68,6803,'3',727818,727819,727820,727821,727822,727823,626683,727824,727825,727826,727827,653464,640914,727828,727829,727830,727831,655476,727832,727833,727834,727835,542975,649124,727836,673264,727837,727838,727839,727840,682968,656006,727841,727842,727843,727844,727845,727846,727847,727848,727849,727850,727851,727852,727853,727854,727855,727856,727857,727858,727859,727860,727861,727862,727863,727864,727865,727866,727867,727868,670620,685263,727869,727870,727871,581899,727872,727873,615571,636853,727874,727875,727876
68,6803,'5',727877,661349,727878,727879,657045,727880,727881,727882,727883,727884,727885,727886,727887,727888,727889,727890,727891,727892,727893,727894,727895,727896,727897,727898,727899,727900,727901,727902,727903,727904,727905,727906,727907,727908,727909,727910,727911,613356,727912,727913,655152,727914,727915,727916,727917,727918,727919,727920,727921,727922,727923,727924,727925,727926,727927,727928,727929,548779,727930,586972,727931,727932,666997,727933,727934,727935,727936,727937,727938,727939,727940,727941,727942,658422,727943,727944,727945,657155,727946
68,6804,'1',727947,727948,571106,727949,727950,727951,727952,727953,727954,727955,659360,571246,727956,688833,663477,727957,527552,727958,727959,727960,727961,727962,668213,631264,727963,727964,727965,727966,727967,727968,727969,727970,727971,727972,637189,727973,727974,727975,683819,727976,690311,727977,727978,661215,727979,727980,727981,727982,727983,686268,727984,727985,727986,727987,727988,727989,727990,727991,727992,727993,727994,727995,727996,727997,727998,727999,728000,620846,605308,636277,728001,687615,728002,552671,728003,728004,728005,728006,728007,728008,662058,640089,728009,728010,592687,681149,728011,659591,689590,728012,728013,728014,728015,728016,728017,628093,477250,728018,658018,632369,672828,728019,639612,728020,612452,728021,728022,728023,672831,728024,728025,728026,728027,728028
68,6804,'2',728029,644544,728030,728031,728032,728033,728034,728035,637401,728036,528212,728037,728038,728039,666726,728040,728041,728042,728043,728044,728045,676300,635396,608122,640353,728046,728047,728048,728049,728050,728051,728052,728053,728054,728055,728056,619018,728057,728058,728059,728060,728061,681962,728062,655895,441702,728063,728064,647061,728065,728066,728067,728068,728069,644042,728070,728071,728072,728073,728074,728075,728076,728077,728078,728079,728080,486265,728081,609610,728082,612068,728083,728084,728085,728086,728087,728088,728089,728090,728091,728092,728093,728094,590839,728095,728096,728097,728098,728099,621189,728100,728101,728102,728103
68,6804,'3',728104,728105,728106,625571,622058,728107,728108,728109,645716,728110,728111,728112,728113,728114,728115,728116,728117,623578,728118,728119,728120,728121,728122,728123,728124,728125,681124,728126,610271,728127,728128,728129,728130,619196,728131,728132,728133,728134,728135,665416,728136,728137,728138,728139,728140,728141,728142,728143,520016,728144,728145,622126,728146,728147,728148,728149,728150,728151,728152,728153,728154,728155,728156,728157,728158,728159,728160,728161,728162,728163,640753,728164,728165,728166
68,6804,'5',728167,728168,728169,728170,728171,728172,680163,728173,728174,728175,728176,728177,728178,728179,728180,728181,650596,644797,643539,728182,629532,728183,728184,728185,728186,728187,654126,728188,728189,728190,728191,728192,728193,619336,728194,728195,728196,611821,594108,728197,728198,728199,605061,728200,728201,728202,728203,728204,728205,728206,728207,728208,728209,728210,638646,533686,728211,593500,728212,728213,728214,728215,728216,728217,728218,728219,612733,569768,655188,728220,728221,728222,728223,728224,728225,728226,728227,645630,728228,728229
69,6903,'1',606077,728230,728231,728232,728233,728234,631250,728235,621827,728236,728237,728238,728239,728240,641659,728241,728242,728243,728244,728245,728246,728247,728248,681175,728249,728250,728251,562994,728252,728253,657848,728254,728255,728256,728257,728258,728259,728260,667174,728261,728262,619551,728263,661089,685785,728264,728265,728266,728267,606671,728268,667944,728269,728270,728271,728272,728273,728274
69,6903,'2',728275,728276,728277,623729,728278,728279,728280,728281,662413,470855,607513,655873,728282,674782,728283,728284,653107,728285,728286,728287,728288,728289,728290,650032,474406,471851,728291,728292,728293,728294,728295,728296,728297,728298,728299,511073,728300,728301,728302,728303,728304,728305,728306,646036,728307,728308,672876
69,6903,'3',728309,728310,728311,656933,659064,728312,728313,728314,728315,728316,639403,728317,728318,728319,728320,728321,728322,728323,728324,648235,644332,728325,561001,728326,728327,728328,728329,728330,728331,728332,728333,728334,728335,728336,557718,728337,728338,728339,728340,728341,728342,728343
69,6903,'5',728344,728345,604637,646796,728346,728347,728348,728349,728350,728351,728352,728353,728354,728355,728356,676555,728357,728358,728359,728360,728361,728362,728363,728364,728365,728366,728367,728368,728369,728370,606061,728371,612721,728372,728373,728374,728375,728376,671395,728377,728378,728379,728380,728381,638356,728382
69,6904,'1',728383,488333,728384,728385,728386,728387,728388,728389,728390,728391,728392,728393,728394,517149,588402,728395,728396,728397,728398,728399,728400,728401,728402,728403,728404,689699,728405,728406,728407,728408,728409,646526,728410,728411,634049,728412,728413,649369,728414,628042,728415,728416,728417,728418,648936,728419,728420,728421,728422,728423,728424,386771,728425,728426,728427,728428,728429,677338
69,6904,'2',728430,634653,688977,728431,618950,728432,728433,728434,728435,728436,728437,728438,595214,728439,728440,728441,728442,728443,728444,728445,610956,728446,728447,728448,728449,728450,728451,685186,728452,728453,728454,728455,728456,728457,728458,728459,728460,728461,728462,728463,612546,728464,728465,728466,728467,728468,728469
69,6904,'3',728470,728471,728472,728473,728474,728475,728476,728477,728478,728479,728480,728481,728482,728483,636754,624200,614185,728484,728485,728486,651732,728487,728488,666072,728489,728490,728491,728492,728493,728494,728495,728496,728497,728498,728499,728500,728501,609141,728502,728503,728504,728505
69,6904,'5',621003,677809,728506,728507,728508,728509,728510,664558,610756,728511,728512,728513,597805,624799,728514,728515,728516,728517,728518,728519,660479,728520,728521,728522,728523,728524,728525,728526,728527,728528,572480,728529,728530,728531,728532,728533,728534,728535,728536,728537,728538,612736,728539,685319,728540,728541
70,7001,'1',618759,610845,634552,728542,728543,728544,728545,728546,676659,728547,728548,665638,623665,553524,728549,728550,635543,728551,728552,728553,518381,728554,630492,728555,728556,728557,728558,728559,728560,684581,728561,728562,659534,633118,728563,728564,728565,679481,728566,728567,728568,728569,728570,728571,728572,728573,728574,728575,728576,728577,728578,728579,728580,728581,623955,728582,522375,728583,728584,728585,728586,532270,728587,728588,728589,728590,460157,728591,728592,728593,575160,728594,728595,630611,499891,673690,728596,728597,608339,728598,728599,672018,728600,630170,728601,632772,728602,728603,607802,728604,610513,728605,728606,728607,728608,527372,728609,625028,388649,728610,728611,728612,728613,728614
70,7001,'2',728615,728616,616061,728617,728618,589513,728619,728620,728621,728622,728623,631977,728624,596549,728625,728626,728627,728628,728629,728630,728631,728632,728633,728634,728635,728636,728637,728638,728639,728640,728641,728642,630201,728643,728644,609585,728645,728646,728647,728648,656842,728649,728650,645556,728651,728652,619701,728653,728654,728655,617621,728656,728657,728658,632850,728659,728660,728661,728662,620268,728663,639674,728664,728665,728666,728667,728668,728669,728670,728671,659029,665982,728672,653923,728673,728674,728675,677614,728676,728677,728678,657280,687359,728679,728680,669966,728681,680589,728682
70,7001,'3',665569,728683,728684,728685,728686,728687,728688,728689,728690,728691,728692,628431,728693,728694,728695,728696,728697,728698,728699,728700,728701,728702,728703,728704,728705,728706,728707,728708,728709,728710,728711,728712,681337,728713,728714,680132,522579,657311,630302,728715,728716,728717,620976,728718,728719,728720,728721,728722,728723,728724,728725,728726,728727,728728,660693,676478,672368,728729,545816,728730,728731,611746,728732,728733,655538,728734,636823,728735,728736,728737,728738,728739,728740,728741,609654,728742,728743,728744,728745,661978,728746,728747
70,7001,'5',621253,728748,728749,728750,548589,728751,728752,728753,594868,728754,668501,728755,728756,552065,610361,728757,728758,728759,728760,728761,728762,570581,728763,728764,678785,728765,728766,667125,728767,728768,728769,728770,728771,728772,728773,617327,728774,728775,728776,728777,728778,728779,607154,728780,666825,728781,728782,728783,728784,728785,728786,728787,728788,728789,728790,728791,728792,633039,728793,728794,728795,728796,728797,728798,728799,674333,728800,728801,728802,728803,728804,728805,728806,728807,728808,728809,728810,728811,728812,728813,728814,728815,728816,728817,728818
70,7002,'1',678637,728819,728820,728821,728822,673502,728823,678349,515125,728824,728825,728826,728827,728828,728829,728830,579309,728831,728832,728833,728834,728835,728836,728837,728838,728839,728840,728841,728842,728843,645512,728844,728845,645513,728846,639260,728847,728848,728849,728850,728851,728852,419107,728853,728854,728855,728856,728857,728858,728859,728860,728861,689518,728862,728863,657180,728864,728865,685783,728866,728867,631341,518399,728868,728869,728870,728871,728872,679178,728873,728874,728875,728876,728877,728878,618345,631371,728879,728880,728881,728882,728883,728884,728885,611217,728886,728887,728888,728889,728890,728891,728892,728893,728894,658546,728895,656778,643351,728896,728897,728898,663257,688973,728899
70,7002,'2',728900,728901,728902,728903,728904,728905,728906,658037,728907,728908,681280,728909,728910,728911,728912,728913,728914,728915,728916,587190,728917,728918,728919,560353,728920,728921,728922,728923,728924,728925,728926,728927,728928,728929,728930,728931,660218,728932,728933,728934,728935,728936,728937,728938,606719,728939,728940,728941,619681,728942,728943,530151,728944,728945,617266,658278,728946,728947,728948,728949,728950,728951,728952,728953,728954,728955,728956,642238,728957,728958,728959,728960,728961,728962,728963,728964,728965,728966,728967,728968,728969,728970,728971,728972,685452,640689,728973,620942,728974
70,7002,'3',608746,610632,728975,728976,728977,728978,728979,728980,728981,728982,728983,728984,728985,650883,728986,728987,728988,728989,657583,728990,728991,728992,728993,728994,728995,728996,728997,728998,728999,729000,729001,729002,729003,729004,665704,729005,729006,729007,729008,729009,729010,729011,608410,729012,729013,729014,729015,729016,729017,729018,729019,729020,729021,669684,652133,729022,729023,729024,729025,729026,729027,729028,680876,515322,729029,729030,729031,729032,666093,654053,729033,596370,729034,729035,729036,561039,661761,729037,610331,729038,729039,729040
70,7002,'5',729041,640755,729042,729043,729044,729045,729046,729047,668894,729048,729049,729050,729051,729052,729053,729054,729055,729056,729057,729058,729059,729060,729061,729062,670663,729063,729064,729065,729066,729067,729068,729069,729070,729071,729072,729073,657387,645611,729074,729075,729076,729077,729078,729079,621032,729080,729081,729082,677076,729083,729084,729085,729086,729087,654800,729088,729089,729090,729091,729092,674900,729093,729094,729095,729096,729097,729098,729099,729100,729101,729102,729103,544600,729104,729105,729106,729107,729108,729109,729110,729111,729112,729113,729114
71,7103,'1',458649,729115,729116,729117,729118,729119,729120,729121,729122,729123,729124,661067,729125,729126,729127,729128,608655,646699,729129,654477,625347,729130,729131,650325,729132,729133,729134,729135,591195,729136,729137,729138,729139,729140,729141,729142,729143,729144,729145,729146,729147,729148,684868,623693,605130,729149,729150,729151,729152,729153,661229,729154,729155,660772,729156,729157,729158,729159,499403,729160,729161,729162,729163,729164,729165,729166,729167,729168,729169,729170,518954,523122,729171,656767,729172,729173,729174,729175,729176,729177,729178,729179,729180,729181,729182,729183
71,7103,'2',729184,729185,729186,729187,624546,663566,638464,729188,542394,631440,729189,729190,729191,729192,729193,729194,647574,729195,729196,729197,729198,545704,729199,729200,729201,729202,559937,729203,729204,729205,729206,729207,729208,729209,729210,729211,729212,729213,653397,729214,729215,544890,729216,729217,729218,729219,729220,729221,729222,729223,729224,373295,729225,621565,729226,422078,729227
71,7103,'3',729228,729229,729230,729231,729232,729233,667557,729234,729235,729236,729237,729238,729239,729240,729241,729242,729243,679387,729244,729245,729246,729247,630304,729248,729249,729250,729251,729252,729253,638850,729254,729255,729256,729257,729258,729259,729260,729261,729262,651405,729263,729264,729265,729266,729267,642794,729268,729269,662130
71,7103,'5',729270,663691,729271,641125,729272,729273,729274,661176,729275,729276,729277,729278,729279,729280,644802,729281,729282,729283,729284,729285,636083,729286,729287,729288,729289,729290,644386,729291,627797,729292,729293,729294,729295,674693,729296,729297,729298,729299,729300,729301,729302,626126,729303,729304,729305,729306,729307,606612,729308,729309,662591,729310,729311,618235
71,7104,'1',729312,729313,729314,729315,729316,633090,617207,729317,685580,729318,729319,729320,729321,729322,729323,729324,620826,729325,621076,729326,729327,625790,585728,729328,729329,588927,633828,729330,729331,729332,729333,729334,729335,650339,729336,729337,729338,729339,729340,729341,729342,729343,729344,729345,729346,654890,729347,729348,729349,729350,729351,729352,546412,729353,536951,729354,729355,655783,729356,729357,729358,584150,681942,573252,662654,729359,729360,729361,729362,632763,656765,729363,729364,524915,571497,653777,729365,729366,729367,729368,729369,729370,729371,729372,626275,729373,729374
71,7104,'2',729375,729376,625882,729377,729378,729379,729380,729381,729382,729383,729384,729385,729386,729387,681632,686835,729388,729389,729390,729391,729392,729393,729394,729395,729396,729397,729398,648597,729399,729400,729401,729402,729403,729404,729405,729406,729407,729408,729409,729410,729411,644616,729412,729413,729414,729415,729416,729417,729418,659291,729419,498436,621560,729420,729421,729422,729423,729424
71,7104,'3',729425,641763,729426,729427,729428,619810,729429,678241,729430,729431,729432,729433,729434,729435,729436,729437,729438,729439,729440,729441,729442,729443,645582,729444,621229,729445,729446,729447,729448,729449,729450,729451,729452,729453,729454,729455,729456,729457,729458,729459,729460,729461,729462,729463,729464,729465,729466,729467,729468
71,7104,'5',619958,729469,729470,682765,729471,729472,729473,729474,729475,729476,729477,647812,729478,729479,729480,729481,729482,729483,729484,671824,729485,729486,729487,729488,729489,729490,729491,729492,729493,729494,729495,729496,634008,729497,729498,533142,729499,670719,729500,729501,729502,729503,729504,729505,729506,729507,729508,729509,729510,729511,623855,729512,729513,666670,659356
72,7203,'1',729514,729515,729516,596278,620126,729517,729518,612762,729519,729520,729521,666686,686313,729522,729523,649817,729524,729525,729526,729527,729528,668212,729529,729530,682825,607471,729531,729532,729533,729534,729535,729536,729537,729538,729539,729540,729541,729542,729543,376409,729544,729545,729546,729547,671424,729548,620156,644447,729549,630520,607476,729550,729551,535500,729552,729553,729554,729555,638120,729556,729557,729558,729559,607479,729560,729561,729562,729563,729564,670385,729565,729566,729567,729568,729569,640285,626607,684493,729570,674189,729571,729572,729573,729574,729575,729576,729577,729578,729579,729580,729581,729582,729583,729584,647992,729585,729586,729587,729588,729589,729590,729591,627133,644234,729592,729593,656760,729594,729595,729596,639305,729597,729598,690585,729599,614718,729600,729601,729602,729603,529458,729604,729605,729606,729607,729608,729609,729610,729611,729612,729613,729614,729615,729616,729617,729618,729619,729620,729621,729622,729623,640327,563838,729624,729625,545657,478181
72,7203,'2',532939,729626,729627,729628,571508,632387,729629,585559,729630,729631,729632,729633,729634,729635,729636,729637,729638,729639,729640,663564,606166,729641,729642,729643,610943,643368,729644,729645,729646,729647,729648,729649,729650,729651,729652,677997,729653,729654,729655,729656,729657,729658,656827,564858,729659,729660,729661,673555,729662,729663,729664,729665,729666,729667,523192,729668,729669,729670,729671,633555,729672,611619,729673,685419,729674,729675,729676,729677,729678,729679,622967,729680,729681,661113,729682,624067,666404,729683,729684,729685,729686,729687,729688,729689,729690,729691,729692,729693,643055,729694,729695,729696,729697,729698,729699,729700,729701,729702,729703,729704,638204,729705,637556,729706,729707,729708,729709,729710,729711,729712,647631,729713,729714,729715,729716,729717,729718,729719,729720,729721,729722,729723,729724,678221,660274,574811,634724,729725,729726,729727,729728,672628,729729,729730,729731,729732,677383,683201,729733,645851,729734,729735,729736,729737,729738,729739,729740,729741,729742,606739,729743,729744,729745,655020,729746,729747,585800
72,7203,'3',729748,729749,670256,570901,729750,533020,729751,729752,729753,608576,729754,729755,729756,729757,729758,729759,729760,729761,729762,729763,729764,729765,729766,729767,681753,729768,729769,729770,729771,729772,642306,729773,729774,637711,729775,729776,729777,729778,729779,729780,729781,729782,729783,729784,729785,729786,729787,729788,606252,729789,667693,729790,729791,729792,729793,729794,729795,729796,729797,729798,613463,729799,729800,729801,729802,729803,688299,729804,729805,729806,729807,729808,729809,729810,544921,729811,729812,729813,729814,677901,729815,729816,729817,574865,729818,729819,729820,688018,729821,682094,729822,729823,729824,680299,729825,681014,729826,513945,618079,618081,663673,729827,729828,729829,729830,729831,613332,729832,729833,729834,729835,729836,729837,683640,729838,729839,612169,645215,729840,729841,729842,729843,729844,677445
72,7203,'5',729845,729846,729847,671232,729848,729849,729850,729851,603159,729852,643885,729853,729854,729855,729856,729857,729858,729859,729860,729861,729862,729863,729864,729865,729866,729867,729868,595369,649724,729869,729870,729871,729872,729873,729874,674483,729875,729876,605044,729877,613352,729878,729879,729880,729881,646101,529892,729882,671378,729883,729884,729885,729886,729887,729888,729889,729890,586048,729891,729892,729893,729894,729895,729896,729897,729898,729899,654792,729900,729901,729902,687070,729903,621286,729904,729905,729906,729907,729908,729909,729910,729911,729912,729913,729914,729915,526963,729916,675270,646110,643749,729917,729918,729919,671101,729920,679748,729921,729922,729923,688077,729924,729925,615843,729926,729927,729928,729929,729930,729931,561167,729932,729933,729934,729935,729936,656669,729937,729938,729939,729940,729941,729942,729943,729944,729945,729946,729947,729948,729949,541615,729950
72,7204,'1',729951,625328,729952,729953,729954,729955,729956,678640,729957,729958,729959,729960,729961,729962,729963,729964,682927,680762,729965,729966,729967,729968,613937,729969,729970,729971,729972,584633,729973,641416,729974,729975,729976,652591,641863,729977,632296,729978,729979,729980,729981,729982,729983,729984,729985,729986,651484,608300,674349,729987,729988,633526,611500,729989,729990,467859,661427,729991,668995,729992,729993,729994,729995,729996,623687,729997,729998,729999,730000,730001,730002,730003,730004,730005,730006,730007,668239,730008,730009,730010,730011,606122,730012,730013,730014,668641,604170,730015,617086,730016,730017,730018,730019,730020,730021,730022,730023,730024,730025,647991,730026,730027,730028,599809,624488,730029,688499,730030,730031,730032,730033,730034,553591,730035,730036,730037,687216,730038,688845,730039,730040,730041,730042,678854,730043,632775,730044,468686,683923,730045,604077,671163,607194,730046,730047,670209,730048,730049,730050,730051,730052,730053,730054,730055,730056
72,7204,'2',730057,730058,656313,730059,730060,730061,730062,730063,730064,730065,730066,730067,673201,730068,730069,730070,730071,730072,730073,730074,730075,730076,730077,730078,730079,656335,730080,730081,682734,730082,628208,730083,730084,730085,730086,730087,730088,730089,730090,730091,730092,730093,730094,730095,730096,730097,730098,730099,730100,730101,730102,730103,730104,730105,687928,730106,645547,730107,730108,730109,730110,610173,730111,669946,551250,730112,730113,730114,730115,649014,730116,730117,676061,730118,730119,437095,730120,730121,730122,527737,730123,730124,730125,654604,730126,647059,730127,730128,649526,730129,558921,730130,730131,730132,730133,650028,730134,730135,730136,730137,730138,730139,730140,730141,730142,730143,730144,730145,730146,730147,730148,730149,730150,730151,730152,730153,730154,730155,730156,665562,730157,730158,644634,645414,730159,645090,730160,730161,730162,730163,730164,730165,525821,730166,730167,626374,730168,730169,730170,659741,730171,730172,730173,621190,730174,730175,628397,730176,606228,730177,730178,684112,652960,605700,730179
72,7204,'3',730180,730181,730182,730183,632902,688631,681976,730184,730185,730186,730187,529671,730188,730189,730190,730191,730192,730193,730194,730195,730196,677629,730197,658103,643683,688275,730198,730199,730200,730201,730202,730203,730204,730205,730206,730207,730208,730209,730210,730211,730212,730213,730214,463511,621623,730215,730216,730217,483593,730218,730219,730220,730221,730222,659086,730223,730224,730225,730226,730227,730228,619872,683071,654417,730229,730230,730231,730232,730233,730234,650529,730235,730236,679715,685253,730237,730238,730239,622464,730240,730241,730242,730243,730244,730245,730246,682237,730247,730248,730249,730250,730251,683043,730252,730253,730254,730255,575492,730256,668876,730257,730258,730259,730260,730261,730262,730263,730264,575804,730265,730266,730267,730268,730269,638290,730270,730271,643516,730272,730273,730274,730275,730276
72,7204,'5',730277,677915,730278,730279,730280,730281,730282,730283,730284,730285,642389,730286,730287,730288,730289,730290,730291,581543,730292,564513,730293,730294,730295,730296,730297,730298,677033,730299,730300,730301,730302,730303,651429,730304,730305,730306,730307,730308,656600,730309,730310,730311,730312,730313,730314,730315,730316,730317,730318,730319,730320,730321,730322,680630,730323,730324,637938,590488,730325,730326,589821,730327,730328,730329,730330,730331,730332,730333,514267,730334,730335,730336,730337,730338,730339,730340,625708,730341,730342,730343,730344,647849,663016,544021,730345,730346,730347,730348,730349,730350,730351,730352,602503,664579,730353,730354,730355,730356,730357,730358,730359,730360,730361,730362,730363,730364,689484,669749,649281,730365,730366,730367,730368,514064,687095,622831,730369,652266,730370,730371,730372,652570,730373,730374,730375,730376,730377,625324,658833,730378
73,7303,'1',730379,622273,730380,730381,642047,730382,730383,730384,730385,730386,730387,683378,730388,730389,652284,524837,730390,730391,645501,730392,730393,606632,730394,678154,730395,730396,730397,730398,730399,730400,730401,610459,730402,730403,730404,730405,730406,642947,730407,730408,730409,730410,730411,730412,730413,689220,730414,730415,730416,730417,730418,730419,730420,658887,730421,730422,517456,730423,730424,730425,730426,730427,623196,730428,634253,730429,730430,730431,540162,730432,730433,641689,730434,730435,730436,730437,630604,730438,730439,730440,730441,669178,730442,688506,730443,730444,532600,636312,730445,690266,730446,730447,730448,730449,730450,730451,730452,730453,730454,730455,669600,528728,730456,730457,730458,537342,730459,730460,640610,730461,730462,730463,730464,730465,730466,613611,730467,730468,730469,730470,614518,730471,730472,554907,730473,730474,730475
73,7303,'2',730476,730477,679900,730478,730479,678681,730480,730481,730482,537409,730483,730484,730485,517868,730486,730487,730488,730489,730490,730491,585369,730492,730493,730494,730495,730496,730497,730498,730499,730500,730501,730502,730503,529541,730504,658050,730505,730506,730507,730508,730509,730510,730511,730512,730513,730514,730515,730516,730517,730518,730519,730520,730521,730522,730523,616890,466402,730524,730525,730526,730527,604869,730528,730529,645064,538518,730530,730531,730532,730533,730534,650440,730535,730536,648619,730537,619061,730538,730539,730540,730541,730542,730543,730544,730545,730546,730547,573958,730548,608155,730549,621549,730550,730551,730552,730553,730554,730555,730556,674235,730557,680817,730558,730559,730560,730561,730562
73,7303,'3',730563,565498,628412,730564,730565,730566,646249,730567,730568,730569,730570,730571,636661,730572,730573,730574,644075,730575,730576,730577,622069,517540,730578,730579,730580,730581,730582,730583,632095,730584,730585,730586,730587,730588,730589,730590,730591,730592,730593,627521,730594,658114,619851,730595,730596,730597,629483,730598,730599,730600,730601,730602,730603,730604,730605,730606,624726,730607,730608,616150,730609,730610,730611,730612,730613,610709,730614,730615,730616,730617,626032,730618,730619,618076,613106,730620,617163,730621,730622,682808,608604,730623,730624,730625,730626,730627,730628,730629,730630,730631,647128,677017,539467,675076,730632
73,7303,'5',730633,730634,662826,730635,730636,730637,730638,650580,730639,730640,730641,730642,730643,730644,730645,730646,730647,730648,730649,730650,608234,730651,730652,730653,653167,730654,730655,730656,730657,730658,730659,730660,730661,647147,622191,666817,730662,730663,616729,730664,613855,730665,730666,605260,730667,730668,730669,730670,730671,730672,730673,730674,730675,730676,563281,730677,624837,730678,730679,730680,540422,730681,685057,730682,730683,730684,730685,730686,730687,652235,730688,730689,730690,730691,730692,730693,730694,730695,730696,644149,587567,730697,598595,730698,730699,686078,730700,523909,730701,730702,730703,730704,730705,730706,629354,730707,730708,681407,730709,730710,730711,730712,730713,730714
73,7304,'1',606859,640047,730715,730716,730717,730718,673501,632277,730719,730720,730721,730722,730723,730724,625335,730725,538111,730726,668983,730727,730728,730729,730730,730731,690174,730732,730733,730734,730735,677839,730736,687837,666262,730737,730738,667501,730739,730740,619478,730741,730742,730743,730744,730745,730746,730747,730748,730749,730750,730751,623469,730752,730753,680943,457261,685595,730754,616533,730755,730756,730757,730758,686107,730759,730760,730761,730762,636254,730763,730764,675212,730765,730766,665273,730767,730768,730769,602646,730770,730771,730772,730773,730774,730775,686353,730776,730777,730778,730779,730780,689983,730781,730782,730783,730784,730785,618895,730786,730787,730788,730789,730790,730791,464006,730792,730793,650755,730794,730795,730796,730797,730798,730799,675152,730800,730801,674380,730802,730803,730804,730805,730806,526604,730807,631955,730808,730809,730810,730811
73,7304,'2',730812,730813,730814,730815,730816,560825,730817,730818,730819,730820,730821,730822,730823,531049,608702,730824,730825,730826,730827,687920,730828,730829,730830,730831,730832,730833,730834,730835,730836,730837,674780,730838,730839,730840,730841,730842,730843,660222,730844,730845,730846,730847,730848,730849,730850,730851,730852,730853,730854,730855,730856,730857,730858,730859,730860,649513,730861,561406,730862,730863,730864,730865,579027,677371,676850,730866,730867,730868,730869,484631,730870,730871,730872,730873,730874,730875,730876,730877,730878,645081,730879,617961,730880,730881,640385,730882,730883,730884,730885,730886,730887,730888,589108,730889,730890,730891,730892,730893,730894,730895,730896,730897,730898,532364,730899,730900,604919
73,7304,'3',730901,730902,730903,730904,730905,730906,658652,730907,730908,730909,730910,685678,730911,730912,730913,673248,599542,730914,730915,730916,730917,730918,730919,730920,730921,730922,730923,730924,730925,730926,633332,730927,730928,626864,730929,730930,730931,543877,730932,730933,730934,730935,730936,730937,730938,730939,730940,730941,730942,730943,730944,730945,730946,730947,428234,730948,730949,730950,730951,616401,730952,730953,730954,730955,670595,730956,730957,651752,730958,730959,626037,730960,561552,617489,730961,730962,730963,730964,730965,730966,730967,730968,730969,730970,730971,677437,730972,637829,730973,730974,730975,730976,730977,730978
73,7304,'5',730979,730980,730981,730982,730983,730984,730985,730986,730987,547543,730988,730989,730990,730991,730992,600553,730993,730994,730995,730996,730997,730998,730999,731000,731001,621016,731002,731003,731004,731005,731006,731007,731008,731009,731010,731011,731012,731013,731014,646811,731015,731016,731017,731018,731019,731020,731021,731022,731023,731024,731025,731026,731027,731028,667874,731029,731030,662872,637022,731031,731032,731033,731034,677483,731035,731036,731037,731038,731039,569168,637042,549160,731040,731041,731042,731043,731044,731045,596275,731046,731047,731048,731049,731050,638048,731051,731052,731053,731054,731055,731056,731057,731058,731059,731060,731061,688440,667146,731062,731063,731064,637115
74,7403,'1',624384,731065,731066,731067,571976,535906,731068,731069,731070,731071,731072,731073,731074,687833,731075,731076,731077,731078,731079,731080,731081,731082,731083,731084,679308,731085,631293,731086,731087,619511,731088,731089,731090,731091,731092,731093,559848,584151,731094,731095,731096,649897,731097,609564,731098,384256,731099,731100,731101,731102,731103,731104,731105,731106,684509,731107,682493,608095,731108
74,7403,'2',731109,679186,646870,731110,674626,731111,731112,651119,731113,731114,731115,731116,731117,731118,731119,731120,731121,731122,731123,627320,641258,686872,731124,731125,731126,731127,731128,731129,678892,731130,731131,673058,731132,731133,731134,731135,621539,731136,731137,731138,731139,731140,674231,731141,614549,731142,731143,731144,731145,731146,731147,731148
74,7403,'3',731149,680973,731150,676417,731151,731152,645576,731153,731154,578239,731155,671211,731156,731157,731158,660348,731159,731160,731161,731162,731163,612134,731164,731165,645171,731166,686431,731167,731168,731169,731170,731171,731172,731173,731174,731175,731176,731177,731178,731179,667580,731180,731181,731182,731183,731184,731185,731186
74,7403,'5',731187,731188,615585,679995,731189,731190,731191,731192,731193,731194,731195,731196,731197,731198,731199,731200,731201,731202,619321,731203,731204,731205,731206,731207,731208,731209,731210,558236,731211,731212,731213,731214,731215,731216,731217,678477,731218,731219,731220,731221,731222,731223,731224,731225,731226,731227,731228,731229,731230,731231,654826,731232,731233,731234,731235
74,7404,'1',731236,731237,731238,731239,687571,666254,685579,731240,559795,682724,731241,731242,731243,731244,731245,731246,731247,531784,731248,731249,731250,688891,731251,731252,731253,539903,731254,731255,627041,731256,731257,675703,731258,685369,655264,731259,731260,731261,731262,731263,731264,731265,731266,731267,731268,731269,731270,731271,731272,731273,731274,731275,731276,689285,731277,731278,731279
74,7404,'2',635968,731280,731281,731282,731283,731284,731285,731286,731287,731288,731289,731290,731291,731292,731293,731294,731295,731296,731297,731298,731299,643380,731300,731301,731302,731303,731304,731305,731306,731307,731308,731309,731310,731311,731312,731313,731314,731315,683541,731316,731317,731318,731319,731320,731321,731322,731323,684104,690055,731324,731325,516004
74,7404,'3',731326,731327,731328,731329,731330,731331,731332,731333,675596,731334,654661,731335,516773,731336,731337,731338,731339,731340,731341,731342,731343,731344,731345,731346,731347,581878,731348,670271,611032,731349,621622,596654,731350,731351,731352,645174,731353,731354,731355,731356,731357,626460,731358,731359,731360,731361,731362,731363
74,7404,'5',731364,549413,662263,731365,731366,731367,731368,731369,608232,672718,731370,731371,731372,731373,731374,731375,615975,731376,634208,641611,731377,731378,731379,731380,731381,672437,536888,663146,731382,610393,731383,592652,731384,731385,670159,731386,731387,731388,731389,731390,558251,731391,731392,731393,731394,731395,731396,731397,731398,731399,731400,731401,731402,522887,660593
75,7503,'1',731403,654465,731404,731405,731406,731407,731408,731409,731410,731411,731412,731413,664773,731414,731415,731416,569630,731417,731418,731419,731420,731421,731422,591489,731423,731424,654852,731425,731426,731427,650328,731428,731429,731430,731431,731432,731433,731434,731435,731436,731437,731438,731439,675499,672138,391709,685108,731440,731441,655748,731442,731443,731444,731445,731446,731447,731448,731449,731450,731451,645798,731452,731453,672002,731454,678836,731455,731456,641674,731457,731458,731459,731460,731461,731462,731463,731464,731465,731466,611522,660108,731467,731468,731469,731470,731471,731472,731473,731474,731475,658506,608674,618876,731476,623497,731477,731478,731479,660943,731480,598652,731481,731482,731483,731484,731485,731486,556892,731487,731488,686366,548057,731489,630658,731490,731491,731492,607806,479887,731493,731494,731495,731496,731497,731498,731499,731500,731501,731502,731503,731504
75,7503,'2',731505,667782,629270,670846,731506,731507,731508,731509,731510,731511,731512,731513,731514,731515,668322,731516,625493,731517,731518,731519,731520,687663,673719,731521,731522,731523,731524,731525,731526,731527,622661,731528,731529,731530,731531,731532,731533,731534,731535,731536,687676,731537,731538,731539,731540,731541,731542,731543,731544,548275,731545,535643,656875,731546,731547,731548,731549,537567,473253,731550,515992,731551,731552,731553,731554,604513,731555,731556,731557,731558,641286,610623,731559,667075,731560,731561,731562,731563,731564,731565
75,7503,'3',650486,731566,731567,731568,731569,731570,731571,731572,731573,679079,641548,731574,731575,731576,731577,731578,731579,731580,731581,731582,731583,679708,731584,731585,657779,731586,657781,731587,686973,731588,609128,679714,731589,731590,731591,625624,731592,731593,731594,652983,731595,731596,731597,731598,731599,731600,731601,731602,731603,731604,731605,610739,731606
75,7503,'5',671034,731607,731608,731609,681169,731610,731611,731612,731613,731614,731615,612657,731616,731617,731618,731619,731620,731621,731622,731623,731624,731625,588574,731626,731627,731628,731629,731630,731631,731632,731633,731634,731635,731636,596273,731637,731638,731639,731640,731641,569173,731642,651845,731643,590946,731644,731645,731646,731647,584330,731648,731649,731650,731651,731652,731653,731654,731655,731656
75,7504,'1',731657,731658,731659,640237,731660,731661,731662,731663,731664,731665,731666,636138,731667,731668,731669,731670,731671,617759,536931,731672,731673,731674,731675,731676,731677,731678,731679,731680,731681,731682,731683,642948,731684,731685,731686,731687,731688,731689,626763,731690,731691,731692,635552,731693,731694,660082,731695,731696,731697,731698,731699,731700,731701,731702,556113,731703,731704,686729,731705,731706,731707,731708,731709,649858,604319,731710,731711,731712,731713,596579,731714,731715,731716,630560,731717,630564,731718,731719,731720,731721,731722,615875,654352,731723,620845,731724,731725,585047,608070,537283,731726,731727,731728,508853,731729,731730,731731,679025,731732,731733,731734,674196,731735,731736,731737,731738,662190,731739,672556,731740,667774,555119,731741,731742,731743,731744,731745,731746,731747,731748,626271,731749,666347,731750,638151,731751,731752,731753,731754,551225,663817,681433
75,7504,'2',731755,731756,731757,731758,731759,731760,587646,731761,731762,731763,731764,731765,731766,731767,641923,731768,731769,731770,673871,731771,731772,731773,731774,731775,731776,731777,731778,731779,553674,731780,731781,605528,731782,731783,731784,534130,731785,671723,731786,731787,666907,621524,731788,624078,731789,731790,731791,731792,648124,731793,731794,731795,731796,637565,731797,731798,731799,731800,731801,731802,666429,731803,495437,731804,731805,731806,731807,679538,731808,564467,731809,731810,731811,731812,731813,731814,731815,625127,731816,731817,731818
75,7504,'3',731819,731820,731821,731822,731823,731824,731825,731826,644678,731827,731828,731829,731830,580177,731831,731832,731833,731834,731835,731836,731837,731838,731839,731840,731841,731842,731843,731844,731845,731846,731847,731848,731849,731850,731851,731852,541353,682095,731853,731854,731855,731856,731857,731858,731859,672380,731860,731861,731862,641337,507809,529791,731863,731864
75,7504,'5',731865,731866,731867,731868,731869,731870,731871,626497,731872,731873,731874,579767,731875,731876,731877,731878,731879,731880,731881,731882,731883,731884,540065,731885,731886,731887,731888,731889,731890,731891,731892,682869,685060,731893,731894,688770,731895,731896,731897,565930,731898,731899,731900,731901,731902,683724,731903,731904,731905,731906,731907,731908,731909,731910,672482,606364,731911,731912,731913,731914
76,7603,'1',731915,731916,731917,731918,731919,658428,731920,731921,731922,731923,731924,731925,690335,731926,731927,731928,731929,685915,622277,731930,731931,731932,731933,633812,731934,731935,731936,626983,731937,731938,731939,731940,731941,731942,731943,731944,731945,731946,731947,731948,731949,731950,674719,731951,630508,731952,731953,669324,731954,731955,649345,550143,731956,543644,731957,655746,618296,619490,731958,731959,731960,731961,516876,731962,731963,731964,663994,632325,731965,731966,655248,612827,731967,731968,731969,690183,670789,731970,731971,731972,731973,731974,731975,731976,731977,731978,731979,731980,606654,731981,506705,521400,731982,731983,731984,731985,731986,731987,731988,622607,535526,731989,731990,731991,376465,647013,731992,731993,731994,731995,731996,646552,731997,683886,731998,731999,732000,732001,732002,732003,732004,732005,732006,732007,732008,732009,732010,666708,732011,689256,732012,732013,732014,732015,689262,732016,732017,683909,732018,732019,732020,732021,732022,732023,732024,732025,732026,611967,618355,732027,662928,732028,732029,732030,732031,732032,732033,732034,732035,675329,732036,666717,732037,732038,732039,732040,490158,732041,674620,664269
76,7603,'2',732042,732043,732044,647529,732045,732046,732047,732048,633876,654366,732049,732050,732051,660636,732052,581474,674772,732053,732054,732055,732056,633214,732057,732058,732059,732060,612951,732061,732062,732063,732064,732065,732066,732067,614777,548156,732068,557642,732069,732070,732071,732072,531910,732073,732074,732075,732076,647249,732077,732078,732079,732080,732081,732082,732083,732084,732085,732086,732087,732088,732089,681286,623253,633550,732090,732091,649984,538460,514931,732092,732093,732094,732095,732096,673721,732097,732098,732099,732100,732101,732102,655879,732103,732104,732105,732106,732107,732108,732109,732110,732111,732112,732113,732114,732115,732116,732117,525807,732118,588279,732119,732120,732121,732122,732123,732124,732125,732126,732127,732128,665350,732129,732130,732131,732132,732133,588077,732134,532675,732135,732136,641952,732137,732138,732139,682212,732140,633924,551286,732141,677385,732142,732143,732144,732145,732146,732147,732148,732149,732150,732151,645103,732152,732153
76,7603,'3',671751,637640,732154,732155,732156,732157,682938,732158,732159,732160,732161,732162,732163,732164,536834,732165,732166,732167,732168,732169,732170,732171,732172,732173,627490,732174,732175,732176,732177,732178,629033,646768,732179,732180,732181,663873,732182,732183,732184,732185,732186,732187,732188,732189,732190,732191,732192,680987,732193,732194,732195,732196,549366,732197,678425,732198,732199,732200,732201,732202,732203,732204,659073,732205,732206,732207,732208,732209,732210,732211,732212,732213,732214,732215,732216,732217,671782,642752,732218,732219,732220,685004,732221,732222,732223,732224,732225,732226,732227,732228,732229,732230,611047,732231,732232,555488,732233,643864,732234,732235,732236,613776,732237,732238,732239,732240,732241,732242,732243,732244,621242,732245,732246,732247,680881,732248,732249,732250,576272,732251,647334,732252,732253,732254,732255,732256,732257,732258,732259,732260
76,7603,'5',732261,732262,732263,662827,666122,732264,732265,732266,732267,732268,732269,732270,732271,732272,605249,732273,732274,732275,732276,668163,732277,732278,732279,732280,732281,732282,732283,732284,519601,732285,732286,539832,732287,732288,732289,732290,732291,732292,732293,732294,619994,732295,732296,732297,676557,732298,732299,732300,618143,732301,732302,732303,615623,732304,732305,732306,732307,732308,732309,732310,677052,732311,732312,631121,732313,732314,732315,556844,732316,732317,732318,732319,732320,687500,732321,732322,663145,732323,732324,732325,732326,732327,732328,515892,571057,732329,623124,732330,732331,732332,682062,732333,732334,732335,732336,732337,732338,732339,732340,732341,732342,732343,732344,732345,732346,732347,732348,732349,732350,732351,732352,630083,732353,732354,732355,732356,732357,732358,732359,732360,732361,732362,732363,732364,732365,732366,732367,732368,732369,615701,732370,732371,732372,732373,732374,732375,688802,732376,732377,732378,732379
76,7604,'1',732380,732381,732382,732383,732384,637122,732385,643599,732386,732387,732388,732389,732390,732391,653710,732392,732393,641648,732394,732395,732396,532549,732397,650690,732398,732399,732400,732401,732402,732403,664777,658444,732404,732405,678351,732406,530724,537159,732407,732408,732409,732410,732411,732412,732413,533717,732414,732415,732416,732417,675892,685105,732418,674001,732419,623913,732420,732421,732422,732423,732424,732425,670777,732426,557400,616809,732427,732428,732429,732430,690447,558772,732431,732432,732433,732434,732435,732436,732437,732438,732439,732440,732441,732442,732443,732444,732445,732446,732447,732448,732449,732450,732451,539240,629820,732452,732453,732454,732455,732456,674371,732457,732458,732459,732460,732461,732462,732463,732464,688144,732465,465757,670394,732466,732467,732468,519820,732469,732470,732471,732472,732473,732474,732475,732476,658515,732477,732478,668089,732479,732480,732481,732482,674195,732483,732484,611550,732485,732486,653261,732487,553114,670412,732488,674528,652333,633860,622329,732489,732490,616835,732491,616054,603955,604429,732492,653068,732493,732494,401801,732495,732496,732497,732498,732499,732500,674033,732501,648540,732502
76,7604,'2',732503,732504,732505,732506,732507,732508,625886,732509,732510,732511,732512,732513,732514,732515,732516,732517,732518,732519,732520,647552,626307,732521,732522,732523,732524,732525,732526,732527,732528,732529,732530,732531,732532,732533,732534,732535,732536,732537,732538,732539,732540,659271,732541,732542,732543,665917,732544,732545,690019,648090,732546,662080,732547,674403,732548,732549,638766,732550,732551,677364,655369,732552,732553,732554,732555,732556,732557,732558,732559,732560,732561,732562,732563,732564,732565,732566,732567,732568,732569,732570,732571,732572,674791,629291,732573,732574,623274,732575,732576,732577,622004,732578,670095,732579,732580,732581,732582,732583,732584,732585,732586,732587,648135,576217,732588,732589,732590,732591,732592,732593,732594,631546,732595,732596,732597,546455,732598,732599,732600,732601,732602,732603,732604,732605,732606,732607,732608,732609,732610,732611,732612,510526,732613,732614,732615,653418,732616,521551,732617,732618,732619,732620
76,7604,'3',732621,732622,732623,732624,732625,732626,732627,592454,647090,732628,732629,732630,624680,522553,732631,641767,634759,732632,732633,732634,732635,732636,732637,732638,732639,732640,732641,732642,732643,732644,732645,732646,732647,574845,732648,732649,732650,689381,732651,732652,732653,732654,732655,732656,650130,732657,732658,732659,627538,732660,732661,653142,732662,732663,732664,732665,732666,732667,732668,732669,679396,732670,732671,732672,732673,556390,732674,732675,732676,732677,732678,732679,732680,656525,732681,655066,732682,732683,732684,627593,520455,732685,732686,680606,732687,732688,732689,732690,732691,679581,732692,732693,732694,732695,732696,732697,732698,621671,604606,732699,626458,732700,619920,732701,668878,732702,732703,732704,636055,732705,589223,732706,732707,635863,652781,732708,678448,732709,667259,732710,732711,732712,732713,732714,624246,732715,732716,732717,732718,646288,732719
76,7604,'5',732720,732721,732722,732723,732724,732725,732726,732727,732728,732729,732730,732731,732732,732733,732734,732735,515040,732736,732737,673292,732738,732739,732740,732741,732742,732743,619297,732744,732745,732746,636935,732747,732748,732749,666586,732750,732751,732752,732753,732754,732755,732756,732757,732758,649220,732759,732760,732761,732762,732763,687775,732764,657080,732765,732766,652520,732767,732768,732769,732770,732771,571029,732772,732773,732774,732775,732776,732777,732778,615113,732779,654323,732780,732781,732782,732783,732784,732785,732786,732787,732788,732789,732790,732791,732792,686066,732793,732794,732795,732796,732797,732798,732799,732800,732801,732802,732803,732804,732805,613188,732806,732807,732808,732809,669125,732810,732811,732812,732813,732814,732815,732816,732817,732818,732819,732820,732821,732822,648404,663444,580399,732823,732824,732825,732826,732827,732828,675470,732829,732830,732831,732832,732833,732834,732835,732836,732837,667149,732838,732839,651870,732840
77,7703,'1',551441,732841,653711,644166,732842,732843,659498,732844,732845,677514,732846,608036,732847,732848,732849,732850,732851,732852,732853,732854,732855,732856,629104,732857,635359,732858,732859,612358,732860,732861,732862,514114,732863,732864,732865,732866,732867,511570,732868,732869,732870,732871,669781,732872,732873,732874,653756,618329,463645,732875,732876,732877,732878,628063,732879,732880,732881,732882,732883,732884,732885,732886,732887,732888,732889,732890
77,7703,'2',732891,526614,732892,732893,732894,732895,732896,732897,732898,732899,732900,732901,732902,732903,732904,673380,732905,732906,732907,732908,732909,732910,732911,732912,732913,536088,732914,732915,732916,732917,732918,732919,541197,732920,732921,732922,732923,732924,732925,589117,732926,623566
77,7703,'3',732927,637649,666002,732928,732929,732930,732931,732932,732933,732934,732935,732936,732937,732938,616952,604953,732939,732940,732941,732942,640429,732943,732944,732945,732946,732947,732948,732949,732950,732951,732952,732953,638566,686997,732954,576683,732955,732956
77,7703,'5',732957,632591,732958,732959,732960,535334,732961,732962,732963,732964,732965,551108,732966,732967,732968,732969,732970,732971,732972,732973,732974,732975,612251,732976,732977,732978,732979,732980,631189,732981,667884,675676,634940,609522,732982,732983,732984,732985,732986,732987,732988,732989
77,7704,'1',732990,732991,584621,732992,626958,732993,732994,732995,732996,667625,732997,732998,732999,733000,733001,733002,733003,733004,733005,733006,733007,733008,733009,733010,670382,637237,733011,613240,733012,733013,733014,627083,733015,733016,733017,733018,733019,733020,469268,733021,684884,733022,733023,733024,631369,533756,733025,528162,733026,733027,733028,733029,733030,733031,733032,733033,684629,733034,733035,733036,733037,733038,733039,733040,733041,733042
77,7704,'2',733043,733044,733045,733046,733047,733048,733049,733050,733051,549903,733052,733053,733054,733055,733056,733057,531919,733058,733059,733060,733061,733062,733063,653355,733064,733065,733066,733067,733068,733069,733070,733071,733072,634132,733073,733074,401059,637612,733075,684109,733076,733077
77,7704,'3',733078,733079,733080,676415,733081,733082,733083,733084,733085,733086,733087,733088,653974,733089,733090,620670,733091,733092,733093,733094,733095,529716,733096,733097,733098,733099,733100,733101,733102,679582,733103,609823,733104,542072,733105,733106,733107,733108
77,7704,'5',733109,733110,733111,687460,614246,733112,733113,733114,733115,733116,664735,680506,733117,733118,733119,659165,659469,733120,733121,733122,733123,733124,634377,733125,733126,733127,618196,733128,733129,733130,733131,733132,733133,733134,592781,733135,733136,647877,733137,733138,733139,604725
78,7801,'1',733140,733141,733142,733143,614642,733144,598045,668603,733145,733146,733147,733148,650331,733149,733150,733151,733152,733153,733154,632318,634593,733155,733156,733157,733158,733159,733160,733161,733162,510990,566533,733163,684547,656266,733164,733165,733166,733167,733168,733169,733170,733171,643326,674749,733172,733173,733174,733175,733176,733177
78,7801,'2',733178,733179,733180,733181,733182,685808,733183,733184,733185,733186,733187,733188,733189,733190,733191,733192,733193,733194,733195,632835,733196,733197,733198,733199,460042,733200,733201,687953,624091,733202,733203,733204,733205,557668,733206,733207,733208,733209,641289,733210,733211,733212
78,7801,'3',733213,647662,624663,733214,733215,733216,733217,733218,733219,733220,733221,733222,616948,733223,733224,663363,733225,661316,733226,687729,733227,636042,733228,733229,733230,733231,733232,733233,733234,683625,733235,733236,733237,733238,733239,733240,733241,733242,733243,733244,733245,524636
78,7801,'5',733246,733247,733248,733249,733250,733251,518872,733252,733253,733254,733255,733256,733257,733258,733259,733260,733261,679440,564695,733262,733263,733264,733265,653180,733266,733267,733268,621038,733269,733270,733271,733272,733273,733274,733275,733276,733277,733278,733279,733280,733281,733282,733283,733284,625323
78,7802,'1',733285,580580,733286,651882,733287,677837,733288,733289,614653,733290,733291,733292,733293,587265,733294,733295,689700,666284,733296,733297,733298,733299,733300,733301,733302,733303,733304,686117,733305,555105,733306,671883,649900,733307,733308,612897,733309,625439,733310,733311,733312,733313,605320,617396,733314,733315,654552,733316,733317
78,7802,'2',733318,733319,733320,733321,733322,733323,733324,733325,733326,640341,733327,473760,685421,733328,733329,733330,733331,733332,733333,733334,733335,733336,733337,733338,733339,733340,614861,733341,733342,608567,656895,733343,733344,733345,580163,733346,613029,733347,733348,733349,733350
78,7802,'3',639101,733351,733352,733353,733354,733355,622064,733356,666476,733357,733358,733359,733360,733361,733362,733363,640720,733364,733365,733366,733367,666941,733368,733369,733370,733371,733372,733373,733374,733375,733376,733377,733378,733379,733380,733381,733382,733383,733384,733385,733386
78,7802,'5',733387,733388,605421,571800,733389,612190,687466,733390,569137,733391,733392,733393,733394,733395,733396,659163,638623,733397,733398,628707,612699,733399,525307,549155,689467,534910,733400,733401,733402,733403,733404,733405,733406,733407,733408,733409,733410,651862,733411,733412,733413,733414,733415,733416
79,7903,'1',733417,733418,733419,559238,557165,733420,733421,733422,639844,612297,570018,733423,733424,637151,733425,733426,619454,733427,733428,672973,733429,733430,733431,622285,733432,733433,733434,733435,733436,733437,733438,733439,733440,733441,733442,733443,733444,733445,733446,733447,733448,733449,733450,733451,733452,733453,733454,733455,686714,733456,733457,614667,733458,733459,733460,733461,624957,411767,733462,733463,612829,605798,686106,733464,733465,733466,733467,605844,610891,733468,733469,733470,733471,733472,733473,733474,733475,733476,733477,733478,733479,576952,733480,733481,669179,516273,649903,733482,633863,733483,627176,627185,733484,668290,733485,733486,625874,733487,733488,670437,733489,733490
79,7903,'2',733491,733492,733493,576610,733494,733495,622348,640866,733496,733497,733498,733499,733500,616869,733501,733502,733503,733504,733505,733506,610947,733507,733508,660647,561385,733509,733510,733511,733512,733513,623258,733514,733515,653863,733516,733517,733518,733519,733520,605176,733521,733522,733523,609601,665944,733524,733525,733526,733527,733528,733529,733530,733531,733532,733533,733534,733535,733536,550564,733537,733538,658630,612530,659020,733539,733540,582980,733541,733542,733543,733544,733545,611328
79,7903,'3',733546,688627,628418,527062,733547,521568,733548,733549,733550,733551,733552,733553,733554,667827,733555,733556,733557,733558,733559,733560,733561,733562,733563,733564,733565,605571,733566,733567,536167,556387,733568,733569,733570,733571,425509,733572,733573,733574,733575,663370,733576,595704,733577,608779,733578,733579,733580,733581,733582,733583,626877,733584,733585,733586,733587,733588,733589,648290,733590,733591,498941,733592,733593
79,7903,'5',733594,733595,733596,733597,733598,733599,733600,733601,733602,733603,733604,670003,733605,733606,612661,544565,733607,733608,733609,733610,646803,733611,733612,733613,733614,733615,733616,663408,532789,686643,733617,733618,733619,648333,678466,631113,733620,656621,733621,733622,733623,733624,733625,733626,733627,733628,733629,733630,733631,733632,659193,733633,733634,733635,665209,733636,733637,683723,733638,733639,733640,573620,520205,733641,638059,733642,733643,733644,634944,733645,733646,733647,674339
79,7904,'1',733648,733649,469072,604112,733650,733651,733652,606864,733653,733654,733655,733656,733657,543616,733658,733659,607607,733660,733661,733662,733663,733664,733665,690213,733666,733667,733668,733669,733670,733671,644912,669907,733672,553553,733673,733674,733675,733676,532255,733677,665803,733678,643290,733679,733680,733681,733682,623933,643950,733683,733684,733685,733686,687865,733687,614683,733688,733689,733690,733691,733692,733693,733694,671669,733695,679172,733696,681266,733697,733698,733699,733700,733701,733702,733703,733704,733705,733706,733707,733708,733709,733710,733711,733712,733713,733714,733715,733716,733717,610503,733718,733719,733720,733721,520999,733722,733723,733724,630663,733725,733726,733727,733728,733729,733730,733731,733732,733733,733734,733735,733736
79,7904,'2',733737,733738,733739,733740,733741,733742,519378,657729,733743,658564,542392,733744,646211,733745,733746,733747,655345,733748,733749,733750,733751,660210,733752,519408,733753,733754,733755,645832,733756,733757,733758,733759,733760,733761,733762,733763,733764,733765,638195,733766,536490,733767,448143,733768,468425,733769,733770,733771,634707,654616,733772,733773,733774,733775,612064,733776,733777,521540,733778,733779,733780,733781,733782,733783,733784,680431,733785,733786,733787,733788,646245,733789,733790
79,7904,'3',733791,733792,733793,733794,733795,733796,733797,733798,575773,733799,733800,733801,733802,733803,733804,733805,733806,733807,733808,733809,733810,733811,733812,629973,668425,733813,733814,733815,733816,733817,733818,733819,733820,733821,733822,733823,733824,733825,733826,733827,733828,733829,733830,733831,733832,542055,564666,733833,626033,733834,733835,733836,733837,733838,733839,733840,733841,733842,733843,733844,733845,733846,628599,733847,667853,733848,733849
79,7904,'5',581538,733850,733851,733852,639763,664722,733853,733854,629058,733855,733856,733857,601694,733858,733859,678956,733860,644787,733861,733862,667865,733863,733864,733865,733866,733867,513622,733868,618676,632200,568341,733869,733870,733871,679616,733872,733873,733874,650615,733875,661796,733876,733877,733878,733879,733880,733881,733882,733883,733884,733885,733886,733887,733888,733889,733890,733891,733892,733893,733894,733895,733896,733897,733898,733899,672762,733900,733901,733902,733903,733904,733905,519099
80,8001,'1',733906,733907,733908,733909,733910,733911,733912,733913,733914,733915,609712,733916,616010,733917,687130,733918,733919,733920,733921,733922,733923,733924,733925,733926,733927,682264,733928,733929,733930,733931,733932,607477,618828,733933,733934,733935,526260,733936,733937,733938,733939,733940,733941,733942,733943,733944,733945,733946,669360,670414,733947,733948,733949,647024,474480,733950,733951,733952,733953,733954,733955,733956,733957,733958,733959,733960,733961
80,8001,'2',733962,588770,645402,733963,733964,733965,647551,733966,608111,622640,733967,733968,733969,733970,733971,733972,733973,733974,733975,733976,733977,378242,733978,733979,677262,733980,733981,733982,733983,733984,733985,733986,733987,733988,733989,733990,733991,733992,690041,733993,733994,733995,733996,733997,733998,733999,734000,734001,734002,734003,734004,734005,734006,734007,734008,734009,597019,734010,734011
80,8001,'3',646902,734012,734013,734014,734015,734016,734017,666019,734018,734019,734020,734021,734022,734023,734024,734025,488006,734026,734027,734028,734029,680710,734030,734031,734032,734033,676962,734034,734035,734036,641784,673766,734037,734038,734039,639136,616697,734040,734041,734042,734043,734044,734045,638870,734046,734047,734048,734049,734050,734051,734052,734053
80,8001,'5',540713,734054,734055,615046,734056,659140,734057,734058,734059,686638,734060,734061,734062,734063,734064,734065,734066,682061,734067,734068,734069,734070,734071,661792,734072,613868,734073,620038,734074,615123,630066,734075,734076,734077,734078,734079,734080,734081,734082,734083,734084,734085,734086,734087,734088,734089,734090,734091,734092,734093,734094,734095,734096,734097,682823,734098,619427,642042
80,8002,'1',647394,734099,608021,643263,625771,734100,734101,734102,734103,734104,734105,676177,734106,734107,734108,734109,734110,734111,637180,734112,734113,734114,637208,734115,734116,734117,734118,734119,734120,734121,734122,734123,734124,734125,475168,734126,734127,734128,734129,734130,734131,734132,734133,734134,734135,734136,484159,516409,734137,390393,734138,734139,734140,734141,734142,734143,734144,734145,734146,734147,734148,734149,681061,734150,681607,686530,526864,734151,675912,734152,734153
80,8002,'2',734154,607344,734155,605888,734156,734157,734158,628853,734159,734160,617895,734161,734162,734163,635076,734164,734165,460026,734166,734167,734168,734169,676057,734170,637497,734171,734172,734173,585956,734174,627341,677215,734175,734176,734177,734178,620607,734179,628332,734180,734181,734182,636557,734183,734184,734185,570879,734186,734187,734188,734189,667979,734190,613299,734191,734192,734193,734194
80,8002,'3',734195,734196,734197,539768,678731,734198,566281,734199,734200,734201,734202,734203,734204,734205,616138,734206,734207,734208,421031,640426,734209,734210,734211,734212,734213,734214,734215,734216,734217,734218,734219,734220,734221,658352,734222,734223,734224,629047,734225,734226,734227,671222,734228,734229,734230,687009,734231,734232,734233,734234,734235,734236,734237
80,8002,'5',531599,659326,619978,734238,734239,734240,734241,734242,734243,734244,734245,734246,734247,734248,734249,734250,649731,633437,734251,599049,734252,734253,568352,734254,734255,573029,734256,734257,734258,734259,536895,687796,734260,734261,734262,607720,734263,734264,734265,734266,734267,734268,734269,570635,734270,683716,644842,734271,734272,734273,734274,734275,734276,734277,734278,552364,734279,734280,734281
82,8201,'1',734282,734283,734284,734285,734286,734287,734288,734289,734290,734291,734292,734293,624948,650711,734294,734295,734296,734297,734298,663999,734299,734300,734301,734302,638404,634052,734303,734304,734305,734306,675902,734307,734308,734309,734310,734311,734312,611215,610505,734313,536422,734314,734315,581633,625459,616850
82,8201,'2',734316,734317,734318,734319,734320,734321,734322,655828,550213,734323,734324,734325,734326,528812,654584,674992,734327,734328,734329,734330,734331,734332,734333,734334,734335,734336,734337,674419,601924,734338,734339,734340,734341,734342,734343,576447,734344,734345,734346,734347,643840,734348,734349,734350,734351,586330
82,8201,'3',734352,734353,734354,734355,734356,734357,734358,734359,734360,734361,734362,734363,734364,734365,407774,734366,734367,734368,734369,734370,734371,734372,664885,679572,734373,734374,734375,734376,734377,606270,646924,734378,734379,734380,639993,734381,734382,734383,734384,734385,734386,734387,734388,734389
82,8201,'5',734390,580046,734391,734392,734393,681551,734394,734395,734396,734397,734398,632995,734399,734400,734401,734402,734403,734404,734405,734406,734407,734408,734409,734410,734411,639204,734412,734413,734414,520545,734415,734416,734417,632652,734418,734419,678486,734420,734421,734422,734423,734424,734425,734426,734427,734428,734429,734430
82,8202,'1',690334,734431,540826,610048,734432,734433,734434,734435,734436,734437,547879,734438,734439,734440,734441,636181,734442,734443,734444,734445,734446,671657,734447,734448,630553,734449,734450,734451,734452,734453,734454,642542,734455,734456,663229,734457,734458,551956,734459,482249,734460,734461,734462,734463,734464
82,8202,'2',734465,641036,734466,734467,734468,671897,734469,734470,734471,674043,734472,734473,734474,734475,626821,734476,734477,734478,734479,734480,734481,734482,734483,734484,683063,734485,482707,734486,734487,734488,734489,734490,734491,734492,734493,734494,734495,479587,682213,734496,734497,524498,734498,602748,620636,734499
82,8202,'3',670942,734500,734501,734502,534227,734503,734504,734505,734506,734507,734508,624169,684717,734509,734510,664527,734511,734512,734513,734514,734515,670119,734516,734517,734518,734519,734520,734521,734522,734523,734524,734525,645880,557906,734526,682563,734527,734528,734529,734530,734531,734532,734533,734534
82,8202,'5',734535,734536,734537,734538,734539,734540,734541,734542,734543,611410,734544,734545,734546,652522,734547,734548,734549,734550,530314,734551,734552,734553,734554,734555,734556,734557,554840,632231,734558,734559,734560,734561,665204,734562,734563,734564,734565,650640,734566,734567,734568,734569,734570,678340,614337,734571,541610,734572
83,8303,'1',734573,456825,734574,734575,734576,612286,734577,734578,734579,734580,734581,734582,734583,734584,734585,734586,734587,734588,734589,734590,734591,734592,734593,734594,659237,734595,734596,734597,734598,734599,734600,544414,734601,734602,734603,658879,610875,734604,734605,734606,734607,734608,734609,734610,734611,734612,734613,734614,675139,734615,734616,734617,734618,734619,734620,631373,734621,734622,734623,641462,734624,734625,734626,734627,734628,734629,463677,734630,734631,734632,734633
83,8303,'2',734634,534073,638457,734635,734636,734637,734638,734639,734640,734641,637439,734642,734643,734644,734645,734646,734647,734648,631468,680405,681450,655355,734649,734650,734651,734652,734653,734654,609424,734655,734656,651623,734657,734658,734659,734660,734661,734662,734663,734664,734665,734666,734667,734668,661120,734669,734670,734671,644052,734672,734673,734674,734675,734676,734677,734678,641758,734679,734680,734681,734682
83,8303,'3',734683,734684,734685,734686,734687,612555,734688,734689,734690,734691,734692,734693,593979,734694,625143,734695,734696,663103,734697,734698,734699,734700,734701,734702,734703,629966,608955,734704,734705,734706,734707,734708,598758,734709,734710,734711,734712,734713,734714,734715,734716,734717,734718,734719,734720,734721,734722,734723,734724,734725,734726,734727,734728,734729,734730,734731,734732,734733,632163,734734,734735
83,8303,'5',734736,734737,734738,734739,734740,734741,594866,734742,734743,734744,667860,734745,734746,734747,734748,734749,734750,734751,734752,734753,734754,734755,734756,677702,525919,734757,734758,734759,626729,584310,634215,520522,734760,734761,734762,734763,734764,668544,734765,734766,734767,734768,734769,651234,734770,734771,734772,734773,734774,734775,734776,734777,734778,734779,734780,623139,606359,734781,734782,734783,734784,734785,734786,734787,734788,657983,734789,734790
83,8304,'1',734791,734792,734793,734794,734795,734796,734797,734798,734799,660069,613545,734800,734801,663487,657167,734802,667760,734803,552658,734804,734805,734806,734807,734808,734809,661432,734810,611198,622594,734811,629819,734812,734813,607048,734814,734815,734816,734817,734818,734819,690317,734820,524315,734821,620855,674527,644966,578985,734822,629396,734823,734824,734825,734826,734827,734828,734829,734830,734831,734832,734833,678184,664029,615284,734834,614010,734835,734836,734837,734838
83,8304,'2',681234,734839,663064,734840,734841,734842,734843,635979,734844,734845,734846,734847,734848,734849,734850,734851,734852,734853,595143,734854,734855,734856,734857,734858,621498,734859,734860,734861,626649,734862,734863,734864,734865,734866,734867,620597,684942,734868,668744,734869,734870,734871,734872,662224,734873,635111,648142,734874,734875,734876,734877,734878,734879,734880,734881,622040,734882,734883,734884,657563,734885
83,8304,'3',734886,734887,734888,734889,734890,734891,734892,641766,734893,734894,734895,618011,734896,734897,734898,734899,734900,734901,734902,734903,610669,688283,734904,734905,734906,734907,530572,734908,734909,734910,734911,606264,734912,734913,734914,734915,655523,734916,734917,734918,635478,629999,734919,642358,734920,734921,734922,734923,734924,734925,734926,624764,628584,734927,734928,734929,734930,734931,612177
83,8304,'5',622164,734932,734933,734934,734935,530276,734936,734937,734938,734939,734940,734941,734942,734943,734944,734945,734946,595179,734947,734948,734949,554280,734950,613361,734951,577653,734952,734953,734954,630061,734955,734956,734957,734958,734959,734960,734961,734962,734963,734964,734965,689157,734966,734967,734968,654325,613896,734969,734970,734971,734972,734973,734974,734975,734976,734977,734978,672765,734979,734980,734981,734982,734983,734984,734985,734986
84,8401,'1',636115,734987,734988,670741,635725,734989,734990,734991,579608,734992,734993,734994,734995,734996,734997,734998,734999,735000,664953,735001,643268,735002,735003,664418,735004,689189,735005,735006,630116,689605,735007,735008,735009,735010,735011,735012,735013,735014,735015,735016,735017,735018,735019,735020,735021,735022,735023,564394,735024,735025,735026,735027,735028,735029,735030,735031,404780,603441,604757,647953,629791,735032,735033,632710,735034,735035,735036,735037,735038,735039,735040,735041,735042,690502,735043,735044,735045,735046,683823,735047,735048,735049,582849,735050,671283,634598,735051,735052,735053,735054,735055,735056,735057,735058,735059,735060,657472,735061,735062,735063,735064,735065,735066,682115,735067,672810,521396,735068,735069,735070,549849,667639,735071,679173,735072,735073,577144,598020,735074,673523,735075,735076,735077,625833,735078,735079,735080,735081,735082,661444,735083,667936,608513,735084,735085,735086,735087,735088,735089,735090,623209,735091,735092,735093,735094,735095,735096,664014,735097,735098,735099,735100,735101,735102,735103,677160,647502,735104,735105,735106,735107,735108,735109,735110,735111,735112,634427,735113,735114,735115,620203,735116,615281,735117,735118,735119,735120,735121,735122,608896,686307
84,8401,'2',735123,735124,735125,735126,735127,735128,735129,735130,735131,735132,735133,735134,735135,652358,735136,627231,735137,518783,735138,735139,582910,735140,578623,735141,735142,578113,526314,735143,735144,735145,735146,735147,735148,594993,735149,735150,607505,735151,735152,735153,735154,735155,735156,735157,735158,735159,735160,735161,735162,735163,735164,735165,735166,735167,735168,658587,735169,735170,735171,735172,735173,735174,613280,735175,735176,735177,735178,735179,735180,685978,735181,635091,659681,663840,735182,735183,735184,735185,735186,735187,735188,735189,531080,735190,735191,735192,735193,735194,735195,648118,735196,735197,659410,735198,608923,735199,665344,735200,649534,735201,735202,735203,735204,735205,735206,735207,735208,519924,735209,735210,735211,735212,735213,735214,600870,735215,735216,676872,735217,735218,481848,735219,735220,735221,648151,735222,735223,735224,659725,735225,735226,735227,735228,735229,735230,735231,735232,735233,735234,689034,609438,735235,735236,735237,617138,735238,735239,735240,613442,735241,735242,735243,735244,652710,735245,735246,735247,735248,735249,735250,536122,735251,735252,735253,659761,573736
84,8401,'3',615445,644659,735254,629024,735255,735256,735257,735258,621579,735259,735260,735261,735262,735263,623321,735264,735265,735266,735267,735268,735269,735270,735271,735272,735273,735274,735275,655468,735276,735277,735278,735279,658677,735280,735281,679081,735282,735283,735284,735285,674825,610263,735286,735287,536575,735288,735289,735290,682055,735291,735292,735293,735294,735295,735296,735297,666042,645164,735298,735299,630963,735300,650523,735301,735302,666940,735303,624191,735304,735305,735306,735307,735308,735309,735310,735311,735312,735313,735314,735315,735316,735317,682523,636774,735318,667252,735319,735320,735321,735322,735323,735324,735325,735326,735327,682147,735328,735329,735330,620698,673772,735331,735332,735333,606971,735334,735335,735336,735337,735338,735339,735340,735341,735342,735343,442004,614214,735344,735345,735346,630011,735347,735348,631700,636851,735349,735350,735351,735352,735353,735354,735355
84,8401,'5',735356,735357,677917,735358,735359,735360,735361,735362,735363,735364,603161,735365,735366,735367,735368,735369,735370,735371,735372,735373,735374,735375,735376,735377,735378,735379,735380,678301,735381,637912,735382,735383,735384,735385,735386,735387,735388,735389,735390,735391,735392,522169,735393,684354,635883,625689,735394,735395,735396,735397,735398,607579,735399,735400,735401,735402,735403,735404,735405,735406,669277,735407,735408,735409,735410,735411,735412,624314,735413,735414,523860,735415,735416,663012,666612,735417,735418,662867,735419,735420,657394,735421,735422,735423,604688,735424,735425,735426,735427,735428,515638,605073,673310,735429,634913,608263,735430,735431,735432,735433,689903,735434,606350,735435,735436,735437,735438,735439,735440,735441,735442,735443,735444,735445,735446,735447,735448,735449,735450,735451,633791,735452,644153,735453,613207,735454,735455,681046,735456,735457,735458,735459,735460,516544,686482,735461,677717,735462,735463,735464,592965,735465,735466,735467,735468
84,8402,'1',687554,735469,735470,735471,735472,735473,561716,735474,735475,735476,735477,735478,629574,735479,735480,669143,735481,672124,735482,735483,735484,649322,735485,735486,735487,735488,735489,735490,735491,667301,735492,735493,735494,735495,735496,652593,735497,735498,660931,735499,735500,735501,735502,735503,735504,735505,735506,735507,735508,735509,735510,735511,735512,432522,735513,662048,735514,735515,735516,735517,735518,735519,735520,735521,735522,735523,586811,642083,735524,664787,735525,735526,735527,735528,735529,735530,735531,735532,735533,663990,681934,735534,735535,735536,735537,735538,735539,735540,735541,628010,735542,735543,735544,735545,735546,409038,735547,735548,735549,622314,735550,735551,533523,735552,643958,735553,618862,735554,663222,669584,660115,735555,735556,735557,735558,644954,735559,735560,735561,735562,735563,735564,620850,735565,735566,735567,735568,735569,641211,688940,735570,735571,735572,735573,621417,735574,735575,735576,735577,663054,735578,684883,735579,605140,735580,735581,735582,735583,735584,735585,735586,631376,735587,735588,735589,735590,678851,735591,735592,735593,735594,620862,735595,735596,689271,735597,464324,735598,735599,735600,735601,735602,735603,735604,735605,735606,735607,735608,735609,735610,646197,735611,735612,735613,735614
84,8402,'2',735615,735616,735617,735618,735619,735620,735621,735622,735623,735624,735625,591016,735626,735627,635390,735628,735629,735630,735631,735632,735633,599338,735634,735635,611997,735636,735637,735638,688201,735639,735640,735641,686826,735642,735643,735644,735645,735646,735647,735648,735649,735650,735651,735652,735653,735654,735655,735656,735657,676794,735658,735659,735660,660646,735661,527721,735662,735663,735664,735665,735666,735667,735668,735669,735670,735671,613655,553675,735672,735673,735674,735675,639923,735676,533293,735677,735678,735679,735680,735681,672035,593561,735682,735683,735684,735685,649511,735686,735687,735688,735689,735690,629442,735691,735692,735693,735694,735695,735696,735697,735698,661116,676069,735699,735700,620257,735701,735702,735703,735704,735705,639069,735706,735707,674797,735708,735709,622676,603531,735710,735711,642662,735712,684070,735713,735714,735715,735716,735717,625945,735718,493948,735719,735720,735721,735722,735723,551822,735724,735725,735726,735727,735728,735729,735730,735731,735732,735733,735734,735735,735736,735737,735738,735739,682083,735740,670525,735741,625552,735742,639952,735743,735744,735745,735746,735747,735748,735749,735750,735751,735752,735753,735754,607380,735755
84,8402,'3',735756,474427,735757,735758,735759,735760,735761,735762,735763,735764,735765,735766,735767,735768,735769,674433,735770,735771,735772,735773,735774,656463,735775,735776,735777,735778,735779,735780,620324,735781,735782,735783,735784,735785,735786,735787,735788,735789,735790,735791,653470,735792,439669,735793,735794,735795,735796,620676,735797,735798,735799,735800,735801,735802,735803,627536,735804,735805,735806,735807,735808,735809,735810,735811,735812,735813,735814,735815,735816,735817,735818,735819,735820,607118,735821,735822,735823,735824,735825,735826,616156,735827,735828,735829,735830,735831,688686,735832,735833,735834,735835,682444,735836,672910,689090,735837,735838,735839,735840,735841,735842,643160,735843,735844,735845,735846,735847,735848,672382,735849,735850,735851,735852,663121,735853,735854,735855,642368,735856,735857,735858,735859,735860,735861,637831,735862,533070,735863,735864,735865,735866,735867,508735,735868,735869,735870,735871,679259,735872,683649
84,8402,'5',529809,735873,735874,735875,669864,735876,735877,735878,735879,735880,735881,630357,735882,735883,735884,735885,735886,735887,735888,735889,590906,735890,735891,669712,657359,735892,735893,735894,735895,735896,735897,735898,735899,735900,735901,735902,735903,735904,735905,735906,735907,735908,735909,735910,610775,566777,735911,735912,735913,735914,735915,735916,735917,735918,735919,540755,735920,609503,735921,735922,735923,735924,735925,735926,735927,735928,735929,735930,735931,735932,735933,735934,735935,735936,735937,735938,735939,735940,735941,735942,670689,735943,735944,735945,735946,735947,735948,735949,735950,735951,735952,735953,735954,622529,672741,735955,735956,735957,735958,670705,735959,735960,735961,735962,735963,602877,735964,735965,735966,735967,735968,632241,669290,640029,735969,735970,735971,659349,645314,735972,735973,735974,735975,735976,735977,518364,735978,735979,608643,638043,735980,735981,735982,735983,643760,735984,735985,735986,735987,735988,735989,735990,735991,661064,735992,735993,735994,735995,735996,735997,735998,735999,613222
85,8501,'1',736000,736001,736002,736003,736004,736005,736006,736007,736008,736009,736010,736011,651052,617353,736012,736013,611878,736014,736015,736016,633097,736017,736018,736019,736020,736021,736022,605818,736023,611168,560726,736024,736025,736026,736027,736028,736029,736030,736031,736032,736033,736034,736035,736036,736037,736038,736039,736040,736041,736042,736043,658457,624431,736044,736045,686324,736046,677731,736047,736048,736049,736050,736051,736052,736053,643941,736054,688895,736055,736056,736057,736058,736059,736060,736061,736062,736063,736064,736065,636231,736066,736067,736068,736069,736070,613975,736071,736072,629386,736073,609379,736074,736075,639582,677967,736076,736077,736078,736079,652902,668084,736080,736081,652619,676722,736082,736083,736084,736085,736086,587010,736087,736088,736089,736090,736091,736092,667769,736093,736094,638432,644238,736095,736096,736097,736098,736099,686787,736100,736101,736102,736103,736104,736105,600766,736106,475271,522430,736107,736108,651560,736109,736110,736111,736112,736113,736114,736115
85,8501,'2',736116,736117,736118,679669,736119,736120,673364,736121,736122,621132,736123,736124,736125,736126,736127,533780,736128,625479,736129,736130,736131,736132,736133,736134,736135,736136,736137,736138,736139,630725,736140,736141,736142,736143,736144,736145,736146,626823,736147,736148,624569,736149,606452,736150,736151,736152,736153,736154,641046,736155,736156,736157,736158,736159,736160,736161,736162,736163,736164,736165,736166,736167,736168,736169,736170,736171,736172,736173,736174,736175,663292,736176,736177,665048,736178,736179,514159,736180,736181,736182,736183,736184,736185,736186,736187,736188,516953,659004,736189,736190,736191,736192,736193,736194,736195,736196,736197,736198,736199,736200,736201,736202,654619,736203,736204,736205,736206,736207,666419,736208,736209,736210,618470,736211,736212,736213,736214,736215,736216,736217,736218,736219,736220,736221,736222,736223,736224,736225,736226,736227,736228,736229,736230,625545,736231,736232,736233,736234,736235,521100,736236,736237,736238,736239,736240,736241,736242,736243,736244,736245,736246,736247,736248,736249,656921,736250,736251,736252,736253
85,8501,'3',605953,736254,736255,540629,736256,681660,736257,736258,736259,736260,652966,736261,736262,736263,736264,736265,736266,736267,736268,736269,649598,736270,736271,678737,736272,654400,736273,736274,736275,736276,622079,736277,673259,736278,736279,650887,736280,736281,736282,624168,642733,736283,736284,649614,736285,736286,736287,736288,736289,736290,736291,611034,736292,736293,736294,736295,736296,736297,736298,736299,736300,600492,736301,736302,736303,613751,736304,594827,685003,736305,736306,542534,736307,736308,736309,661746,736310,736311,736312,736313,664534,736314,736315,628530,736316,736317,736318,736319,646921,736320,736321,736322,736323,736324,736325,736326,736327,736328,736329,736330,681691,736331,736332,403400,736333,736334,736335,681761,736336,736337,736338,736339,736340,736341,736342,736343,736344,615558,736345,736346,736347,736348,736349,736350,736351,736352,736353,736354,628578,736355,736356,736357,667448,736358,736359,736360,736361,736362,736363,736364,736365,736366,613812
85,8501,'5',595253,736367,736368,687453,643720,736369,635679,630358,736370,736371,599983,736372,736373,736374,657353,736375,736376,736377,736378,736379,736380,736381,525513,736382,736383,736384,651424,736385,736386,736387,642822,736388,736389,736390,736391,736392,736393,606575,736394,736395,736396,736397,736398,736399,736400,736401,736402,736403,736404,736405,736406,736407,736408,736409,736410,736411,736412,736413,736414,736415,736416,736417,736418,736419,736420,736421,736422,668921,626519,516521,736423,736424,736425,736426,736427,675455,736428,736429,736430,542644,736431,736432,736433,646490,736434,736435,736436,736437,608256,529209,736438,736439,534904,736440,736441,736442,736443,736444,736445,736446,736447,736448,736449,544030,736450,736451,736452,736453,680357,736454,736455,736456,736457,736458,736459,736460,678483,736461,736462,736463,736464,736465,654327,627841,736466,736467,638042,687100,576904,736468,736469,736470,736471,736472,736473,736474,736475,736476,736477,736478,736479,612738,736480,736481,736482,672766,682875,736483,736484,736485,736486,736487,736488
85,8502,'1',631226,621804,634017,736489,598038,736490,736491,668046,519768,736492,736493,668978,736494,617745,549813,736495,736496,736497,606866,736498,645498,736499,736500,736501,736502,653039,736503,736504,736505,658450,736506,736507,597281,736508,736509,736510,736511,736512,613547,736513,672514,736514,645941,736515,736516,736517,736518,736519,736520,736521,673168,736522,736523,670775,736524,736525,736526,736527,628976,688471,651496,736528,736529,736530,736531,736532,736533,736534,659245,736535,646529,736536,736537,736538,736539,641438,736540,736541,736542,736543,736544,736545,621382,736546,649864,736547,679317,736548,736549,676712,736550,736551,637265,633843,689239,736552,736553,736554,736555,736556,595200,736557,736558,736559,736560,736561,736562,736563,736564,664012,617582,736565,736566,736567,736568,736569,430303,736570,736571,736572,736573,736574,736575,736576,736577,599491,638140,736578,643991,736579,624512,736580,608691,736581,736582,736583,736584,736585,736586,684901,736587,736588,664466,736589,736590,620209,736591,736592,633871,736593
85,8502,'2',736594,736595,736596,736597,736598,736599,736600,736601,736602,736603,736604,736605,736606,736607,736608,736609,736610,736611,736612,736613,736614,736615,736616,654567,736617,736618,736619,736620,736621,736622,736623,736624,736625,736626,736627,736628,736629,736630,628219,736631,736632,736633,736634,736635,736636,736637,455408,736638,736639,736640,736641,653092,736642,736643,653324,736644,736645,661109,736646,736647,736648,736649,602283,736650,736651,736652,522485,639357,736653,736654,736655,736656,736657,736658,736659,736660,736661,736662,620244,736663,736664,666402,669207,736665,736666,615368,618448,736667,632015,736668,736669,736670,736671,736672,736673,736674,736675,680416,736676,736677,509063,736678,736679,736680,736681,736682,736683,736684,736685,736686,666423,736687,736688,736689,736690,736691,736692,736693,736694,629017,675824,736695,468974,736696,736697,736698,736699,736700,736701,539434,736702,632467,632874,736703,736704,736705,736706,736707,736708,736709,736710,736711,736712,736713,736714,736715,736716,736717,736718,687352,736719,736720,736721,736722,606226,736723,736724,736725,736726,736727,736728
85,8502,'3',736729,736730,675588,736731,736732,628891,736733,663332,675255,736734,736735,736736,736737,736738,736739,689806,614141,736740,736741,736742,736743,736744,564481,672062,736745,736746,736747,618542,736748,736749,736750,736751,736752,736753,668818,736754,736755,736756,736757,736758,736759,736760,736761,736762,736763,668427,736764,593697,736765,672340,736766,628492,736767,736768,736769,736770,736771,468129,640428,736772,736773,736774,666054,736775,736776,736777,673599,736778,736779,736780,475513,642760,592118,736781,736782,736783,736784,736785,736786,736787,736788,736789,604972,736790,650532,736791,736792,736793,736794,736795,736796,657609,736797,736798,636788,736799,561541,736800,736801,736802,681643,736803,736804,736805,736806,736807,736808,736809,736810,679842,736811,736812,736813,736814,736815,736816,736817,736818,736819,736820,500061,736821,736822,675427,736823,736824,736825,736826,736827,736828,736829,736830,736831,736832,736833,736834,642798,736835,736836,736837,736838,736839,736840
85,8502,'5',736841,736842,736843,552986,736844,736845,736846,736847,736848,736849,675082,669267,736850,736851,736852,736853,736854,736855,629198,736856,736857,736858,627705,736859,736860,736861,736862,736863,736864,736865,736866,736867,736868,736869,736870,736871,657365,736872,736873,736874,636949,736875,736876,684344,736877,736878,736879,736880,662548,736881,736882,736883,736884,736885,736886,736887,736888,736889,736890,736891,736892,736893,736894,736895,736896,736897,736898,516814,736899,629210,736900,736901,736902,572467,515885,530660,736903,736904,736905,736906,736907,736908,736909,736910,736911,605062,736912,736913,676599,736914,736915,736916,736917,736918,736919,736920,736921,736922,736923,736924,736925,736926,736927,626119,736928,736929,736930,661811,736931,736932,736933,736934,736935,736936,634541,736937,651017,736938,632654,736939,736940,736941,736942,736943,736944,736945,736946,736947,736948,736949,627851,736950,736951,675867,736952,654825,736953,736954,736955,634387,736956,736957,736958,736959,736960,736961,736962,736963,736964,736965,603925,736966,736967,736968,736969,736970,736971
86,8601,'1',736972,736973,736974,736975,639531,736976,736977,736978,736979,608020,736980,736981,660055,526540,610850,736982,736983,736984,612292,642062,736985,672496,736986,736987,736988,736989,736990,736991,736992,736993,736994,627924,736995,736996,736997,736998,670177,736999,737000,737001,737002,737003,737004,737005,737006,737007,737008,737009,737010,737011,737012,414958,737013,737014,737015,737016,737017,737018,737019,737020,662318,522332,408728,572009,621359,737021,737022,659541,610068,737023,737024,737025,737026,737027,737028,737029,737030,737031,737032,737033,737034,737035,737036,737037,737038,615224,737039,737040,737041,737042,737043,737044,737045,737046,737047,737048,737049,737050,672539,737051,688481,651523,737052,737053,737054,671667,737055,737056,737057,737058,737059,737060,737061,737062,542331,737063,737064,737065,676233,737066,737067,737068,737069,737070,737071,737072,737073,667937,737074,681272,737075,737076,737077,737078,638138,737079,737080,737081,686772,737082,737083,737084,737085,520993,672191,630166,737086,620860,737087,678374,737088,737089,737090,737091,737092,603007,737093,737094,673532,737095,737096,502057,577162,737097,634268,737098,737099,683931,487441,737100,737101,491729,737102,610927,737103
86,8601,'2',737104,737105,624023,737106,737107,737108,737109,737110,737111,737112,737113,648972,645539,737114,737115,737116,737117,400081,737118,737119,655834,737120,737121,737122,737123,679906,737124,676782,737125,660198,737126,737127,681857,737128,737129,737130,737131,737132,737133,737134,737135,737136,737137,656817,737138,737139,737140,737141,625909,620897,737142,737143,737144,737145,639052,737146,737147,664831,737148,623537,737149,576205,737150,634685,628254,737151,673879,737152,523981,737153,737154,737155,737156,737157,737158,737159,737160,737161,737162,737163,737164,737165,737166,737167,737168,737169,737170,737171,737172,662220,737173,737174,581839,528266,737175,737176,737177,737178,737179,737180,737181,634708,737182,737183,737184,737185,737186,737187,737188,737189,687688,737190,737191,628341,737192,683198,537557,737193,737194,737195,737196,737197,737198,737199,737200,737201,737202,663311,737203,737204,737205,644630,673574,737206,502815,737207,737208,737209,677606,737210,737211,737212,523236,737213,737214,737215,737216,737217,737218,737219,737220,737221,737222,737223,737224,591939,737225,674811,667223,737226,737227,737228,737229,737230,737231,737232,737233,677391,737234
86,8601,'3',737235,737236,737237,737238,737239,737240,737241,737242,737243,737244,737245,737246,737247,737248,644324,737249,737250,737251,737252,737253,737254,737255,737256,737257,737258,737259,737260,737261,737262,737263,737264,737265,737266,737267,737268,737269,737270,737271,667426,737272,737273,645579,737274,737275,737276,737277,737278,737279,737280,737281,643130,497373,737282,737283,737284,737285,737286,533046,737287,689395,618047,737288,737289,421499,737290,737291,737292,638549,737293,737294,629703,737295,737296,659308,737297,737298,737299,633362,579060,737300,737301,737302,737303,737304,606777,737305,737306,737307,737308,737309,665133,737310,737311,737312,737313,737314,737315,737316,737317,737318,737319,737320,676984,737321,737322,737323,737324,620363,737325,737326,737327,737328,737329,663907,737330,564672,737331,657792,737332,618100,737333,737334,737335,737336,737337,737338,737339,737340,737341,737342,737343
86,8601,'5',737344,623080,737345,737346,737347,737348,737349,737350,689110,665163,737351,737352,573161,737353,737354,737355,737356,737357,663392,737358,737359,737360,737361,737362,534328,737363,737364,737365,737366,737367,737368,737369,737370,737371,737372,737373,737374,667121,681102,737375,737376,737377,737378,737379,737380,737381,737382,737383,737384,737385,737386,737387,737388,573018,737389,737390,737391,737392,737393,737394,737395,737396,737397,737398,737399,737400,628682,737401,737402,737403,737404,737405,737406,737407,648347,682024,737408,737409,737410,646962,737411,737412,737413,737414,737415,737416,737417,737418,737419,680521,737420,737421,737422,737423,737424,737425,569450,737426,737427,737428,737429,737430,737431,737432,737433,737434,737435,737436,681696,737437,737438,737439,737440,737441,737442,737443,737444,674697,737445,624885,737446,737447,737448,737449,737450,737451,737452,737453,737454,737455,661198,737456,737457,737458,679876,576733,737459
86,8602,'1',737460,737461,737462,737463,672966,737464,737465,737466,737467,737468,622563,650310,633508,640992,737469,737470,737471,737472,737473,737474,737475,737476,737477,737478,737479,737480,624415,737481,737482,737483,737484,737485,737486,737487,686093,737488,737489,737490,737491,737492,737493,614657,737494,667758,737495,737496,660933,737497,737498,737499,737500,737501,737502,737503,737504,737505,573447,737506,737507,737508,737509,737510,646995,531287,654498,666281,737511,666857,737512,737513,737514,687592,737515,470940,402267,737516,737517,737518,670375,737519,737520,638399,737521,737522,618309,737523,680944,737524,644927,737525,737526,737527,737528,737529,737530,737531,737532,737533,737534,737535,647453,737536,737537,737538,604400,737539,737540,737541,737542,430074,737543,737544,737545,737546,737547,737548,654522,680781,439531,737549,737550,737551,737552,737553,522923,661237,737554,737555,737556,737557,737558,501420,737559,737560,737561,737562,588763,737563,737564,737565,494958,655276,737566,737567,629121,737568,737569,737570,641699,655289,737571,737572,737573,737574,737575,737576,515958,602677,737577,653784,737578,675326,737579,737580,737581,737582,737583,737584,737585,737586,737587,737588,622628,737589,737590,737591,737592,737593
86,8602,'2',737594,681437,545658,737595,737596,737597,737598,737599,737600,737601,649446,628155,737602,737603,737604,737605,737606,640627,737607,737608,737609,737610,737611,737612,737613,737614,737615,737616,737617,737618,737619,737620,737621,737622,737623,737624,737625,737626,625491,737627,737628,737629,737630,737631,737632,737633,656818,737634,737635,737636,737637,737638,737639,737640,737641,677359,737642,737643,600090,737644,737645,737646,737647,737648,669811,689000,737649,737650,737651,607515,737652,737653,737654,737655,737656,737657,737658,737659,737660,737661,737662,737663,737664,668737,737665,737666,737667,737668,737669,737670,737671,626833,635995,737672,737673,737674,650822,661484,737675,737676,737677,737678,737679,737680,737681,737682,673565,737683,737684,737685,737686,737687,737688,737689,737690,737691,737692,737693,737694,737695,737696,737697,645847,737698,737699,737700,737701,737702,737703,737704,737705,737706,737707,622687,737708,737709,737710,737711,518632,737712,737713,737714,600113,737715,737716,737717,737718,737719,737720,737721,737722,737723,737724,737725,737726,737727,737728,737729,737730,737731,737732,737733,737734,644652,737735,737736,737737,737738,737739,737740
86,8602,'3',737741,737742,737743,666000,737744,737745,737746,737747,737748,737749,579212,737750,649590,737751,737752,681476,737753,737754,737755,737756,737757,737758,737759,737760,737761,618005,672321,737762,737763,529693,737764,737765,737766,657918,737767,737768,670566,737769,737770,737771,737772,681640,737773,737774,737775,737776,737777,737778,667088,737779,737780,737781,737782,522083,737783,737784,737785,737786,550620,617473,737787,605570,737788,682702,737789,606258,654691,737790,737791,737792,618052,737793,737794,737795,737796,737797,737798,737799,737800,737801,737802,737803,737804,737805,632547,737806,737807,737808,737809,737810,737811,737812,737813,737814,737815,678936,672683,737816,737817,737818,737819,737820,737821,737822,659877,737823,737824,737825,563619,737826,737827,737828,652990,737829,737830,737831,737832,737833,737834,737835,737836,737837,589237,671801,627659,737838,737839
86,8602,'5',737840,737841,737842,737843,574578,737844,737845,737846,737847,737848,737849,737850,737851,737852,737853,737854,737855,737856,737857,737858,676544,689438,737859,737860,737861,737862,737863,737864,737865,737866,737867,679596,737868,737869,737870,737871,657071,606576,737872,737873,737874,737875,737876,737877,737878,737879,737880,737881,737882,737883,737884,737885,737886,737887,737888,737889,737890,680171,737891,737892,737893,737894,737895,609169,737896,737897,737898,737899,574341,737900,737901,737902,737903,737904,737905,737906,737907,737908,737909,737910,737911,737912,737913,653642,617033,737914,737915,737916,737917,737918,737919,737920,737921,737922,737923,633468,737924,737925,648379,737926,664381,737927,737928,617722,669123,737929,652849,737930,737931,737932,737933,737934,737935,737936,737937,737938,737939,737940,737941,737942,737943,737944,737945,737946,737947,737948,737949,737950,737951,685569,737952,604721,737953,608470,737954,737955,737956,596193,737957
87,8701,'1',737958,737959,737960,737961,737962,737963,737964,737965,737966,644421,605808,737967,737968,665760,536740,737969,641650,737970,737971,548893,737972,737973,683782,737974,737975,737976,737977,737978,737979,626578,737980,737981,737982,737983,737984,737985,737986,737987,737988,737989,737990,737991,737992,737993,737994,737995,737996,685345,737997,737998,737999,738000,738001,738002,540904,631878,738003,738004,738005,652602,738006,738007,738008,431229,738009,628011,543224,738010,738011,738012,738013,738014,738015,738016,738017,738018,738019,738020,738021,738022,738023,738024,738025,738026,738027,636272,738028,738029,684876,738030,738031,738032,738033,738034,738035,612869,738036,738037,623975,738038,738039,613995,738040,738041,630165,738042,738043,738044,625013,738045,738046,738047,738048,738049,738050,651102,674029,573684,738051,738052,738053,683195,738054
87,8701,'2',738055,630686,651316,738056,738057,738058,738059,738060,738061,659269,738062,738063,738064,738065,738066,738067,738068,683971,687257,684921,631439,677207,738069,738070,738071,738072,738073,624040,738074,738075,738076,738077,738078,738079,738080,738081,738082,738083,640120,660645,738084,462702,738085,738086,556620,671710,738087,738088,738089,738090,738091,738092,738093,738094,738095,738096,738097,738098,738099,738100,630219,738101,738102,738103,738104,738105,738106,738107,738108,738109,738110,738111,738112,738113,738114,738115,738116,738117,738118,738119,672039,738120,667540,738121,738122,738123,738124,738125,738126,738127,738128,604510,738129,738130,738131,738132,738133,634728,738134,738135,738136,738137,738138,683560,657561,422403,738139,679694,738140,738141,738142,738143,738144,738145,738146,738147,738148,738149,738150,648649
87,8701,'3',738151,738152,738153,738154,738155,738156,738157,738158,680117,738159,738160,738161,576463,738162,738163,738164,738165,738166,738167,738168,738169,738170,738171,738172,738173,738174,738175,738176,738177,738178,738179,738180,738181,738182,738183,738184,738185,628484,738186,674833,738187,738188,738189,488018,738190,738191,738192,738193,738194,630305,738195,634492,738196,738197,738198,738199,738200,738201,738202,738203,738204,738205,738206,738207,738208,738209,738210,738211,738212,738213,738214,738215,738216,738217,738218,738219,738220,624224,678939,738221,738222,738223,738224,738225,738226,738227,738228,738229,738230,738231,738232,738233,738234,738235,738236,738237,738238,738239,738240,738241,738242,738243,683180,738244,738245,738246,653562,738247
87,8701,'5',738248,689427,738249,738250,660879,738251,738252,738253,738254,738255,625237,738256,738257,738258,738259,738260,738261,738262,614253,738263,738264,641810,738265,738266,738267,738268,738269,738270,738271,738272,738273,738274,738275,556456,630040,738276,738277,738278,738279,636960,738280,738281,627744,738282,738283,738284,738285,657084,675264,671377,738286,738287,738288,738289,738290,738291,738292,738293,738294,738295,738296,738297,738298,738299,609325,738300,738301,613172,677708,738302,738303,738304,645295,673489,738305,738306,616228,660011,738307,738308,738309,738310,738311,738312,738313,738314,738315,738316,738317,738318,738319,738320,738321,738322,738323,738324,738325,738326,738327,738328,738329,738330,738331,738332,638656,738333,738334,620790,738335,738336,644867,738337,738338,738339,516248,738340,738341,738342,738343,738344
87,8702,'1',738345,738346,738347,642045,738348,738349,738350,738351,738352,738353,738354,738355,738356,530715,738357,738358,738359,738360,738361,738362,738363,738364,738365,530982,738366,738367,738368,738369,738370,611167,738371,738372,738373,738374,738375,609040,738376,668055,738377,738378,738379,738380,738381,738382,689581,738383,738384,738385,738386,566510,738387,738388,544412,738389,738390,578523,738391,738392,738393,738394,738395,738396,738397,738398,738399,738400,738401,738402,738403,665813,738404,738405,738406,738407,738408,658005,738409,738410,738411,738412,738413,590332,738414,738415,738416,738417,738418,738419,738420,738421,738422,738423,738424,738425,738426,738427,738428,738429,738430,738431,639298,738432,666709,738433,738434,738435,738436,630634,738437,738438,738439,641466,738440,738441,738442,738443,738444,738445,738446,738447,738448,638731,738449,738450
87,8702,'2',738451,738452,738453,738454,738455,738456,738457,616862,738458,738459,633880,738460,738461,738462,658039,738463,738464,738465,738466,738467,738468,738469,738470,738471,738472,738473,738474,738475,738476,738477,738478,738479,738480,738481,560355,738482,738483,738484,738485,738486,738487,738488,547100,738489,738490,613275,738491,738492,411229,738493,738494,738495,612497,667055,738496,738497,738498,738499,738500,738501,738502,738503,738504,738505,738506,738507,738508,738509,738510,738511,738512,738513,738514,738515,738516,738517,649040,650033,738518,738519,738520,738521,738522,738523,738524,738525,738526,738527,738528,738529,738530,738531,738532,738533,738534,645088,738535,551040,738536,650465,738537,738538,738539,738540,656430,738541,738542,738543,738544,738545,738546,738547,738548,628398,738549,738550,738551,738552,738553,738554
87,8702,'3',659297,738555,738556,738557,738558,738559,738560,738561,738562,738563,620649,738564,738565,738566,738567,738568,738569,738570,738571,738572,656475,738573,738574,738575,738576,738577,738578,738579,738580,738581,738582,738583,738584,738585,738586,738587,738588,738589,738590,738591,615803,738592,738593,738594,738595,738596,738597,738598,738599,738600,738601,482050,671542,738602,738603,738604,738605,738606,738607,738608,738609,651186,738610,616966,738611,738612,738613,738614,738615,738616,738617,738618,738619,738620,738621,738622,738623,738624,595247,738625,641990,738626,516788,738627,626452,738628,593864,738629,738630,738631,738632,738633,738634,738635,738636,738637,738638,582454,738639,738640,738641,738642,738643,738644,738645,738646,738647,738648
87,8702,'5',608613,738649,738650,738651,524039,738652,738653,738654,738655,561590,738656,738657,738658,738659,738660,738661,738662,738663,738664,738665,606032,738666,738667,667589,738668,738669,738670,738671,738672,738673,738674,605429,738675,738676,738677,624296,670668,738678,738679,738680,738681,738682,642413,738683,738684,738685,677700,738686,738687,738688,738689,738690,738691,615634,516060,624827,738692,738693,738694,738695,738696,556496,738697,539351,644820,668936,675767,738698,738699,738700,738701,738702,738703,738704,738705,738706,738707,738708,738709,738710,738711,738712,738713,738714,738715,738716,738717,738718,738719,738720,738721,635526,738722,646502,738723,738724,738725,738726,628771,738727,738728,557965,686478,738729,738730,738731,738732,738733,738734,667888,738735,738736,738737,738738,738739,738740,665632,738741,738742,738743
88,8801,'1',738744,738745,738746,738747,738748,689550,738749,738750,738751,738752,738753,738754,687127,660605,738755,738756,738757,738758,738759,738760,738761,738762,738763,738764,738765,738766,738767,738768,738769,738770,738771,738772,738773,738774,738775,738776,738777,738778,632323,738779,738780,642101,738781,738782,738783,738784,690186,648486,738785,738786,738787,738788,738789,738790,738791,738792,738793,738794,738795,738796,738797,680666,738798,738799,738800,738801,738802,644502,738803,738804,663055,738805,738806,738807,738808,738809,738810,738811,738812,612439,635039,738813,738814,738815,738816,738817,738818,738819,738820
88,8801,'2',738821,738822,738823,738824,571511,738825,677341,738826,738827,738828,738829,738830,738831,738832,738833,738834,644264,738835,738836,738837,738838,738839,738840,738841,738842,738843,676812,738844,738845,738846,625079,738847,738848,588643,738849,685425,675926,738850,738851,738852,738853,738854,738855,738856,738857,738858,738859,617628,738860,738861,738862,630248,738863,738864,652039,738865,738866,738867,653117,738868,738869,738870,676891,738871,738872,738873,738874,738875,738876,738877,611687
88,8801,'3',738878,738879,738880,738881,738882,738883,651692,738884,738885,738886,684158,738887,738888,738889,738890,738891,650118,738892,738893,738894,632931,502220,738895,738896,738897,666942,738898,738899,653145,738900,738901,738902,738903,738904,686193,689846,738905,738906,687429,738907,738908,738909,738910,738911,738912,738913,738914,738915,631046
88,8801,'5',738916,738917,738918,659128,738919,738920,608615,738921,738922,738923,738924,738925,738926,738927,738928,738929,738930,738931,738932,738933,618139,738934,738935,738936,738937,738938,738939,738940,576095,626907,613174,738941,738942,738943,738944,738945,738946,738947,738948,688779,738949,738950,606608,645627,738951,738952,738953,738954,738955,738956,633497,738957,738958,738959,738960,738961,738962
88,8802,'1',738963,657428,738964,738965,738966,738967,738968,626155,738969,738970,671408,531251,738971,738972,738973,738974,738975,738976,738977,738978,738979,738980,738981,686255,738982,738983,689604,738984,738985,738986,738987,738988,738989,738990,738991,738992,738993,640828,738994,738995,632308,738996,738997,738998,738999,739000,739001,739002,739003,739004,739005,739006,684608,739007,494091,739008,631910,569246,617232,739009,739010,739011,556142,739012,739013,739014,739015,739016,739017,684552,619567,683895,739018,739019,739020,739021,739022,644236,739023,637309,739024,739025,739026,652344,739027,739028,739029,739030,739031,739032
88,8802,'2',739033,739034,739035,739036,680395,653802,739037,541825,739038,739039,739040,739041,739042,739043,535117,739044,739045,739046,739047,739048,739049,739050,739051,739052,739053,739054,739055,662704,739056,739057,739058,739059,674402,739060,541128,654959,739061,739062,739063,739064,739065,739066,739067,739068,739069,739070,739071,584203,739072,739073,546641,739074,739075,739076,739077,739078,608157,739079,739080,425820,739081,739082,514182,739083,739084,739085,739086,739087,739088,594557,739089
88,8802,'3',739090,739091,588087,739092,739093,739094,739095,739096,739097,739098,739099,739100,739101,739102,739103,739104,739105,739106,739107,739108,739109,739110,739111,739112,739113,739114,739115,739116,739117,739118,739119,618073,620988,663672,739120,658139,739121,739122,739123,739124,739125,688698,739126,638578,739127,616706,739128,739129,610332
88,8802,'5',739130,638294,739131,739132,739133,739134,739135,739136,739137,739138,739139,739140,739141,739142,739143,739144,739145,620405,687483,739146,739147,739148,739149,739150,739151,739152,739153,647838,739154,739155,739156,739157,642426,739158,739159,739160,739161,630417,739162,739163,739164,681405,739165,739166,739167,739168,621790,540810,739169,660913,540813,684461,673497,739170,739171,739172
89,8903,'1',739173,739174,526535,739175,598616,658430,739176,739177,739178,551922,609706,623152,575596,630110,739179,739180,739181,739182,739183,739184,739185,518016,605632,739186,739187,739188,739189,607469,739190,640547,641867,739191,739192,739193,739194,739195,739196,739197,739198,599126,739199,739200,739201,739202,739203,739204,739205,739206,658475,739207,739208,739209,739210,739211,739212,675308,739213,570742,739214,739215,739216,631325,739217,739218,739219,739220,739221,677310,739222,630570,739223,677312,739224,739225,739226,638413,676232,739227,739228,739229,687613,739230,739231,739232,739233,675142,739234,739235,739236,739237,739238,739239,464759,739240,739241,739242,739243,628073,739244,685383,739245,739246,739247,739248,552680,739249,651550,642563,739250,686781,664633,616305,599845,739251,739252,739253,628115,739254,739255,739256,676753,739257,739258,550192,739259
89,8903,'2',565361,460024,605153,739260,739261,739262,739263,687650,739264,617104,625043,739265,739266,739267,739268,739269,678195,739270,739271,739272,554078,739273,739274,739275,739276,739277,739278,678692,739279,739280,739281,739282,739283,739284,739285,739286,739287,658047,739288,739289,739290,739291,739292,674217,739293,739294,653849,739295,739296,739297,739298,739299,739300,588433,679679,739301,628272,739302,670480,739303,739304,739305,739306,739307,620594,689321,739308,739309,739310,642642,739311,739312,739313,678539,739314,739315,472562,739316,739317,605681,739318,675245,739319,739320,739321,739322,739323,739324,739325,739326,739327,739328,739329,739330,639074,739331,739332,650827,739333,739334,546257,739335,739336,739337,739338,739339,689334,516159,739340,607522,739341,739342,739343,739344,739345,739346,739347,739348,739349,739350,739351,739352,739353,739354,641756,739355,739356,739357,739358,739359,739360,739361,739362,541230,739363,619109,739364,632895,614902
89,8903,'3',739365,739366,739367,739368,614127,739369,739370,739371,739372,739373,739374,739375,739376,739377,739378,739379,739380,739381,739382,739383,739384,739385,645438,675955,739386,739387,739388,739389,739390,612123,739391,739392,739393,739394,739395,739396,739397,739398,739399,739400,739401,739402,739403,676956,739404,739405,739406,739407,665114,739408,739409,618571,739410,739411,739412,556383,739413,604967,739414,687411,739415,739416,739417,739418,739419,739420,739421,665126,739422,739423,739424,739425,739426,739427,661533,739428,739429,739430,641115,739431,739432,681896,462859,739433,659102,615004,613476,739434,739435,739436,739437,739438,739439,739440,739441,628568,739442,739443,739444,662990,404688,739445,739446,739447,739448,739449,739450,628590,739451,739452,739453,739454,739455,739456,739457,739458,739459,739460,739461
89,8903,'5',739462,739463,535294,635244,739464,739465,739466,739467,619973,739468,739469,739470,739471,739472,739473,739474,739475,739476,549428,739477,739478,739479,739480,739481,650976,739482,739483,739484,739485,739486,739487,739488,739489,739490,739491,627739,739492,739493,739494,739495,739496,739497,739498,739499,640484,739500,739501,739502,739503,739504,739505,739506,680512,739507,739508,739509,739510,648793,668176,739511,739512,739513,739514,739515,641617,739516,739517,739518,739519,739520,739521,739522,739523,739524,606341,739525,739526,739527,739528,739529,739530,739531,556006,739532,739533,659198,739534,739535,739536,739537,739538,739539,688076,739540,548801,663153,739541,739542,739543,739544,618216,587346,739545,739546,739547,739548,739549,739550,739551,739552,739553,739554,739555,739556,539062,739557,615853,739558,739559,739560,739561,739562,739563
89,8904,'1',739564,621058,628810,739565,739566,739567,739568,739569,668982,642489,739570,684518,679300,739571,739572,739573,739574,739575,664780,629096,739576,623888,739577,739578,739579,739580,739581,739582,739583,739584,739585,739586,739587,739588,739589,739590,739591,739592,739593,449258,458659,630513,739594,739595,739596,673833,739597,739598,739599,565302,739600,550765,572017,653736,739601,739602,739603,739604,739605,739606,739607,739608,739609,739610,656249,739611,635945,739612,547979,739613,739614,739615,739616,739617,739618,739619,618323,739620,739621,739622,739623,739624,567480,739625,739626,739627,739628,640085,668086,739629,739630,739631,649396,739632,530082,680055,739633,739634,594064,739635,739636,644231,739637,739638,739639,739640,739641,648012,739642,739643,632367,739644,631385,739645,501553,739646,739647,739648,739649,650380,612451,739650,739651,739652,739653,575369,739654
89,8904,'2',739655,739656,739657,739658,640867,739659,739660,739661,739662,739663,739664,739665,739666,609228,739667,739668,739669,739670,674390,739671,739672,739673,739674,739675,739676,613632,739677,739678,739679,661674,494376,739680,739681,516290,739682,739683,674987,668324,739684,739685,739686,739687,739688,739689,739690,739691,686146,739692,739693,739694,739695,739696,739697,739698,739699,739700,739701,607356,739702,739703,739704,739705,739706,739707,739708,739709,739710,739711,739712,739713,739714,395064,609081,739715,739716,739717,739718,739719,739720,739721,739722,739723,739724,739725,739726,667537,672612,739727,739728,739729,650823,739730,739731,477765,739732,739733,549929,739734,739735,739736,739737,739738,739739,739740,739741,739742,739743,476629,739744,739745,739746,527215,739747,739748,739749,739750,739751,739752,739753,739754,665354,739755,739756,739757,739758,739759,739760,739761,739762,739763,739764,739765,739766,739767,739768,513499,739769,739770,739771,739772,739773
89,8904,'3',739774,739775,739776,739777,739778,739779,739780,739781,739782,739783,649588,739784,739785,739786,739787,739788,739789,739790,739791,739792,739793,739794,739795,678736,613054,739796,516622,647682,739797,739798,739799,739800,739801,739802,739803,739804,739805,739806,625587,739807,739808,739809,739810,739811,739812,739813,739814,536153,739815,739816,648680,739817,459729,739818,739819,739820,739821,739822,739823,739824,507118,739825,739826,650910,656510,739827,641782,739828,739829,739830,739831,649648,739832,739833,739834,739835,739836,739837,739838,739839,739840,739841,739842,492836,739843,739844,739845,689842,739846,739847,739848,739849,739850,739851,739852,655071,739853,739854,739855,739856,739857,739858,739859,739860,739861,739862,739863,739864,739865,739866,739867,673281,739868,739869,739870,739871,739872,739873,739874,739875,629722
89,8904,'5',739876,739877,739878,739879,739880,606017,739881,739882,739883,739884,739885,628623,666131,739886,739887,739888,739889,739890,739891,739892,739893,629335,739894,651784,739895,739896,674877,739897,739898,739899,739900,686640,739901,739902,739903,739904,739905,739906,739907,739908,739909,739910,739911,739912,739913,739914,739915,739916,739917,739918,739919,739920,739921,739922,632613,739923,739924,739925,739926,739927,739928,739929,606043,739930,739931,739932,739933,739934,739935,739936,739937,739938,739939,739940,739941,739942,652831,668543,739943,739944,739945,565735,739946,739947,739948,739949,739950,739951,739952,739953,739954,739955,739956,651842,739957,739958,739959,739960,645922,739961,739962,739963,739964,739965,739966,739967,739968,739969,739970,739971,739972,739973,739974,739975,739976,739977,631813,739978,739979,618228,739980,739981,739982,739983,739984
90,9003,'1',739985,739986,739987,739988,668198,590300,665236,739989,739990,739991,739992,667015,739993,739994,570273,739995,739996,739997,739998,739999,740000,740001,740002,740003,740004,631270,439119,740005,650697,740006,624432,740007,740008,645647,740009,740010,740011,740012,740013,740014,740015,740016,740017,740018,599299,740019,740020,688813,740021,740022,740023,648480,636232,740024,740025,740026,612375,740027,740028,580447,740029,740030,397786,740031,740032,740033,740034,740035,740036,675708,740037,740038,740039,740040,633164,740041,740042,740043,740044,740045,740046,740047,740048,740049,740050,469278,740051,740052,740053,740054,740055,740056,740057,740058,680670,740059,740060,740061,740062,740063,740064,740065,740066
90,9003,'2',659623,450798,740067,740068,740069,740070,740071,740072,740073,740074,681065,740075,740076,740077,637435,740078,628212,740079,740080,740081,740082,740083,740084,497487,617416,740085,740086,740087,740088,740089,574265,740090,607844,740091,740092,689005,740093,740094,740095,740096,740097,740098,619032,740099,740100,740101,740102,607653,740103,740104,740105,640895,740106,625095,740107,740108,740109,616350,740110,740111,740112,605362,568619,740113,740114,740115,622026,740116,740117,740118,740119,740120,673401,668125,740121,740122,740123,656901,740124,740125,740126,740127,650477,740128,740129,740130,740131
90,9003,'3',740132,740133,740134,740135,740136,740137,740138,740139,740140,740141,740142,740143,740144,740145,676096,740146,649116,740147,740148,510261,676944,740149,740150,740151,740152,740153,688001,740154,740155,740156,629312,635839,740157,675617,740158,740159,740160,680459,740161,740162,672352,740163,740164,631648,740165,740166,740167,740168,740169,740170,740171,674096,740172,740173,630316,582120,740174,740175,593854,740176,740177,740178,740179,740180,740181,740182,740183,740184,740185,740186,740187,740188,740189,740190,740191,740192,740193,740194,657788,740195,740196,740197,740198,611067,740199,740200,740201,740202,740203,740204,523356,740205
90,9003,'5',602424,640943,740206,634845,740207,740208,740209,740210,679730,740211,740212,740213,740214,740215,740216,606314,657068,740217,740218,740219,740220,740221,740222,630377,740223,740224,740225,740226,740227,740228,740229,740230,661781,660889,740231,740232,633005,740233,740234,740235,740236,740237,740238,606828,740239,740240,663142,740241,740242,740243,740244,740245,740246,740247,740248,740249,740250,740251,740252,740253,740254,740255,740256,740257,740258,740259,610816,740260,740261,740262,740263,740264,634929,740265,740266,666215,740267,740268,740269,740270,740271,740272,663963,740273,631200,740274,740275,740276,740277,642475,740278,740279,740280,740281,619419,641406,740282
90,9004,'1',610439,498124,740283,583756,689628,608647,740284,740285,740286,740287,740288,740289,740290,740291,627933,740292,740293,555597,740294,740295,740296,740297,740298,740299,740300,740301,740302,673999,654491,740303,679879,740304,740305,740306,740307,740308,740309,658872,740310,740311,740312,740313,740314,740315,740316,740317,740318,682535,740319,740320,740321,740322,740323,740324,740325,740326,662338,740327,740328,649862,638410,657716,740329,740330,740331,740332,740333,740334,548004,740335,740336,740337,740338,740339,656277,740340,740341,740342,489044,740343,639300,740344,740345,740346,740347,740348,740349,740350,740351,740352,740353,740354,740355,740356,740357,605656,740358,740359,740360,740361,563029,740362,740363
90,9004,'2',740364,740365,740366,740367,740368,635063,740369,740370,740371,740372,740373,740374,740375,740376,655841,740377,740378,740379,665910,740380,576426,649475,740381,740382,740383,740384,740385,740386,740387,740388,668337,740389,740390,740391,680244,740392,740393,740394,740395,740396,740397,740398,670902,740399,740400,740401,740402,740403,740404,740405,740406,740407,740408,655908,740409,408471,740410,740411,557872,740412,740413,740414,740415,740416,740417,740418,740419,672862,740420,740421,740422,740423,740424,740425,740426,740427,740428,524500,740429,740430,740431,740432,601262,655945,740433,740434,658085,740435
90,9004,'3',740436,740437,637652,740438,740439,670951,740440,740441,740442,740443,740444,684710,687712,639401,740445,740446,678247,612114,740447,740448,740449,740450,740451,740452,740453,740454,632509,740455,740456,740457,674563,740458,740459,740460,682554,740461,629175,740462,740463,659823,740464,644701,740465,740466,740467,676454,740468,674447,740469,605393,740470,612602,740471,740472,740473,740474,664536,740475,665422,740476,740477,740478,740479,740480,652474,740481,740482,740483,740484,490812,740485,740486,740487,740488,740489,740490,740491,740492,554219,740493,740494,740495,740496,740497,681135,740498,740499,740500,740501,740502,740503
90,9004,'5',631052,740504,740505,740506,740507,740508,740509,740510,740511,740512,740513,740514,740515,740516,556442,740517,740518,740519,740520,740521,740522,740523,740524,740525,740526,740527,740528,630042,740529,740530,740531,740532,669497,529166,740533,740534,643736,740535,740536,740537,740538,740539,740540,740541,615107,740542,740543,740544,659169,740545,740546,649240,644135,740547,626533,740548,740549,740550,740551,740552,740553,740554,637039,740555,740556,594049,740557,740558,516538,740559,740560,740561,740562,740563,740564,740565,630430,740566,740567,740568,740569,740570,740571,740572,740573,740574,740575,740576,740577,740578,680751,740579,585493,740580,684830,740581,740582,653704
91,9103,'1',639234,740583,740584,740585,740586,740587,682490,740588,636157,665775,596095,622869,740589,740590,618275,740591,740592,740593,740594,740595,650699,740596,663192,740597,670182,740598,740599,676692,740600,740601,740602,740603,606389,740604,740605,740606,740607,740608,740609,740610,633667,740611,655779,740612,740613,740614,740615,740616,740617,673688,740618,668098,740619,740620,740621,620543,740622,740623,740624,645002,641472
91,9103,'2',740625,740626,740627,740628,740629,740630,670852,740631,740632,611598,579494,740633,740634,740635,618972,740636,740637,740638,740639,740640,740641,740642,740643,740644,740645,740646,740647,740648,740649,740650,740651,740652,740653,740654,740655,656868,740656,740657,740658,740659,613436,740660,630242,651642,740661,635115,740662,740663,740664,740665,740666,740667,740668,677275,740669,627452,740670,740671
91,9103,'3',740672,740673,740674,740675,740676,740677,740678,740679,579224,740680,740681,740682,411084,740683,740684,671351,740685,740686,740687,740688,740689,740690,641322,740691,641323,740692,740693,740694,605725,740695,740696,740697,740698,646930,628562,740699,740700,661968,740701,740702,740703,667258,740704,740705,740706
91,9103,'5',740707,740708,740709,740710,740711,740712,740713,740714,740715,740716,740717,740718,740719,740720,740721,740722,740723,606049,740724,740725,740726,686064,740727,740728,740729,740730,620428,740731,740732,740733,740734,740735,637053,684420,740736,740737,740738,740739,740740,740741,642901,740742,740743,740744,740745,740746,740747,740748
91,9104,'1',740749,670743,660600,740750,740751,656212,682456,659502,740752,740753,652884,740754,740755,620488,740756,740757,740758,740759,740760,740761,740762,740763,740764,690278,740765,740766,629807,631896,740767,740768,740769,740770,681261,614505,664238,740771,740772,740773,740774,740775,740776,628049,657855,609217,651543,740777,740778,690460,649417,740779,664448,740780,740781,740782,666715,740783,740784,740785,603284,740786
91,9104,'2',639327,740787,740788,740789,740790,623521,740791,677756,740792,655336,740793,740794,740795,740796,740797,740798,740799,740800,740801,740802,391896,740803,740804,740805,740806,740807,740808,740809,740810,740811,740812,681963,608136,740813,740814,740815,619713,649038,740816,673394,605361,740817,740818,740819,740820,740821,740822,629918,740823,740824,740825,649564,740826,605370,740827,740828,740829,643440,740830,740831
91,9104,'3',740832,740833,740834,740835,740836,543860,740837,740838,740839,740840,740841,740842,740843,740844,740845,740846,548437,740847,740848,740849,740850,740851,740852,740853,740854,740855,740856,740857,740858,740859,740860,740861,740862,740863,740864,740865,740866,740867,740868,740869,740870,740871,740872,740873,740874
91,9104,'5',740875,740876,740877,740878,740879,740880,679595,740881,740882,740883,740884,740885,740886,740887,656115,740888,640207,740889,740890,740891,631750,631124,740892,625268,740893,740894,740895,682532,646322,740896,666639,740897,740898,740899,740900,740901,628954,740902,673493,740903,740904,740905,659354,740906,740907,740908,740909,627875,633065
92,9203,'1',522891,740910,640528,649309,740911,667901,620125,740912,740913,740914,612763,740915,740916,740917,740918,740919,740920,740921,669316,740922,617210,560718,740923,740924,740925,560256,740926,666263,740927,740928,740929,740930,740931,557797,740932,608304,740933,606636,740934,740935,740936,665798,622878,740937,740938,740939,635744,740940,740941,740942,654229,740943,740944,740945,740946,740947,740948,740949,740950,740951,492445,740952,740953,659574,740954,740955,740956,740957,676732,631928,740958,740959,740960,740961,617093,740962,629607,740963,647503,740964,740965,656291,740966,740967,740968,651556,740969,740970,740971,740972,740973,740974,740975,740976
92,9203,'2',740977,740978,740979,740980,740981,740982,558862,617875,740983,740984,740985,740986,740987,740988,630716,740989,740990,740991,740992,740993,740994,740995,740996,740997,740998,640121,654589,740999,741000,741001,741002,741003,625075,741004,608548,741005,741006,741007,629642,741008,519420,741009,653349,741010,741011,741012,671722,741013,741014,741015,741016,741017,741018,741019,568123,741020,741021,613682,741022,741023,624103,741024,741025,741026,741027,610212,741028,741029,741030,741031,616916,741032,741033,646896,677387,741034,741035,741036,741037,741038,741039,741040,741041
92,9203,'3',741042,545348,741043,741044,741045,650094,520748,741046,676925,741047,741048,741049,741050,741051,603090,741052,741053,741054,619155,741055,741056,741057,741058,741059,741060,741061,665102,741062,741063,553303,741064,741065,741066,741067,741068,741069,661006,681340,741070,741071,741072,741073,741074,741075,741076,741077,741078,741079,741080,741081,741082,741083,741084,741085,741086,741087,741088,741089,741090,741091,682861,741092,741093,741094,741095,741096,615552,682972,741097,741098,741099,648727,741100,583080,741101,741102,681540,741103
92,9203,'5',606798,606015,741104,741105,741106,741107,741108,741109,741110,581707,654750,741111,613341,741112,741113,741114,532103,741115,741116,741117,741118,741119,741120,741121,597828,610779,741122,741123,741124,741125,741126,741127,741128,520116,658788,741129,674685,741130,741131,689889,741132,741133,640020,741134,514031,741135,741136,741137,741138,741139,741140,741141,520169,741142,678620,741143,741144,741145,587566,741146,741147,741148,741149,741150,671977,741151,741152,622828,741153,741154,642034,741155,741156,741157,741158,690160,741159,623441,741160,741161,741162,634389,741163,631830
92,9204,'1',741164,675686,741165,741166,621315,637129,741167,741168,741169,741170,615856,623158,659233,741171,671636,741172,741173,741174,741175,741176,741177,741178,741179,741180,741181,741182,741183,741184,741185,741186,741187,741188,679643,741189,741190,741191,741192,741193,741194,741195,741196,741197,660937,670376,741198,741199,741200,741201,684603,741202,625398,741203,741204,741205,688487,741206,741207,741208,741209,622606,651938,741210,741211,741212,741213,618883,741214,741215,606406,654355,530755,607188,741216,741217,741218,741219,741220,741221,741222,741223,741224,741225,741226,630668,741227,741228,741229,741230,672563,741231,741232,741233,665877,741234
92,9204,'2',688184,741235,741236,741237,741238,741239,741240,637386,539717,741241,741242,741243,741244,741245,741246,741247,741248,741249,741250,645997,617109,741251,611247,741252,741253,741254,741255,741256,741257,741258,741259,741260,741261,567555,741262,680403,741263,741264,741265,741266,677584,741267,741268,565423,741269,610967,741270,485872,741271,741272,624610,741273,741274,741275,741276,741277,674061,741278,741279,679365,741280,741281,741282,741283,741284,741285,741286,741287,605545,616633,741288,656894,625547,620630,741289,670933,625126,741290,741291,741292,609962,741293,741294
92,9204,'3',741295,741296,741297,624148,741298,644668,616371,741299,741300,741301,666766,741302,741303,741304,535211,741305,741306,741307,741308,560012,741309,662233,741310,741311,741312,741313,741314,741315,741316,741317,741318,741319,741320,741321,741322,741323,741324,741325,678570,741326,741327,741328,741329,741330,741331,632541,741332,741333,741334,741335,741336,741337,741338,741339,741340,741341,741342,741343,741344,640445,741345,631015,741346,686618,741347,741348,741349,741350,741351,741352,741353,741354,741355,741356,741357,615034,741358,741359
92,9204,'5',741360,610335,741361,741362,630350,741363,741364,741365,741366,741367,595710,741368,741369,741370,741371,741372,741373,741374,741375,741376,741377,741378,741379,741380,741381,741382,741383,741384,741385,638894,741386,741387,741388,741389,741390,741391,741392,741393,741394,741395,741396,741397,584067,570623,741398,741399,741400,741401,741402,741403,741404,741405,741406,614311,741407,741408,741409,741410,741411,741412,741413,741414,741415,741416,741417,741418,651455,741419,741420,741421,647883,741422,741423,741424,741425,741426,741427,741428,741429,741430,617056,741431,741432,741433
93,9303,'1',603927,741434,741435,741436,741437,605291,741438,741439,741440,741441,741442,741443,741444,741445,741446,741447,741448,741449,741450,675700,741451,741452,741453,688128,741454,741455,741456,741457,645812,648005,741458,741459,741460,741461,741462,741463,741464,683935,741465,686542,658954
93,9303,'2',741466,741467,741468,741469,741470,741471,741472,741473,741474,741475,741476,579507,533573,741477,741478,741479,741480,741481,667668,685983,741482,741483,741484,741485,741486,741487,741488,741489,642667,644300,581183,741490,741491,741492,741493,741494,741495,741496,741497,741498,741499,741500
93,9303,'3',615929,741501,741502,741503,741504,741505,741506,741507,741508,741509,741510,741511,741512,741513,741514,625165,741515,741516,741517,741518,741519,741520,741521,741522,741523,741524,741525,741526,741527,741528,441784,741529,741530,741531,741532,741533,741534,741535
93,9303,'5',741536,741537,741538,741539,741540,741541,527925,741542,741543,644784,545114,741544,662538,741545,741546,674139,741547,741548,741549,741550,614605,741551,741552,741553,741554,741555,667282,741556,741557,530950,741558,640797,741559,666210,741560,741561,741562,633054,609867,741563,741564,741565
93,9304,'1',741566,741567,741568,741569,741570,741571,673331,741572,669765,741573,741574,741575,741576,741577,741578,741579,643614,741580,585519,741581,741582,741583,741584,741585,576376,741586,549844,609050,741587,741588,681426,741589,741590,741591,741592,741593,528733,741594,741595,741596,741597
93,9304,'2',617402,741598,741599,741600,741601,741602,741603,741604,741605,741606,741607,638749,741608,741609,741610,741611,741612,741613,741614,741615,620904,616607,560876,605912,623743,741616,593195,498585,741617,741618,741619,676357,741620,741621,741622,741623,741624,741625,741626,741627,741628,741629
93,9304,'3',741630,741631,741632,741633,741634,741635,741636,741637,685467,741638,519022,625160,741639,741640,741641,741642,741643,741644,741645,607400,741646,741647,741648,475911,741649,741650,741651,741652,741653,741654,634818,741655,613793,741656,741657,741658,741659,741660
93,9304,'5',640756,741661,577616,523365,741662,741663,741664,645895,741665,741666,741667,741668,741669,741670,653010,741671,741672,663010,741673,741674,741675,741676,741677,741678,741679,741680,741681,600186,741682,660902,741683,741684,741685,741686,741687,741688,741689,741690,618226,741691,622268,741692
94,9401,'1',741693,741694,676651,741695,741696,741697,652281,649806,741698,639243,741699,741700,741701,741702,741703,741704,741705,741706,741707,741708,741709,741710,741711,741712,741713,741714,741715,741716,741717,741718,741719,741720,741721,741722,741723,741724,643775,608042,741725,741726,741727,741728,741729,741730,741731,741732,629801,741733,741734,741735,741736,741737,741738,741739,741740,741741,741742,741743,741744,741745,741746,741747,741748,741749,741750,741751,741752,617375,741753,741754,741755,467264,741756,741757,474213,741758,741759,741760,741761,741762,615738,741763,741764,741765,648938,741766,627139,741767,741768,741769,599815,741770,741771,550497,741772,741773,628091,664455,380562,741774,741775,741776,539250,609064,604434,741777,741778,741779,674381,741780,741781,741782,741783,741784,741785,741786,638734,741787,741788
94,9401,'2',741789,741790,741791,741792,741793,741794,741795,741796,661878,638741,741797,741798,741799,741800,741801,741802,528216,741803,741804,741805,741806,653300,741807,741808,660194,741809,741810,741811,741812,741813,741814,741815,741816,741817,741818,741819,741820,741821,741822,741823,741824,741825,741826,741827,672844,741828,741829,741830,625503,741831,741832,741833,741834,741835,741836,741837,741838,630214,635405,741839,571569,741840,741841,606190,741842,741843,741844,550235,741845,741846,680803,741847,741848,741849,631515,741850,741851,741852,741853,656391,741854,741855,741856,741857,741858,741859,741860,555771,645561,741861,741862,651639,741863,688596,741864,639379,741865,593677,567618,741866,741867,593395,653910,689343,741868,741869,741870,685450,741871,741872,741873,741874,741875,741876,741877,639954,537614,741878,613035,741879,741880
94,9401,'3',741881,741882,674426,741883,477085,741884,741885,667984,741886,741887,741888,513902,741889,582434,741890,741891,741892,741893,741894,741895,665099,741896,647100,741897,741898,741899,741900,741901,741902,741903,741904,741905,741906,741907,741908,741909,741910,741911,741912,626430,741913,741914,741915,741916,741917,741918,741919,741920,741921,741922,741923,741924,741925,741926,741927,741928,741929,741930,741931,741932,741933,741934,683175,741935,741936,741937,741938,741939,741940,741941,741942,741943,741944,741945,741946,604595,632140,741947,741948,741949,741950,741951,741952,741953,741954,741955,741956,741957,741958,741959,741960,684252,741961,741962,741963,478130,661971,741964,664550,741965,741966,671367,632159,741967,741968,741969
94,9401,'5',741970,741971,741972,741973,741974,741975,741976,741977,741978,741979,741980,741981,741982,637881,741983,654436,741984,741985,741986,741987,741988,741989,741990,741991,741992,741993,741994,741995,741996,741997,741998,741999,742000,742001,742002,742003,742004,742005,742006,742007,671243,742008,742009,742010,742011,742012,742013,742014,651817,606587,742015,742016,742017,742018,742019,742020,742021,742022,742023,742024,742025,742026,742027,742028,742029,742030,742031,742032,742033,742034,742035,671970,742036,742037,742038,742039,742040,742041,742042,742043,742044,550714,742045,742046,742047,742048,742049,742050,539870,536907,742051,742052,742053,742054,742055,742056,742057,742058,742059,742060,615694,742061,742062,742063,742064,742065,742066,742067,742068,682722,742069,742070,742071,742072,742073,742074,669538,742075,742076
94,9402,'1',622849,742077,742078,742079,742080,742081,562120,605293,742082,742083,742084,742085,742086,742087,742088,742089,742090,642500,742091,615861,742092,619473,742093,742094,742095,742096,742097,742098,742099,622577,742100,649337,617563,635550,742101,742102,742103,742104,742105,742106,676690,632312,742107,742108,742109,742110,638394,742111,742112,641877,742113,742114,617804,742115,742116,742117,742118,742119,742120,670191,742121,480744,742122,742123,742124,742125,742126,742127,742128,469097,742129,742130,742131,742132,742133,742134,742135,742136,742137,742138,742139,742140,686522,665844,742141,623704,491715,504507,658929,742142,667647,742143,742144,742145,612893,742146,687630,742147,742148,676744,742149,742150,742151,742152,742153,742154,742155,742156,644245,742157,742158,742159,742160,742161,742162,742163,630682,742164
94,9402,'2',742165,742166,742167,742168,742169,677339,742170,742171,668697,742172,742173,742174,556611,742175,742176,742177,742178,742179,675160,742180,742181,742182,742183,742184,608114,742185,742186,742187,672029,559396,742188,627269,742189,742190,742191,742192,742193,742194,742195,652925,610562,742196,742197,742198,742199,742200,742201,742202,742203,742204,633554,742205,742206,742207,639359,742208,742209,607650,742210,742211,577204,742212,742213,742214,632839,742215,742216,742217,742218,681860,742219,657748,742220,742221,742222,742223,742224,742225,742226,742227,742228,742229,381461,742230,742231,742232,742233,742234,742235,742236,651640,742237,742238,742239,742240,742241,742242,742243,668124,660275,742244,742245,742246,742247,742248,742249,742250,742251,618500,742252,742253,742254,742255,742256,742257,569872,742258,742259,742260,742261
94,9402,'3',742262,742263,742264,684126,742265,742266,742267,742268,742269,742270,742271,742272,742273,742274,652969,742275,742276,742277,742278,742279,742280,742281,742282,742283,742284,742285,742286,742287,742288,742289,742290,742291,742292,742293,742294,742295,742296,742297,742298,742299,742300,742301,742302,742303,742304,613738,624172,742305,742306,650895,742307,627525,610270,742308,742309,681498,742310,742311,588671,742312,668836,742313,660369,612594,632532,742314,742315,606963,742316,742317,621231,661324,742318,742319,742320,679399,742321,742322,618069,742323,678080,742324,687423,742325,742326,742327,676987,599734,742328,742329,742330,742331,742332,742333,742334,676999,742335,742336,742337,742338,742339,742340,689104,742341,680315,687014
94,9402,'5',742342,742343,742344,629724,655106,742345,742346,609490,742347,742348,742349,742350,742351,607701,683659,742352,649205,742353,742354,742355,742356,664909,742357,742358,742359,742360,742361,742362,742363,742364,742365,742366,742367,742368,742369,742370,742371,742372,742373,742374,742375,742376,742377,742378,742379,742380,742381,742382,687053,625260,742383,742384,742385,742386,742387,742388,742389,742390,742391,742392,742393,742394,742395,742396,742397,742398,742399,742400,742401,742402,742403,742404,742405,742406,578429,742407,742408,742409,634540,742410,742411,742412,742413,742414,742415,742416,637046,742417,742418,658196,742419,742420,742421,742422,742423,666208,742424,742425,656667,742426,659216,742427,536913,742428,742429,742430,631806,742431,742432,742433,629357,656681,742434,742435,742436,643256,742437,742438
95,9501,'1',742439,673327,742440,742441,642052,539516,742442,742443,742444,742445,742446,742447,742448,742449,742450,742451,742452,742453,742454,453723,742455,742456,742457,742458,650320,608294,742459,742460,742461,679472,742462,742463,742464,742465,742466,742467,742468,742469,742470,742471,742472,626189,664224,742473,742474,642510,742475,742476,742477,742478,673832,742479,549837,663774,659244,462262,742480,627988,742481,742482,647004,742483,742484,450620,742485,742486,742487,688125,742488,646351,742489,676028,742490,742491,742492,742493,742494,742495,742496,742497,742498,742499,742500,742501,742502,742503,742504,742505,649872,742506,555353,742507,742508,742509,742510,742511,742512,742513,742514,742515,742516,742517,742518,690457,742519,742520,742521,742522,657858,742523,742524,742525,668272,742526,742527,742528,633167,742529,742530,742531,742532,689987,742533,742534,742535,742536,573087,742537,742538,640314,742539,742540,742541,742542,742543,742544,742545,742546,742547,647513,623720,742548,742549,742550,742551,450772,742552,742553,742554,499689,742555,632384,688180
95,9501,'2',679666,742556,742557,670441,742558,742559,742560,742561,742562,742563,742564,684638,742565,742566,579170,742567,742568,742569,742570,742571,679189,742572,742573,742574,611595,742575,742576,742577,688982,742578,640112,742579,648979,742580,742581,742582,742583,742584,742585,742586,742587,564845,742588,742589,742590,742591,742592,655847,742593,742594,742595,742596,742597,742598,742599,742600,742601,742602,742603,742604,627286,742605,686380,742606,742607,742608,742609,742610,742611,742612,632415,742613,742614,742615,665544,742616,742617,742618,742619,742620,742621,638765,610960,742622,742623,742624,742625,742626,742627,742628,742629,742630,630764,605679,742631,742632,742633,742634,606192,742635,742636,742637,742638,742639,675011,742640,742641,742642,742643,742644,742645,742646,742647,622002,742648,742649,742650,742651,742652,742653,742654,604494,742655,742656,742657,742658,563887,742659,742660,742661,607658,742662,742663,742664,742665,742666,742667,742668,742669,742670,742671,742672,665976,742673,742674,742675,742676,675827,742677,742678,742679,742680,605367,571636,742681,742682,742683,742684,742685,742686,582986,742687,742688,742689,644312,742690,627447,742691,742692,742693,742694,742695,742696,742697,459310,742698,742699,742700,687360,742701,742702,742703,742704,742705
95,9501,'3',742706,742707,742708,742709,742710,742711,742712,742713,742714,742715,742716,742717,742718,742719,742720,616935,607386,742721,742722,742723,532373,614142,742724,742725,742726,742727,742728,672318,742729,742730,742731,742732,742733,652437,742734,742735,742736,742737,669438,742738,742739,742740,742741,742742,742743,672329,742744,742745,742746,742747,742748,742749,742750,668138,742751,742752,742753,742754,742755,742756,742757,742758,742759,742760,742761,678750,742762,742763,742764,742765,742766,742767,742768,742769,742770,742771,742772,742773,562868,638546,742774,742775,742776,742777,742778,607923,742779,742780,566704,742781,742782,742783,742784,742785,639730,742786,742787,742788,742789,689084,742790,627591,623059,742791,742792,742793,624744,742794,742795,742796,742797,742798,742799,742800,742801,742802,742803,742804,742805,742806,639739,742807,742808,742809,742810,621674,742811,625211,742812,742813,742814,742815,742816,742817,662524,742818,742819,742820,742821,742822,742823,742824,742825,742826,742827,742828,742829,742830,742831,742832,742833,620998
95,9501,'5',742834,742835,742836,659129,742837,742838,742839,742840,537845,742841,742842,742843,742844,742845,742846,742847,742848,689872,742849,679267,742850,576869,742851,742852,657062,687036,742853,742854,742855,742856,742857,742858,639469,742859,742860,742861,742862,665171,742863,742864,742865,742866,742867,742868,742869,742870,742871,742872,742873,742874,742875,742876,645607,742877,742878,742879,635510,644128,608809,742880,742881,742882,650988,742883,742884,742885,742886,742887,742888,742889,742890,742891,742892,742893,742894,742895,742896,742897,654781,742898,742899,610389,742900,742901,742902,742903,742904,680635,742905,742906,628715,742907,742908,742909,742910,742911,742912,642433,552597,742913,742914,742915,742916,742917,742918,675864,660538,742919,568866,742920,742921,742922,742923,742924,742925,742926,742927,742928,610405,742929,742930,742931,742932,742933,742934,625302,742935,522224,657406,742936,742937,742938,626746,742939,742940,742941,742942,742943,742944,742945,742946,742947,742948,742949,629225,742950,742951,644859,742952,742953,742954,742955,742956,620787,619407,742957,742958,742959,742960,742961,742962,742963,742964,610838,627870,742965,742966,742967,666840,742968,742969,742970,742971
95,9502,'1',742972,742973,742974,742975,742976,645635,742977,742978,742979,742980,742981,635925,742982,742983,742984,742985,742986,668598,623160,742987,742988,742989,742990,742991,742992,742993,742994,742995,742996,742997,742998,742999,743000,562969,743001,743002,743003,743004,743005,743006,670181,743007,743008,743009,743010,743011,743012,743013,743014,743015,743016,633123,743017,743018,608492,743019,743020,743021,743022,523532,743023,743024,572019,743025,641670,743026,743027,743028,743029,743030,743031,743032,743033,743034,743035,743036,578037,743037,743038,471994,743039,743040,743041,743042,743043,743044,743045,743046,743047,743048,667337,743049,743050,743051,743052,743053,743054,743055,743056,743057,743058,743059,743060,743061,672015,743062,743063,743064,639005,743065,743066,394876,743067,743068,625430,743069,743070,623217,743071,743072,743073,632769,743074,743075,743076,743077,743078,743079,743080,743081,743082,743083,489414,743084,743085,743086,743087,743088,743089,743090,743091
95,9502,'2',743092,743093,743094,628850,743095,743096,636384,743097,743098,589515,743099,743100,678382,743101,743102,743103,743104,743105,743106,743107,743108,743109,743110,743111,743112,683490,618412,743113,619647,665023,743114,743115,743116,743117,629427,743118,743119,743120,743121,743122,743123,622365,743124,636448,743125,743126,743127,743128,743129,743130,743131,443690,623535,743132,743133,743134,743135,743136,743137,743138,630741,653335,743139,682737,743140,501188,743141,516946,566602,743142,743143,743144,603047,743145,743146,743147,743148,743149,743150,743151,743152,743153,743154,743155,743156,743157,743158,743159,635409,743160,663293,743161,743162,683522,743163,743164,743165,743166,743167,743168,743169,743170,612516,743171,743172,743173,743174,743175,743176,743177,743178,743179,743180,743181,743182,667672,743183,743184,743185,743186,743187,743188,743189,743190,743191,743192,743193,743194,743195,743196,686904,743197,686575,743198,743199,743200,743201,743202,743203,743204,531097,743205,743206,636603,743207,743208,743209,573120,743210,743211,597562,743212,678229,743213,743214,743215,743216,743217,743218,743219,743220,743221,743222,743223,743224,743225,743226,743227,743228,743229,743230,743231,598475,743232,743233
95,9502,'3',743234,743235,653432,743236,743237,743238,743239,674245,743240,676413,622422,743241,743242,678046,743243,631597,743244,743245,743246,675951,743247,743248,679555,743249,743250,743251,605378,743252,743253,743254,743255,686174,743256,743257,743258,743259,743260,743261,743262,743263,743264,743265,743266,743267,743268,743269,743270,743271,615487,743272,743273,743274,743275,743276,743277,658330,743278,624700,743279,743280,743281,743282,643469,743283,743284,743285,743286,743287,743288,654683,743289,743290,743291,743292,743293,743294,743295,743296,743297,743298,743299,688014,743300,743301,743302,653495,743303,743304,611731,673428,743305,743306,743307,743308,743309,611364,743310,743311,614440,743312,743313,743314,743315,743316,743317,743318,743319,666074,743320,660865,637780,743321,743322,743323,743324,743325,743326,743327,743328,743329,674101,743330,743331,743332,681815,647753,743333,743334,743335,743336,743337,743338,743339,743340,743341,743342,743343,491982,743344,743345,743346,743347,743348,743349,743350,630017
95,9502,'5',743351,743352,630349,743353,743354,743355,743356,743357,743358,638597,743359,743360,743361,743362,743363,743364,743365,743366,626072,743367,743368,743369,605025,743370,665452,660461,743371,649719,584583,743372,743373,743374,743375,743376,688733,743377,743378,743379,743380,743381,743382,743383,607963,743384,743385,743386,743387,743388,743389,743390,743391,743392,743393,672416,743394,743395,743396,743397,743398,743399,659959,743400,743401,655611,743402,743403,743404,743405,743406,743407,743408,743409,743410,743411,620030,613360,743412,743413,743414,633448,743415,743416,743417,743418,743419,743420,743421,514273,743422,743423,743424,743425,743426,743427,743428,743429,628729,743430,743431,743432,743433,743434,743435,743436,527507,599771,743437,743438,661056,743439,743440,743441,615666,743442,743443,743444,590941,743445,743446,743447,743448,674903,743449,743450,743451,638929,743452,743453,743454,659207,743455,743456,679756,743457,743458,743459,743460,743461,743462,743463,743464,743465,673150,743466,743467,743468,743469,743470,743471,743472,743473,743474,743475,743476,743477,656201,743478,743479,743480,601097,743481,743482,743483
96,9601,'1',743484,743485,743486,743487,743488,743489,743490,743491,743492,743493,743494,558495,551453,743495,631239,743496,743497,615721,743498,743499,743500,567950,743501,743502,743503,743504,743505,516400,672503,743506,743507,743508,743509,743510,743511,743512,743513,743514,743515,743516,743517,743518,743519,672139,743520,743521,743522,620153,503389,743523,641189,743524,743525,743526,675305,743527,743528,611189,644455,743529,582226,743530,743531,743532,743533,743534,743535,743536,743537,743538,676204,743539,743540,646710,743541,669335,743542,683412,743543,743544,624456,743545,743546,684870,743547,743548,743549,743550,743551,743552,743553,743554,639583,743555,743556,743557,743558,743559,743560,656264,743561,613985,743562,638703,743563,614704,743564,743565,743566,743567,635022,612402,634623,743568,743569,743570,635026,743571,743572,743573,743574,743575,743576,743577,743578,743579,743580,743581,743582,743583,618914,743584,743585,612899,635040,648020,743586,743587,743588,743589,507630,743590,743591,651103,743592,743593,743594,743595,743596,743597,743598,743599,743600,631408,686803,743601
96,9601,'2',539710,743602,743603,743604,556192,743605,743606,743607,743608,743609,618401,743610,680568,743611,743612,743613,743614,743615,663069,743616,743617,743618,743619,743620,743621,674632,743622,743623,743624,743625,743626,743627,743628,743629,743630,743631,743632,743633,743634,743635,743636,569012,743637,665034,743638,618990,743639,543321,521486,743640,743641,743642,743643,743644,743645,743646,609415,743647,743648,743649,743650,743651,743652,743653,743654,743655,743656,743657,644286,743658,743659,650807,743660,743661,634697,743662,605171,743663,743664,743665,743666,743667,743668,743669,743670,743671,743672,743673,743674,743675,743676,743677,743678,743679,743680,743681,743682,743683,743684,503174,743685,743686,743687,743688,743689,743690,648614,743691,669411,743692,743693,743694,743695,743696,743697,743698,743699,743700,743701,743702,743703,743704,743705,743706,743707,743708,743709,675733,743710,743711,743712,743713,743714,641523,743715,743716,743717,743718,743719,743720,541206,743721,743722,743723,743724,743725,743726,743727,743728,743729,743730,743731,743732,534184,743733,743734,622042,743735,627448,743736,743737,743738,648175,743739,743740,743741,743742,743743
96,9601,'3',666460,743744,743745,743746,743747,743748,743749,676916,743750,743751,743752,743753,743754,743755,743756,743757,743758,743759,743760,743761,654278,618538,631610,743762,743763,743764,743765,743766,743767,743768,642730,615795,668816,743769,743770,743771,743772,628459,743773,743774,448339,743775,663877,743776,743777,743778,657774,743779,743780,743781,743782,743783,743784,743785,743786,743787,743788,743789,615515,743790,743791,743792,743793,743794,667567,743795,743796,743797,743798,743799,743800,680856,743801,743802,743803,743804,743805,743806,613087,743807,743808,743809,743810,743811,743812,743813,743814,743815,743816,634179,743817,743818,649151,743819,743820,743821,743822,380297,661536,743823,743824,650161,743825,743826,743827,638571,743828,743829,743830,607124,743831,743832,743833,743834,653541,743835,743836,641338,743837,743838,634188,743839,743840,743841,743842,743843,743844,743845,743846,743847,743848,743849,610738,743850,743851,743852,743853,743854,643517,743855,743856,743857,743858,743859,550653
96,9601,'5',636061,743860,743861,743862,743863,743864,743865,743866,606985,743867,743868,743869,743870,611778,608796,743871,743872,743873,743874,743875,743876,585219,640199,743877,743878,743879,743880,743881,743882,743883,673461,743884,743885,743886,622505,743887,743888,743889,743890,617017,743891,743892,743893,743894,743895,743896,636954,743897,675991,639482,743898,743899,686219,743900,637940,743901,743902,684361,743903,743904,743905,743906,685545,743907,743908,743909,743910,623832,743911,743912,743913,743914,615984,743915,743916,743917,672737,743918,743919,743920,743921,743922,743923,743924,743925,743926,743927,743928,743929,743930,743931,743932,743933,743934,743935,743936,743937,623423,743938,743939,587981,743940,743941,743942,563717,743943,743944,616229,743945,743946,743947,743948,743949,743950,625728,743951,743952,641830,743953,743954,659209,743955,743956,556544,743957,743958,743959,743960,743961,743962,743963,743964,743965,743966,743967,743968,743969,647893,743970,743971,743972,743973,743974,743975,644162,743976
96,9602,'1',743977,609702,743978,616487,685094,743979,743980,743981,743982,633079,743983,743984,743985,687561,579635,743986,521334,743987,616786,621811,599457,637134,650685,626575,743988,743989,743990,743991,688454,743992,743993,743994,743995,743996,580265,743997,662307,743998,743999,744000,744001,744002,744003,744004,744005,744006,744007,744008,744009,532886,744010,659525,656711,630507,744011,667910,744012,744013,744014,604764,452727,660083,744015,744016,744017,744018,744019,744020,684484,744021,744022,676203,654226,744023,744024,744025,744026,744027,744028,744029,744030,537255,744031,744032,744033,602960,744034,664235,744035,744036,533211,744037,403441,744038,744039,744040,651525,627075,744041,744042,744043,744044,744045,744046,744047,744048,744049,744050,744051,744052,744053,744054,689727,744055,744056,673687,744057,744058,744059,744060,606668,744061,744062,487099,550985,744063,744064,744065,636320,744066,744067,744068,612433,744069,744070,744071,744072,744073,744074,744075,744076,744077,744078,648528,641222,744079,744080,744081,744082,744083,744084,744085,744086,744087,744088,744089
96,9602,'2',744090,744091,744092,744093,744094,744095,744096,744097,744098,624541,744099,633542,744100,744101,744102,744103,744104,744105,744106,744107,744108,587035,552190,744109,744110,744111,744112,744113,744114,744115,744116,744117,625484,744118,649961,744119,744120,669386,744121,744122,744123,744124,744125,637458,744126,744127,744128,744129,744130,744131,744132,744133,744134,744135,744136,744137,744138,744139,744140,481428,744141,653852,637492,744142,744143,744144,744145,744146,744147,651339,744148,621990,744149,744150,744151,744152,744153,744154,744155,563086,744156,744157,650013,744158,683528,684941,744159,744160,744161,744162,744163,744164,744165,744166,744167,744168,612045,744169,744170,744171,744172,744173,744174,744175,744176,675580,744177,635106,744178,744179,744180,744181,744182,744183,744184,744185,643068,744186,744187,744188,744189,744190,744191,744192,744193,744194,744195,744196,549010,744197,744198,744199,744200,744201,744202,744203,744204,744205,744206,744207,744208,744209,744210,744211,744212,744213,744214,744215,744216,744217,744218,629927,744219,744220,744221,744222,744223,624140,744224,744225,744226,663622,618513,744227,744228,744229,744230,744231
96,9602,'3',744232,744233,744234,744235,744236,744237,744238,744239,744240,744241,744242,744243,744244,744245,744246,744247,744248,744249,744250,744251,744252,744253,744254,627489,498438,744255,637690,744256,744257,744258,744259,744260,744261,744262,744263,744264,744265,744266,744267,744268,744269,744270,744271,744272,744273,744274,744275,539450,682499,744276,744277,622717,744278,744279,744280,744281,744282,744283,744284,744285,744286,654680,744287,744288,744289,744290,583038,744291,744292,744293,744294,744295,478096,744296,744297,744298,744299,744300,625177,744301,665122,667248,744302,744303,744304,744305,744306,744307,744308,645185,610704,744309,744310,744311,744312,613771,744313,744314,744315,744316,744317,744318,744319,744320,533849,655529,680472,744321,744322,621664,744323,744324,641991,744325,744326,744327,744328,744329,744330,620991,744331,744332,744333,744334,744335,744336,744337,744338,744339,744340,744341,744342,660710,744343,744344,744345,677670,744346,744347,744348,637859
96,9602,'5',744349,636883,744350,744351,744352,744353,744354,659455,578826,744355,644117,744356,744357,744358,744359,744360,744361,667263,744362,744363,744364,744365,744366,744367,744368,568804,744369,744370,744371,632186,744372,744373,744374,744375,744376,744377,744378,744379,744380,744381,744382,744383,744384,744385,744386,744387,744388,744389,663934,684351,607575,744390,635687,744391,665734,613156,744392,615635,536672,744393,744394,744395,744396,627771,744397,744398,593118,625704,744399,744400,744401,744402,744403,744404,744405,744406,744407,634908,744408,744409,744410,625715,744411,744412,744413,744414,605757,744415,744416,744417,673805,744418,744419,744420,744421,744422,744423,658811,652251,744424,744425,744426,744427,632651,744428,744429,744430,744431,744432,634543,653675,637077,514060,744433,744434,744435,744436,629557,744437,744438,744439,744440,744441,744442,744443,744444,744445,744446,612739,744447,744448,744449,744450,744451,744452,658423,608012,744453,744454,744455,744456,744457,744458,744459
97,9703,'1',657426,744460,613924,744461,627893,744462,689928,621061,744463,744464,744465,744466,744467,744468,744469,744470,744471,744472,744473,744474,683393,744475,689606,744476,744477,744478,744479,744480,744481,744482,744483,744484,744485,744486,420575,579819,744487,744488,744489,744490,744491,744492,744493,744494,744495,744496,744497,744498,617572,744499,744500,744501,744502,744503,687866,744504,744505,744506,744507,744508,744509,744510,744511,744512,744513,744514,744515,744516,684500,744517,663536,744518,744519,744520,619592,744521,744522,744523,744524,744525,744526,744527,744528,744529,744530,744531,744532
97,9703,'2',744533,744534,744535,572944,744536,744537,744538,744539,660197,624035,681955,744540,647564,744541,744542,744543,744544,744545,744546,744547,628867,744548,744549,657521,666383,744550,744551,744552,744553,744554,744555,744556,602284,525009,744557,744558,744559,744560,744561,744562,744563,637514,744564,586678,656379,744565,650816,744566,744567,744568,744569,660971,641945,744570,656865,744571,651352,744572,744573,744574,744575,744576,744577,744578,744579,744580,744581,744582,744583,744584,744585,744586,744587,638219,744588,679220,744589,744590,744591,744592,744593,744594,744595,614119,629022,744596,682888,744597
97,9703,'3',744598,606502,744599,744600,744601,744602,688632,744603,744604,681748,744605,744606,744607,744608,528340,744609,744610,744611,744612,744613,744614,744615,744616,744617,744618,744619,744620,744621,644693,630948,744622,744623,744624,744625,744626,744627,744628,744629,744630,744631,686970,744632,606261,744633,744634,744635,744636,744637,744638,609288,744639,744640,661327,744641,744642,744643,744644,744645,677433,744646,744647,744648,744649,744650,744651,744652,673439,686623,744653,744654,666110,627648,744655,744656,744657,649183
97,9703,'5',744658,659909,595460,744659,646295,744660,744661,744662,744663,685881,744664,744665,744666,744667,744668,648319,744669,744670,744671,744672,552067,744673,744674,744675,744676,744677,744678,653171,744679,744680,744681,744682,677473,744683,744684,744685,744686,744687,744688,744689,744690,744691,744692,538949,744693,744694,744695,744696,581367,744697,744698,744699,744700,744701,744702,672462,744703,744704,568410,744705,634010,744706,744707,744708,744709,744710,744711,744712,744713,744714,744715,744716,744717,744718,744719,744720,744721,744722,654202,605105,744723,744724,744725,744726,744727,665509
97,9704,'1',744728,744729,626943,647193,744730,744731,744732,744733,744734,744735,744736,744737,744738,744739,744740,622282,744741,526235,393540,744742,744743,744744,744745,744746,744747,744748,744749,744750,744751,744752,744753,744754,664424,744755,744756,744757,744758,744759,744760,744761,744762,744763,744764,744765,744766,744767,744768,744769,744770,671286,744771,744772,744773,744774,744775,668640,618321,744776,744777,744778,744779,744780,640847,618339,744781,744782,744783,744784,744785,744786,744787,744788,744789,744790,744791,744792,744793,744794,744795,744796,744797,744798,654547,744799,744800,617590,744801
97,9704,'2',495966,744802,606906,654932,611591,744803,744804,744805,634655,744806,744807,744808,744809,645028,744810,744811,744812,551011,744813,689300,679345,744814,744815,744816,744817,534106,744818,744819,744820,744821,744822,744823,744824,744825,744826,744827,744828,687669,744829,744830,744831,744832,744833,744834,744835,744836,744837,668359,744838,744839,744840,744841,744842,744843,655392,744844,744845,744846,744847,572196,688594,744848,744849,744850,744851,744852,744853,744854,643418,607868,648629,744855,744856,744857,744858,744859,744860,744861,744862,619771,744863,744864,651669,744865,587467,744866
97,9704,'3',744867,744868,744869,744870,744871,744872,744873,655460,744874,744875,744876,744877,744878,744879,744880,744881,744882,744883,744884,744885,744886,744887,744888,744889,744890,744891,744892,744893,744894,744895,744896,642751,744897,744898,514569,744899,744900,744901,744902,744903,744904,744905,744906,641564,643145,744907,744908,744909,744910,744911,744912,744913,744914,744915,744916,744917,638574,636822,744918,744919,744920,744921,744922,744923,673777,744924,744925,744926,744927,618619,744928,744929,744930,744931
97,9704,'5',744932,744933,744934,744935,662134,744936,744937,522636,622490,744938,744939,744940,744941,744942,744943,744944,744945,682246,744946,744947,744948,744949,744950,744951,614263,744952,744953,654764,744954,744955,744956,671241,645262,744957,744958,744959,744960,744961,744962,744963,744964,646314,744965,744966,744967,744968,744969,744970,613169,744971,744972,744973,744974,744975,744976,744977,744978,744979,744980,744981,644389,744982,744983,744984,744985,744986,744987,744988,744989,744990,684821,744991,744992,744993,523479,650295,744994,744995,744996,672485,744997,744998,744999,658831
98,9801,'1',745000,745001,622276,745002,640243,545987,745003,659509,745004,745005,745006,745007,745008,745009,745010,745011,616514,745012,745013,745014,745015,745016,745017,581048,745018,745019,500621,745020,640280,745021,745022,745023,641884,631915,745024,745025,745026,596902,745027,745028,745029,745030,745031,518956,636333,745032,745033,745034,664460,745035,745036,745037
98,9801,'2',745038,745039,656314,745040,745041,745042,745043,745044,674045,745045,745046,745047,745048,745049,649969,613421,745050,745051,745052,745053,745054,613660,745055,655892,745056,559448,745057,745058,745059,745060,745061,745062,745063,745064,745065,745066,745067,564905,745068,745069,613691,745070,745071,745072,745073,745074
98,9801,'3',745075,745076,745077,745078,745079,650872,745080,745081,745082,745083,745084,745085,745086,745087,745088,616950,609116,745089,745090,745091,745092,745093,678925,609125,745094,745095,745096,745097,745098,745099,745100,745101,745102,745103,745104,632558,745105,620702,745106,745107,745108,678450
98,9801,'5',631712,745109,745110,745111,745112,653596,745113,652197,745114,568827,555965,745115,684358,665472,745116,745117,745118,745119,745120,745121,745122,745123,745124,745125,745126,745127,745128,745129,745130,745131,745132,745133,745134,745135,745136,745137,745138,745139,745140,745141,549487,745142,745143,745144,625745,745145,745146,683744
98,9802,'1',745147,665511,661827,745148,745149,745150,745151,745152,614640,745153,745154,690436,745155,685924,745156,745157,745158,745159,745160,745161,745162,745163,745164,745165,745166,745167,672520,745168,642519,745169,745170,745171,745172,685129,745173,625816,676226,745174,745175,540959,634610,745176,745177,745178,745179,745180,745181,745182,745183,673534,745184,745185,745186
98,9802,'2',745187,745188,745189,745190,745191,745192,745193,745194,745195,670870,745196,745197,745198,745199,745200,745201,745202,745203,745204,626322,586480,516743,745205,745206,690024,745207,745208,745209,669818,745210,623269,745211,745212,745213,745214,745215,745216,745217,745218,650458,628361,745219,745220,745221,745222,745223
98,9802,'3',486336,745224,745225,624668,745226,745227,745228,745229,652427,745230,656939,745231,745232,745233,633327,687993,745234,745235,745236,745237,745238,745239,745240,745241,745242,670276,745243,679573,745244,745245,745246,610300,745247,745248,745249,745250,745251,745252,745253,745254,745255,745256
98,9802,'5',745257,745258,745259,745260,745261,745262,745263,745264,745265,745266,745267,651431,609668,745268,672414,745269,745270,660728,745271,745272,745273,745274,745275,745276,745277,745278,745279,650247,745280,745281,745282,745283,641824,677710,745284,745285,745286,586772,688788,745287,745288,607168,663446,745289,583201,745290,546752,632267
99,9903,'1',745291,745292,661831,687118,745293,745294,745295,745296,641000,745297,745298,745299,745300,745301,615724,745302,745303,745304,560262,745305,745306,745307,745308,745309,745310,745311,504284,745312,745313,745314,626603,745315,600720,745316,683869,745317,745318,745319,745320,745321,601165,745322,745323,745324,745325,745326,745327,614727,745328,745329,745330,745331,745332,745333,745334,745335
99,9903,'2',745336,660171,745337,745338,622351,745339,745340,615301,745341,745342,608103,610149,551235,646209,588245,745343,745344,745345,745346,745347,745348,745349,527708,745350,745351,745352,745353,745354,745355,745356,745357,745358,745359,678534,607213,666731,745360,426806,636483,745361,745362,745363,745364,745365,745366,745367,634698,745368,745369,745370,745371,745372,745373,658286,745374,745375,745376,745377,745378,745379,636004,745380,745381,622689,745382,650057,583979,745383,679811,745384,745385,745386,745387,745388,745389,745390
99,9903,'3',745391,745392,745393,745394,745395,745396,745397,745398,745399,745400,745401,679232,745402,607669,745403,745404,745405,745406,640714,745407,745408,745409,745410,745411,745412,745413,745414,745415,745416,745417,652120,745418,745419,745420,652760,745421,607927,745422,745423,745424,745425,745426,745427,745428,745429,745430,745431,745432,745433,745434,745435,687418,745436,745437,745438,745439,745440,745441,745442,745443,745444,745445,745446,745447,745448,650943,745449,745450,745451,745452,745453,745454,745455,745456
99,9903,'5',745457,745458,745459,745460,745461,745462,634512,745463,666972,745464,581914,745465,745466,745467,745468,745469,637896,745470,679426,745471,745472,745473,745474,745475,745476,745477,745478,745479,745480,745481,745482,745483,745484,745485,745486,745487,620761,745488,745489,745490,745491,745492,745493,745494,745495,745496,745497,745498,745499,745500,651230,745501,745502,745503,745504,745505,745506,745507,745508,745509,745510,745511,745512,745513,745514,745515,632657,745516,745517,745518,745519,745520,745521,745522
99,9904,'1',745523,745524,745525,503693,745526,521791,672122,745527,614352,745528,745529,745530,745531,745532,745533,745534,745535,745536,745537,672147,604382,745538,686725,745539,745540,616810,745541,745542,589453,685781,745543,615257,655257,745544,745545,745546,745547,745548,745549,745550,745551,745552,589965,515474,579652,745553,745554,575356,614006,745555,745556,745557,745558,745559
99,9904,'2',745560,745561,604826,621939,745562,745563,745564,629136,745565,745566,745567,745568,745569,745570,745571,745572,745573,651594,745574,745575,745576,645692,745577,588528,745578,745579,745580,657887,745581,636494,745582,658997,745583,607360,745584,745585,745586,745587,745588,745589,745590,745591,745592,745593,745594,745595,745596,745597,642665,745598,745599,745600,745601,745602,745603,745604,745605,745606,640386,745607,745608,745609,745610,745611,616361,745612,745613,745614,745615,745616,745617,745618,745619,745620,745621,745622
99,9904,'3',745623,745624,745625,745626,627475,745627,745628,745629,745630,745631,745632,745633,745634,745635,745636,745637,745638,745639,745640,745641,745642,745643,745644,745645,604949,745646,745647,745648,745649,745650,607395,427004,745651,745652,660367,745653,745654,745655,745656,745657,745658,745659,745660,607931,745661,745662,745663,745664,745665,745666,745667,745668,745669,745670,745671,745672,745673,745674,745675,745676,745677,745678,559062,745679,745680,745681,745682,745683,486059,745684,745685,745686,745687,745688
99,9904,'5',745689,745690,589243,745691,745692,745693,745694,745695,745696,745697,745698,745699,678783,745700,745701,745702,677036,745703,745704,745705,745706,745707,745708,745709,745710,745711,647816,628675,680734,745712,561630,745713,745714,745715,745716,745717,745718,663717,745719,745720,675191,745721,745722,745723,745724,745725,745726,745727,745728,667604,745729,745730,660006,745731,745732,745733,745734,745735,745736,745737,745738,638653,745739,745740,609346,745741,745742,745743,621796,745744,745745,745746,745747,745748
100,10003,'1',745749,745750,745751,745752,631230,660598,745753,745754,745755,679764,635342,536326,745756,745757,745758,684471,745759,745760,677509,745761,745762,601793,745763,745764,599632,745765,745766,673332,535925,626977,745767,745768,745769,745770,745771,745772,745773,745774,745775,745776,745777,745778,745779,745780,745781,745782,745783,745784,745785,745786,745787,745788,745789,745790,745791,745792,745793,745794,745795,745796,745797,745798,745799,745800,745801,745802,745803,745804,745805,745806,745807,745808,745809,745810,745811,745812,641194,547943,666694,745813,745814,674361,745815,745816,745817,596880,745818,646531,674607,745819,745820,745821,745822,745823,745824,745825,745826,745827,745828,745829,745830,540518,646353,745831,745832,745833,745834,745835,745836,745837,745838,745839,745840,745841,686274,745842,636279,745843,610899,635763,745844,745845,678664,420450,679024,660944,745846,689536,745847,745848,745849,745850,745851,745852,745853,745854,745855,745856,745857,745858,745859,555375,745860,745861,745862,745863,745864,745865,745866,745867,745868,745869,514899,745870,745871,745872,656777,745873,745874,745875,745876,687241,745877,745878,683938,745879,745880,745881,634431
100,10003,'2',610528,745882,745883,745884,745885,745886,745887,745888,745889,664817,745890,745891,745892,745893,745894,745895,745896,745897,745898,643366,745899,673210,745900,745901,688550,663276,542405,745902,689303,745903,745904,745905,745906,745907,745908,745909,745910,745911,745912,605525,745913,745914,745915,745916,745917,745918,745919,745920,745921,645835,653348,640890,745922,745923,745924,745925,745926,745927,745928,745929,745930,660818,745931,745932,745933,745934,745935,745936,588788,647271,616619,745937,745938,745939,745940,745941,745942,745943,745944,473222,745945,745946,745947,745948,745949,745950,745951,745952,745953,745954,637584,641068,745955,745956,745957,745958,745959,745960,745961,675936,745962,745963,518104,658638,745964,745965,745966,745967,745968,745969,745970,745971,745972,745973,745974,745975,745976,745977
100,10003,'3',621574,745978,745979,745980,671337,645859,745981,745982,682580,632491,634151,745983,745984,745985,745986,677624,624678,745987,745988,654659,745989,588662,635154,745990,628451,745991,745992,745993,745994,745995,745996,745997,745998,745999,746000,746001,746002,746003,584008,746004,746005,466089,647301,746006,746007,746008,667832,746009,618558,663884,610277,619855,746010,746011,746012,746013,746014,746015,746016,746017,746018,652122,746019,622452,746020,746021,746022,746023,746024,746025,545399,688680,746026,607683,746027,746028,746029,669462,746030,746031,746032,746033,746034,746035,687743,746036,570163,746037,746038,746039,604999,619927,636838,746040,746041,746042,746043,746044,746045,619938,746046,746047,746048,746049,746050,651415,746051,746052
100,10003,'5',746053,746054,746055,746056,615041,746057,746058,746059,746060,746061,561069,746062,746063,746064,581313,644774,746065,746066,746067,653587,746068,746069,746070,627710,746071,746072,746073,746074,636936,746075,746076,746077,746078,746079,746080,746081,746082,610776,746083,746084,746085,746086,746087,746088,746089,746090,746091,746092,746093,746094,746095,746096,550049,746097,686646,746098,746099,746100,746101,746102,600002,746103,746104,746105,746106,746107,746108,746109,638916,651005,746110,746111,746112,746113,746114,675666,746115,658191,746116,746117,631168,746118,746119,688414,746120,746121,746122,746123,746124,746125,746126,648824,654184,623433,746127,746128,746129,746130,746131,746132,746133,746134,746135,746136,746137,611453,746138,746139,528556,583873,746140,746141,746142,746143,666659,620791,746144,746145
100,10004,'1',746146,746147,649307,618243,746148,382714,746149,746150,647908,746151,635338,746152,746153,667620,746154,746155,746156,746157,746158,746159,522282,622278,746160,663176,746161,609711,746162,746163,672499,746164,746165,746166,746167,746168,746169,746170,746171,746172,746173,746174,624925,647936,604195,667330,746175,746176,746177,746178,746179,746180,746181,746182,746183,746184,746185,746186,746187,746188,687838,687145,746189,746190,746191,746192,746193,620495,746194,746195,746196,746197,746198,746199,746200,746201,675304,746202,746203,746204,746205,746206,746207,746208,746209,686731,746210,746211,746212,746213,664976,746214,746215,746216,746217,746218,746219,746220,653748,746221,746222,746223,746224,746225,617575,677540,746226,746227,746228,746229,746230,746231,746232,635566,484147,746233,746234,746235,746236,746237,746238,746239,641685,746240,746241,746242,746243,746244,746245,746246,746247,746248,746249,606418,645976,646182,746250,746251,746252,746253,746254,746255,746256,746257,746258,746259,746260,746261,746262,560806,746263,746264,746265,746266,746267,746268,746269,627191,746270,746271,688850,746272,746273,660790,746274,648536,746275,746276,746277,746278,746279,746280
100,10004,'2',746281,505627,746282,746283,592572,746284,746285,746286,621465,746287,746288,746289,746290,746291,746292,746293,746294,746295,746296,658967,746297,746298,563049,746299,746300,654571,746301,746302,746303,746304,746305,746306,645685,746307,746308,746309,543315,746310,746311,746312,746313,746314,746315,746316,746317,746318,746319,746320,746321,746322,549299,617120,746323,746324,746325,746326,746327,746328,606191,746329,746330,746331,746332,746333,582954,746334,746335,662221,746336,746337,746338,662731,612519,746339,746340,746341,746342,746343,671331,746344,746345,746346,746347,746348,746349,559468,746350,746351,746352,746353,553710,746354,746355,746356,628366,670920,593033,746357,746358,746359,621186,746360,746361,746362,746363,746364,746365,746366,746367,746368,746369,746370,746371,746372,746373,746374,746375,746376
100,10004,'3',635824,746377,746378,746379,746380,746381,746382,746383,746384,614911,746385,746386,746387,746388,649088,683095,676421,616936,746389,746390,746391,746392,746393,746394,746395,746396,746397,746398,746399,746400,746401,746402,746403,746404,746405,746406,746407,746408,746409,746410,746411,606529,746412,746413,451109,746414,746415,746416,746417,643140,645167,746418,746419,746420,558628,645583,746421,746422,746423,746424,746425,648695,746426,746427,746428,746429,746430,746431,746432,746433,746434,604979,746435,746436,746437,746438,746439,746440,746441,746442,746443,746444,746445,746446,746447,673278,746448,746449,746450,746451,746452,746453,746454,662256,746455,746456,687010,746457,626707,746458,746459,746460,746461,746462,746463
100,10004,'5',746464,746465,746466,746467,746468,671040,746469,746470,746471,746472,746473,746474,746475,746476,746477,746478,746479,668500,746480,746481,746482,746483,746484,606033,656104,746485,538867,624801,746486,746487,746488,746489,573017,746490,746491,746492,746493,746494,746495,746496,746497,746498,746499,746500,746501,656130,746502,746503,623402,746504,618693,746505,746506,746507,746508,746509,746510,746511,520145,746512,660528,746513,746514,746515,746516,746517,746518,746519,746520,687078,665617,746521,746522,746523,746524,746525,746526,567353,624341,746527,746528,746529,746530,613191,746531,746532,746533,746534,746535,746536,746537,746538,619394,746539,746540,556702,746541,746542,606069,746543,678488,746544,746545,746546,746547,746548,746549,663027,746550,746551,746552,746553,746554,746555,746556,746557,746558,746559
101,10103,'1',746560,746561,746562,746563,746564,690296,746565,613227,746566,683775,746567,746568,746569,651257,746570,746571,746572,746573,746574,746575,746576,746577,746578,746579,630128,746580,746581,746582,746583,746584,746585,746586,746587,746588,746589,746590,746591,746592,631943,746593,746594,746595,746596,746597,746598,746599
101,10103,'2',746600,746601,746602,746603,746604,746605,746606,612004,669940,746607,624564,746608,746609,746610,746611,746612,651601,746613,746614,746615,471819,575400,746616,746617,746618,633253,746619,746620,746621,599359,746622,746623,651651,746624,746625,746626,746627,746628,746629,746630,746631
101,10103,'3',746632,746633,746634,574530,746635,746636,746637,746638,746639,629036,746640,746641,491330,746642,746643,746644,746645,746646,746647,746648,643144,630991,746649,653146,746650,746651,746652,746653,746654,621652,746655,746656,746657,539811,604615,746658,656564,676528
101,10103,'5',746659,746660,746661,746662,746663,746664,746665,746666,746667,746668,746669,746670,746671,559671,746672,746673,746674,746675,746676,746677,746678,746679,746680,746681,746682,746683,746684,746685,746686,746687,646113,746688,746689,746690,746691,746692,746693,660584,746694,746695,746696
101,10104,'1',746697,746698,746699,746700,746701,746702,746703,746704,544826,746705,746706,682603,398064,746707,746708,746709,643942,746710,746711,597311,496063,469242,746712,746713,746714,575327,746715,746716,746717,631922,608885,618882,746718,746719,746720,746721,746722,471790,746723,625867,746724,746725,746726,746727
101,10104,'2',746728,746729,590123,532621,746730,657730,746731,746732,746733,746734,746735,746736,746737,746738,746739,644278,623259,746740,746741,746742,746743,746744,746745,746746,667970,746747,746748,746749,746750,746751,542914,590051,746752,513480,746753,746754,746755,614107,746756,746757,746758
101,10104,'3',746759,746760,746761,746762,746763,746764,746765,746766,746767,746768,746769,609809,746770,746771,746772,646274,616154,746773,561542,746774,746775,627603,746776,746777,746778,746779,746780,746781,746782,746783,746784,746785,637845,746786,746787,746788,637854,616181
101,10104,'5',746789,746790,746791,746792,746793,746794,746795,746796,746797,622793,746798,746799,746800,568837,746801,746802,746803,746804,746805,746806,613364,746807,746808,746809,746810,746811,746812,746813,746814,746815,746816,746817,746818,648835,658201,746819,746820,746821,746822,746823,563757
102,10203,'1',746824,746825,746826,746827,746828,746829,746830,746831,746832,746833,746834,746835,746836,746837,746838,746839,746840,746841,746842,746843,746844,746845,746846,746847,670352,536747,746848,615199,746849,746850,746851,746852,746853,746854,746855,746856,746857,646142,746858,617770,746859,746860,665250,746861,636175,746862,746863,746864,746865,746866,746867,746868,689696,746869,746870,609364,746871,746872,634580,746873,746874,746875,746876,676022,746877,690341,746878,746879,674516,642952,746880,746881,746882,551178,746883,746884,746885,669909,746886,746887,746888,674180,746889,746890,746891,746892,746893,746894,746895,746896,746897,746898,746899,746900,633832,535505,746901,632725,468254,746902,746903,746904,652897,746905,746906,746907,746908,746909,746910,746911,746912,746913,685365,746914,746915,746916,746917,746918,683851,746919,647977,746920,746921,746922,544101,613242,537275,746923,746924,630581,746925,746926,746927,746928,746929,643624,746930,746931,746932,682877,746933,617378,746934,746935,592984,746936,746937,746938,746939,746940,674376,746941,631356,746942,535062,746943,746944,746945,475226,746946,746947,746948,613589,683893,548942,686299,639598,746949,746950,746951,746952,746953,418039,608521,746954,746955,746956,746957,746958,466047,746959,690267,628841,746960,671453,746961,746962,746963,746964,746965,684896,746966,625016,746967,746968,675325,746969,746970,689572,746971,610125,746972,746973,746974,746975,676258,746976,746977,746978,746979,746980,746981,746982,746983,746984,746985
102,10203,'2',627209,746986,746987,746988,746989,746990,746991,746992,746993,746994,746995,746996,746997,516427,746998,746999,624544,642592,747000,747001,556613,747002,747003,634440,747004,747005,646573,747006,747007,602259,747008,747009,627260,747010,747011,747012,747013,747014,747015,747016,747017,747018,747019,747020,747021,747022,747023,613642,747024,747025,747026,747027,747028,628241,747029,747030,588260,747031,747032,747033,747034,747035,747036,747037,747038,747039,747040,747041,747042,747043,747044,624583,611617,747045,747046,747047,747048,617610,637500,747049,747050,747051,747052,747053,747054,651613,747055,747056,747057,549916,747058,747059,747060,747061,747062,747063,747064,747065,747066,747067,747068,747069,606931,747070,747071,747072,747073,747074,747075,747076,747077,747078,747079,675247,747080,747081,747082,747083,747084,747085,747086,747087,747088,747089,747090,747091,747092,747093,675731,747094,495583,747095,747096,747097,653900,747098,747099,747100,747101,747102,636573,637585,747103,747104,615918,747105,747106,747107,747108,747109,747110,747111,747112,747113,747114,747115,667548,747116,747117,747118,747119,747120,747121,747122,747123,747124,747125,747126,747127,651365,592263,747128,747129,747130,650856,747131,639390,747132,747133,747134,747135,747136,747137,618509,747138,682395,655947,747139,747140,747141,747142,654646,747143,625966,747144,747145,747146
102,10203,'3',747147,747148,747149,747150,747151,747152,747153,747154,747155,747156,747157,649586,610637,747158,747159,747160,747161,747162,607888,747163,747164,747165,747166,747167,747168,747169,747170,747171,747172,747173,747174,747175,747176,635450,747177,747178,747179,747180,747181,747182,682397,747183,747184,638532,747185,747186,747187,747188,747189,747190,747191,747192,747193,657297,747194,747195,568205,747196,747197,688282,747198,747199,680990,747200,747201,747202,747203,654003,747204,747205,747206,747207,747208,747209,747210,747211,747212,747213,747214,747215,747216,747217,747218,747219,402208,747220,676455,747221,747222,653492,747223,747224,747225,747226,747227,747228,747229,675258,747230,747231,666520,687413,747232,747233,747234,747235,747236,747237,747238,747239,681813,747240,747241,747242,420371,747243,747244,747245,747246,747247,747248,747249,747250,747251,657329,747252,626031,747253,684748,621662,747254,747255,747256,747257,606289,747258,747259,616976,747260,747261,747262,747263,747264,747265,747266,747267,747268,747269,747270,588464,747271,747272,650939,616981,747273,747274,747275,673448,747276,747277,643873,747278,747279,747280,747281,747282,747283,747284,747285,747286,747287,747288,747289,747290,747291,747292,747293
102,10203,'5',747294,747295,747296,747297,747298,747299,747300,747301,747302,747303,600982,747304,747305,747306,747307,747308,747309,747310,747311,747312,747313,607137,747314,747315,747316,747317,747318,747319,747320,747321,611401,747322,747323,617690,747324,619298,747325,747326,652193,747327,747328,747329,747330,661995,568329,747331,747332,650977,747333,747334,747335,747336,747337,642405,747338,747339,747340,747341,686461,747342,747343,747344,747345,747346,747347,747348,747349,747350,747351,747352,747353,747354,747355,658174,747356,560607,747357,747358,747359,747360,747361,747362,747363,747364,747365,747366,747367,747368,747369,747370,646315,747371,747372,747373,747374,747375,644137,747376,747377,747378,747379,747380,747381,747382,747383,747384,747385,747386,747387,747388,747389,747390,747391,747392,678324,747393,747394,747395,747396,666631,747397,659192,747398,747399,747400,747401,747402,675670,747403,747404,747405,599071,747406,631174,747407,747408,747409,747410,747411,747412,747413,747414,747415,659204,747416,747417,747418,747419,747420,747421,538031,747422,747423,575886,675866,688434,747424,747425,645488,638053,747426,678994,747427,747428,649789,747429,747430,747431,747432,518537,747433,747434,747435,747436,747437,747438,747439,668972
102,10204,'1',747440,747441,540823,747442,547826,747443,668045,747444,747445,747446,747447,747448,747449,670034,747450,674926,747451,747452,747453,660601,747454,630467,747455,747456,747457,747458,747459,747460,639245,747461,747462,658850,747463,747464,747465,747466,535003,747467,670355,747468,747469,747470,747471,747472,747473,747474,603433,688881,747475,747476,747477,747478,747479,747480,747481,747482,747483,747484,688114,747485,747486,747487,747488,747489,747490,747491,747492,747493,747494,464525,560269,613233,612803,747495,747496,747497,650709,747498,627981,627983,747499,575317,747500,747501,747502,747503,613238,747504,747505,747506,747507,747508,747509,747510,634595,747511,747512,747513,747514,747515,747516,747517,747518,747519,747520,747521,747522,477920,747523,747524,652609,560281,747525,747526,671662,747527,632730,570747,647213,675797,747528,747529,747530,747531,747532,747533,747534,747535,677143,608063,747536,747537,747538,747539,747540,747541,747542,655258,747543,747544,651535,399552,747545,747546,747547,747548,747549,747550,747551,634624,747552,747553,747554,747555,461493,747556,747557,747558,747559,747560,747561,747562,747563,747564,747565,616051,747566,747567,747568,747569,554424,650371,682196,625861,747570,747571,650378,747572,747573,747574,747575,584379,747576,747577,747578,747579,747580,685795,747581,747582,747583,747584,747585,747586,651566,747587,747588,747589,747590,622935,633875,747591,747592,565358
102,10204,'2',747593,634092,747594,747595,665538,747596,747597,747598,682613,747599,747600,666892,747601,639036,747602,747603,747604,747605,747606,747607,747608,747609,747610,648058,649459,747611,747612,747613,747614,606446,747615,747616,747617,747618,747619,747620,747621,649965,747622,666374,747623,747624,747625,747626,747627,747628,747629,747630,747631,747632,747633,651986,639346,747634,747635,747636,747637,747638,747639,747640,656349,747641,747642,747643,747644,747645,685816,747646,747647,747648,747649,747650,747651,747652,747653,747654,747655,635402,747656,747657,747658,747659,747660,747661,607514,525603,747662,747663,747664,747665,648098,747666,747667,747668,630763,658995,747669,747670,747671,747672,747673,747674,747675,747676,747677,687297,625515,614064,747678,747679,747680,747681,628872,747682,747683,747684,747685,747686,747687,747688,747689,747690,747691,747692,747693,747694,635999,656393,747695,564455,747696,747697,747698,658065,747699,655915,747700,747701,747702,747703,747704,747705,747706,747707,747708,747709,747710,747711,747712,747713,747714,654630,747715,747716,643073,747717,747718,640899,747719,572202,636585,686905,747720,747721,554136,747722,747723,747724,747725,747726,747727,597005,747728,747729,747730,747731,747732,747733,747734,747735,747736,747737,747738,661496,670931,670932,747739,747740,747741,747742,747743,747744,747745,547280,747746,747747
102,10204,'3',677889,629677,747748,747749,747750,747751,747752,747753,747754,747755,747756,605959,747757,747758,747759,673752,747760,656932,747761,747762,747763,747764,747765,747766,747767,747768,747769,747770,624162,747771,747772,747773,747774,639707,649101,747775,747776,747777,747778,747779,747780,747781,747782,747783,747784,605380,747785,747786,747787,747788,747789,747790,747791,747792,622081,747793,669437,747794,747795,747796,747797,747798,747799,663647,747800,747801,747802,610267,747803,636705,747804,747805,747806,747807,747808,747809,747810,747811,747812,747813,689065,747814,747815,747816,747817,671353,747818,676456,747819,684202,747820,518306,747821,747822,643701,747823,747824,747825,747826,747827,747828,747829,747830,647722,747831,747832,747833,747834,747835,747836,589186,747837,747838,641984,747839,747840,747841,747842,747843,747844,747845,747846,612617,747847,654291,747848,606970,747849,747850,669465,658140,610318,747851,747852,747853,747854,640450,680613,747855,670290,747856,747857,747858,747859,747860,747861,747862,747863,610730,747864,747865,747866,559610,665148,747867,747868,747869,747870,747871,747872,747873,747874,747875,747876,747877,747878,747879,587104,747880,747881,747882,747883,685023,747884,747885,747886,747887,747888,747889,747890
102,10204,'5',747891,636877,747892,747893,747894,747895,747896,747897,747898,747899,617318,747900,648303,645893,747901,523802,747902,625233,747903,747904,747905,747906,747907,669710,747908,655577,747909,647788,747910,747911,747912,747913,678300,747914,747915,747916,747917,671054,747918,747919,747920,747921,607141,747922,747923,747924,747925,747926,683671,747927,747928,617018,747929,747930,747931,747932,747933,747934,747935,747936,747937,747938,747939,747940,747941,747942,747943,747944,747945,747946,747947,609849,614277,747948,747949,747950,639791,635287,586756,631122,747951,747952,747953,747954,747955,614286,747956,747957,747958,747959,747960,747961,616457,747962,747963,747964,747965,747966,747967,747968,616462,747969,747970,747971,747972,747973,747974,747975,571894,541514,747976,747977,619360,747978,747979,747980,747981,747982,747983,747984,747985,747986,747987,519691,673311,747988,747989,747990,747991,747992,747993,747994,647374,747995,747996,747997,747998,747999,748000,748001,748002,748003,680924,640977,748004,748005,748006,609519,748007,748008,748009,748010,748011,748012,748013,748014,748015,748016,748017,748018,748019,748020,748021,748022,748023,748024,748025,748026,748027,610039,748028,748029,748030,748031,748032,748033,748034,748035,748036,748037,748038,748039
103,10303,'1',748040,748041,602560,748042,748043,748044,748045,748046,679468,550756,665517,642504,748047,748048,606874,748049,748050,748051,564775,748052,619516,748053,748054,748055,748056,748057,748058,651281,668638,666307,748059,639585,748060,748061,748062,748063,647223,748064,748065,682652,748066,748067,748068,748069,748070,748071,681736,631404,611579
103,10303,'2',630184,748072,748073,748074,748075,649948,748076,748077,748078,748079,748080,748081,748082,748083,748084,748085,748086,748087,748088,748089,748090,748091,748092,748093,553677,748094,748095,748096,518432,572165,748097,644290,748098,748099,748100,748101,622982,748102,748103,578682,748104,748105,748106,748107,748108,748109,748110,606219,748111,748112,748113,748114
103,10303,'3',648182,748115,748116,748117,748118,748119,748120,748121,748122,748123,748124,748125,748126,748127,748128,623030,620323,748129,748130,748131,748132,748133,519205,748134,748135,748136,748137,748138,748139,748140,748141,748142,748143,748144,748145,662246,748146,684240,748147,748148,748149,748150,645212,748151,748152,748153,468620,748154,748155
103,10303,'5',645226,748156,748157,748158,748159,748160,622778,748161,748162,748163,748164,748165,748166,748167,748168,748169,748170,748171,748172,689133,748173,748174,576304,748175,653013,668027,748176,748177,748178,748179,748180,748181,662015,748182,748183,748184,608638,748185,748186,748187,522223,748188,748189,748190,748191,748192,748193,748194,680535,748195,748196,650671,562111
103,10304,'1',678346,748197,655205,748198,748199,587600,748200,748201,748202,748203,748204,748205,748206,748207,748208,748209,748210,474195,748211,748212,645509,748213,748214,619484,748215,621855,748216,748217,748218,748219,567461,748220,748221,748222,748223,748224,748225,631925,748226,688497,654529,748227,748228,622923,748229,748230,748231,748232,621930,748233,509329,748234
103,10304,'2',748235,748236,748237,644550,748238,748239,748240,748241,667656,748242,748243,748244,748245,617414,678203,748246,748247,748248,748249,748250,748251,748252,748253,748254,748255,748256,748257,748258,748259,748260,748261,748262,642664,748263,748264,748265,748266,748267,748268,748269,748270,748271,748272,748273,748274,748275,665566,748276,583982,748277,748278,748279,561901
103,10304,'3',748280,656928,748281,748282,748283,748284,748285,531991,748286,748287,748288,748289,748290,748291,748292,448331,748293,748294,748295,674831,748296,748297,665397,614570,748298,748299,640922,748300,748301,748302,748303,748304,748305,748306,662247,748307,748308,748309,748310,748311,675423,748312,748313,748314,748315,748316,652157,748317,610002,748318
103,10304,'5',748319,748320,748321,748322,748323,748324,748325,748326,748327,643887,748328,748329,621710,748330,748331,748332,748333,748334,748335,748336,748337,685725,748338,748339,748340,688387,748341,748342,659170,748343,748344,748345,748346,748347,748348,748349,748350,748351,748352,748353,748354,748355,748356,748357,654186,748358,748359,748360,748361,748362,748363,748364,748365,748366,748367
104,10403,'1',748368,644417,583214,748369,748370,748371,621818,618255,580415,748372,689692,748373,748374,748375,748376,657840,748377,656227,748378,386610,748379,748380,607758,748381,667334,608871,748382,748383,748384,748385,748386,658920,748387,748388,748389,748390,617853,748391,748392,748393,748394,748395,748396,748397
104,10403,'2',748398,748399,748400,748401,748402,748403,748404,748405,748406,748407,748408,640642,637452,748409,748410,748411,748412,646005,748413,629280,748414,748415,748416,748417,748418,687296,748419,748420,748421,748422,748423,748424,748425,656404,748426,748427,748428,748429,616356,679217,748430,748431,748432,748433,748434,748435,748436,748437
104,10403,'3',748438,748439,748440,654651,748441,748442,635445,748443,748444,748445,748446,748447,748448,670967,748449,748450,748451,748452,748453,599550,748454,748455,748456,675179,748457,748458,748459,748460,748461,748462,748463,748464,748465,748466,634825,748467,748468,629194,748469,748470,748471,748472,748473
104,10403,'5',671954,748474,748475,748476,748477,748478,748479,619976,678603,748480,748481,748482,748483,748484,666976,748485,748486,748487,748488,748489,748490,748491,748492,640784,748493,748494,748495,748496,748497,614298,748498,748499,748500,748501,748502,748503,748504,538045,748505,748506,748507,748508,689916,638658,748509,748510,748511
104,10404,'1',748512,748513,748514,748515,748516,748517,527546,748518,748519,748520,748521,600684,437161,748522,748523,636192,748524,748525,571437,748526,748527,748528,748529,748530,667363,748531,748532,748533,748534,748535,748536,618342,748537,748538,573084,748539,748540,561800,661247,748541,748542,748543,748544,748545,748546
104,10404,'2',748547,677203,647241,641925,748548,748549,748550,748551,748552,748553,748554,748555,748556,748557,748558,748559,748560,748561,748562,748563,748564,632447,748565,748566,748567,748568,677376,748569,748570,748571,748572,748573,748574,748575,748576,748577,748578,628380,632886,748579,748580,606227,748581,748582,748583,748584
104,10404,'3',655449,655956,748585,748586,631604,748587,748588,748589,748590,748591,748592,748593,748594,748595,748596,748597,748598,748599,748600,748601,529758,748602,748603,650541,748604,516339,748605,748606,646073,652480,748607,748608,748609,748610,748611,748612,748613,748614,748615,748616,748617,748618,748619
104,10404,'5',748620,626477,654082,748621,605018,748622,748623,748624,748625,748626,748627,748628,680168,616201,748629,748630,748631,748632,748633,748634,748635,648791,748636,748637,748638,748639,748640,748641,748642,660543,748643,652244,628746,748644,748645,748646,748647,627838,748648,748649,748650,748651,748652,748653,748654,748655,748656
105,10503,'1',748657,748658,748659,748660,643923,748661,748662,748663,748664,748665,588196,632288,748666,748667,748668,748669,748670,748671,748672,748673,748674,748675,748676,748677,748678,748679,748680,614661,748681,748682,748683,748684,748685,619496,748686,748687,748688,748689,748690,658898,748691,644218,748692,748693,666308,748694,748695,748696,748697,642975,748698,748699,748700,656265,748701,748702,748703,748704,748705,748706,748707,624992,564137,748708,614708,609908,748709,748710,748711,748712,653267,748713,748714,748715,748716,748717,628125,665012,685153,748718
105,10503,'2',748719,748720,748721,748722,748723,748724,748725,748726,748727,748728,748729,748730,748731,748732,748733,647247,748734,670876,748735,548178,681284,748736,629640,748737,748738,748739,626330,602285,748740,748741,654599,748742,748743,748744,496357,620592,748745,662088,748746,748747,748748,748749,748750,612043,748751,748752,748753,748754,748755,748756,748757,748758,748759,748760,748761,617278,748762,748763,748764,748765,748766,748767
105,10503,'3',748768,748769,748770,748771,748772,672648,748773,644319,748774,748775,748776,655031,748777,748778,618014,748779,748780,748781,675607,748782,748783,748784,642313,748785,748786,748787,748788,748789,748790,748791,748792,650531,748793,748794,748795,748796,748797,748798,748799,748800,748801,748802,748803,748804,748805,748806,748807,675973,748808,748809,748810,656061,748811,748812,748813,748814,748815,748816
105,10503,'5',748817,748818,748819,748820,748821,748822,748823,748824,748825,748826,605029,748827,748828,748829,748830,748831,748832,748833,615086,748834,748835,748836,748837,677698,585861,748838,748839,748840,748841,653623,748842,748843,748844,748845,748846,748847,748848,748849,748850,748851,748852,748853,748854,748855,748856,748857,671111,542681,748858,748859,748860,748861,529270,748862,748863,748864,748865,688796,748866,748867,677127,748868,748869,748870
105,10504,'1',664592,748871,748872,748873,748874,748875,748876,748877,748878,748879,748880,748881,688109,748882,748883,690546,570283,662616,748884,660757,748885,607177,748886,748887,748888,670784,748889,748890,748891,748892,748893,748894,748895,626215,748896,748897,443562,748898,512910,748899,677738,748900,748901,748902,748903,748904,748905,748906,748907,748908,748909,748910,638714,748911,748912,748913,381431,748914,748915,748916,748917,748918,748919,748920,748921,748922,748923,748924,662369,653781,669365,748925,748926,748927,688525,670832,748928,748929,748930,748931
105,10504,'2',620218,748932,555136,644553,748933,748934,748935,748936,748937,748938,748939,748940,748941,748942,748943,748944,748945,748946,664657,648583,647594,626333,748947,682882,748948,748949,748950,611642,748951,748952,619720,748953,748954,748955,665560,654624,594785,748956,595564,748957,576995,748958,648627,748959,748960,748961,748962,748963,748964,581849,748965,748966,748967,748968,748969,748970,748971,665365,748972,748973,748974,748975
105,10504,'3',552945,748976,748977,748978,748979,748980,748981,748982,676928,748983,621597,688646,748984,748985,748986,748987,748988,675838,635169,389438,748989,748990,748991,748992,748993,748994,748995,748996,748997,748998,748999,749000,481635,749001,616155,678758,749002,749003,749004,749005,749006,676985,749007,749008,749009,749010,673938,749011,636836,749012,749013,749014,607947,671803,749015,749016,656076
105,10504,'5',749017,749018,600542,749019,749020,608616,657355,749021,749022,749023,749024,749025,749026,749027,749028,623101,749029,537927,686060,749030,749031,684791,749032,615110,749033,749034,749035,749036,749037,749038,749039,749040,749041,749042,560641,646320,749043,663951,749044,749045,749046,645480,749047,749048,749049,749050,749051,749052,749053,605767,749054,749055,749056,605615,666837,749057,749058,533907,749059,749060,749061,749062,749063,749064
106,10601,'1',629774,670172,670333,749065,749066,626152,555302,675202,749067,749068,637142,749069,749070,749071,592553,749072,682779,749073,749074,749075,549827,749076,749077,749078,749079,749080,520609,749081,749082,749083,749084,749085,749086,749087,688139,749088,749089,552147,749090,456123,749091,749092,662642,749093,689242,749094,749095,749096,749097,749098,605784,749099,749100,749101,600756,749102,749103,749104,749105,557040,749106,749107,749108,749109,749110,671458,543272,749111,628127,749112,749113,645822,749114,749115
106,10601,'2',749116,635388,749117,643015,749118,749119,749120,749121,749122,632800,749123,609229,749124,749125,749126,749127,749128,749129,749130,749131,749132,375154,749133,620575,749134,375905,749135,749136,749137,749138,749139,669204,686561,749140,749141,749142,749143,683523,749144,749145,749146,665555,749147,749148,749149,749150,749151,749152,631523,749153,749154,749155,749156,749157,749158,749159,749160,749161,749162,749163,749164,690053,628376,749165,519462,628389,749166,686921,749167
106,10601,'3',749168,749169,625973,749170,749171,749172,749173,749174,622425,749175,749176,749177,749178,749179,749180,749181,749182,749183,749184,749185,749186,619830,749187,749188,749189,642309,749190,749191,749192,749193,749194,749195,749196,548447,749197,749198,749199,749200,749201,749202,607112,749203,609812,749204,749205,682662,749206,749207,749208,749209,749210,749211,749212,651740,749213,749214,749215,749216,749217,611373,560070,749218,749219,749220,670619,749221,749222,749223,749224,749225,618112
106,10601,'5',749226,749227,749228,749229,749230,749231,749232,618637,749233,749234,608795,624794,611084,749235,749236,749237,749238,614458,749239,674476,749240,749241,749242,749243,749244,749245,749246,664371,749247,749248,749249,749250,749251,749252,749253,749254,609850,749255,749256,653632,749257,749258,634536,749259,749260,749261,749262,749263,749264,749265,534912,632642,749266,749267,749268,749269,556523,749270,749271,749272,680186,749273,749274,749275,749276,749277,749278,749279,749280,749281,664197,749282,749283,670328,749284,686082,749285
106,10602,'1',749286,749287,749288,684571,749289,749290,658437,749291,749292,749293,749294,749295,523069,749296,749297,590312,749298,749299,749300,749301,749302,749303,749304,662624,647957,749305,749306,749307,749308,749309,749310,749311,749312,749313,749314,690573,749315,649867,749316,749317,538250,749318,749319,630584,683876,749320,749321,749322,749323,654232,749324,749325,749326,564790,749327,749328,749329,749330,648521,590348,604424,749331,749332,749333,749334,749335,684904,749336,749337,749338,749339
106,10602,'2',749340,749341,749342,749343,749344,749345,749346,749347,613626,749348,655332,749349,749350,749351,749352,749353,614781,749354,749355,749356,749357,749358,531069,749359,749360,749361,749362,560869,749363,610571,749364,749365,749366,749367,632838,749368,749369,749370,749371,749372,749373,749374,632847,749375,749376,749377,749378,749379,749380,749381,749382,749383,749384,659019,749385,749386,749387,749388,749389,749390,643434,749391,624657,749392,749393,749394,634315,749395,749396
106,10602,'3',749397,749398,749399,749400,749401,749402,749403,749404,749405,749406,749407,749408,749409,663648,749410,749411,540312,749412,749413,749414,749415,749416,749417,749418,613749,749419,653490,749420,749421,749422,627550,749423,749424,749425,749426,469662,749427,749428,749429,749430,749431,749432,749433,749434,749435,749436,749437,749438,749439,749440,749441,749442,749443,749444,749445,749446,414926,749447,749448,749449,551077,749450,749451,749452,749453,749454,749455,749456,749457,749458
106,10602,'5',749459,664903,749460,749461,749462,749463,749464,749465,749466,749467,749468,749469,749470,749471,749472,749473,571842,679854,749474,749475,749476,749477,749478,749479,627752,749480,749481,749482,635688,749483,749484,662554,749485,749486,749487,749488,749489,749490,659980,749491,749492,749493,749494,749495,749496,749497,749498,749499,749500,749501,749502,749503,749504,749505,749506,749507,614484,631197,749508,749509,749510,749511,749512,749513,749514,749515,689492,749516,749517,749518,749519,749520,749521,749522,749523,749524,749525
107,10703,'1',749526,749527,749528,749529,749530,749531,521778,687565,749532,749533,749534,749535,749536,749537,749538,638391,749539,749540,749541,749542,749543,749544,749545,749546,749547,749548,749549,749550,749551,659380,749552,749553,749554,749555,667316,749556,749557,749558,749559,749560,749561,749562
107,10703,'2',749563,662382,749564,518415,749565,749566,664039,749567,749568,749569,749570,611266,749571,749572,749573,749574,749575,674542,749576,749577,749578,605353,749579,749580,749581,668742,749582,749583,659006,617951,749584,749585,749586,749587,749588,749589,680266,749590,749591,749592
107,10703,'3',749593,677783,749594,605964,679379,749595,673256,749596,571707,749597,749598,749599,749600,749601,749602,749603,749604,623044,749605,680138,603585,749606,749607,749608,749609,749610,749611,749612,749613,749614,749615,749616,749617,749618,749619,749620,749621
107,10703,'5',749622,749623,749624,749625,749626,749627,749628,749629,749630,749631,543965,749632,674480,749633,749634,749635,749636,749637,749638,749639,749640,749641,749642,749643,749644,749645,749646,749647,749648,618190,749649,526800,637074,749650,749651,749652,749653,749654,749655,749656
107,10704,'1',673330,749657,749658,749659,615209,749660,749661,749662,749663,749664,749665,749666,749667,749668,574238,641011,749669,477661,624964,671144,749670,749671,749672,540166,617832,749673,749674,749675,749676,749677,749678,749679,749680,749681,685625,749682,749683,617399,749684,749685,749686
107,10704,'2',683944,749687,749688,749689,749690,749691,749692,613629,686552,749693,642178,749694,749695,749696,749697,749698,749699,749700,749701,674399,749702,749703,749704,686387,749705,749706,749707,672613,643824,608141,749708,749709,688592,606487,749710,749711,749712,749713,749714,749715
107,10704,'3',749716,749717,607887,749718,749719,583016,749720,749721,749722,749723,749724,749725,749726,749727,749728,526707,749729,587726,749730,749731,749732,749733,749734,749735,605396,749736,749737,749738,749739,749740,749741,749742,749743,588685,641997,749744,666798
107,10704,'5',749745,749746,681032,749747,749748,525895,680500,672715,606573,641360,659942,749749,749750,749751,749752,749753,645761,749754,749755,749756,659989,749757,749758,749759,749760,749761,749762,749763,749764,749765,749766,749767,749768,749769,749770,749771,749772,749773,749774,749775
108,10801,'1',749776,631836,749777,749778,749779,680367,749780,749781,749782,749783,749784,749785,749786,749787,749788,749789,749790,749791,749792,749793,749794,616795,749795,749796,749797,749798,749799,749800,749801,749802,564091,749803,749804,749805,749806,749807,749808,749809,749810,655232,749811,749812,749813,749814,749815,749816,659370,609725,620501,749817,749818,749819,668074,749820,749821,749822,749823,749824,749825,749826,623938,749827,749828,749829,749830,688486,749831,623481,749832,749833,749834,749835,647987,749836,749837,749838,749839,630593,749840,749841,749842,749843,749844,534571,749845,749846,749847,749848,749849,544663,749850,749851,749852,749853,682539,749854,749855,645981,749856,749857,632783,585071,749858,606433,749859,749860,749861,657212
108,10801,'2',749862,669611,749863,682982,749864,655310,749865,749866,749867,749868,550513,749869,607347,749870,749871,749872,749873,749874,749875,749876,749877,749878,749879,749880,638176,749881,749882,749883,749884,749885,749886,749887,749888,749889,749890,678386,749891,636458,749892,749893,749894,749895,644280,749896,749897,749898,749899,749900,749901,749902,749903,749904,646589,749905,749906,749907,749908,749909,749910,749911,749912,749913,749914,749915,749916,556780,749917,749918,749919,749920,651355,749921,650042,749922,749923,657270,749924,749925,749926,749927,625117,749928,632882,749929,634467,749930,749931,749932,639685,643087,749933,749934,749935,749936,749937,749938,749939,749940
108,10801,'3',749941,749942,668400,749943,749944,749945,749946,749947,749948,749949,749950,749951,749952,749953,749954,749955,749956,616380,749957,749958,749959,749960,749961,749962,749963,749964,749965,749966,637725,749967,749968,749969,749970,749971,624185,749972,749973,749974,749975,749976,749977,749978,749979,475883,749980,749981,749982,749983,749984,674568,676105,749985,749986,673431,749987,749988,749989,749990,749991,749992,749993,749994,749995,749996,749997,749998,672379,749999,750000,750001,750002,750003,750004,616977,750005,750006,750007,750008,750009,675977,750010,750011,750012,750013,750014
108,10801,'5',750015,750016,517952,750017,750018,750019,750020,750021,750022,647133,750023,750024,750025,750026,750027,750028,673787,750029,650207,750030,750031,750032,750033,750034,675649,750035,750036,750037,621270,750038,750039,750040,672934,750041,750042,750043,750044,750045,750046,750047,750048,750049,653624,750050,633995,750051,750052,750053,750054,750055,750056,750057,750058,750059,750060,750061,750062,750063,750064,750065,750066,750067,750068,750069,750070,750071,645483,610028,750072,688778,750073,750074,750075,750076,750077,750078,750079,750080,750081,750082,750083,750084,750085,750086,750087,750088,750089,750090,750091,750092,750093,750094
108,10802,'1',750095,556711,587594,750096,750097,750098,683768,750099,530371,750100,658434,665762,750101,750102,750103,750104,750105,750106,750107,750108,517641,690483,750109,750110,750111,750112,750113,750114,750115,609883,750116,621354,750117,750118,634245,750119,426618,750120,632317,750121,750122,750123,750124,750125,750126,750127,750128,687855,625803,494084,750129,750130,750131,750132,750133,750134,690572,750135,750136,750137,750138,750139,750140,750141,750142,583273,750143,750144,635755,627089,750145,750146,750147,555095,750148,750149,750150,750151,750152,750153,750154,750155,750156,750157,750158,750159,750160,612895,611218,750161,647028,750162,750163,750164,750165,750166,625025,578595,750167,750168,687909,750169,750170,750171,750172,750173,614743
108,10802,'2',750174,750175,750176,750177,750178,750179,750180,750181,750182,684642,750183,750184,750185,750186,750187,591369,584390,750188,750189,653824,750190,750191,662397,750192,750193,750194,750195,750196,750197,750198,750199,750200,750201,750202,750203,655352,750204,750205,623254,623540,750206,750207,750208,750209,750210,750211,630771,750212,750213,750214,750215,750216,684039,675928,750217,750218,750219,750220,750221,640671,750222,750223,750224,750225,750226,750227,750228,750229,678715,750230,750231,750232,750233,750234,750235,750236,750237,750238,750239,750240,750241,644639,750242,750243,750244,750245,610225,750246,750247,750248,750249,750250,750251,750252,750253,750254,750255
108,10802,'3',750256,750257,620303,750258,750259,750260,750261,750262,750263,750264,750265,645135,750266,628897,750267,750268,750269,750270,750271,750272,750273,750274,750275,750276,666026,750277,667237,750278,750279,750280,641553,750281,750282,750283,750284,750285,750286,750287,750288,644697,750289,750290,750291,750292,750293,750294,750295,750296,750297,750298,750299,599211,750300,750301,625611,750302,750303,617480,750304,635653,750305,750306,633371,750307,750308,583062,750309,750310,750311,750312,625201,750313,750314,750315,636841,683211,750316,750317,750318,750319,750320,401227,750321
108,10802,'5',750322,676531,750323,574018,750324,750325,750326,657796,750327,750328,750329,750330,649202,750331,750332,750333,680727,750334,750335,618124,608435,750336,750337,679428,642399,750338,750339,750340,750341,750342,750343,750344,750345,750346,750347,750348,594709,750349,750350,750351,750352,750353,619327,750354,636977,750355,633016,750356,750357,750358,750359,750360,750361,750362,750363,651826,750364,750365,750366,750367,529228,750368,750369,667602,750370,750371,750372,750373,750374,750375,625734,541585,750376,750377,750378,750379,627853,690157,608273,750380,750381,750382,750383,750384,592964,750385,629562,750386,750387,538077,750388
109,10903,'1',663033,675199,750389,575135,750390,750391,750392,750393,750394,750395,750396,750397,750398,750399,517826,750400,668225,750401,750402,750403,607767,750404,612822,750405,750406,750407,750408,750409,750410,750411,621381,611199,520964,750412,750413,750414,750415,750416,750417,690318,750418,750419,689535,750420,750421,750422,750423,750424,750425,576395,750426,750427,750428,750429,750430,563835,537367,609921
109,10903,'2',750431,750432,750433,682789,750434,668699,750435,655318,750436,750437,750438,750439,605522,393687,615336,750440,750441,750442,750443,750444,750445,750446,750447,750448,750449,676068,750450,750451,750452,750453,750454,750455,750456,750457,750458,750459,654387,750460,750461,628364,750462,750463,750464,750465,750466,750467,750468,750469,750470,750471,750472,750473,750474,750475
109,10903,'3',750476,750477,750478,750479,750480,750481,750482,750483,750484,543405,750485,750486,750487,750488,750489,750490,750491,750492,590711,750493,750494,750495,750496,750497,750498,750499,750500,750501,613322,750502,750503,750504,750505,750506,750507,750508,750509,750510,750511,750512,750513,750514,470777,750515,674576,750516
109,10903,'5',750517,750518,750519,750520,750521,750522,750523,750524,750525,750526,750527,750528,750529,750530,750531,750532,628687,750533,750534,620034,750535,656146,659987,750536,586054,750537,750538,750539,750540,750541,750542,547752,750543,750544,750545,750546,750547,610038,645334,750548,750549,750550,620457,750551,640233,750552,750553,631827,750554,750555
109,10904,'1',750556,750557,657431,750558,750559,750560,750561,750562,533938,641417,750563,750564,750565,750566,750567,750568,750569,750570,687843,750571,750572,750573,616524,750574,684595,750575,750576,631308,750577,750578,644471,750579,750580,517657,750581,750582,750583,750584,750585,750586,682829,750587,620181,750588,750589,750590,750591,750592,684553,750593,750594,750595,750596,645382,670830,750597,750598
109,10904,'2',750599,750600,750601,750602,750603,750604,750605,750606,750607,750608,519869,679505,750609,750610,750611,681066,750612,750613,750614,750615,750616,750617,750618,616887,665928,750619,750620,679793,750621,750622,614826,750623,750624,665059,750625,750626,750627,750628,750629,606476,750630,750631,750632,750633,750634,750635,750636,606495,750637,750638,750639,750640,750641
109,10904,'3',750642,750643,750644,750645,750646,750647,750648,750649,588091,750650,750651,750652,750653,750654,750655,750656,750657,750658,750659,534250,750660,750661,750662,750663,750664,658705,750665,750666,750667,750668,750669,750670,750671,750672,545821,750673,750674,750675,750676,636825,605408,750677,750678,664717,750679,750680
109,10904,'5',750681,750682,750683,585447,750684,750685,659919,750686,750687,750688,584048,750689,750690,750691,750692,750693,750694,750695,671063,750696,634205,750697,750698,687780,750699,750700,750701,750702,750703,750704,750705,750706,750707,750708,750709,750710,750711,671098,750712,638925,750713,750714,750715,750716,750717,750718,750719,750720,750721
110,11003,'1',750722,750723,750724,750725,750726,750727,667751,750728,750729,750730,750731,750732,750733,750734,561213,566491,645791,750735,750736,750737,750738,667626,750739,750740,750741,750742,750743,690485,654865,750744,750745,750746,625362,750747,750748,750749,546858,750750,750751,750752,750753,750754,750755,750756,516402,750757,668066,750758,750759,750760,671141,625381,750761,661849,750762,750763,659549,750764,676207,750765,750766,750767,750768,750769,655251,750770,750771,592680,750772,750773,750774,750775,750776,644482,750777,750778,672812,750779,750780,750781,750782,646544,546937,750783,750784,622611,750785,750786,641897,750787,672997,598401,750788,750789,750790,750791,750792,750793,750794,750795,750796,750797,750798,750799,750800,750801,750802,750803,670418,750804,441441,750805,750806,750807,750808,636342,750809,750810,750811,612912,750812,750813,608091,750814,750815,750816,750817,667043,750818,750819
110,11003,'2',666358,750820,750821,750822,647534,750823,750824,750825,750826,750827,633543,750828,750829,750830,681235,586124,750831,750832,750833,750834,750835,750836,603508,750837,750838,549289,750839,750840,563863,459665,750841,656353,750842,750843,750844,750845,750846,750847,619016,672036,667664,750848,750849,750850,750851,750852,750853,750854,750855,683028,750856,750857,750858,750859,750860,750861,750862,750863,750864,750865,750866,750867,750868,750869,750870,750871,750872,750873,634725,750874,750875,750876,750877,750878,682498,750879,750880,750881,750882,750883,750884,623772,750885,750886,750887
110,11003,'3',750888,750889,526676,750890,653942,750891,750892,750893,750894,750895,750896,650089,750897,615458,750898,750899,750900,750901,750902,750903,750904,750905,750906,547358,636689,750907,750908,750909,750910,750911,675403,750912,750913,750914,750915,750916,650520,750917,494166,750918,669246,750919,750920,750921,750922,750923,659095,750924,750925,750926,750927,750928,635212,750929,750930,750931,750932,531579,750933,750934,750935,750936,750937,750938,750939,750940,750941,632155,750942,750943,647127,750944,750945,750946,750947,750948
110,11003,'5',750949,750950,750951,750952,750953,750954,750955,750956,750957,750958,639170,682014,750959,750960,750961,659933,660466,750962,750963,750964,750965,750966,750967,677465,750968,651434,750969,750970,750971,574933,750972,652222,750973,750974,750975,668929,750976,750977,750978,750979,750980,750981,750982,750983,670013,750984,750985,750986,750987,670699,750988,750989,750990,750991,750992,750993,631162,750994,750995,750996,750997,625295,750998,750999,751000,751001,751002,751003,751004,751005,751006,669751,751007,751008,751009,751010,751011,751012,657143,641402,657832,605770,673153,751013,751014
110,11004,'1',751015,615185,751016,751017,686671,751018,677503,751019,751020,638955,751021,635927,673162,667755,751022,751023,751024,751025,690173,751026,751027,751028,751029,751030,751031,646143,751032,751033,751034,751035,654863,751036,751037,751038,751039,751040,751041,751042,751043,674177,625794,751044,751045,751046,751047,751048,751049,637220,644921,751050,751051,662328,528652,751052,751053,751054,592978,751055,751056,751057,751058,751059,751060,751061,540514,751062,751063,751064,633142,751065,751066,751067,751068,751069,527001,663525,751070,751071,751072,495520,751073,751074,751075,751076,668260,751077,638993,751078,751079,751080,751081,751082,635956,662652,751083,751084,751085,751086,751087,751088,751089,751090,751091,751092,751093,751094,751095,751096,751097,751098,751099,751100,751101,751102,751103,751104,751105,751106,751107,751108,751109,751110,751111,751112,751113,751114,751115,751116,751117,751118
110,11004,'2',562204,751119,751120,751121,751122,751123,751124,532949,751125,751126,751127,751128,614387,751129,751130,751131,751132,751133,751134,751135,751136,751137,751138,588633,751139,751140,751141,751142,751143,681740,751144,751145,751146,751147,608912,672852,649018,751148,623263,751149,751150,751151,432697,751152,751153,751154,751155,662431,751156,751157,751158,751159,665953,751160,605183,687686,751161,751162,653897,751163,751164,751165,751166,751167,751168,534164,654989,751169,751170,751171,536824,751172,751173,751174,751175,751176,751177,751178,462329,751179,629021,751180,751181,751182
110,11004,'3',751183,751184,751185,751186,620951,643845,751187,751188,751189,751190,751191,751192,751193,751194,751195,653459,751196,751197,519983,751198,751199,751200,751201,662978,751202,681492,751203,751204,617656,751205,751206,751207,751208,751209,661315,751210,628907,751211,751212,751213,751214,751215,665593,530581,751216,751217,751218,751219,751220,751221,667102,751222,684744,751223,751224,751225,751226,751227,751228,751229,751230,751231,751232,751233,751234,751235,751236,751237,751238,751239,751240,751241,751242,612175,751243,751244
110,11004,'5',654071,751245,751246,751247,751248,751249,751250,751251,532088,656579,751252,666565,751253,751254,751255,556826,751256,751257,751258,751259,751260,751261,751262,751263,658166,751264,620747,751265,751266,751267,614271,751268,751269,751270,643738,751271,751272,751273,751274,751275,625276,751276,751277,751278,751279,675192,751280,751281,751282,751283,751284,532830,751285,576099,751286,517793,660009,556020,751287,676006,751288,751289,751290,751291,545541,688431,539023,751292,633490,751293,615692,751294,751295,751296,622260,751297,751298,751299,618225,751300,751301,607727,751302,751303
111,11103,'1',751304,751305,751306,688808,751307,751308,751309,751310,751311,751312,662169,544622,751313,751314,751315,751316,751317,751318,751319,751320,621837,751321,751322,751323,751324,751325,751326,751327,637194,751328,675502,751329,751330,751331,751332,751333,751334,751335,751336,751337,751338,751339,635364,751340,472978,751341,751342,751343,631332,751344,751345,751346,751347,751348,751349,751350,751351,655272,751352,751353,751354,751355,751356,751357,624504,751358,751359,751360,751361,543260,662667,751362,751363,661452,751364,751365,751366,610521,751367,751368,751369,751370,751371,478810,751372
111,11103,'2',751373,751374,751375,751376,751377,751378,652359,751379,751380,628190,751381,751382,751383,751384,751385,751386,751387,751388,751389,751390,751391,751392,751393,751394,751395,751396,671717,751397,614820,751398,621514,671183,751399,656854,751400,751401,751402,667809,751403,751404,751405,751406,751407,751408,652028,751409,751410,751411,667812,751412,751413,751414,751415,608385,671918,644643,685665,751416,655011,751417,625960,751418,636632,548336,580784
111,11103,'3',751419,751420,751421,751422,751423,684141,751424,751425,751426,751427,751428,751429,751430,751431,751432,751433,751434,751435,751436,751437,751438,751439,751440,751441,751442,751443,689386,751444,751445,751446,751447,751448,751449,643859,751450,751451,751452,751453,751454,751455,751456,751457,751458,751459,751460,751461,605995,647320,751462,751463,751464,751465,751466,751467,751468,751469,751470,677668,645214,677008,751471,751472,751473
111,11103,'5',601682,751474,751475,641589,751476,680620,751477,751478,751479,751480,751481,751482,751483,580535,751484,751485,751486,751487,751488,751489,751490,751491,751492,751493,751494,751495,751496,751497,751498,751499,615104,751500,586755,751501,751502,751503,751504,751505,751506,751507,751508,751509,751510,751511,751512,751513,751514,751515,751516,751517,751518,751519,751520,653188,751521,751522,561679,751523,751524,751525,751526,751527,751528,751529,751530,751531,751532,751533
111,11104,'1',751534,751535,751536,649807,556064,751537,751538,543610,751539,605812,751540,618256,599459,751541,626967,751542,751543,751544,751545,751546,751547,751548,751549,751550,751551,751552,751553,751554,609724,586267,751555,751556,634041,572020,689712,751557,658882,681584,751558,751559,751560,751561,690509,636243,751562,751563,751564,751565,751566,751567,751568,592052,751569,751570,751571,751572,751573,751574,618873,751575,751576,751577,751578,751579,751580,751581,751582,751583,751584,751585,605498,524920,751586,751587,751588,751589,751590,751591,751592,619615,682907
111,11104,'2',647238,751593,558323,751594,751595,751596,751597,633687,751598,751599,751600,751601,751602,751603,751604,751605,607073,751606,751607,751608,751609,751610,668335,751611,751612,751613,552205,627313,751614,751615,653862,681682,751616,751617,751618,751619,751620,751621,751622,751623,686890,751624,751625,687954,751626,751627,751628,751629,685661,751630,751631,751632,751633,751634,751635,636625,751636,751637,751638,751639,751640,751641,751642
111,11104,'3',751643,751644,751645,751646,751647,688267,751648,751649,751650,751651,751652,679229,751653,751654,679562,751655,751656,751657,751658,751659,751660,751661,751662,660343,751663,408318,751664,751665,751666,751667,751668,751669,576665,751670,751671,751672,751673,751674,751675,751676,751677,751678,751679,751680,751681,640181,751682,751683,672912,751684,751685,751686,751687,751688,751689,751690,751691,751692,751693,547510
111,11104,'5',682101,751694,751695,751696,652190,751697,514244,751698,751699,751700,751701,751702,689448,751703,751704,751705,751706,751707,751708,751709,751710,637959,751711,751712,661187,751713,664573,751714,751715,751716,751717,619369,642023,751718,751719,751720,751721,751722,643748,751723,751724,586235,751725,751726,751727,553024,751728,751729,751730,751731,751732,751733,751734,660575,751735,751736,629087,673989,751737,751738,751739,751740,751741,687110,623857
112,11203,'1',751742,670738,651466,587590,751743,751744,751745,751746,751747,751748,751749,751750,751751,660061,751752,751753,751754,751755,751756,751757,751758,751759,751760,623895,751761,751762,751763,751764,751765,751766,652892,604754,751767,751768,751769,751770,751771,751772,751773,751774,751775,751776,751777,751778,751779,751780,751781,751782,751783,613977,751784,751785,751786,751787,751788,617819,751789,751790,751791,751792,571262,751793,751794,751795,751796,751797,751798,751799,622907,609387,751800,751801,751802,608519,751803,751804,751805,751806,656292,751807,481969,603990,690467,751808,751809,751810,751811,665536,751812,751813,751814
112,11203,'2',751815,751816,751817,751818,751819,751820,630704,673032,751821,751822,751823,751824,751825,751826,751827,751828,751829,751830,751831,568076,751832,618433,751833,751834,751835,751836,751837,751838,751839,751840,751841,751842,751843,614840,679207,607849,751844,495986,751845,629449,751846,629454,644620,659008,751847,751848,655921,683546,751849,751850,655412,751851,751852,751853,751854,673897,751855,751856,751857,751858,666444,751859,751860,751861,666759,751862,751863,511476
112,11203,'3',663097,751864,751865,751866,639107,751867,751868,609110,751869,616378,751870,638530,751871,751872,751873,751874,574848,751875,751876,751877,751878,674443,751879,751880,751881,751882,751883,751884,684731,751885,613085,751886,751887,751888,751889,751890,751891,751892,751893,751894,751895,751896,751897,751898,751899,671227,751900,751901,465696,751902,751903,672923,751904,687451
112,11203,'5',751905,751906,751907,751908,751909,751910,577797,751911,751912,751913,751914,751915,751916,751917,681560,751918,751919,682767,671818,751920,751921,621023,514442,648337,751922,751923,751924,751925,751926,666608,751927,751928,751929,751930,751931,751932,751933,751934,542190,751935,751936,652248,751937,751938,751939,751940,751941,751942,751943,637081,751944,751945,618743,629355,662893,585887,751946,751947,751948
112,11204,'1',671629,751949,751950,504968,751951,751952,751953,654840,751954,751955,550950,751956,751957,751958,751959,613941,751960,751961,667302,751962,751963,751964,751965,751966,751967,751968,631284,751969,751970,751971,751972,606107,751973,751974,751975,668233,631305,751976,751977,751978,751979,751980,751981,751982,751983,751984,751985,751986,570322,751987,751988,751989,537280,751990,628044,751991,751992,751993,751994,638417,751995,465311,751996,751997,751998,751999,752000,752001,752002,752003,752004,752005,752006,752007,589482,752008,623220,752009,752010,575360,752011,752012,752013,510410,648532,752014,752015,752016,666887,752017,652349,752018,752019,752020,374545,752021,622630
112,11204,'2',752022,669374,752023,752024,752025,752026,683482,752027,752028,752029,752030,752031,752032,752033,752034,752035,634669,752036,752037,752038,752039,752040,665672,752041,752042,752043,624580,752044,752045,752046,682043,752047,752048,752049,752050,752051,752052,752053,752054,752055,637528,752056,752057,682295,752058,752059,752060,752061,752062,752063,752064,752065,582707,752066,752067,752068,752069,752070,676078,640150,752071,752072,752073,659757,752074,752075,620300
112,11204,'3',566262,752076,752077,752078,752079,752080,752081,752082,563542,554160,752083,752084,752085,752086,752087,752088,752089,560979,752090,752091,752092,752093,752094,684176,752095,752096,752097,752098,752099,670983,752100,752101,752102,752103,394218,752104,752105,544547,618067,673618,689416,614200,752106,752107,752108,752109,752110,752111,752112,550644,752113,752114,752115,752116,752117
112,11204,'5',752118,684297,752119,752120,752121,752122,752123,752124,673457,554249,752125,752126,752127,752128,752129,752130,752131,752132,752133,752134,550366,752135,752136,752137,752138,752139,752140,752141,752142,752143,638325,752144,752145,752146,752147,752148,657397,752149,752150,656170,752151,752152,752153,752154,678135,752155,752156,752157,611854,752158,752159,752160,752161,752162,752163,752164,752165,633066
113,11301,'1',752166,646128,752167,624914,685099,752168,752169,623454,752170,633515,622574,752171,752172,752173,752174,752175,637181,752176,752177,752178,752179,689206,752180,752181,538180,752182,752183,752184,752185,752186,752187,416602,660610,752188,752189,630142,752190,752191,752192,672166,752193,752194,752195,752196,752197,752198,752199,752200,752201,669019,752202,670202,577727,752203,752204,752205,665863,670835,752206,752207,682732,752208
113,11301,'2',544669,752209,752210,752211,752212,752213,752214,752215,752216,752217,752218,752219,752220,752221,752222,752223,639048,752224,752225,573280,391579,752226,665546,752227,752228,752229,752230,752231,752232,752233,752234,752235,752236,752237,643397,664065,752238,752239,752240,752241,618468,659709,752242,641949,672863,752243,752244,752245,752246,752247,752248,752249,752250,752251,752252,752253,752254,635136,752255,752256,752257,752258,752259,752260
113,11301,'3',752261,752262,752263,546661,752264,752265,752266,752267,752268,752269,752270,752271,752272,752273,752274,752275,752276,752277,684994,752278,752279,665590,752280,752281,752282,752283,519545,752284,752285,752286,752287,752288,752289,752290,661537,669991,752291,752292,662813,659887,752293,752294,644753,752295,677671,752296
113,11301,'5',752297,752298,673290,752299,752300,752301,752302,752303,752304,752305,752306,752307,752308,752309,752310,752311,752312,752313,752314,615100,752315,540070,752316,636983,752317,629538,752318,752319,752320,752321,752322,752323,752324,752325,752326,752327,752328,752329,752330,752331,752332,752333,752334,752335,638067,752336,670322,752337,752338,752339,599448
113,11302,'1',752340,752341,752342,655202,752343,752344,752345,752346,615200,672134,752347,752348,752349,752350,752351,752352,752353,752354,752355,752356,752357,752358,752359,752360,752361,752362,752363,752364,609727,684861,752365,752366,752367,654507,752368,673844,752369,752370,752371,752372,752373,752374,752375,752376,752377,752378,752379,752380,752381,752382,752383,752384,752385,752386,652911,543261,752387,752388,606432,637358,752389
113,11302,'2',752390,646566,752391,752392,752393,752394,752395,752396,752397,752398,752399,552444,752400,752401,658044,752402,752403,752404,752405,752406,752407,752408,752409,752410,752411,676803,752412,752413,752414,752415,752416,752417,752418,752419,752420,752421,653878,752422,752423,752424,752425,752426,752427,610602,752428,752429,752430,752431,752432,487524,752433,752434,752435,752436,643669,752437,752438,752439,752440,752441,752442,752443,752444,752445
113,11302,'3',624153,752446,752447,752448,752449,752450,752451,752452,752453,752454,752455,752456,752457,752458,752459,752460,752461,752462,752463,752464,752465,752466,752467,752468,752469,752470,752471,752472,638263,628535,752473,752474,752475,752476,752477,752478,752479,617165,605001,653544,752480,466924,752481,752482,752483
113,11302,'5',752484,752485,752486,752487,752488,752489,752490,752491,752492,752493,752494,752495,752496,752497,752498,752499,752500,752501,530647,645472,752502,752503,587781,571041,622525,752504,752505,752506,752507,752508,622810,752509,752510,752511,752512,752513,752514,752515,752516,752517,752518,650286,752519,752520,752521,752522,752523,752524,752525,541609
114,11401,'1',668581,752526,752527,752528,664407,752529,752530,752531,752532,752533,752534,752535,752536,752537,752538,752539,752540,752541,752542,752543,752544,752545,752546,752547,752548,752549,752550,752551,752552,752553,752554,752555,626987,752556,752557,752558,752559,752560,752561,752562,752563,553547,752564,752565,752566,752567,683403,752568,752569,752570,631291,752571,752572,752573,528659,659553,752574,752575,752576,752577,606118,752578,636250,752579,752580,669780,752581,529399,752582,752583,752584,752585,752586,686344,752587,623698,672546,617821,540963,649390,752588,752589,686761,752590,752591,752592,752593,752594,752595,752596,640091,627130,752597,752598,752599,613253,752600,752601,623993,752602,752603,752604,687230,752605,752606,752607,752608,752609,752610,752611,752612,573259,752613
114,11401,'2',752614,752615,752616,752617,752618,752619,752620,671471,752621,752622,752623,752624,752625,752626,752627,752628,752629,752630,752631,636419,752632,752633,752634,627255,752635,752636,752637,752638,657735,752639,752640,546038,752641,752642,752643,752644,752645,648087,752646,646582,490387,752647,752648,621499,752649,752650,752651,595739,646585,752652,752653,752654,752655,752656,617267,752657,665338,752658,752659,619042,752660,752661,475004,633259,752662,752663,752664,752665,752666,752667,752668,684073,674066,752669,752670,752671,752672,752673,752674,752675,752676,752677,752678,752679,752680,752681,671195,752682,752683,752684,752685,752686
114,11401,'3',752687,752688,752689,752690,752691,752692,752693,752694,752695,752696,752697,752698,752699,610654,752700,752701,752702,752703,752704,634483,752705,752706,752707,752708,752709,752710,752711,752712,752713,752714,752715,752716,752717,618029,752718,752719,650901,752720,752721,752722,598509,752723,752724,663657,752725,752726,752727,752728,752729,752730,752731,752732,752733,752734,752735,752736,624201,638845,752737,752738,612147,752739,752740,752741,613091,752742,752743,752744,752745,752746,752747,752748,752749,752750,752751,752752,752753,752754,752755,752756,752757,752758,752759,752760,752761,752762,752763,752764,752765,572849,752766
114,11401,'5',752767,752768,752769,752770,752771,752772,752773,752774,752775,752776,752777,752778,680725,752779,752780,752781,752782,752783,686209,752784,752785,752786,752787,752788,752789,752790,752791,752792,752793,752794,752795,752796,676567,752797,752798,752799,519644,752800,651221,752801,688756,684375,752802,752803,752804,752805,752806,752807,752808,752809,752810,752811,752812,612710,752813,545518,752814,752815,752816,672751,752817,752818,752819,752820,752821,752822,562468,669748,752823,752824,752825,752826,752827,752828,752829,752830,752831,603666,752832,752833,752834,642037,752835,752836,752837,752838,752839,561706,752840,752841,752842
114,11402,'1',666241,752843,752844,752845,752846,645932,752847,752848,752849,752850,752851,649815,651057,752852,606091,752853,752854,752855,622572,752856,752857,665516,752858,752859,752860,752861,635929,752862,752863,752864,752865,752866,611172,752867,752868,752869,752870,752871,752872,752873,752874,752875,430507,752876,752877,752878,752879,752880,613957,752881,752882,752883,752884,752885,752886,752887,752888,752889,623178,752890,752891,752892,752893,617223,622303,752894,752895,752896,752897,752898,752899,752900,752901,752902,752903,752904,585329,752905,752906,752907,752908,684548,639593,752909,622612,752910,752911,752912,646173,601500,654910,752913,752914,606420,752915,752916,611220,687635,752917,752918,627187,752919,476563,752920,752921,752922,752923,643350,660954,752924,752925,607198,752926
114,11402,'2',752927,752928,752929,752930,752931,630694,752932,752933,674387,752934,752935,752936,686550,752937,752938,752939,628178,752940,752941,564435,752942,752943,621959,752944,752945,644271,752946,752947,752948,752949,752950,752951,752952,752953,752954,752955,630207,752956,752957,752958,752959,752960,752961,752962,752963,752964,752965,752966,666906,752967,633242,752968,752969,676343,660249,752970,752971,752972,683535,752973,752974,752975,661490,752976,752977,752978,752979,752980,752981,752982,752983,542465,752984,752985,687962,752986,752987,752988,752989,621553,752990,752991,659033,752992,752993,598472,752994,752995,752996,752997,752998
114,11402,'3',752999,753000,657571,753001,753002,612556,753003,753004,753005,753006,753007,753008,753009,753010,753011,753012,689373,753013,627500,753014,753015,753016,753017,753018,753019,753020,753021,753022,753023,753024,753025,753026,753027,753028,675044,753029,753030,753031,753032,753033,753034,753035,753036,753037,753038,753039,753040,669449,753041,644333,669983,753042,639724,753043,753044,753045,753046,753047,753048,753049,753050,753051,753052,753053,753054,753055,753056,753057,753058,753059,753060,753061,753062,617485,753063,753064,642362,753065,753066,753067,753068,753069,753070,753071,753072,661166,753073,753074,632164,753075
114,11402,'5',753076,753077,753078,753079,753080,646470,753081,648306,753082,753083,753084,753085,753086,753087,525899,622779,635495,753088,753089,753090,753091,753092,753093,753094,753095,753096,753097,753098,753099,753100,753101,753102,753103,753104,753105,753106,753107,753108,753109,753110,753111,611106,753112,753113,753114,753115,610016,753116,648787,668531,753117,753118,753119,753120,753121,753122,753123,753124,545938,753125,753126,753127,753128,753129,753130,753131,753132,753133,753134,753135,753136,753137,753138,626552,618734,753139,567378,753140,753141,753142,646119,753143,617541,753144,753145,753146,753147,753148,753149,753150
115,11501,'1',753151,753152,753153,680204,753154,646141,753155,530382,753156,753157,753158,753159,753160,523075,690178,631283,640551,753161,753162,665647,753163,673513,753164,753165,753166,753167,753168,753169,472967,753170,753171,403942,753172,753173,753174,753175,753176,619575,652331,612426,753177,753178,607196,753179,753180
115,11501,'2',753181,662681,566170,753182,753183,753184,753185,753186,753187,753188,673208,753189,753190,753191,753192,753193,753194,753195,651134,753196,753197,753198,753199,753200,753201,753202,753203,753204,753205,753206,753207,753208,657276,753209,632479,625555
115,11501,'3',640404,753210,753211,753212,753213,753214,753215,753216,753217,753218,753219,753220,628902,753221,659817,622442,659074,753222,608411,389015,636764,753223,666955,753224,753225,753226,753227,508247,753228,753229,753230,753231,753232,633612,753233,656567
115,11501,'5',753234,753235,753236,753237,753238,578844,753239,753240,753241,753242,753243,667466,753244,753245,580382,753246,753247,753248,753249,753250,753251,753252,753253,753254,753255,627800,753256,525327,753257,608828,753258,753259,753260,753261,753262,753263,753264,753265,682067
115,11502,'1',753266,753267,753268,753269,753270,651473,753271,678642,753272,652883,753273,411989,753274,753275,604373,753276,753277,753278,585030,753279,612357,753280,493727,753281,753282,522914,753283,578545,593766,753284,678173,685140,625415,638134,753285,753286,753287,753288,753289,753290,404032,626261,753291,753292,595019
115,11502,'2',753293,753294,753295,753296,628164,569277,753297,753298,753299,640632,676286,753300,753301,753302,753303,753304,753305,753306,753307,753308,753309,753310,753311,753312,646021,753313,753314,753315,753316,644055,753317,753318,753319,753320,620297,572226
115,11502,'3',753321,753322,753323,753324,753325,753326,753327,666771,753328,753329,753330,753331,753332,753333,613066,753334,753335,753336,753337,607677,753338,688292,599005,753339,753340,661318,753341,594441,753342,753343,619900,651746,650179,753344,753345,576688
115,11502,'5',753346,664906,753347,753348,753349,753350,753351,519230,536639,753352,753353,669716,753354,753355,753356,753357,753358,753359,753360,753361,753362,753363,753364,638917,753365,753366,753367,611838,753368,753369,753370,753371,753372,753373,753374,753375,753376,753377,753378
116,11601,'1',753379,753380,753381,753382,662297,753383,604113,753384,753385,669140,753386,753387,753388,753389,672125,625339,753390,753391,753392,753393,753394,753395,753396,753397,753398,753399,753400,753401,658451,753402,753403,753404,753405,753406,753407,753408,649332,753409,753410,753411,753412,753413,753414,753415,624936,753416,753417,753418,753419,753420,753421,753422,753423,753424,753425,753426,753427,753428,753429,753430,753431,753432,753433,753434,598638,753435,753436,753437,753438,753439,753440,530065,753441,753442,753443,753444,753445,657469,753446,753447,753448,753449,753450,753451,753452,753453,610086,753454,554401,753455,753456,753457,753458,753459,688489,753460,753461,753462,753463,753464,753465,753466,681425,753467,753468,753469,621898,753470,753471,753472,753473,753474,513394,753475,686357,753476,430294,753477,753478,674969,753479,616565,753480,753481,613596,753482,618910,753483,753484,633861,753485,753486,753487,652634,753488,753489,753490,753491,753492,753493,753494,753495,607059,512463,753496,753497,753498,753499,753500,753501,753502,753503,655296,753504,753505,575675,753506,640321,753507,753508,753509,753510,656784,753511,753512,753513,753514,753515,604823,753516
116,11601,'2',753517,753518,753519,753520,753521,656315,753522,753523,630692,753524,753525,753526,753527,617876,753528,753529,667785,753530,753531,753532,753533,753534,753535,753536,753537,753538,753539,753540,753541,753542,753543,753544,753545,753546,636437,619650,753547,753548,753549,753550,753551,753552,753553,753554,753555,753556,753557,753558,753559,753560,753561,753562,753563,397853,753564,753565,662707,753566,688560,753567,753568,753569,660227,753570,753571,681451,753572,612502,753573,753574,753575,582695,753576,753577,753578,753579,623547,646230,622667,753580,753581,753582,665055,753583,753584,620915,753585,753586,753587,684944,753588,543343,753589,753590,753591,753592,640131,636543,753593,753594,753595,753596,753597,753598,753599,753600,753601,753602,753603,753604,753605,753606,753607,753608,753609,753610,753611,679052,753612,753613,753614,753615,753616,753617,753618,753619,753620,753621,753622,753623,638506,753624,753625,753626,753627,753628,753629,753630,753631,753632,753633,753634,753635,675252,753636,753637,753638,527785,621194,753639,753640,753641,753642,753643
116,11601,'3',753644,753645,753646,753647,753648,753649,753650,753651,672882,753652,753653,614135,753654,605966,753655,753656,753657,753658,753659,753660,753661,753662,753663,753664,753665,753666,753667,753668,753669,753670,753671,753672,753673,753674,753675,753676,753677,753678,753679,682584,753680,638534,753681,605714,753682,625158,753683,753684,753685,616951,753686,753687,753688,753689,528986,753690,614172,753691,753692,753693,753694,753695,753696,666050,753697,753698,650524,753699,753700,753701,753702,753703,753704,753705,753706,753707,753708,753709,639130,753710,753711,753712,753713,641567,753714,753715,753716,753717,753718,571742,753719,753720,753721,661151,753722,753723,753724,676485,753725,753726,753727,753728,753729,753730,753731,469384,644734,753732,753733,753734,753735,753736,611058,753737,753738,753739,753740,753741,632144,753742,753743,753744,753745,753746,753747,753748,678764,753749,753750,753751,620372,753752,753753,753754,753755,664552,753756,654730,753757,753758,753759,753760,753761,753762
116,11601,'5',753763,753764,753765,753766,753767,753768,753769,753770,753771,627680,753772,640465,753773,753774,753775,753776,753777,753778,661034,684777,753779,753780,753781,672931,753782,685531,753783,753784,753785,753786,753787,753788,601705,753789,753790,753791,619319,753792,753793,753794,753795,753796,753797,753798,753799,753800,753801,753802,753803,753804,753805,753806,753807,753808,620031,753809,753810,753811,753812,753813,674688,753814,753815,753816,753817,753818,753819,753820,753821,574944,753822,753823,682418,753824,753825,753826,753827,753828,669729,635519,753829,753830,753831,753832,753833,665616,753834,753835,753836,753837,753838,753839,753840,753841,753842,753843,639811,643230,753844,588172,753845,753846,633476,753847,753848,753849,753850,753851,671974,753852,753853,753854,753855,753856,753857,753858,753859,609181,753860,753861,753862,753863,753864,753865,753866,753867,753868,673144,600647,753869,665497,753870,753871,753872,753873,753874,654197,753875,680192,753876,753877,753878,646831,650665,753879,753880,753881,753882,753883,753884,753885,647187,753886
116,11602,'1',753887,753888,753889,604728,753890,753891,753892,753893,753894,753895,753896,753897,753898,753899,753900,753901,753902,537117,753903,753904,646697,633810,753905,753906,753907,753908,753909,644893,753910,753911,753912,753913,611482,753914,753915,753916,630496,753917,753918,753919,753920,753921,753922,753923,623900,753924,753925,753926,753927,753928,753929,688469,611183,753930,753931,753932,628822,466499,753933,753934,753935,626197,753936,753937,753938,566106,753939,753940,753941,753942,753943,753944,602190,753945,753946,753947,753948,753949,535032,753950,683839,557808,753951,753952,753953,753954,663786,753955,658495,753956,753957,753958,753959,753960,753961,753962,621889,619544,668079,753963,753964,753965,753966,753967,753968,753969,610897,753970,753971,753972,655274,753973,645969,753974,670196,753975,753976,588615,753977,753978,689984,753979,753980,753981,753982,753983,753984,557207,753985,753986,753987,607488,753988,753989,753990,753991,753992,753993,573682,753994,753995,753996,539932,753997,753998,753999,615286,754000,620869,605658,754001,754002,754003,754004
116,11602,'2',754005,667382,754006,754007,636389,754008,754009,754010,754011,679038,754012,754013,754014,754015,655323,754016,688542,754017,619635,754018,754019,754020,754021,754022,754023,600816,754024,754025,754026,754027,754028,754029,754030,754031,643040,754032,754033,754034,754035,754036,754037,754038,754039,754040,754041,674991,754042,754043,754044,754045,625071,754046,754047,754048,679351,644582,630752,754049,754050,676822,754051,754052,655880,553194,754053,754054,754055,754056,754057,754058,754059,644594,754060,754061,649514,754062,754063,754064,754065,678709,754066,593198,754067,754068,754069,658613,754070,754071,754072,754073,754074,754075,634130,754076,754077,624086,754078,754079,754080,754081,754082,677879,754083,754084,754085,754086,754087,754088,662435,754089,754090,754091,754092,754093,754094,754095,754096,754097,634311,754098,754099,523998,537592,754100,754101,754102,754103,643431,685997,754104,754105,754106,754107,754108,754109,754110,754111,754112,754113
116,11602,'3',754114,632072,754115,611007,754116,616368,754117,754118,613043,754119,754120,754121,754122,754123,754124,650093,641089,754125,754126,754127,754128,754129,564972,754130,754131,754132,754133,532005,754134,754135,681484,754136,754137,663343,754138,754139,754140,754141,754142,754143,754144,754145,754146,754147,754148,754149,754150,754151,754152,754153,754154,615498,754155,754156,754157,553784,754158,628477,754159,659820,413412,754160,754161,754162,754163,517014,754164,754165,754166,754167,754168,670984,754169,754170,754171,754172,754173,754174,754175,754176,754177,754178,754179,661320,754180,754181,754182,754183,754184,754185,754186,587960,754187,754188,754189,754190,754191,754192,754193,754194,754195,754196,754197,665135,754198,754199,754200,754201,754202,754203,754204,671013,754205,754206,754207,754208,632150,754209,754210,754211,754212,754213,754214,754215,687452,520475,754216,754217,620995,754218
116,11602,'5',650187,754219,754220,613818,754221,754222,754223,754224,754225,754226,754227,754228,754229,754230,754231,754232,754233,754234,754235,754236,754237,754238,607428,754239,754240,754241,754242,754243,754244,754245,754246,754247,754248,754249,754250,754251,754252,754253,754254,754255,754256,685720,754257,754258,754259,754260,754261,625255,754262,754263,754264,754265,754266,754267,754268,669874,754269,754270,754271,754272,754273,628681,754274,754275,754276,754277,655618,754278,754279,754280,754281,754282,680009,754283,754284,754285,754286,754287,754288,754289,754290,679862,754291,754292,754293,754294,754295,754296,754297,754298,544012,754299,754300,754301,754302,754303,754304,754305,548763,754306,754307,754308,754309,683186,754310,754311,754312,754313,582343,754314,754315,615679,754316,754317,672951,754318,754319,641836,754320,754321,754322,754323,627856,754324,622837,754325,754326,525952,754327,637097,754328,665226,637105,754329,754330,754331,754332,754333,754334,754335
117,11703,'1',754336,754337,754338,754339,680039,754340,672777,657161,754341,617071,754342,754343,754344,754345,754346,754347,754348,754349,685591,754350,635556,754351,609046,754352,754353,754354,511171,754355,754356,754357,754358,754359,526267,754360,678844,681676,754361,754362,467023,754363,542813,754364,754365,754366,477962,754367,754368,754369,754370,754371,554055,754372,572932,754373
117,11703,'2',754374,754375,754376,655344,754377,754378,754379,754380,754381,754382,754383,649482,754384,754385,754386,754387,754388,754389,754390,629283,754391,754392,754393,754394,754395,754396,754397,754398,754399,631541,636005,754400,754401,754402,754403,754404,633290,754405,754406,754407,754408,754409,754410
117,11703,'3',754411,754412,754413,754414,754415,754416,754417,754418,653451,754419,754420,754421,754422,634329,754423,754424,754425,754426,754427,754428,672669,754429,679961,754430,754431,670995,754432,681760,643149,754433,754434,754435,754436,754437,754438,754439,754440,754441
117,11703,'5',754442,754443,754444,754445,754446,754447,679122,644794,754448,674884,754449,754450,687489,754451,754452,754453,754454,754455,754456,754457,754458,754459,678472,754460,754461,754462,628733,754463,754464,754465,754466,754467,754468,754469,754470,754471,542232,754472,643252,754473,620118
117,11704,'1',754474,754475,754476,754477,754478,754479,754480,754481,601454,670356,754482,754483,754484,754485,754486,754487,754488,754489,754490,754491,754492,662050,636201,609045,686737,754493,754494,679315,754495,754496,549840,664237,754497,754498,632343,754499,754500,754501,754502,754503,754504,754505,754506,607788,684555,685616,754507,754508,754509,660149,650753,754510,754511,754512,754513
117,11704,'2',754514,628852,754515,754516,754517,754518,754519,754520,754521,754522,754523,754524,754525,653834,754526,623251,754527,754528,754529,754530,754531,689779,625084,754532,754533,754534,754535,754536,754537,754538,754539,754540,754541,754542,670104,754543,754544,754545,754546,685455,754547,754548,754549
117,11704,'3',754550,754551,754552,679816,754553,754554,754555,674557,754556,754557,754558,608178,754559,471292,754560,754561,754562,566304,754563,633349,754564,597056,754565,679969,754566,754567,754568,667704,754569,623807,754570,754571,754572,754573,754574,754575,656073,754576
117,11704,'5',646941,754577,619274,754578,754579,754580,754581,754582,754583,754584,754585,754586,754587,754588,754589,754590,754591,754592,754593,754594,754595,754596,754597,754598,754599,623119,754600,670700,754601,754602,754603,571940,754604,754605,754606,754607,754608,754609,754610,668962,754611,754612
118,11801,'1',754613,626758,679299,754614,754615,754616,754617,754618,754619,754620,754621,669149,754622,754623,754624,754625,754626,754627,754628,538192,754629,754630,754631,754632,754633,688493,754634,754635,754636,657480,456022,754637,754638,754639,612877,754640,754641,754642,754643,754644,564798,754645,754646,754647,683939,754648,754649
118,11801,'2',609754,754650,754651,754652,754653,754654,754655,754656,754657,754658,754659,754660,754661,754662,754663,754664,754665,754666,754667,754668,754669,754670,754671,650429,687305,754672,754673,754674,754675,754676,754677,754678,754679,754680,754681,754682,754683,754684,754685,754686,429800,754687,754688
118,11801,'3',679549,680114,754689,682275,459316,754690,754691,754692,754693,754694,754695,754696,754697,754698,754699,754700,754701,668428,622446,754702,754703,754704,754705,632540,754706,754707,754708,662512,688682,632137,610712,754709,754710,754711,754712,754713,754714,633379,754715,754716,754717,754718,754719,754720,754721
118,11801,'5',754722,754723,754724,754725,754726,647791,653000,754727,754728,754729,754730,754731,754732,656604,754733,633625,754734,754735,754736,607974,754737,754738,754739,754740,754741,754742,754743,754744,754745,754746,754747,516527,754748,514620,754749,754750,754751,754752,754753,754754,754755,754756,754757,754758,754759
118,11802,'1',754760,754761,754762,754763,623863,663751,754764,754765,754766,754767,754768,754769,754770,687131,754771,754772,754773,754774,754775,754776,754777,754778,754779,754780,754781,754782,622880,754783,754784,754785,754786,660611,754787,643956,655767,754788,618869,754789,754790,754791,754792,754793,754794,754795,612900,754796,637350,606155
118,11802,'2',640108,670068,754797,754798,754799,670851,600794,754800,651583,613270,754801,754802,754803,754804,754805,754806,754807,754808,667797,754809,552460,669053,754810,754811,615903,754812,754813,754814,754815,609428,622018,754816,646891,754817,754818,754819,754820,754821,754822,754823,754824,754825,620939,754826
118,11802,'3',754827,754828,754829,754830,641541,754831,754832,754833,754834,754835,754836,754837,754838,754839,754840,754841,754842,754843,754844,684723,638539,754845,754846,754847,754848,754849,754850,754851,754852,653503,754853,754854,664539,638564,754855,754856,754857,754858,533066,754859,754860,754861,681768,754862,754863,754864
118,11802,'5',754865,754866,754867,754868,754869,754870,634852,754871,754872,754873,754874,754875,754876,754877,754878,754879,754880,754881,754882,754883,754884,548683,685541,754885,754886,754887,754888,754889,754890,754891,754892,754893,754894,590263,754895,754896,754897,754898,754899,754900,754901,754902,754903,523041,754904,754905
119,11901,'1',754906,643926,754907,754908,754909,754910,754911,754912,676188,754913,754914,754915,754916,754917,754918,754919,754920,754921,754922,607776,754923,754924,630598,754925,648508,754926,674377,625858,754927,754928,754929,754930,754931,754932,754933,626623,754934
119,11902,'1',672774,690205,754935,754936,754937,665761,754938,754939,754940,754941,644180,754942,754943,754944,754945,754946,754947,754948,527351,754949,754950,754951,754952,754953,754954,754955,754956,754957,754958,754959,754960,593777,627184,754961,754962
120,12001,'1',754963,754964,754965,614634,754966,754967,754968,642927,754969,754970,669312,754971,688834,553058,754972,754973,754974,754975,754976,754977,601473,754978,609893,754979,754980,754981,754982,754983,754984,754985,754986,754987,624989,754988,754989,444230,754990,611958,608522,754991,754992,754993,625454,754994
120,12001,'2',754995,641037,754996,754997,754998,754999,755000,755001,755002,755003,548976,755004,755005,755006,755007,755008,755009,545036,755010,755011,679515,645407,755012,755013,755014,528254,755015,755016,755017,755018,755019,676359,755020,755021,755022,755023,755024,755025,755026,755027,463765,755028,580781,755029,755030
120,12001,'3',653936,755031,633313,755032,755033,755034,755035,755036,755037,755038,755039,755040,755041,755042,755043,755044,755045,593695,755046,755047,755048,755049,755050,755051,755052,755053,755054,755055,676458,755056,755057,755058,755059,755060,755061,543447,755062,755063,755064,755065,755066,755067
120,12001,'5',678949,755068,755069,755070,755071,608989,755072,677460,681101,755073,755074,755075,755076,755077,755078,755079,755080,755081,755082,755083,755084,755085,755086,755087,755088,755089,755090,755091,581944,755092,755093,755094,665489,755095,755096,755097,755098,755099,755100,755101,755102,755103,755104,755105,755106
120,12002,'1',755107,755108,755109,755110,755111,755112,755113,621346,755114,755115,755116,755117,755118,755119,755120,755121,660763,755122,755123,755124,755125,755126,755127,755128,575152,755129,606131,755130,755131,678370,755132,755133,546964,755134,641463,755135,755136,662674,556188,625461,755137
120,12002,'2',755138,755139,755140,679337,755141,755142,755143,755144,755145,755146,669391,755147,755148,755149,560881,755150,755151,644293,755152,661115,755153,755154,755155,755156,755157,755158,670238,755159,755160,669415,755161,755162,755163,755164,755165,755166,645421,755167,755168,755169,755170,755171
120,12002,'3',755172,755173,755174,755175,755176,755177,755178,755179,755180,755181,755182,755183,755184,755185,755186,755187,755188,755189,755190,606773,755191,611742,755192,755193,755194,755195,671221,755196,755197,755198,619922,608975,755199,755200,755201,755202,631702,755203,755204,755205
120,12002,'5',755206,755207,755208,755209,755210,542095,755211,755212,755213,755214,755215,755216,755217,644122,755218,755219,755220,755221,755222,755223,662562,755224,755225,755226,755227,755228,755229,755230,755231,519255,755232,621768,755233,755234,755235,755236,755237,755238,658203,651866,631215,755239
121,12101,'1',551738,755240,755241,755242,755243,755244,625770,755245,755246,755247,755248,755249,755250,755251,755252,755253,538147,755254,641004,755255,755256,551176,755257,755258,755259,755260,755261,755262,755263,755264,755265,755266,642113,755267,755268,755269,755270,755271,642980,755272,602212,628833,755273,755274,755275,755276,755277,755278,616553,755279,652905,755280,755281,755282,755283,755284,755285,618933,755286,755287,755288
121,12101,'2',755289,755290,755291,755292,755293,755294,755295,755296,755297,755298,755299,617893,566995,755300,755301,626817,755302,755303,755304,755305,755306,755307,755308,686383,755309,568089,755310,755311,755312,755313,407259,755314,755315,755316,755317,755318,755319,755320,755321,755322,662432,755323,755324,755325,755326,755327,755328,755329,755330,755331,755332,755333,755334,755335,755336,755337,755338,755339,755340,755341,755342,755343,755344,755345,623307
121,12101,'3',755346,755347,755348,755349,625563,755350,755351,640156,755352,755353,755354,755355,755356,755357,755358,755359,755360,755361,646259,755362,755363,755364,755365,755366,755367,755368,661947,755369,755370,755371,755372,755373,755374,755375,755376,533057,755377,755378,755379,680874,755380,755381,755382,755383,755384,755385,755386,441404,637823,755387,755388,755389,755390,755391,755392,755393,755394,755395,755396
121,12101,'5',526133,755397,617687,755398,632986,755399,755400,660451,755401,755402,755403,755404,755405,755406,755407,755408,755409,755410,755411,646308,755412,755413,755414,755415,755416,755417,755418,755419,755420,755421,755422,755423,755424,755425,755426,642441,755427,755428,673313,755429,755430,755431,755432,755433,755434,755435,755436,755437,755438,755439,755440,755441,755442,755443,755444,640519,755445,755446,755447,755448,755449,755450,643595,755451,755452
121,12102,'1',755453,630448,755454,534986,755455,641649,755456,574378,755457,755458,755459,755460,755461,755462,755463,755464,755465,755466,755467,755468,755469,755470,755471,555614,443539,755472,755473,755474,755475,755476,654230,623947,755477,755478,629823,755479,755480,755481,755482,755483,755484,755485,755486,626250,755487,755488,755489,755490,607057,755491,755492,755493,755494,755495,755496,755497,755498,755499,755500,755501
121,12102,'2',755502,755503,755504,614762,755505,649451,663266,755506,755507,755508,755509,755510,642174,755511,755512,755513,755514,755515,755516,755517,755518,755519,653331,755520,755521,755522,755523,755524,755525,755526,755527,755528,755529,755530,633706,755531,755532,629010,628319,755533,755534,755535,755536,755537,755538,755539,755540,755541,755542,755543,755544,636580,755545,755546,755547,755548,755549,755550,755551,643841,755552,623565,755553,755554,755555
121,12102,'3',755556,653437,755557,755558,755559,755560,755561,755562,755563,755564,755565,755566,755567,640161,755568,680446,755569,755570,755571,755572,755573,755574,755575,685852,755576,755577,685242,755578,755579,506769,755580,755581,755582,755583,755584,755585,755586,755587,755588,755589,755590,755591,755592,755593,755594,755595,755596,755597,755598,562877,755599,755600,755601,755602,755603,755604,755605,755606
121,12102,'5',755607,755608,648304,755609,755610,755611,755612,755613,685522,548621,755614,755615,755616,755617,755618,755619,755620,755621,755622,552575,755623,755624,755625,597857,671082,621278,543085,755626,610386,755627,755628,755629,618700,755630,755631,755632,755633,596463,755634,755635,755636,755637,755638,755639,755640,755641,755642,755643,620081,755644,755645,755646,755647,755648,755649,755650,755651,755652,755653,755654,606855,661598,755655
122,12201,'1',642044,755656,755657,755658,755659,755660,755661,629232,755662,755663,755664,755665,755666,755667,632687,755668,755669,755670,689500,755671,755672,755673,755674,755675,755676,755677,676178,418661,598371,755678,755679,755680,755681,755682,755683,755684,755685,689583,755686,480013,755687,755688,672152,755689,617797,755690,755691,755692,755693,611921,755694,627063,755695,755696,755697,755698,755699,457985,755700,755701,755702,755703,755704,755705,621119,690524,755706,622622,620861,755707,755708,755709,755710,755711,670207,755712,755713,666888,755714,755715
122,12201,'2',755716,755717,755718,755719,755720,755721,755722,661463,755723,755724,755725,755726,755727,755728,755729,755730,755731,605906,687932,525455,755732,755733,755734,669642,653875,755735,755736,755737,755738,755739,755740,688593,755741,755742,667547,533007,609956,755743,755744,755745
122,12201,'3',633936,755746,755747,755748,623031,755749,755750,755751,755752,755753,620666,755754,755755,755756,755757,755758,755759,755760,755761,755762,755763,755764,589196,755765,638853,462857,755766,595919,755767,755768,755769,755770,755771,755772,629504,690109,755773
122,12201,'5',755774,755775,755776,755777,596003,755778,755779,755780,755781,689446,755782,755783,755784,755785,755786,755787,755788,755789,687792,755790,755791,572483,755792,755793,755794,539002,755795,755796,579115,624878,755797,755798,755799,533156,619410,755800,755801,755802,755803,687553
122,12202,'1',755804,755805,755806,755807,755808,755809,755810,755811,755812,755813,755814,755815,755816,626965,755817,535452,755818,755819,755820,755821,755822,755823,650326,755824,755825,755826,755827,755828,639552,755829,755830,755831,582841,673835,684855,755832,755833,551191,755834,755835,755836,755837,666697,755838,755839,755840,755841,657850,641012,755842,755843,755844,755845,755846,755847,755848,755849,755850,755851,755852,755853,755854,755855,755856,755857,755858,755859,755860,755861,755862,755863,755864,755865,755866,755867,667189,755868,755869,755870,755871
122,12202,'2',755872,639906,755873,755874,755875,755876,755877,755878,755879,755880,645550,755881,755882,755883,520692,755884,755885,755886,607079,755887,755888,391599,755889,755890,594187,755891,646890,755892,755893,755894,636576,755895,755896,755897,755898,755899,755900,755901,755902,755903
122,12202,'3',755904,755905,755906,755907,755908,755909,755910,755911,608584,755912,755913,666499,755914,755915,755916,755917,755918,755919,755920,755921,755922,755923,680858,616404,755924,755925,755926,679580,755927,755928,755929,755930,755931,646790,680311,665603,755932
122,12202,'5',755933,755934,755935,755936,755937,755938,755939,755940,755941,755942,755943,755944,755945,755946,755947,755948,624804,608995,755949,755950,755951,755952,657652,755953,755954,618175,755955,755956,755957,755958,755959,755960,640801,755961,755962,631812,755963,755964,755965,755966
123,12303,'1',755967,755968,755969,613925,755970,664945,755971,755972,638091,755973,755974,755975,755976,755977,755978,659494,755979,755980,755981,755982,755983,608288,755984,755985,755986,755987,755988,755989,755990,673995,755991,755992,755993,755994,755995,593338,755996,755997,755998,755999,756000,756001,756002,756003,756004,756005,625363,756006,756007,756008,756009,756010,756011,756012,671278,756013,756014,545190,756015,532572,756016,756017,756018,756019,756020,674947,644200,756021,605838,756022,676699,756023,756024,756025,684538,756026,756027,756028,571463,756029,756030,685133,648484,756031,756032,756033,756034,756035,756036,635004,626224,756037,661861,687611,756038,679491,756039,756040,756041,756042,756043,756044,756045,756046,756047,672183,756048,679891,756049,756050,756051,756052,402122,756053,756054,756055,689741,756056,756057,756058,756059,756060,756061,756062,674200,756063,756064,756065,677559,610119,618363,677859,756066,756067,439027,756068,756069,756070,616845,756071,635578,672208,756072,756073,756074,676264,756075,756076
123,12303,'2',756077,756078,645393,677251,756079,617401,606903,610532,667653,756080,756081,756082,756083,756084,756085,756086,756087,756088,756089,756090,756091,540553,756092,610540,756093,756094,756095,683972,622356,756096,756097,756098,756099,756100,756101,756102,618974,756103,756104,664826,756105,756106,756107,756108,756109,756110,756111,756112,756113,756114,756115,681449,756116,756117,756118,756119,756120,756121,756122,756123,756124,756125,756126,756127,661891,756128,670482,756129,756130,756131,615362,756132,756133,640128,756134,756135,756136,756137,756138,756139,605928,756140,756141,756142,756143,756144,756145,756146,756147,650037,630237,604888,756148,756149,756150,756151,575203,756152,756153,524482,626662,756154,756155,616634,667674,756156,756157,468981,756158,756159,756160,756161,756162,756163,756164,650473,633927,625958,756165,558593,756166,756167,684972,756168,756169,756170,756171,756172,756173,756174,756175,756176,756177
123,12303,'3',756178,756179,756180,756181,756182,756183,756184,756185,756186,756187,756188,631591,666470,756189,756190,756191,756192,756193,756194,756195,756196,756197,756198,756199,756200,756201,756202,756203,756204,756205,756206,756207,756208,756209,756210,634777,756211,633334,756212,673082,756213,756214,756215,632516,756216,756217,756218,756219,756220,756221,756222,666939,756223,529728,756224,756225,756226,756227,756228,756229,756230,756231,756232,756233,667571,756234,756235,756236,756237,756238,756239,756240,756241,756242,756243,756244,756245,756246,756247,611054,756248,434227,756249,756250,756251,756252,670128,756253,480514,756254,756255,756256,756257,756258,756259,756260,756261,756262,643714,528419,756263,686204,756264,756265,756266,756267,673452,756268,756269,756270
123,12303,'5',756271,756272,756273,640945,756274,756275,756276,756277,756278,598790,756279,667716,756280,756281,756282,756283,756284,756285,756286,614250,756287,756288,586035,756289,756290,756291,756292,756293,756294,756295,756296,639183,756297,756298,756299,756300,756301,680170,756302,756303,756304,678789,647819,626515,756305,756306,756307,756308,608250,756309,756310,756311,756312,756313,756314,756315,756316,655635,667733,756317,756318,756319,756320,756321,756322,756323,756324,756325,756326,756327,756328,756329,756330,756331,756332,756333,756334,756335,756336,756337,548796,756338,756339,756340,756341,756342,756343,756344,756345,604706,756346,756347,756348,756349,673147,756350,756351,526192,756352,756353,756354,756355,621787,756356,756357,756358,756359,756360,756361,652265,756362,756363,668571,686481,756364,648418,756365,756366,680754,756367
123,12304,'1',756368,756369,756370,621803,756371,756372,756373,571388,756374,608286,756375,756376,756377,630455,756378,756379,649808,756380,756381,639244,756382,550119,756383,756384,756385,756386,756387,756388,756389,756390,756391,756392,756393,756394,654858,756395,756396,661617,756397,756398,756399,584643,756400,756401,756402,756403,756404,756405,756406,756407,756408,550761,756409,756410,756411,627972,374723,608046,756412,671281,756413,670374,756414,756415,756416,756417,756418,756419,756420,756421,756422,756423,756424,756425,756426,756427,756428,679016,756429,756430,756431,640278,756432,641881,756433,651926,681675,613241,756434,756435,756436,647214,756437,756438,756439,756440,756441,756442,756443,756444,756445,756446,756447,756448,756449,756450,756451,756452,689974,756453,756454,756455,756456,756457,756458,655790,756459,756460,756461,756462,756463,756464,756465,756466,491203,564144,756467,756468,756469,756470,610116,621429,756471,756472,756473,756474,756475,756476,632376,756477,756478,625871,638445,756479,650764,756480,756481,756482,756483,756484
123,12304,'2',756485,756486,756487,756488,756489,756490,668305,660176,756491,756492,756493,756494,756495,756496,678528,556762,756497,756498,604455,609408,756499,673204,756500,756501,756502,756503,756504,756505,756506,756507,756508,756509,613417,756510,756511,519400,756512,756513,756514,756515,756516,756517,756518,756519,756520,756521,756522,756523,756524,756525,756526,756527,756528,756529,756530,756531,630203,756532,756533,756534,607835,632000,656831,756535,756536,756537,756538,756539,756540,756541,756542,683090,756543,756544,756545,648111,756546,756547,756548,475770,756549,756550,601565,647615,756551,756552,756553,756554,756555,756556,756557,756558,756559,756560,439607,756561,756562,756563,756564,756565,640136,756566,756567,756568,756569,625536,756570,756571,756572,635419,687335,610612,756573,756574,756575,756576,756577,756578,756579,756580,756581,756582,756583,756584,756585,756586,756587,756588,756589,756590,633299,756591,756592,756593
123,12304,'3',756594,756595,756596,756597,756598,756599,612560,756600,756601,756602,756603,756604,756605,627487,756606,756607,573539,756608,756609,651173,756610,756611,756612,756613,756614,756615,756616,756617,756618,519989,756619,756620,673914,756621,614164,756622,756623,756624,756625,756626,756627,756628,650515,756629,756630,756631,756632,756633,542526,756634,756635,756636,756637,756638,756639,756640,756641,756642,756643,756644,756645,756646,636778,756647,756648,756649,756650,756651,756652,756653,756654,756655,668857,756656,594443,676982,756657,600520,756658,756659,756660,756661,756662,756663,756664,527882,756665,756666,756667,756668,756669,607939,756670,756671,756672,618091,756673,756674,756675,756676,756677,756678,756679,756680,756681,756682,756683,756684,756685,688714
123,12304,'5',756686,640460,756687,689430,756688,756689,681098,606566,756690,756691,756692,625665,756693,756694,756695,641128,621012,756696,756697,756698,756699,756700,756701,756702,756703,756704,613350,756705,756706,628658,756707,756708,756709,756710,756711,756712,756713,756714,756715,756716,756717,664166,606820,756718,756719,683680,672726,756720,756721,637962,607581,756722,657655,756723,664572,756724,756725,756726,756727,659190,756728,756729,756730,654449,756731,756732,546732,633473,756733,756734,756735,756736,756737,756738,565222,756739,756740,756741,756742,542203,756743,756744,756745,756746,756747,633043,756748,756749,756750,756751,756752,756753,756754,642465,756755,756756,644856,756757,756758,658416,756759,756760,756761,756762,756763,756764,756765,756766,756767,756768,756769,756770,756771,756772,756773,679295,756774,626137,756775,756776,756777
124,12401,'1',756778,756779,756780,756781,756782,756783,756784,756785,624402,756786,623872,756787,756788,608651,756789,515425,756790,756791,756792,756793,756794,756795,519113,756796,756797,756798,756799,756800,756801,668059,756802,668623,756803,689945,756804,756805,756806,756807,613560,756808,756809,756810,756811,657471,756812,756813,756814,756815,756816,649373,559310,756817,756818,756819,756820,756821,756822,756823,756824,575650,756825,756826,756827,756828,756829,601167,756830,756831,756832,756833,756834,658015,756835,652338,756836,756837,756838,756839,756840,756841,756842,756843,756844,756845,756846,756847,756848,600335
124,12401,'2',680394,756849,756850,756851,756852,756853,756854,756855,756856,756857,630713,756858,649959,756859,680676,756860,756861,756862,756863,756864,639646,680239,756865,756866,611264,756867,756868,756869,756870,756871,756872,756873,756874,756875,756876,756877,756878,756879,756880,756881,756882,756883,756884,756885,756886,756887,622681,654388,756888,756889,756890,656888,756891,756892,756893,756894,619080,756895,636606,756896,756897,756898,634739,756899,680588,660294,756900,756901
124,12401,'3',756902,756903,756904,756905,756906,756907,756908,756909,756910,756911,756912,662475,756913,756914,756915,756916,756917,756918,756919,595339,756920,756921,756922,756923,756924,756925,756926,756927,756928,756929,756930,756931,756932,649637,756933,756934,756935,756936,756937,756938,756939,756940,629992,657325,756941,689844,756942,684746,756943,756944,756945,756946,756947,618077,554214,756948,756949,756950,756951,685261,624228,756952,687752,756953,756954,756955,756956,522626
124,12401,'5',756957,650953,756958,756959,756960,658750,658751,756961,756962,756963,756964,756965,677454,756966,756967,756968,756969,756970,756971,756972,756973,756974,756975,756976,756977,756978,756979,756980,756981,756982,756983,756984,647846,756985,756986,608259,756987,756988,756989,756990,624864,756991,756992,756993,756994,756995,619396,756996,756997,756998,756999,757000,757001,757002,757003,587153,757004,757005,757006,757007,620454,757008,757009,757010,757011,757012,757013,757014
124,12402,'1',757015,757016,757017,757018,757019,757020,757021,554357,757022,757023,608848,757024,757025,580101,757026,757027,607031,757028,757029,757030,757031,757032,757033,757034,757035,757036,757037,757038,757039,663982,757040,757041,757042,757043,757044,668065,757045,757046,757047,757048,757049,459607,757050,757051,757052,757053,757054,757055,757056,757057,757058,757059,757060,757061,658237,757062,757063,647459,531819,757064,757065,757066,757067,609058,757068,757069,757070,757071,666333,757072,757073,757074,686783,757075,757076,757077,757078,690292,757079,675227,757080,617863,757081,757082,757083,757084,757085,757086
124,12402,'2',757087,757088,757089,757090,757091,757092,757093,608703,757094,757095,757096,757097,757098,629864,757099,757100,757101,757102,757103,757104,757105,757106,757107,757108,757109,757110,757111,612499,757112,757113,757114,757115,757116,757117,638777,757118,757119,757120,757121,646596,757122,677377,661907,757123,757124,651358,757125,757126,666748,757127,757128,757129,757130,557669,757131,675736,517528,541212,653410,757132,757133,670106,757134,636631,757135,590058,757136,757137
124,12402,'3',757138,757139,757140,757141,757142,757143,757144,757145,757146,757147,757148,757149,757150,757151,757152,757153,757154,757155,757156,757157,757158,633946,757159,757160,757161,757162,757163,628471,757164,757165,645869,640163,679956,757166,757167,757168,757169,757170,614178,757171,757172,757173,757174,757175,757176,757177,636769,757178,757179,595996,757180,757181,757182,757183,757184,757185,757186,757187,689103,757188,757189,757190,757191,757192,632161,757193,757194,757195
124,12402,'5',757196,757197,757198,757199,757200,757201,757202,757203,682163,757204,654317,757205,644800,672087,757206,757207,757208,588155,757209,757210,757211,757212,757213,757214,757215,757216,757217,757218,757219,757220,662571,757221,757222,757223,757224,757225,757226,674692,757227,757228,757229,757230,689901,613888,757231,620431,642869,670712,757232,757233,757234,757235,757236,757237,757238,635715,757239,757240,687534,666655,757241,565251,757242,757243,757244,648846,757245,654833
125,12501,'1',534968,655712,757246,757247,757248,647191,757249,757250,757251,757252,757253,658435,757254,757255,757256,757257,757258,757259,674934,757260,680042,757261,625359,757262,757263,757264,757265,757266,434944,757267,597300,757268,757269,757270,757271,604379,757272,757273,618297,583634,757274,757275,634992,757276,757277,673173,627996,757278,757279,546890,757280,757281,757282,680052,757283,757284,757285,757286,757287,757288,757289,757290,757291,757292,757293,757294,757295,757296,757297,757298,757299,757300,757301,757302,545225,757303,757304,757305,757306,757307,645663,757308,627163,677977,757309,757310,757311,757312,656783,757313,757314,757315,757316,757317,757318
125,12501,'2',757319,757320,757321,757322,757323,607345,757324,757325,757326,757327,757328,757329,757330,757331,757332,757333,757334,757335,757336,757337,757338,757339,606709,757340,757341,757342,757343,757344,686849,628255,630211,757345,757346,757347,757348,757349,662219,757350,619695,757351,757352,757353,757354,757355,629896,757356,757357,757358,757359,757360,757361,757362,757363,757364,757365,757366,757367,757368,757369,757370,757371,757372
125,12501,'3',757373,757374,757375,757376,757377,638235,757378,757379,757380,576014,757381,757382,757383,757384,757385,757386,757387,757388,757389,757390,757391,757392,757393,757394,619842,757395,757396,757397,757398,614573,757399,757400,757401,757402,757403,682233,757404,757405,657001,757406,757407,757408,757409,757410,607687,757411,757412,757413,757414,757415,757416,757417,627637,635483,757418,757419,757420,449903,757421,757422,757423
125,12501,'5',757424,757425,757426,757427,757428,666970,757429,757430,757431,757432,757433,757434,757435,518164,757436,757437,757438,757439,757440,614258,757441,757442,757443,757444,757445,757446,757447,757448,757449,757450,600573,757451,757452,757453,757454,757455,757456,757457,757458,757459,757460,757461,683695,757462,757463,757464,757465,757466,757467,757468,757469,757470,757471,757472,757473,757474,757475,664393,757476,757477,757478,519094,639226,757479,757480,757481,757482
125,12502,'1',671266,757483,632273,531237,684833,757484,757485,678347,757486,757487,683779,757488,757489,757490,757491,757492,757493,757494,757495,652288,757496,757497,757498,757499,757500,757501,757502,757503,757504,757505,757506,757507,757508,757509,688898,662321,623176,757510,757511,631881,757512,757513,757514,464234,757515,757516,757517,757518,757519,757520,757521,757522,757523,757524,757525,678172,757526,757527,757528,676035,572044,634256,757529,757530,757531,637277,757532,757533,605490,757534,622613,757535,757536,628836,757537,757538,757539,757540,757541,757542,757543,757544,638427,757545,757546,757547,633862,627160,757548,757549,757550,757551,757552,757553,757554
125,12502,'2',757555,650394,653804,757556,757557,757558,757559,757560,757561,757562,629140,608362,757563,757564,470851,757565,757566,757567,757568,757569,636480,757570,757571,757572,757573,757574,566217,757575,757576,757577,757578,757579,622009,599181,757580,757581,665068,757582,757583,757584,757585,757586,757587,757588,757589,652409,648628,757590,757591,651658,757592,605192,757593,649067,757594,757595,757596,757597,757598,757599,757600,757601
125,12502,'3',638230,757602,757603,757604,757605,757606,757607,757608,757609,757610,644677,757611,669835,757612,757613,757614,757615,757616,757617,757618,757619,757620,757621,757622,757623,757624,616148,757625,757626,757627,757628,757629,757630,757631,669085,757632,757633,757634,651736,757635,757636,757637,757638,757639,757640,757641,757642,598523,757643,757644,757645,757646,757647,757648,757649,757650,757651,757652,757653,757654,622162
125,12502,'5',555241,757655,757656,757657,757658,757659,757660,671579,757661,757662,636925,757663,757664,757665,757666,757667,687476,757668,662850,757669,668518,757670,757671,757672,757673,757674,757675,757676,583149,757677,757678,757679,757680,568380,656151,757681,757682,676601,757683,757684,683711,580950,757685,757686,616753,757687,757688,757689,757690,757691,757692,757693,757694,757695,620449,647181,757696,580981,757697,757698,631814,757699,757700,757701,631822,649798,757702
126,12603,'1',757703,757704,757705,544082,757706,757707,757708,757709,757710,757711,757712,757713,757714,757715,640549,757716,757717,631879,488085,757718,757719,757720,757721,757722,622596,757723,757724,600726,757725,579477,757726,757727,757728,678846,757729,757730,757731,757732,757733,757734,757735,757736,757737,757738,618360,757739,667322,670211
126,12603,'2',655815,757740,757741,620554,757742,757743,757744,757745,757746,757747,757748,757749,757750,616599,655349,757751,757752,757753,757754,757755,757756,757757,757758,757759,757760,757761,757762,553211,473799,757763,757764,757765,757766,757767,757768,757769,757770,560919,651657,757771,431133,600438,757772,757773,757774
126,12603,'3',757775,619796,757776,757777,757778,757779,757780,757781,757782,649115,757783,757784,757785,677899,757786,757787,757788,757789,757790,757791,757792,594095,757793,757794,757795,757796,757797,656050,757798,665601,757799,757800,757801,757802,757803,757804,757805,757806,757807
126,12603,'5',757808,757809,757810,757811,637886,757812,757813,757814,663929,757815,757816,757817,757818,611091,757819,757820,757821,757822,757823,757824,757825,757826,757827,757828,757829,757830,757831,757832,757833,757834,757835,650270,757836,757837,757838,757839,757840,757841,757842,757843,757844,757845
126,12604,'1',757846,757847,620130,757848,757849,594314,587601,639545,757850,757851,678502,757852,668060,757853,757854,757855,757856,757857,757858,633124,757859,757860,757861,469742,757862,757863,757864,757865,757866,757867,757868,757869,757870,757871,757872,535988,757873,413993,757874,757875,757876,757877,407477,757878,757879,757880,757881,681435
126,12604,'2',757882,757883,622943,629625,605891,757884,757885,757886,757887,757888,615895,757889,685407,757890,757891,757892,757893,757894,757895,757896,757897,757898,757899,757900,757901,757902,757903,757904,757905,757906,757907,757908,757909,757910,757911,757912,757913,757914,757915,757916,757917,757918,647083,757919,757920
126,12604,'3',757921,687974,757922,757923,757924,757925,757926,757927,757928,757929,757930,757931,757932,757933,757934,757935,757936,757937,757938,757939,757940,757941,757942,757943,513558,757944,555487,607403,757945,757946,757947,757948,757949,757950,757951,757952,757953,648729,757954
126,12604,'5',757955,620380,618634,661556,647135,610757,757956,757957,757958,757959,757960,757961,757962,757963,757964,757965,757966,757967,757968,757969,757970,757971,757972,757973,757974,645912,685066,757975,652239,757976,757977,659477,599073,757978,757979,757980,757981,657418,757982,757983,757984,757985
127,12701,'1',757986,681053,757987,757988,757989,757990,757991,757992,757993,757994,757995,757996,757997,614362,757998,650337,757999,637207,758000,758001,758002,394746,758003,758004,758005,680777,758006,758007,758008,758009,758010,758011,664988,758012,758013,758014,651296,630167,758015,608891,758016,758017,758018,758019,758020,683254,758021,758022
127,12701,'2',661253,758023,758024,758025,758026,632801,758027,677567,649456,758028,758029,758030,563051,758031,758032,758033,758034,758035,758036,758037,758038,758039,758040,758041,758042,758043,758044,758045,758046,683526,676067,627349,508492,758047,664670,758048,758049,758050,758051,758052,758053,758054,758055,758056,758057,758058,758059,758060
127,12701,'3',758061,622421,758062,758063,527801,758064,758065,758066,758067,649607,758068,758069,758070,758071,758072,758073,758074,758075,758076,758077,758078,758079,758080,758081,758082,628536,758083,657002,758084,758085,758086,758087,758088,758089,666092,758090,655553,758091,758092,758093,758094
127,12701,'5',758095,758096,634514,515348,758097,620399,758098,758099,758100,758101,758102,758103,659154,758104,758105,758106,758107,758108,758109,758110,622221,758111,758112,758113,758114,677079,758115,758116,758117,758118,609016,758119,758120,758121,758122,758123,758124,758125,758126,758127,758128,758129,758130,633502
127,12702,'1',758131,650674,687821,758132,758133,595045,623881,758134,758135,670036,758136,758137,758138,758139,608854,758140,758141,758142,637209,758143,758144,634991,758145,758146,758147,758148,758149,758150,758151,758152,758153,758154,758155,758156,758157,758158,758159,635765,758160,758161,758162,758163,758164,656769,758165,758166,758167,758168,758169,758170
127,12702,'2',758171,758172,758173,758174,758175,758176,758177,628221,758178,758179,758180,618995,758181,758182,758183,758184,547126,758185,758186,758187,758188,758189,758190,660817,758191,607851,758192,758193,465082,619723,758194,758195,758196,604882,758197,758198,605540,758199,758200,758201,758202,758203,758204,758205,680429,758206,758207,597575,681157,758208
127,12702,'3',758209,758210,758211,758212,758213,758214,758215,758216,583439,758217,758218,758219,668822,758220,758221,758222,758223,758224,758225,758226,758227,758228,758229,758230,758231,611041,758232,758233,758234,758235,758236,758237,758238,758239,758240,618615,758241,758242,758243,758244
127,12702,'5',758245,758246,758247,758248,758249,654091,588838,758250,758251,758252,758253,758254,758255,758256,758257,668522,758258,758259,758260,758261,758262,758263,758264,649750,758265,758266,758267,758268,758269,758270,758271,758272,669526,758273,758274,758275,758276,758277,758278,758279,758280,758281,758282,758283,642480
129,12903,'1',758284,758285,758286,758287,648434,758288,758289,758290,613520,758291,758292,689680,758293,758294,758295,758296,758297,758298,758299,758300,758301,758302,758303,758304,758305,614646,526233,666260,758306,758307,638961,758308,758309,758310,758311,758312,758313,758314,758315,758316,758317,758318,625364,758319,683801,618798,758320,758321,758322,758323,758324,758325,758326,758327,686721,758328,646347,758329,571445,617221,657459,758330,758331,758332,615727,758333,758334,758335,758336,758337,758338,623187,627060,688915,758339,758340,688483,580638,758341,758342,758343,758344,758345,758346,627090,758347,758348,758349,758350,664799,758351,758352,758353,642554,758354,758355,651544,758356,758357,758358,606666,758359,682609,758360,758361,758362,758363,603312,758364,758365,615274,758366,646178,758367,758368,616053,758369,619598,758370,758371,758372,758373,758374,758375,758376,758377,612916,758378,687238,605322,659617,758379,758380,758381,758382,758383,758384
129,12903,'2',667044,758385,758386,758387,758388,673705,758389,758390,758391,758392,758393,758394,758395,758396,758397,758398,516734,758399,625894,758400,758401,758402,758403,758404,468375,758405,758406,539417,758407,758408,631458,758409,758410,758411,758412,652670,758413,612016,758414,758415,631995,758416,758417,624055,758418,654958,758419,758420,758421,758422,758423,662082,682269,758424,758425,758426,758427,758428,758429,607358,667207,652931,758430,571573,758431,758432,758433,758434,758435,758436,758437,758438,758439,758440,758441,656860,758442,758443,651147,758444,758445,758446,758447,615400,758448,558938,758449,758450,758451,758452,758453,758454,758455,758456,653395,758457,758458,758459,664504,758460,513870,758461,664307,758462,613017,617973,758463,469596,758464,758465,758466,562612,758467,758468,645853,758469,758470,758471,758472,651673,632068,758473,758474,661717,675945,758475,758476,624662
129,12903,'3',758477,758478,758479,758480,758481,657287,639105,758482,758483,758484,758485,758486,664865,609264,758487,758488,758489,758490,758491,758492,758493,612564,559517,758494,758495,758496,758497,758498,758499,758500,758501,758502,758503,758504,758505,758506,758507,758508,758509,758510,758511,758512,758513,758514,679237,758515,758516,758517,758518,758519,758520,758521,688665,758522,640723,758523,758524,758525,758526,681995,758527,758528,608408,758529,758530,508632,758531,758532,758533,616961,647713,758534,582111,758535,758536,758537,758538,758539,758540,758541,758542,758543,758544,758545,758546,508962,758547,584564,758548,758549,758550,758551,758552,682525,462590,758553,758554,758555,758556,758557,758558,758559,758560,638286,758561,758562,758563,758564,758565,758566,758567,758568,758569,758570,758571,758572,758573
129,12903,'5',758574,644114,659912,758575,758576,758577,758578,758579,758580,758581,758582,758583,758584,758585,758586,758587,758588,758589,618131,634868,758590,758591,758592,758593,758594,661362,758595,758596,758597,758598,758599,758600,758601,680730,758602,628664,758603,758604,758605,642829,758606,758607,758608,758609,758610,758611,758612,758613,530649,758614,758615,758616,758617,758618,758619,626727,758620,674689,758621,758622,758623,758624,758625,758626,758627,758628,758629,758630,758631,587976,758632,652233,758633,758634,758635,758636,758637,758638,758639,758640,758641,604697,758642,758643,758644,659197,758645,605277,758646,758647,758648,758649,758650,650636,552610,758651,758652,758653,758654,618212,758655,758656,758657,758658,758659,678140,758660,758661,758662,758663,758664,758665,758666,758667,758668,758669,758670,758671,758672,758673,758674,758675,758676,616482,758677,634950
129,12904,'1',758678,598085,758679,758680,626149,758681,758682,758683,758684,758685,758686,758687,758688,758689,758690,632686,758691,622856,758692,758693,758694,758695,758696,758697,758698,758699,758700,758701,758702,758703,758704,758705,758706,758707,758708,758709,758710,758711,758712,758713,758714,617776,758715,758716,638680,758717,630501,758718,758719,758720,600263,669557,758721,758722,649843,758723,758724,758725,758726,758727,758728,758729,758730,758731,758732,758733,758734,758735,758736,758737,577849,540509,758738,606117,758739,758740,758741,758742,758743,665821,758744,674737,758745,758746,758747,758748,758749,687607,758750,758751,758752,758753,758754,758755,758756,758757,610492,758758,758759,758760,758761,758762,758763,688946,758764,758765,758766,631936,758767,563013,758768,758769,758770,758771,585545,758772,758773,673193,758774,758775,758776,758777,758778,758779,758780,758781,758782,758783,758784,657870,758785,677164,758786,758787
129,12904,'2',758788,585935,690008,758789,758790,758791,758792,758793,758794,758795,758796,758797,536036,680399,758798,758799,758800,758801,758802,658043,758803,758804,758805,758806,758807,758808,758809,758810,758811,758812,640348,758813,758814,758815,758816,758817,758818,758819,758820,567554,758821,758822,758823,669808,758824,758825,665037,758826,758827,758828,758829,758830,758831,758832,758833,758834,758835,758836,758837,658993,605352,758838,553199,758839,758840,614398,758841,758842,758843,758844,758845,758846,758847,758848,758849,758850,758851,758852,758853,758854,617620,556777,758855,512829,758856,758857,758858,758859,758860,758861,758862,674227,758863,644051,758864,758865,758866,758867,758868,758869,758870,758871,758872,758873,758874,758875,758876,758877,758878,758879,758880,758881,758882,758883,758884,758885,758886,607377,758887,758888,758889,758890,758891,758892,622414
129,12904,'3',531485,758893,758894,758895,758896,758897,758898,758899,758900,758901,758902,758903,758904,758905,655963,758906,758907,758908,758909,758910,758911,643116,758912,758913,681489,758914,758915,758916,611706,758917,758918,758919,758920,758921,758922,758923,758924,758925,758926,758927,620671,758928,758929,758930,758931,596070,585169,758932,758933,665118,758934,758935,623586,668842,635649,758936,758937,684734,758938,758939,676469,758940,669249,758941,758942,758943,758944,758945,758946,758947,758948,758949,618070,758950,758951,758952,758953,758954,758955,652479,758956,758957,758958,758959,758960,758961,758962,758963,758964,758965,758966,619933,758967,758968,758969,609656,758970,758971,758972,758973,758974,758975,758976,758977,758978,758979,758980,663683
129,12904,'5',758981,758982,758983,758984,758985,758986,758987,758988,758989,630363,758990,758991,673953,758992,758993,758994,758995,758996,758997,758998,758999,759000,759001,759002,759003,759004,759005,759006,759007,759008,759009,759010,759011,759012,759013,759014,759015,759016,759017,759018,685048,759019,683047,759020,759021,759022,653613,542138,759023,759024,759025,759026,759027,759028,624826,759029,759030,759031,759032,759033,759034,650244,759035,759036,759037,759038,759039,759040,759041,759042,759043,759044,567859,759045,759046,759047,759048,759049,759050,665488,759051,759052,759053,614310,759054,759055,680026,663152,759056,759057,759058,530336,759059,759060,759061,759062,759063,759064,641397,759065,666835,652567,759066,759067,759068,759069,759070,759071,759072,661399,759073,759074,759075,759076,759077,759078,759079,759080,759081,535421,759082
130,13003,'1',759083,759084,575600,759085,759086,680649,759087,759088,608657,759089,759090,759091,759092,409669,759093,759094,759095,759096,759097,759098,668229,759099,759100,678361,759101,759102,759103,759104,759105,759106,660102,759107,621897,759108,759109,759110,759111,759112,759113,759114,759115,622916,607490,759116,759117,759118,627178,759119,759120
130,13003,'2',643804,759121,759122,646727,648547,759123,613411,759124,759125,759126,759127,580143,450305,759128,759129,759130,759131,670487,759132,759133,759134,759135,759136,684056,564621,759137,759138,759139,759140,759141,759142,759143,759144,759145,646899,759146,635624,759147,759148,759149
130,13003,'3',759150,619124,640701,759151,759152,759153,759154,759155,759156,659067,759157,759158,759159,759160,759161,759162,636030,759163,759164,759165,759166,659834,759167,759168,759169,759170,759171,672366,643150,759172,759173,759174,759175,673781,759176,759177
130,13003,'5',759178,674470,759179,759180,759181,759182,630366,759183,759184,759185,759186,759187,759188,630378,605037,759189,621720,617699,759190,759191,759192,759193,671830,759194,663150,759195,759196,669523,607295,759197,646111,759198,759199,759200,759201,617542,759202,759203,665503
130,13004,'1',759204,625326,759205,759206,759207,759208,759209,759210,759211,759212,759213,759214,759215,687586,630517,618293,759216,759217,759218,759219,622892,759220,759221,759222,549850,759223,759224,759225,759226,674019,759227,651943,759228,759229,628079,603004,759230,600316,673007,759231,759232,759233,759234,759235,759236,599327,759237,759238
130,13004,'2',759239,680230,759240,759241,759242,665908,645828,604462,759243,652373,759244,759245,759246,759247,629871,759248,624575,759249,759250,759251,759252,608719,759253,678212,759254,684045,678544,759255,759256,759257,759258,759259,759260,759261,759262,624132,654269,759263
130,13004,'3',759264,759265,658653,759266,759267,759268,759269,759270,681984,759271,759272,689811,759273,759274,759275,759276,759277,759278,759279,610684,759280,759281,759282,759283,538736,759284,759285,759286,759287,665141,759288,759289,666115,759290,759291
130,13004,'5',759292,759293,759294,759295,759296,759297,759298,759299,759300,759301,759302,759303,759304,759305,759306,759307,759308,759309,656131,609320,759310,759311,759312,759313,759314,646965,759315,682420,759316,759317,759318,674904,759319,759320,637061,610835,759321,759322
131,13101,'1',759323,759324,562940,759325,612754,759326,662899,759327,759328,759329,527336,759330,759331,759332,641860,678500,759333,759334,759335,759336,549830,759337,759338,759339,759340,759341,759342,653733,759343,759344,759345,759346,759347,759348,668998,759349,759350,759351,759352,759353,759354,759355,759356,759357,624472,759358,759359,602209,759360,759361,646359,688150,759362,759363,759364,759365,759366,661088,683445,759367,665661,759368,654235,759369,759370,759371,759372,759373,646183,759374,759375,759376,650756,759377,759378,759379,759380,759381,759382,759383,759384,759385
131,13101,'2',759386,759387,759388,759389,759390,759391,595483,759392,606438,759393,551531,759394,566985,662693,759395,759396,759397,759398,759399,759400,759401,519152,759402,759403,759404,759405,759406,759407,759408,759409,759410,759411,759412,556907,759413,759414,679046,759415,759416,759417,759418,759419,759420,759421,759422,624600,759423,638776,759424,759425,759426,759427,759428,759429,759430,759431,759432,759433,759434,759435,759436,759437,759438,759439,759440,759441,759442,759443,759444
131,13101,'3',759445,650487,759446,759447,527799,759448,759449,759450,759451,759452,648198,759453,759454,759455,759456,759457,759458,759459,656943,759460,759461,636690,759462,759463,759464,759465,759466,759467,759468,759469,759470,759471,759472,661521,759473,759474,759475,759476,645168,759477,545391,759478,634793,759479,759480,527449,759481,759482,759483,759484,759485,759486,759487,622744,759488,759489,759490,759491,759492,759493,759494,759495,759496
131,13101,'5',759497,759498,759499,759500,759501,685036,759502,759503,759504,562009,678299,759505,759506,759507,759508,625674,759509,759510,759511,759512,759513,759514,759515,759516,759517,759518,759519,759520,627753,759521,759522,759523,759524,676582,759525,759526,759527,759528,759529,638911,759530,759531,759532,759533,759534,543554,645478,759535,620772,759536,759537,759538,759539,570646,759540,759541,759542,759543,759544,759545,759546,759547,759548,584993,759549
131,13102,'1',759550,634393,759551,759552,759553,759554,759555,759556,759557,759558,759559,759560,759561,759562,759563,759564,759565,759566,686690,759567,522306,759568,759569,671867,759570,759571,759572,759573,759574,759575,620502,759576,759577,680772,483816,759578,759579,759580,759581,759582,759583,759584,759585,759586,759587,688922,660103,759588,759589,759590,759591,759592,759593,759594,759595,759596,759597,759598,759599,759600,759601,759602,759603,759604,759605,759606,759607,630614,759608,662660,613999,759609,759610,759611,759612,759613,759614,759615,759616,670836,759617,759618
131,13102,'2',656793,759619,677561,759620,626288,759621,759622,759623,759624,759625,759626,759627,759628,759629,672579,759630,606698,685404,759631,516134,759632,759633,759634,759635,759636,759637,759638,759639,759640,759641,682616,759642,759643,759644,759645,759646,759647,759648,759649,759650,759651,645555,654969,759652,759653,759654,759655,759656,641509,759657,654385,759658,759659,759660,759661,759662,611656,759663,759664,759665,759666,759667,759668,759669,759670,759671,656915,759672,759673
131,13102,'3',670945,676910,759674,759675,681217,759676,759677,759678,759679,672317,759680,646431,759681,759682,759683,759684,759685,759686,759687,674656,759688,759689,759690,759691,759692,759693,759694,759695,759696,759697,759698,654685,759699,759700,759701,759702,759703,759704,759705,759706,759707,759708,759709,759710,537754,759711,759712,759713,759714,615546,759715,759716,759717,759718,759719,759720,759721,759722,759723,759724,759725,759726,759727
131,13102,'5',759728,759729,759730,759731,759732,759733,551366,759734,759735,759736,759737,759738,759739,759740,608807,759741,759742,630389,759743,759744,759745,620026,578390,687779,635691,759746,662005,759747,759748,669509,759749,565187,759750,759751,759752,759753,759754,759755,759756,759757,759758,759759,759760,759761,759762,759763,689478,759764,620778,759765,759766,759767,651852,759768,759769,759770,631809,578938,759771,759772,759773,759774,759775,759776,759777
132,13201,'1',759778,636129,759779,759780,759781,759782,759783,759784,759785,544085,619466,759786,759787,759788,531783,759789,759790,759791,759792,487046,516107,672153,759793,759794,454284,759795,759796,631327,759797,759798,759799,759800,669006,584509,759801,759802,759803,759804,675145,759805,759806,759807,759808,604814,759809,759810,632383,530103,759811,759812
132,13201,'2',759813,759814,759815,759816,667960,759817,639344,759818,759819,759820,759821,759822,759823,759824,759825,759826,759827,759828,597504,759829,759830,759831,759832,759833,616353,759834,759835,759836,759837,608932,759838,759839,759840,613700,759841,759842,759843,759844,687971,607878
132,13201,'3',759845,759846,759847,759848,759849,759850,759851,659063,759852,632097,759853,759854,451084,759855,759856,759857,759858,759859,651184,759860,759861,664346,759862,759863,759864,759865,759866,759867,759868,759869,759870,759871,646789,759872,759873,759874
132,13201,'5',759875,759876,759877,759878,759879,544946,759880,759881,621014,688738,759882,759883,759884,759885,759886,759887,759888,759889,759890,553919,639505,759891,759892,759893,678128,759894,759895,759896,759897,618738,759898,596276,759899,638051,566840,759900,759901,759902,759903,759904
132,13202,'1',759905,759906,759907,689178,580582,759908,759909,759910,759911,522901,759912,759913,759914,759915,637184,759916,759917,759918,759919,759920,759921,759922,759923,759924,759925,759926,759927,759928,759929,759930,651282,759931,759932,759933,560292,759934,759935,759936,651941,759937,759938,759939,759940,759941,613602,548056,759942,759943,759944,683941
132,13202,'2',759945,759946,759947,759948,608900,759949,759950,759951,759952,759953,759954,759955,759956,583349,631483,671492,759957,615373,617615,759958,759959,555769,653383,759960,648136,759961,759962,613002,759963,759964,759965,759966,759967,759968,672048,759969,759970,759971,759972,759973
132,13202,'3',569877,530198,759974,759975,759976,759977,759978,759979,759980,759981,759982,759983,759984,759985,759986,759987,759988,759989,759990,759991,759992,759993,759994,759995,759996,648248,759997,759998,759999,760000,760001,760002,760003,760004,760005,629508
132,13202,'5',760006,653161,760007,760008,672411,760009,536874,760010,760011,638888,585852,760012,760013,634209,760014,760015,760016,760017,760018,760019,760020,760021,760022,760023,760024,760025,760026,760027,760028,760029,615169,760030,760031,657979,760032,760033,760034,638361,611141,606858
133,13303,'1',760035,760036,678636,485707,760037,655713,683754,760038,760039,662296,760040,760041,760042,760043,519285,760044,760045,760046,760047,760048,760049,760050,760051,760052,541648,760053,760054,760055,760056,760057,760058,517822,760059,760060,760061,676179,760062,760063,760064,760065,760066,760067,760068,679008,760069,760070,760071,760072,760073,760074,632306,760075,760076,760077,760078,760079,643943,760080,760081,760082,760083,760084,635739,631890,547952,760085,760086,760087,760088,760089,760090,760091,760092,667928,643305,760093,623957,618324,760094,760095,669783,760096,636275,760097,760098,760099,760100,760101,760102,760103,556141,760104,760105,760106,760107,760108,760109,760110,760111,760112,676734,760113,646720,760114,760115,478744,760116,760117,760118,760119,760120,760121,760122,760123,760124,760125,760126,760127,760128,607190,760129,760130,760131,617585,760132,760133,760134,760135,760136,760137,760138,628992,760139,760140,760141,760142,760143,657214
133,13303,'2',760144,760145,670838,760146,760147,760148,634094,760149,760150,760151,760152,760153,760154,624030,760155,760156,658036,760157,760158,760159,760160,760161,760162,760163,760164,760165,760166,760167,641244,629868,760168,760169,760170,760171,760172,659654,760173,760174,760175,760176,760177,760178,576427,672246,760179,627301,760180,760181,760182,676819,760183,760184,760185,760186,671906,632009,760187,760188,760189,760190,760191,760192,760193,760194,760195,760196,760197,760198,760199,760200,760201,760202,590823,760203,686395,760204,760205,661904,551582,760206,760207,760208,760209,760210,760211,760212,760213,760214,760215,760216,760217,760218,760219,760220,551588,760221,760222,760223,760224,760225,760226,760227,760228,760229,641074,560932,760230,760231,760232,672634,760233,760234,760235,760236,760237,760238,760239
133,13303,'3',760240,760241,760242,760243,653938,760244,760245,760246,760247,760248,760249,641539,565500,563911,609798,760250,760251,760252,760253,760254,760255,760256,760257,760258,760259,760260,760261,760262,760263,760264,760265,760266,760267,760268,625585,760269,760270,760271,760272,760273,760274,760275,760276,760277,760278,760279,760280,760281,760282,760283,527439,760284,760285,760286,627529,624712,760287,760288,760289,760290,760291,760292,760293,760294,639429,760295,760296,760297,760298,680464,760299,760300,668450,760301,760302,760303,760304,760305,760306,760307,760308,760309,760310,666084,760311,760312,760313,760314,760315,635217,760316,760317,543017,760318,760319,760320,760321,760322,760323,760324,760325,760326,760327,760328,760329
133,13303,'5',648752,760330,535765,760331,760332,760333,760334,760335,650963,760336,760337,760338,760339,760340,760341,760342,760343,760344,760345,760346,760347,654758,760348,760349,631736,760350,760351,760352,760353,760354,760355,609498,760356,760357,760358,566390,760359,760360,760361,760362,760363,760364,760365,760366,760367,760368,760369,760370,683684,760371,760372,760373,760374,760375,649244,760376,760377,760378,760379,760380,760381,760382,760383,760384,760385,760386,760387,760388,760389,760390,760391,760392,652234,760393,760394,760395,760396,760397,622538,760398,760399,760400,642025,760401,760402,643908,760403,760404,760405,760406,760407,760408,760409,663155,760410,760411,760412,760413,760414,760415,760416,760417,760418,760419,678489,760420,760421,760422,760423,760424,760425,760426,760427,760428,760429,675684
133,13304,'1',619436,760430,760431,760432,760433,760434,760435,760436,760437,685097,760438,760439,760440,760441,760442,646138,532234,620140,760443,760444,760445,760446,760447,760448,760449,760450,604374,760451,760452,760453,630515,760454,760455,760456,613961,760457,663200,593342,760458,394708,760459,760460,760461,760462,760463,760464,664236,609728,651518,760465,760466,760467,760468,760469,760470,760471,760472,760473,760474,640081,760475,760476,647472,760477,528687,760478,760479,760480,760481,760482,760483,760484,760485,760486,550986,673005,760487,760488,611557,760489,657723,760490,760491,760492,760493,760494,760495,760496,681849,665005,760497,760498,760499,610129,760500,760501,644254,760502,760503
133,13304,'2',760504,662381,760505,760506,616856,679187,760507,665302,760508,760509,683483,617884,760510,760511,760512,760513,683973,760514,760515,760516,760517,760518,760519,584186,760520,760521,760522,760523,615338,760524,760525,760526,760527,760528,760529,567026,760530,760531,760532,760533,760534,760535,655906,760536,760537,760538,760539,525612,684071,760540,681457,760541,670096,760542,760543,760544,610205,760545,760546,760547,760548,760549,760550,760551,760552,619082,760553,760554,622693,760555,760556,652055,581500,760557,630873,760558,760559,760560,760561,760562,760563,760564,760565,760566,760567
133,13304,'3',760568,760569,760570,760571,760572,760573,760574,760575,760576,559513,760577,760578,760579,760580,760581,760582,760583,623336,760584,760585,760586,760587,760588,669441,760589,760590,760591,760592,760593,760594,760595,760596,760597,760598,760599,760600,760601,760602,760603,760604,681243,760605,760606,760607,760608,760609,760610,760611,760612,760613,760614,760615,760616,760617,760618,760619,760620,760621,671010,760622,760623,678586,613787,760624,760625,760626,760627,760628,672916,760629,760630,760631,760632,760633,760634,760635,760636,760637,760638,760639
133,13304,'5',760640,760641,760642,760643,655575,760644,760645,760646,760647,760648,760649,674872,760650,760651,760652,675443,760653,667461,760654,760655,760656,760657,538871,760658,760659,760660,760661,760662,760663,572865,760664,760665,760666,664163,760667,682252,760668,677045,760669,760670,760671,760672,760673,760674,760675,760676,760677,760678,628696,760679,760680,760681,760682,674493,686232,760683,556687,658402,573608,760684,760685,760686,760687,760688,760689,760690,654166,760691,760692,760693,760694,760695,689163,678627,760696,760697,760698,760699,760700,633062,760701,760702,760703,760704,760705
134,13403,'1',760706,760707,604731,760708,760709,760710,760711,760712,760713,760714,760715,760716,760717,760718,760719,760720,760721,760722,575618,760723,760724,760725,760726,760727,760728,760729,678155,760730,760731,760732,760733,760734,760735,760736,760737,760738,760739,760740,760741,760742,760743,760744,760745,760746,760747,760748,760749,760750,688147,760751,760752,760753,760754,760755,760756,760757,760758,760759,760760,760761,614511,760762,760763,760764,760765,623506,641027,687636,662672,760766,760767,760768,760769,760770,630670,550799,760771,387442,760772,760773,760774,760775,760776
134,13403,'2',760777,760778,655824,760779,614383,760780,559381,613622,760781,551539,760782,760783,561350,760784,760785,760786,760787,577491,760788,760789,760790,760791,658045,760792,419221,760793,760794,760795,760796,760797,760798,760799,760800,760801,637533,760802,760803,760804,760805,608561,760806,760807,760808,674803,537555,760809,551036,760810,760811,760812,760813,760814,760815,667976,625116,760816,760817,760818,760819,760820,644315,760821,760822,760823,760824,760825
134,13403,'3',760826,760827,567118,760828,689043,760829,677895,760830,760831,760832,760833,760834,601983,760835,760836,760837,760838,760839,760840,760841,760842,540019,760843,760844,760845,760846,760847,760848,641566,760849,760850,760851,760852,760853,760854,760855,760856,760857,610721,760858,760859,760860,760861,760862,760863,760864,760865,760866,760867,760868,760869
134,13403,'5',760870,760871,760872,657357,760873,760874,760875,760876,687042,760877,674680,760878,760879,760880,760881,760882,760883,629533,760884,760885,760886,675994,760887,660504,760888,760889,760890,760891,760892,760893,760894,760895,663017,760896,760897,667478,760898,760899,760900,685076,760901,760902,760903,760904,760905,760906,760907,760908,760909,760910,760911
134,13404,'1',760912,659225,760913,684514,620804,760914,760915,760916,581423,760917,760918,760919,760920,760921,611476,570019,760922,760923,760924,760925,760926,760927,760928,552654,760929,760930,760931,760932,666691,760933,760934,760935,760936,633827,760937,760938,635738,760939,685122,760940,760941,760942,394757,760943,760944,760945,760946,760947,760948,760949,520969,760950,652901,760951,760952,760953,606660,760954,485071,760955,633168,760956,663538,760957,760958,760959,760960,760961,760962,760963,760964,760965,760966,760967,760968,760969,670432,760970,760971
134,13404,'2',760972,760973,760974,760975,760976,760977,760978,760979,760980,760981,760982,760983,760984,760985,760986,760987,760988,760989,760990,760991,760992,628249,760993,760994,760995,760996,760997,760998,760999,761000,761001,761002,761003,761004,761005,684946,564198,761006,761007,761008,761009,761010,761011,643829,761012,761013,628340,621173,761014,761015,761016,761017,761018,619072,761019,761020,761021,638217,761022,761023,761024,488472,670928,761025,585138
134,13404,'3',686172,761026,761027,761028,761029,652078,761030,761031,761032,761033,761034,761035,761036,761037,761038,761039,635834,761040,629969,761041,761042,761043,761044,761045,614169,761046,761047,637728,761048,761049,761050,631649,686974,761051,761052,761053,761054,645189,761055,761056,761057,761058,761059,761060,761061,615013,661335,650559,761062,761063,644353,761064,761065
134,13404,'5',619268,608985,761066,761067,761068,761069,761070,761071,761072,761073,761074,761075,761076,761077,761078,761079,761080,637941,761081,761082,761083,761084,761085,761086,761087,761088,761089,606339,761090,761091,761092,761093,761094,761095,761096,761097,761098,761099,761100,761101,761102,761103,761104,553951,761105,761106,761107,761108,761109,761110,761111,684463,761112
135,13501,'1',761113,761114,761115,761116,609707,642486,761117,551923,649315,689555,761118,761119,761120,761121,761122,761123,761124,761125,761126,761127,627006,761128,761129,614668,761130,761131,761132,761133,761134,685132,638124,662637,761135,761136,569643,616544,761137,690412,761138,761139,603946,761140,761141,585539,761142,558143,560804,761143,761144,761145,761146,761147,761148,761149,761150,761151
135,13501,'2',761152,761153,761154,761155,761156,761157,761158,761159,761160,761161,761162,609239,761163,761164,761165,761166,761167,683507,761168,682384,761169,761170,761171,761172,761173,761174,761175,761176,761177,761178,660969,653106,668118,658616,761179,761180,761181,622980,761182,761183,761184,761185,761186,761187,761188,523676,761189,761190,761191,761192,761193,761194,761195,761196,761197,761198,761199
135,13501,'3',761200,761201,761202,761203,761204,761205,562310,636672,605209,661305,761206,761207,613734,761208,761209,761210,761211,761212,761213,761214,761215,655480,761216,761217,761218,761219,761220,761221,761222,761223,644720,761224,761225,604982,761226,646455,761227,532061,604599,761228,761229,761230,761231,761232,761233,761234,761235,761236,761237,761238
135,13501,'5',625232,550667,761239,761240,761241,593604,761242,684328,761243,761244,761245,761246,761247,761248,761249,761250,761251,761252,761253,761254,761255,613155,761256,673467,761257,577947,761258,761259,761260,575852,761261,622521,761262,761263,761264,761265,761266,761267,761268,761269,761270,761271,761272,761273,761274,761275,761276,761277,687521,761278,761279,761280,577388,761281,761282,582637,761283
135,13502,'1',761284,761285,624394,637128,761286,761287,761288,761289,761290,761291,761292,689504,761293,761294,761295,761296,761297,761298,612336,672140,651486,761299,761300,604253,761301,558769,656235,658481,761302,761303,627071,605133,659377,761304,683428,761305,761306,761307,761308,761309,761310,761311,606887,761312,761313,761314,624495,761315,761316,761317,761318,761319,663555,761320
135,13502,'2',606685,609756,761321,761322,761323,761324,761325,614765,761326,761327,653820,761328,761329,761330,761331,761332,761333,761334,761335,761336,761337,761338,761339,761340,761341,643385,761342,761343,761344,761345,761346,761347,761348,761349,684958,761350,761351,761352,761353,657268,611660,761354,761355,676887,761356,653415,761357,761358,761359,761360,761361,761362,761363,761364,761365
135,13502,'3',761366,653940,681876,761367,761368,605962,761369,761370,761371,761372,761373,761374,761375,761376,761377,761378,761379,761380,761381,655485,761382,761383,761384,761385,761386,761387,761388,761389,761390,761391,761392,761393,642342,761394,761395,761396,761397,761398,761399,761400,761401,761402,761403,761404,761405,627645,632575,761406,761407,761408,761409,654430
135,13502,'5',761410,761411,761412,651213,761413,761414,761415,761416,761417,761418,761419,761420,608238,650222,761421,660492,761422,761423,761424,761425,761426,761427,761428,761429,761430,761431,761432,761433,761434,761435,761436,761437,761438,761439,761440,761441,761442,638014,761443,761444,610411,641627,761445,761446,761447,761448,627848,623435,761449,761450,647176,627860,520562,761451,761452,663967,761453
145,14503,'1',652277,577105,761454,570682,761455,761456,761457,626580,761458,761459,639553,761460,761461,761462,761463,761464,761465,682536,662634,761466,761467,662182,510688,761468,761469,761470,761471,761472,761473,761474,640302,761475,593779,761476,761477,761478,761479,761480,761481
145,14504,'1',761482,559776,761483,617743,761484,761485,761486,761487,761488,761489,555598,761490,761491,761492,761493,654872,761494,761495,663498,761496,761497,669575,761498,611930,628034,569495,761499,761500,761501,761502,761503,761504,761505,761506,604074,761507,761508,761509,761510,761511,678523
149,14901,'1',620462,761512,761513,643769,761514,761515,761516,761517,605776,761518,761519,647424,761520,761521,761522,761523,761524,662320,761525,761526,761527,761528,761529,633661,761530,761531,526261,761532,761533,761534,761535,761536,761537,761538,761539,761540,761541,464291,761542,657200,761543,575166,761544,761545,761546,761547,761548,761549
149,14901,'2',761550,761551,563841,761552,761553,761554,761555,761556,761557,761558,600803,628198,641043,542401,761559,761560,761561,761562,761563,761564,646002,676796,761565,582539,636479,532976,761566,761567,761568,761569,494390,674062,676363,761570,624628,761571,761572,761573,761574,761575,761576,761577,761578,761579,649550,761580,671919,761581,761582,761583,761584,761585,761586,761587,761588
149,14901,'3',641083,761589,669833,642711,761590,614925,761591,761592,761593,761594,679944,761595,761596,761597,761598,761599,761600,669980,761601,761602,761603,761604,652108,761605,761606,761607,761608,612139,761609,649651,761610,761611,761612,761613,682592,761614,761615,761616,761617,761618,761619,761620,761621,761622,761623
149,14901,'5',589239,761624,761625,761626,761627,761628,659923,630031,761629,761630,761631,761632,761633,603880,761634,761635,761636,761637,761638,761639,761640,761641,761642,761643,761644,761645,761646,761647,761648,761649,761650,633631,761651,761652,530947,761653,761654,761655,761656,761657,761658,761659,761660,761661,761662,761663,761664,761665,761666,519097,761667,761668
149,14902,'1',761669,761670,761671,661834,761672,761673,761674,761675,761676,761677,761678,761679,761680,761681,761682,761683,761684,761685,761686,761687,761688,761689,761690,761691,664625,761692,761693,568517,761694,761695,761696,761697,761698,761699,761700,761701,761702,761703,761704,621925,761705,761706,641708,761707,688177,761708,761709,761710,761711
149,14902,'2',761712,761713,761714,761715,761716,761717,761718,761719,761720,761721,761722,649469,761723,761724,761725,761726,761727,624573,687277,761728,761729,761730,761731,761732,542436,761733,621164,761734,761735,761736,761737,761738,636540,761739,761740,761741,761742,761743,761744,625098,761745,631535,655920,687330,761746,761747,630831,668766,761748,761749,687964,681463,761750,579036,761751,761752
149,14902,'3',647085,761753,761754,616931,625565,761755,761756,761757,761758,761759,761760,761761,761762,761763,761764,761765,761766,761767,761768,761769,761770,761771,761772,761773,761774,761775,761776,761777,761778,761779,761780,629318,649655,761781,761782,761783,761784,761785,646932,761786,761787,761788,761789,555238,761790,761791
149,14902,'5',761792,761793,761794,761795,761796,761797,761798,761799,761800,761801,761802,761803,761804,761805,761806,761807,761808,761809,761810,761811,761812,761813,761814,761815,761816,761817,761818,761819,761820,633028,761821,761822,522215,761823,681399,761824,761825,761826,761827,670018,622820,613899,761828,761829,761830,761831,761832,761833,761834,761835,567402,520231,681928
151,15103,'1',540821,761836,761837,761838,761839,761840,761841,761842,761843,761844,761845,630483,761846,761847,676182,761848,761849,761850,761851,761852,677139,493724,761853,761854,613554,619503,761855,761856,761857,761858,761859,761860,761861,761862,761863,644481,761864,761865,761866,761867,761868,761869,761870,761871,761872,658521,761873,761874,761875,761876,761877,761878,646372,761879,761880,761881,761882,761883,642580
151,15103,'2',761884,761885,637381,761886,761887,761888,651127,761889,761890,761891,676799,761892,761893,761894,500538,761895,685172,761896,761897,761898,761899,761900,761901,761902,761903,761904,761905,761906,761907,761908,761909,761910,761911,761912,608734,761913,761914,761915,655927,761916,761917,761918,761919,605943,761920,761921,761922,685208,761923,761924,761925,761926,761927
151,15103,'3',761928,761929,761930,761931,761932,761933,628430,647677,761934,761935,761936,761937,761938,761939,761940,761941,643465,761942,761943,761944,761945,761946,761947,761948,761949,681497,761950,761951,761952,761953,761954,761955,761956,761957,761958,761959,761960,761961,761962,761963,761964,761965,761966,761967,761968,761969,659889,761970,761971,671800,761972,761973,761974
151,15103,'5',761975,761976,761977,761978,761979,761980,663002,635257,657063,675188,761981,531624,761982,632599,761983,761984,636946,761985,761986,761987,761988,761989,761990,621277,761991,761992,761993,761994,761995,632211,761996,761997,761998,761999,762000,762001,762002,762003,687073,762004,762005,762006,762007,762008,762009,762010,762011,762012,762013,762014,762015,762016,616240,762017,762018,762019,762020,762021,762022,762023
151,15104,'1',762024,762025,762026,664596,762027,762028,762029,762030,762031,647933,762032,608297,762033,762034,762035,676021,762036,762037,762038,762039,762040,762041,762042,762043,762044,762045,762046,762047,762048,637230,762049,762050,762051,762052,687598,762053,762054,762055,638408,762056,688140,762057,762058,657851,457453,644483,640840,561273,762059,762060,762061,762062,762063,762064,762065,690270,762066,762067,762068
151,15104,'2',683946,620217,762069,762070,762071,762072,762073,762074,762075,762076,621147,628238,762077,616884,762078,762079,679201,612503,762080,762081,643051,762082,762083,762084,762085,762086,762087,762088,762089,622385,762090,762091,613431,762092,762093,762094,665347,762095,762096,762097,762098,762099,762100,762101,762102,762103,609256,762104,762105,762106,762107,762108,762109,762110
151,15104,'3',762111,762112,762113,762114,681975,652075,762115,762116,680827,636658,762117,663333,762118,762119,546476,762120,762121,762122,762123,673762,762124,762125,762126,762127,762128,762129,762130,628498,762131,762132,530228,762133,542038,762134,762135,762136,762137,762138,762139,550320,762140,762141,762142,762143,762144,620711,762145,762146,762147,762148,762149,762150,762151
151,15104,'5',762152,608225,532447,762153,762154,617505,762155,762156,762157,551673,655594,762158,762159,762160,762161,762162,762163,584055,762164,762165,762166,659160,762167,762168,762169,536884,532808,762170,762171,762172,628723,762173,762174,762175,622809,762176,762177,762178,762179,762180,762181,762182,646325,684813,681043,762183,762184,542683,641835,762185,762186,762187,762188,762189,762190,762191,762192,762193,762194
154,15401,'1',762195,762196,636116,762197,762198,762199,762200,762201,762202,762203,762204,762205,762206,655736,762207,762208,387241,762209,621358,669326,762210,762211,607475,762212,523088,762213,762214,762215,762216,762217,762218,762219,604406,762220,647480,762221,762222,762223,662655,762224,762225,498526,608078,762226,605655,762227,762228,762229,762230,762231,762232,762233,762234,762235,762236,762237,762238,624019
154,15401,'2',762239,762240,614023,762241,762242,675548,762243,762244,762245,686377,651587,680571,762246,762247,762248,762249,762250,762251,762252,762253,762254,762255,762256,762257,762258,655886,762259,622373,762260,762261,762262,665334,501574,762263,663298,762264,762265,762266,650027,762267,762268,762269,762270,762271,615913,762272,762273,762274,665351,762275,762276,762277,762278,762279,762280,762281,762282,762283,762284,762285,762286,762287
154,15401,'3',762288,762289,683572,762290,762291,762292,687705,762293,762294,762295,625136,762296,762297,762298,762299,666475,648199,762300,688271,762301,762302,762303,762304,762305,762306,762307,657302,762308,762309,762310,762311,762312,665701,762313,762314,762315,762316,762317,762318,762319,762320,637763,762321,762322,762323,762324,762325,762326,762327,762328,762329,651192,762330,762331,762332,762333,762334,762335,762336,762337,672702,762338
154,15401,'5',762339,762340,762341,762342,762343,762344,762345,762346,762347,762348,762349,524658,762350,762351,651790,610352,762352,687040,619992,762353,762354,762355,762356,762357,762358,762359,762360,762361,762362,762363,762364,762365,762366,762367,762368,545505,762369,762370,632219,762371,762372,762373,762374,762375,762376,762377,647165,762378,627822,762379,762380,762381,762382,762383,762384,762385,762386,762387,620458,762388,762389,762390
154,15402,'1',762391,535899,612749,762392,762393,587818,762394,623876,762395,683247,762396,762397,687134,762398,762399,762400,762401,762402,762403,762404,762405,762406,762407,762408,762409,762410,627049,762411,598015,609730,762412,762413,762414,762415,762416,762417,762418,762419,547990,762420,648921,762421,762422,456987,762423,762424,762425,762426,479874,762427,762428,552427,762429,762430,762431,689275,762432,562789
154,15402,'2',762433,762434,762435,634279,762436,762437,762438,762439,762440,762441,762442,762443,762444,762445,762446,762447,762448,762449,762450,762451,762452,762453,762454,762455,762456,762457,762458,762459,762460,649978,762461,663834,634686,762462,762463,762464,762465,762466,605919,762467,762468,762469,762470,629149,762471,762472,762473,762474,762475,762476,762477,762478,648159,762479,762480,762481,623767,621559,762482,762483,678232,613036
154,15402,'3',762484,762485,762486,762487,762488,762489,762490,762491,645127,762492,762493,762494,762495,762496,762497,762498,762499,762500,674253,762501,762502,762503,762504,762505,604951,762506,762507,762508,621632,623798,762509,762510,762511,762512,762513,762514,762515,635198,762516,762517,762518,604988,762519,762520,631677,762521,762522,669693,762523,625637,762524,574568,633381,762525,639449,762526,762527,762528,762529,592134,762530,762531
154,15402,'5',762532,762533,762534,762535,762536,762537,762538,762539,762540,762541,610763,663406,762542,762543,619995,762544,622188,762545,762546,762547,762548,689125,762549,762550,762551,762552,762553,762554,762555,762556,762557,762558,762559,762560,762561,762562,606834,608822,762563,650625,762564,762565,762566,762567,762568,762569,762570,762571,762572,762573,762574,762575,621777,622829,762576,762577,762578,762579,632254,762580,762581,762582
156,15603,'1',537113,762583,568931,762584,762585,762586,642941,762587,666277,584660,762588,652607,762589,762590,762591,762592,762593,384246,762594,622904,762595,762596,762597,762598,762599,762600,762601,762602
156,15603,'2',762603,762604,762605,762606,762607,652665,762608,762609,762610,762611,762612,762613,762614,762615,762616,762617,762618,762619,421656,762620,762621,762622,762623,762624,762625,762626,762627,762628,762629,762630
156,15603,'3',762631,762632,516179,660847,762633,762634,762635,762636,762637,762638,627582,762639,762640,762641,484877,762642,643168,762643,634826,762644,762645,762646,762647,762648,762649,674290
156,15603,'5',762650,762651,762652,762653,762654,762655,631071,762656,762657,679276,762658,762659,762660,626108,762661,583562,762662,762663,762664,641623,762665,762666,762667,762668,762669,762670,762671,762672,621306,762673
156,15604,'1',762674,762675,762676,621318,525716,762677,762678,762679,762680,762681,762682,667332,762683,762684,762685,762686,762687,762688,762689,762690,762691,762692,762693,762694,762695,762696,762697,762698,762699,762700
156,15604,'2',762701,664637,762702,618949,655325,762703,762704,762705,628207,684000,762706,762707,762708,762709,762710,762711,762712,762713,762714,762715,762716,563514,762717,669651,762718,669958,762719,762720,762721,762722,762723,762724
156,15604,'3',762725,762726,487564,762727,762728,762729,440410,762730,762731,647711,762732,762733,762734,762735,762736,654045,762737,762738,658729,762739,762740,762741,762742,762743,762744,661544,762745,639996
156,15604,'5',762746,690115,678096,762747,634356,762748,762749,762750,762751,762752,762753,653605,762754,762755,762756,762757,762758,762759,762760,627763,762761,762762,669280,663952,762763,762764,622545,615678,762765,762766,661594,762767
158,15801,'1',762768,478386,762769,686083,762770,762771,762772,762773,762774,762775,762776,762777,762778,644881,762779,762780,641172,762781,762782,762783,762784,762785,762786,762787,762788,762789,675295,762790,762791,762792,762793,762794,762795,639257,690217,762796,624441,762797,762798,665266,762799,762800,762801,762802,762803,644208,762804,762805,654509,762806,762807,762808,762809,682956,660122,762810,762811,518402,762812,762813,686276,669176,762814,762815,640307,762816,762817,762818,762819,762820,762821,762822,762823,666884,762824,643996,762825,560811,762826,623234,762827,762828,762829,762830,762831
158,15801,'2',762832,762833,762834,762835,762836,762837,762838,762839,762840,587037,762841,762842,762843,762844,762845,762846,762847,643039,762848,762849,762850,762851,762852,762853,625065,762854,627293,762855,762856,762857,762858,643393,616340,762859,762860,762861,672854,762862,762863,627368,762864,762865,762866,762867,762868,762869,762870,762871,762872,762873,762874,762875,762876,762877,762878,762879,629916,672044,670244,762880,762881,762882,762883,654393,762884,762885,632478,762886
158,15801,'3',762887,762888,762889,762890,762891,762892,762893,762894,762895,662773,762896,610251,762897,762898,762899,762900,762901,762902,762903,762904,762905,762906,656487,762907,762908,762909,762910,762911,762912,762913,662495,762914,762915,762916,762917,762918,762919,636749,679244,762920,762921,762922,762923,762924,762925,762926,762927,762928,762929,762930,762931,762932,762933,762934,762935,627635,762936,577791,762937,762938,762939
158,15801,'5',654079,762940,560098,762941,762942,652178,762943,762944,762945,762946,762947,657802,762948,762949,762950,762951,762952,762953,762954,762955,762956,762957,762958,762959,686462,622510,762960,631104,762961,762962,762963,762964,762965,609171,762966,762967,762968,762969,619352,762970,762971,647367,762972,647368,762973,762974,762975,762976,762977,762978,762979,762980,762981,762982,682773,762983,762984,762985,762986,762987,762988,762989,762990,762991
158,15802,'1',762992,686670,642484,762993,762994,542257,762995,762996,762997,762998,613935,762999,763000,763001,763002,763003,763004,763005,763006,763007,763008,763009,763010,763011,763012,763013,763014,763015,763016,763017,763018,763019,763020,602953,763021,556122,763022,763023,763024,763025,763026,763027,763028,763029,763030,763031,618855,521397,763032,763033,763034,763035,763036,512611,763037,763038,763039,763040,763041,763042,763043,624986,620520,673183,763044,532597,763045,763046,629839,763047,763048,763049,763050,763051,598149,763052,763053,763054,548070,763055,763056,763057,763058
158,15802,'2',763059,763060,763061,763062,763063,763064,763065,763066,763067,763068,763069,645032,763070,763071,763072,763073,763074,763075,763076,763077,617910,763078,649975,763079,763080,763081,763082,763083,763084,763085,676833,763086,624594,763087,763088,681453,584202,572792,763089,669208,763090,418472,763091,763092,763093,763094,763095,649546,763096,763097,763098,686903,763099,635810,763100,542924,763101,763102,651663,763103,763104,763105,763106,650480,763107,763108
158,15802,'3',763109,763110,763111,763112,763113,763114,763115,763116,763117,525118,763118,763119,763120,763121,763122,763123,655487,763124,763125,763126,763127,763128,763129,763130,481734,763131,763132,763133,613079,763134,551330,550627,763135,763136,613766,624732,763137,763138,763139,763140,763141,763142,604994,634346,763143,763144,763145,763146,763147,763148,763149,763150,763151,763152,763153,669262,763154,763155,763156
158,15802,'5',763157,571339,763158,763159,609308,645239,637882,763160,763161,673123,763162,763163,763164,763165,763166,763167,763168,654117,763169,763170,763171,763172,672094,763173,670682,763174,763175,628713,763176,763177,763178,763179,763180,667876,763181,763182,763183,763184,763185,763186,763187,631181,763188,763189,763190,763191,763192,763193,763194,763195,613507,763196,763197,763198,597967,763199,763200,763201,620109,606365,763202,574225,763203,763204
160,16003,'1',551439,763205,763206,763207,763208,616793,763209,549826,763210,763211,763212,763213,683249,763214,763215,763216,606882,763217,667931,763218,763219,622609,763220,763221,763222,763223,763224,673693,763225,622920,763226,763227,763228,763229,763230,763231
160,16003,'2',763232,551533,763233,763234,763235,763236,763237,763238,621970,763239,669202,763240,763241,763242,763243,677389,511271,642697,763244
160,16003,'3',763245,763246,656501,763247,681350,763248,642771,763249,763250,633389,763251,683647,763252,763253
160,16003,'5',763254,763255,763256,763257,763258,763259,763260,763261,763262,763263,763264,763265,763266,549797
160,16004,'1',616782,763267,533922,763268,763269,763270,763271,763272,763273,763274,688880,763275,763276,763277,763278,584654,639860,763279,763280,599474,763281,763282,660110,763283,763284,763285,763286,470415,763287,763288,763289,763290,763291,763292,763293,763294
160,16004,'2',763295,763296,763297,763298,763299,763300,607834,763301,763302,763303,763304,763305,763306,622690,763307,763308,682962,763309,763310
160,16004,'3',670561,763311,763312,763313,500460,763314,763315,763316,763317,763318,763319,675262,763320,763321
160,16004,'5',763322,763323,763324,567829,763325,763326,763327,763328,763329,763330,763331,657129,763332,671397
161,16101,'1',763333,763334,763335,763336,763337,621316,763338,763339,763340,763341,763342,763343,763344,763345,763346,763347,576144,763348,463872,763349,664420,763350,763351,763352,626585,660074,763353,763354,763355,763356,763357,763358,763359,763360,763361,763362,763363,763364,763365,763366,763367,500109,763368,763369,763370,520980,763371,763372,763373,763374,460561,649899,763375,763376,763377,763378,763379,763380,763381,676248,525757,763382,622921,763383,763384,763385,763386,763387,763388,763389,763390
161,16101,'2',763391,763392,763393,763394,763395,763396,763397,653296,763398,763399,763400,610545,763401,610555,632817,763402,763403,763404,763405,763406,763407,763408,763409,763410,763411,763412,763413,763414,763415,763416,763417,763418,763419,763420,632428,763421,675569,763422,763423,763424,763425,763426,655402,763427,763428,763429,617132,763430,604503,763431,763432,763433,763434,634733,763435,763436,763437,763438,763439,558182,763440,387659,763441
161,16101,'3',763442,763443,663630,763444,763445,763446,763447,763448,763449,763450,763451,763452,686012,763453,763454,763455,663642,588299,763456,763457,763458,763459,763460,763461,763462,763463,763464,763465,611031,609972,763466,763467,763468,763469,763470,763471,763472,763473,763474,763475,763476,763477,763478,763479,763480,643490,763481,763482,763483,763484,763485,763486,763487,603140,763488,650177,763489,763490,546696
161,16101,'5',763491,763492,763493,763494,763495,648302,763496,763497,763498,763499,763500,763501,763502,670659,763503,763504,763505,763506,763507,680003,763508,763509,610371,613860,763510,652820,557333,763511,763512,763513,763514,763515,763516,763517,763518,763519,664576,763520,763521,763522,679745,763523,564357,763524,763525,589350,763526,763527,763528,763529,763530,763531,655685,763532,679291,763533,763534,763535,763536
161,16102,'1',614346,763537,763538,763539,763540,660062,763541,763542,763543,763544,763545,763546,763547,763548,763549,763550,675298,763551,763552,763553,763554,763555,514863,763556,763557,763558,763559,605796,684604,763560,763561,763562,763563,645803,763564,763565,763566,763567,763568,653055,763569,763570,763571,763572,763573,607335,763574,436949,763575,763576,674613,763577,763578,763579,763580,763581,687634,763582,667945,763583,763584,763585,763586,763587,763588,763589,763590,763591,763592,763593,763594
161,16102,'2',763595,763596,763597,763598,763599,763600,653298,549901,536985,763601,763602,662402,763603,763604,763605,763606,763607,763608,763609,763610,763611,763612,763613,673215,763614,763615,763616,763617,465498,763618,763619,763620,763621,763622,763623,763624,653886,763625,763626,685441,763627,763628,605937,659720,614871,763629,647072,763630,763631,763632,763633,763634,763635,763636,763637,763638,763639,763640,763641,763642,763643,639697,763644
161,16102,'3',763645,763646,763647,763648,763649,763650,763651,763652,763653,763654,680594,763655,763656,763657,624686,763658,763659,763660,763661,763662,763663,763664,763665,763666,763667,763668,763669,689393,763670,763671,629701,763672,763673,627578,763674,763675,763676,525493,639135,763677,763678,763679,763680,763681,763682,763683,763684,763685,683630,763686,627619,763687,763688,763689,763690,763691,763692,763693,763694,585444
161,16102,'5',560559,763695,607136,763696,763697,763698,763699,763700,763701,763702,667122,763703,763704,763705,763706,650223,763707,763708,633434,763709,763710,763711,763712,606997,763713,763714,763715,763716,763717,763718,763719,763720,763721,763722,672742,763723,763724,763725,763726,763727,763728,763729,763730,763731,657401,639510,527511,763732,763733,763734,622250,763735,763736,763737,763738,763739,763740,763741,763742
162,16201,'1',669301,763743,763744,763745,763746,763747,575912,763748,763749,763750,763751,763752,763753,763754,763755,763756,763757,763758,763759,677735,763760,763761,763762,618330,763763,763764,763765,763766,763767,763768,763769,763770,763771,686129,763772,763773,763774,763775
162,16201,'2',763776,763777,763778,763779,763780,658046,763781,763782,763783,763784,763785,763786,606717,689002,585590,763787,495408,763788,763789,763790,650826,763791,763792,641067,763793,677881,763794,763795,655004,763796,763797,763798,763799,763800
162,16201,'3',607540,763801,763802,622435,763803,763804,763805,763806,763807,763808,763809,763810,763811,763812,763813,763814,614984,763815,517321,763816,763817,669691,630329,594687
162,16201,'5',763818,763819,763820,763821,763822,763823,763824,620408,763825,763826,763827,680918,763828,763829,763830,763831,763832,763833,763834,763835,763836,627842,763837,763838,618747,763839,654463,763840
162,16202,'1',763841,763842,661604,538099,678824,763843,763844,763845,763846,676190,763847,763848,597312,468857,763849,763850,763851,612366,763852,763853,763854,686341,763855,763856,763857,763858,513768,763859,763860,763861,763862,763863,763864,530765,660787,606430,763865
162,16202,'2',763866,763867,763868,763869,763870,656333,763871,763872,763873,763874,763875,763876,763877,763878,763879,763880,763881,763882,632849,763883,677272,763884,763885,763886,675938,763887,763888,763889,666929,763890,763891,763892,763893
162,16202,'3',763894,763895,763896,658656,763897,763898,763899,763900,763901,763902,763903,763904,641976,763905,666062,763906,763907,763908,763909,763910,763911,763912,763913,763914
162,16202,'5',763915,763916,763917,763918,763919,763920,763921,763922,763923,517082,763924,763925,763926,763927,763928,763929,763930,763931,680925,763932,763933,763934,763935,763936,763937,763938,622560
164,16401,'1',763939,763940,763941,763942,763943,763944,763945,519110,763946,542743,763947,763948,763949,612807,763950,763951,763952,763953,496847,763954,616538,588756,763955,763956,763957,642547,763958,763959,763960,763961,609388,683898,763962,763963,763964,763965,763966,763967,763968,597397,763969,763970,763971,763972,763973
164,16401,'2',763974,763975,763976,763977,763978,763979,763980,763981,763982,651591,763983,763984,763985,763986,763987,763988,675165,763989,763990,626343,763991,673734,763992,657544,763993,763994,638500,402483,678220,763995,763996,763997,662747,763998,763999,689796,521102,764000,764001,764002,764003
164,16401,'3',764004,764005,764006,764007,764008,764009,684145,638239,642720,764010,764011,687387,764012,664107,764013,472619,764014,764015,612586,764016,764017,764018,764019,764020,764021,764022,764023,764024,764025,639140,678278,764026,764027,764028,764029,764030,764031,764032,764033,764034
164,16401,'5',764035,764036,764037,764038,764039,764040,764041,764042,764043,764044,636948,764045,764046,764047,543513,609168,764048,764049,764050,764051,764052,764053,764054,764055,764056,764057,653639,764058,764059,764060,764061,689151,764062,764063,571933,764064,764065,764066,764067,667886,764068,764069,764070,764071
164,16402,'1',764072,764073,764074,764075,764076,764077,764078,764079,386580,764080,764081,764082,664231,764083,764084,677846,576377,764085,764086,764087,505845,764088,683867,764089,764090,764091,764092,764093,764094,764095,764096,764097,382470,764098,764099,649907,764100,764101,764102,764103,764104,764105,636360,764106,627196
164,16402,'2',764107,764108,764109,764110,764111,764112,764113,764114,764115,764116,764117,764118,764119,655866,764120,764121,615900,764122,764123,764124,677214,764125,764126,764127,764128,764129,764130,764131,533583,764132,649043,764133,764134,764135,764136,675024,764137,764138,764139,659751,764140
164,16402,'3',764141,764142,764143,764144,764145,764146,764147,764148,764149,764150,764151,648208,764152,764153,764154,678917,764155,764156,764157,764158,764159,764160,764161,764162,764163,764164,764165,764166,764167,764168,764169,764170,764171,764172,764173,764174,681524,613331,613806,764175,764176
164,16402,'5',764177,627671,764178,764179,764180,764181,764182,764183,764184,764185,764186,764187,764188,764189,609669,764190,764191,764192,764193,764194,764195,612695,623632,764196,764197,764198,764199,618711,635902,764200,764201,764202,551123,764203,764204,764205,764206,764207,662584,764208,764209,764210,764211,764212
165,16501,'1',764213,764214,764215,764216,653707,764217,764218,764219,764220,631232,764221,764222,764223,764224,764225,764226,764227,764228,764229,764230,555313,675288,638959,764231,764232,686689,764233,764234,764235,559802,764236,764237,764238,764239,764240,764241,764242,764243,764244,764245,764246,764247,764248,764249,764250,764251,764252,764253,764254,764255,764256,764257,764258,764259,764260,764261,764262,764263,764264,764265,764266,764267,764268,764269,764270,585518,764271,764272,764273,764274,764275,577718,644462,539234,764276,764277,764278,764279,625386,764280,764281,764282,764283,672531,626208,764284,764285,764286,764287,764288,517839,764289,538222,764290,764291,764292,764293,612836,764294,764295,764296,497730,764297,764298,764299,764300,764301,764302,764303,764304,764305,764306,764307,764308,764309,764310,541724,764311,764312,764313,764314,764315,764316,764317,652320,764318,764319,643626,764320,764321,764322,764323,764324,764325,764326,764327,434603,764328,764329,764330,764331,764332,764333,764334,764335,656283,764336,764337,764338,764339,764340,764341,687215,764342,764343,686365,764344,764345,631945,764346,764347,764348,588420,764349,764350,764351,764352,764353,764354,764355,673017,764356,514670,764357,764358,764359,654364,764360,764361
165,16501,'2',764362,764363,764364,764365,642159,764366,764367,664274,764368,764369,764370,764371,764372,764373,764374,573269,689293,764375,534622,608106,764376,764377,764378,764379,764380,614771,528219,630715,764381,764382,764383,678876,764384,764385,764386,764387,680079,764388,764389,764390,612961,764391,764392,764393,764394,764395,764396,764397,664280,764398,764399,567014,764400,518980,764401,764402,684655,618429,764403,764404,654590,764405,764406,764407,764408,764409,764410,764411,764412,615762,652384,764413,764414,764415,617930,764416,764417,764418,669052,764419,764420,764421,764422,764423,685182,764424,764425,611628,764426,764427,764428,764429,764430,764431,764432,672266,764433,764434,764435,764436,629445,764437,764438,632021,764439,650438,764440,568601,764441,764442,661485,764443,495719,764444,638207,764445,764446,764447,764448,471234,764449,764450,764451,764452,764453,683091,764454,764455,764456,764457,764458,764459,764460,764461,764462,632863,764463,764464,764465,764466,764467,764468,764469,764470,764471,630251,764472,764473,764474,574274,764475,764476,606490,764477,764478,764479,688613,764480,764481,764482,764483,764484,764485,764486,764487,764488,764489,655015,764490,764491,764492,764493,653425,764494,764495,614121,764496
165,16501,'3',615928,764497,764498,681471,764499,764500,614129,636654,764501,764502,764503,764504,764505,764506,544315,764507,644322,764508,764509,607245,764510,764511,764512,764513,764514,552512,615793,764515,764516,764517,764518,764519,764520,764521,764522,764523,655482,687390,764524,764525,764526,651387,764527,764528,764529,764530,764531,764532,764533,639413,764534,764535,764536,764537,764538,764539,650902,764540,764541,764542,764543,629313,764544,764545,764546,764547,764548,764549,764550,764551,651396,764552,600941,650527,764553,764554,764555,764556,764557,635651,764558,764559,764560,764561,553334,764562,630996,764563,606272,516026,764564,764565,764566,764567,764568,764569,764570,764571,764572,669685,764573,764574,764575,764576,764577,764578,764579,655075,764580,374138,631013,764581,764582,566719,764583,764584,650165,514221,764585,764586,764587,764588,764589,764590,634348,764591,764592,764593,764594,764595,764596,645594,764597,484491,764598,764599,764600,764601,661165,764602,678454,764603,764604
165,16501,'5',513592,764605,521207,764606,764607,764608,764609,764610,764611,764612,764613,671234,764614,764615,764616,764617,764618,764619,764620,764621,626886,764622,764623,764624,639173,612662,764625,764626,764627,764628,764629,625249,764630,764631,764632,764633,764634,764635,764636,764637,764638,764639,663705,764640,764641,573020,764642,764643,677819,764644,764645,683686,764646,764647,764648,764649,764650,764651,764652,764653,764654,764655,665184,764656,669281,764657,764658,764659,764660,764661,764662,764663,764664,764665,629072,764666,764667,764668,764669,764670,764671,551703,559701,764672,764673,764674,764675,764676,764677,639504,764678,517989,764679,764680,523444,646821,624849,764681,764682,764683,764684,764685,764686,764687,764688,764689,764690,764691,764692,584079,657125,764693,764694,641831,554321,764695,764696,764697,649774,523900,764698,764699,764700,764701,764702,764703,764704,764705,764706,764707,764708,764709,764710,764711,628792,764712,764713,764714,649299,764715,764716,649300,764717,764718,625754,764719,764720,764721,764722
165,16502,'1',649304,764723,764724,764725,668583,764726,764727,764728,764729,672776,764730,638374,764731,764732,764733,663472,764734,764735,630473,764736,686090,764737,663757,764738,764739,621833,764740,764741,764742,530727,764743,571994,764744,764745,663185,764746,764747,764748,764749,764750,764751,764752,764753,764754,764755,764756,764757,764758,605122,764759,690407,764760,764761,764762,764763,764764,764765,657997,764766,764767,764768,764769,764770,764771,630133,764772,764773,597322,764774,764775,764776,608866,764777,670785,764778,635742,764779,764780,764781,764782,764783,764784,764785,764786,764787,764788,764789,764790,764791,764792,764793,764794,764795,764796,764797,764798,515947,764799,673350,764800,764801,764802,764803,764804,764805,764806,764807,764808,764809,664006,764810,764811,764812,764813,690285,764814,764815,764816,764817,764818,659253,645368,764819,764820,764821,685607,764822,764823,620522,764824,764825,611544,764826,588965,665533,764827,655280,583931,764828,764829,764830,764831,764832,764833,764834,764835,764836,764837,764838,764839,436780,764840,764841,764842,764843,673362,632377,764844,764845,764846,764847,764848,764849,764850,764851,764852,657492,621932,651561,764853,764854,764855,764856
165,16502,'2',639030,611234,633203,764857,764858,764859,651971,764860,764861,764862,637383,764863,604834,642593,674388,672222,764864,764865,764866,764867,764868,673544,764869,764870,588051,764871,764872,764873,764874,764875,764876,764877,651984,764878,638175,611252,764879,764880,764881,764882,764883,764884,764885,764886,764887,764888,764889,764890,764891,670875,764892,764893,764894,764895,629873,556240,764896,764897,686842,764898,764899,764900,764901,585376,764902,764903,606458,764904,764905,764906,764907,764908,764909,764910,764911,764912,764913,764914,764915,764916,764917,764918,764919,764920,764921,586141,764922,646013,764923,686873,764924,764925,764926,764927,764928,611638,764929,764930,764931,764932,764933,764934,764935,764936,764937,764938,764939,764940,449039,764941,764942,764943,605184,764944,764945,764946,764947,642243,622683,764948,764949,481292,764950,649047,764951,764952,764953,764954,764955,764956,764957,621545,764958,764959,764960,764961,764962,764963,764964,764965,764966,687691,469887,764967,764968,764969,764970,764971,764972,616116,764973,764974,764975,764976,764977,764978,764979,764980,764981,764982,764983,764984,764985,764986,764987,764988,764989,764990,764991,764992,764993,665089,764994,764995,764996,764997,764998
165,16502,'3',764999,681470,607534,765000,765001,765002,765003,765004,765005,765006,765007,547311,765008,765009,765010,765011,765012,677625,765013,765014,765015,544153,646254,765016,765017,765018,765019,765020,765021,765022,765023,765024,765025,765026,765027,765028,765029,765030,765031,765032,575780,765033,765034,765035,765036,765037,765038,765039,765040,765041,765042,605388,765043,630296,765044,765045,765046,765047,765048,765049,765050,765051,671352,765052,544739,765053,765054,656001,765055,765056,765057,765058,765059,765060,765061,765062,765063,765064,765065,765066,765067,765068,765069,765070,465164,607552,765071,765072,765073,765074,765075,765076,765077,615532,765078,765079,429565,765080,765081,765082,765083,765084,765085,765086,765087,765088,765089,765090,765091,604598,765092,765093,765094,765095,623598,765096,765097,765098,765099,464176,765100,765101,765102,765103,765104,640740,765105,765106,390597,608785,765107,765108,765109,572370,765110,765111,765112,765113,765114,765115,644763,635867,765116
165,16502,'5',765117,652793,765118,765119,629727,765120,679592,765121,765122,765123,765124,620394,765125,765126,765127,765128,765129,765130,765131,765132,765133,765134,765135,765136,765137,765138,765139,627720,765140,765141,765142,765143,765144,765145,655600,765146,765147,765148,765149,765150,630386,765151,765152,765153,575845,625688,664741,765154,765155,765156,765157,765158,673796,765159,765160,765161,765162,553001,765163,765164,765165,765166,677055,765167,614284,765168,765169,765170,765171,765172,765173,765174,765175,765176,765177,765178,765179,765180,765181,765182,765183,765184,765185,765186,765187,529219,580945,765188,765189,765190,765191,605074,614613,765192,613367,619375,765193,765194,765195,765196,765197,620433,678805,765198,765199,765200,765201,765202,765203,638023,765204,765205,765206,765207,592014,680360,765208,765209,765210,765211,765212,668567,765213,765214,765215,765216,765217,765218,570657,765219,765220,765221,765222,675197,611462,765223,765224,609186,651037,765225,765226,765227,765228,765229,765230,765231,765232,571966,765233
166,16601,'1',765234,765235,765236,765237,765238,681109,765239,658474,765240,765241,765242,765243,765244,765245,668283,765246,765247,658540,765248,765249,765250,765251
166,16602,'1',765252,765253,765254,642939,630493,765255,765256,689227,765257,765258,765259,765260,765261,513310,641898,765262,765263,591517,765264,765265,765266,765267,765268
167,16703,'1',765269,765270,765271,580097,673505,765272,765273,624923,765274,765275,765276,765277,765278,765279,393161,765280,676684,765281,765282,539396,765283,765284,765285,639570,765286,765287,765288,765289,765290,765291,633841,621103,765292,765293,765294,765295,765296,765297,765298,765299,552433
167,16703,'2',765300,765301,765302,765303,765304,765305,765306,765307,765308,765309,765310,765311,765312,765313,765314,765315,765316,765317,765318,765319,674787,765320,765321,765322,653871,765323,676865,765324,551814,765325,765326,765327,765328,557675,765329
167,16704,'1',765330,625329,765331,765332,672778,765333,567431,765334,765335,765336,765337,580605,765338,765339,765340,658888,765341,765342,765343,649370,765344,765345,765346,765347,765348,765349,392862,765350,765351,765352,765353,765354,765355,765356,765357,765358,663552,765359,765360,765361,765362
167,16704,'2',556194,663820,765363,765364,672580,765365,765366,765367,765368,765369,765370,765371,659655,765372,765373,765374,765375,765376,765377,765378,547153,765379,607224,765380,765381,765382,765383,765384,765385,765386,635621,765387,678558,765388
168,16803,'1',765389,607313,589390,765390,662603,634954,765391,579123,765392,765393,765394,765395,765396,765397,765398,765399,765400,765401,765402,765403,765404,765405,765406,765407,765408,765409,765410,765411,765412,765413,765414,765415,684584,765416,765417,765418,765419,513361,620159,688904,765420,765421,765422,765423,765424,555082,651918,765425,765426,689522,640569,611935,765427,765428,765429,639589,765430,765431,765432,765433,765434,765435,765436,765437,765438,765439,765440,522399,765441,656290,765442,765443,765444,611973,636356,687234,765445,765446,765447,672567,765448,527666,765449,765450,765451,765452,690595,765453,765454
168,16803,'2',765455,765456,765457,765458,536029,765459,665889,765460,765461,654563,765462,591539,765463,765464,655334,765465,765466,566580,765467,765468,765469,765470,765471,765472,765473,765474,765475,765476,765477,765478,765479,675561,645552,765480,765481,655877,765482,488134,765483,613670,765484,765485,765486,615383,765487,765488,765489,765490,765491,765492,765493,590825,581493,765494,765495,765496,765497,765498,549937,765499,765500,620625,765501,765502,765503,552932,765504,765505,765506,765507,765508,765509,765510,765511,765512,765513
168,16803,'3',620304,765514,765515,765516,765517,765518,765519,685681,765520,765521,765522,765523,765524,630281,765525,765526,614158,765527,765528,765529,765530,765531,765532,765533,765534,765535,614966,765536,765537,765538,765539,765540,765541,765542,573995,765543,619876,765544,765545,765546,676473,765547,765548,765549,765550,765551,765552,765553,765554,765555,765556,765557,765558,765559,765560,765561,634344,765562,765563,765564,765565,556818,651758,765566,765567,765568,765569,552544,765570,604617,765571,765572,765573,765574,765575,765576,765577
168,16803,'5',765578,765579,765580,765581,765582,765583,765584,765585,652796,765586,614243,765587,765588,610752,679851,765589,765590,765591,765592,765593,765594,765595,765596,765597,765598,765599,765600,765601,579091,521241,765602,765603,765604,765605,765606,679130,765607,765608,765609,765610,765611,765612,606833,765613,765614,765615,765616,600613,765617,765618,765619,765620,661386,618724,765621,765622,765623,765624,765625,765626,646115,765627,765628,765629,765630,765631,765632,625741,765633,765634,765635,632259,765636,541604,765637,765638,765639
168,16804,'1',765640,765641,535431,645495,765642,765643,765644,765645,765646,676664,684520,765647,765648,765649,765650,765651,525717,765652,765653,629784,765654,765655,765656,765657,677517,765658,684851,765659,765660,765661,645355,630123,765662,765663,765664,765665,765666,765667,765668,765669,765670,765671,669775,635361,765672,675796,765673,685773,528657,765674,765675,765676,765677,557809,765678,765679,765680,765681,678512,765682,651532,648496,765683,765684,765685,601496,765686,765687,597364,765688,765689,633672,765690,765691,765692,765693,765694,765695,765696,765697,606677,765698,765699,765700,690429,765701,765702,765703,765704
168,16804,'2',765705,765706,616577,765707,765708,765709,765710,765711,640109,765712,765713,765714,765715,765716,765717,765718,765719,765720,668704,575028,765721,765722,765723,610551,765724,626640,765725,765726,610162,765727,765728,765729,765730,765731,765732,765733,765734,663586,670085,765735,765736,765737,765738,765739,610181,647612,765740,765741,765742,765743,765744,765745,672856,765746,632449,765747,765748,765749,765750,765751,765752,765753,674230,765754,765755,765756,659735,765757,650062,765758,765759,765760,765761,463021,765762,765763
168,16804,'3',765764,579528,765765,765766,656929,765767,765768,765769,765770,765771,765772,765773,765774,765775,765776,765777,765778,765779,765780,765781,765782,765783,765784,765785,765786,765787,669074,656488,765788,765789,765790,765791,765792,657310,665703,765793,765794,765795,765796,611038,680603,765797,765798,765799,677426,765800,765801,765802,622742,765803,765804,765805,765806,765807,642775,765808,765809,765810,765811,765812,765813,765814,658357,630336,765815,765816,765817,765818,765819,765820,639747,765821,765822,549093,621686,765823,765824
168,16804,'5',672399,765825,765826,554234,641590,765827,765828,765829,674579,765830,645246,765831,765832,765833,632178,765834,765835,627717,765836,765837,765838,765839,765840,765841,765842,683241,765843,765844,666593,765845,765846,765847,661566,765848,650238,765849,765850,765851,765852,765853,548727,518349,765854,765855,765856,765857,765858,765859,545939,765860,765861,675193,765862,765863,765864,765865,765866,607164,765867,765868,765869,677107,765870,623849,765871,765872,765873,765874,765875,765876,765877,765878,640041,765879,638660,765880,656206
169,16901,'1',631228,642049,765881,765882,765883,620478,765884,765885,765886,765887,545579,765888,765889,623904,765890,765891,674724,653734,562751,765892,637255,765893,765894,765895,648499,765896,765897,765898,465007,765899,622328,765900,765901,765902,765903,765904,765905,765906,765907,765908
169,16901,'2',765909,765910,563447,578615,765911,765912,765913,765914,765915,765916,765917,655370,765918,765919,765920,765921,765922,671503,625529,765923,765924,765925,765926,765927,765928,765929,765930,765931,765932,765933,765934,765935,765936,765937
169,16901,'3',765938,765939,765940,765941,765942,542955,765943,765944,765945,765946,765947,765948,765949,765950,606766,765951,765952,643137,689066,765953,765954,669680,765955,682476,765956,765957,765958,623071,765959
169,16901,'5',765960,765961,765962,623818,765963,765964,765965,765966,765967,765968,765969,765970,765971,765972,765973,765974,765975,765976,765977,765978,661580,765979,765980,765981,765982,765983,765984,765985,765986,765987,765988,765989,765990
169,16902,'1',765991,765992,765993,606083,765994,765995,765996,765997,765998,765999,766000,766001,634979,766002,766003,681732,766004,690182,613561,766005,766006,766007,543661,766008,766009,766010,650732,766011,766012,766013,673848,766014,494775,766015,628837,766016,766017,766018,766019,766020,766021
169,16902,'2',609929,766022,637409,766023,766024,766025,672232,766026,766027,766028,618999,766029,766030,766031,619679,766032,766033,766034,766035,766036,766037,766038,766039,633911,766040,766041,766042,766043,670927,766044,766045,766046,766047
169,16902,'3',766048,766049,766050,766051,766052,766053,629951,766054,766055,766056,619832,766057,673918,766058,766059,766060,766061,766062,766063,659442,766064,766065,766066,766067,766068,766069,766070,766071,766072,766073
169,16902,'5',573573,675852,766074,766075,766076,766077,766078,766079,766080,766081,766082,766083,766084,766085,766086,766087,766088,618726,632646,766089,766090,609021,630086,766091,766092,766093,766094,766095,766096,766097,766098,628804
171,17103,'1',671400,766099,766100,569207,766101,766102,766103,766104,766105,766106,766107,766108,766109,766110,766111,766112,766113,531291,766114,766115,766116,766117,766118,606878,766119,766120,766121,766122,766123,766124,766125,766126,676715,649877,766127,766128,766129,766130,766131,766132,690234,766133,766134,766135,766136,766137,686126,766138,766139,766140,766141,642149,766142,766143,766144,766145
171,17103,'2',766146,766147,766148,766149,604833,639333,766150,766151,766152,538390,766153,766154,766155,766156,766157,766158,766159,766160,766161,766162,766163,766164,766165,766166,766167,637461,766168,766169,766170,766171,766172,615351,766173,766174,766175,766176,553193,766177,766178,766179,766180,766181,766182,766183,766184,766185,766186,643823,766187,766188,766189,766190,766191,766192,766193,766194,766195,766196,766197,617976,766198,561895,643439,766199
171,17103,'3',766200,766201,766202,766203,617642,613305,766204,631596,766205,766206,578729,634326,563557,537659,766207,660325,766208,766209,766210,766211,635166,766212,766213,524557,766214,766215,766216,766217,766218,629311,766219,633737,766220,766221,766222,766223,766224,766225,766226,766227,766228,766229,766230,766231,766232,682058,766233,766234,766235,766236,766237,677656,766238,766239,766240,766241,766242,766243,766244,766245,659894,766246,766247,766248,661768,656570
171,17103,'5',766249,766250,766251,766252,766253,766254,652180,766255,766256,654749,766257,766258,766259,766260,606031,766261,766262,766263,766264,766265,766266,766267,766268,766269,766270,766271,766272,766273,766274,766275,766276,766277,766278,766279,594238,766280,524745,766281,669733,766282,766283,766284,597926,766285,766286,766287,766288,766289,766290,766291,766292,766293,766294,766295,766296,635320,766297,766298,766299,766300,609343,766301,617061,651248,766302,766303,766304
171,17104,'1',766305,766306,766307,766308,766309,648869,766310,618780,766311,766312,766313,766314,766315,667628,766316,766317,766318,614658,766319,487348,766320,766321,766322,766323,766324,766325,766326,766327,667506,676225,635949,766328,766329,766330,766331,766332,766333,766334,766335,625841,766336,766337,766338,766339,766340,766341,766342,490908,766343,766344,766345,581804,766346,766347,766348
171,17104,'2',766349,766350,766351,766352,766353,766354,766355,766356,579496,766357,766358,766359,530797,766360,766361,766362,766363,766364,766365,766366,766367,766368,683504,766369,766370,766371,766372,766373,766374,766375,571579,672269,683532,629444,766376,766377,669058,766378,766379,766380,766381,766382,766383,766384,766385,766386,766387,766388,766389,685988,766390,766391,623561,766392,766393,766394,766395,766396,766397,766398,766399,766400,620946
171,17104,'3',567651,766401,766402,766403,613046,766404,766405,766406,766407,766408,766409,584549,766410,766411,619151,687384,766412,766413,766414,766415,766416,766417,766418,766419,766420,766421,684998,766422,766423,766424,766425,766426,766427,578263,766428,766429,766430,652458,766431,766432,766433,766434,766435,669461,616974,766436,653532,766437,766438,766439,766440,766441,766442,766443,766444,766445,766446,632154,766447,766448,766449,766450,766451,766452,766453
171,17104,'5',766454,677023,766455,652996,533398,550343,766456,766457,522152,766458,766459,584452,766460,766461,766462,766463,586945,766464,766465,766466,766467,766468,519624,766469,766470,766471,766472,766473,766474,766475,766476,766477,766478,766479,766480,766481,766482,655638,766483,766484,677707,766485,766486,766487,766488,766489,766490,632234,766491,766492,766493,766494,766495,766496,766497,627849,641628,766498,655684,644158,646688,766499,766500,766501,766502,766503
184,18401,'1',766504,620814,766505,766506,766507,766508,669150,766509,766510,766511,766512,766513,766514,766515,608045,766516,766517,766518,766519,766520,621089,766521,766522,766523,766524,622600,766525,766526,766527,665275,766528,766529,516904,766530,651310,766531,766532,766533,766534,632782,766535,766536,766537,766538
184,18401,'2',615294,766539,766540,766541,766542,766543,618973,545264,766544,766545,766546,766547,766548,670464,766549,766550,766551,614809,766552,766553,766554,766555,766556,766557,766558,766559,766560,766561,766562,545304,766563,679053,766564,606479,766565,766566,690049,766567,766568,766569,766570,618499,766571,766572,678031,766573
184,18401,'3',766574,766575,766576,623312,766577,766578,766579,766580,597622,647683,644679,766581,766582,766583,766584,766585,766586,636703,642316,766587,559012,671775,681339,766588,657312,766589,766590,766591,766592,666066,766593,766594,766595,766596,766597,652770,766598,766599,664130,494445,766600,766601,766602
184,18401,'5',766603,766604,640948,766605,766606,604642,766607,766608,766609,766610,766611,766612,766613,545885,653005,766614,766615,766616,766617,766618,766619,766620,766621,766622,766623,766624,766625,766626,657659,766627,626734,766628,766629,766630,766631,766632,766633,766634,536294,766635,766636,766637,766638,766639,766640,766641
184,18402,'1',766642,766643,766644,766645,626947,766646,766647,766648,766649,766650,766651,766652,766653,766654,766655,766656,766657,766658,766659,766660,766661,766662,766663,766664,677142,649391,766665,623971,671672,766666,766667,766668,766669,612438,766670,683453,766671,647029,766672,627186,766673,766674,766675,766676
184,18402,'2',766677,766678,766679,628995,766680,766681,766682,627250,766683,766684,766685,766686,766687,766688,766689,766690,766691,766692,562815,766693,766694,766695,638486,766696,766697,766698,766699,766700,766701,766702,766703,766704,592721,766705,766706,766707,766708,766709,649558,766710,766711,766712,766713,551290,766714,766715
184,18402,'3',766716,766717,766718,766719,465134,766720,766721,766722,766723,766724,766725,766726,766727,766728,766729,551846,655985,766730,766731,766732,607915,766733,766734,766735,658127,578772,766736,604976,766737,766738,766739,652768,766740,766741,766742,766743,766744,650941,766745,766746,766747,766748,609143
184,18402,'5',766749,766750,766751,766752,766753,766754,652800,766755,766756,766757,766758,766759,661037,766760,766761,766762,766763,653603,766764,766765,605438,639790,766766,766767,766768,766769,766770,607713,625278,766771,766772,578425,766773,602875,635905,766774,766775,766776,766777,766778,766779,766780,766781,766782,766783,766784
185,18501,'1',766785,766786,766787,766788,766789,766790,611890,766791,766792,766793,651897,686260,677732,621360,766794,766795,766796,681417,766797,609551,766798,766799,766800,766801,766802,766803,766804,766805,665816,766806,766807,766808,766809,614507,766810,766811,766812,766813,766814,493455,766815,766816,766817,766818,766819,766820,766821,766822,766823,766824,626269,634272,766825,766826,766827,552176,766828
185,18501,'2',522445,766829,766830,766831,766832,766833,611990,766834,766835,669035,625472,653292,766836,766837,766838,678877,766839,766840,766841,766842,766843,766844,766845,677356,766846,766847,766848,766849,631997,766850,766851,766852,766853,766854,766855,766856,766857,766858,766859,766860,630785,766861,766862,766863,682843,766864,766865,766866,766867,551586,766868,521539,766869,766870,766871,766872,766873,766874,655441
185,18501,'3',766875,651681,766876,766877,616132,766878,766879,766880,766881,766882,766883,766884,766885,766886,766887,766888,766889,766890,766891,766892,766893,766894,766895,766896,766897,766898,766899,766900,766901,766902,561537,766903,766904,766905,520456,766906,533635,766907,766908,766909,766910,766911,766912,766913,766914,766915,766916,766917,766918,766919,766920,673286,766921
185,18501,'5',766922,766923,766924,616184,766925,766926,659133,766927,766928,766929,766930,644779,766931,766932,766933,766934,766935,628656,766936,766937,591832,559126,677693,666162,766938,766939,766940,766941,613867,766942,766943,766944,766945,645615,766946,766947,766948,766949,688064,766950,615651,766951,766952,766953,766954,610815,766955,766956,678330,766957,766958,766959,564370,553947,766960,766961,766962,766963,766964,766965,766966
185,18502,'1',766967,766968,641412,766969,766970,766971,658446,766972,766973,639855,766974,766975,766976,766977,766978,766979,766980,766981,766982,766983,766984,766985,645951,766986,689953,766987,598880,766988,415589,766989,766990,766991,766992,766993,766994,766995,605135,766996,766997,766998,766999,689530,767000,635370,767001,767002,767003,767004,630615,610114,767005,767006,687227,767007,767008,767009
185,18502,'2',767010,767011,767012,767013,767014,660796,767015,767016,767017,767018,767019,767020,657500,767021,767022,767023,619640,767024,634286,767025,767026,767027,767028,767029,767030,767031,767032,767033,767034,767035,767036,767037,629647,767038,767039,767040,767041,642647,767042,767043,767044,767045,646406,767046,767047,767048,554131,767049,767050,767051,767052,767053,767054,767055,767056,675940,767057,767058
185,18502,'3',767059,522536,767060,767061,767062,767063,767064,767065,767066,767067,767068,680828,767069,767070,767071,661000,767072,767073,767074,767075,767076,767077,767078,572308,767079,767080,767081,620692,767082,767083,767084,767085,767086,767087,767088,767089,767090,767091,767092,767093,767094,767095,767096,767097,767098,767099,767100,767101,767102,767103,767104,767105,767106
185,18502,'5',767107,767108,767109,767110,767111,767112,767113,767114,767115,767116,767117,616192,767118,767119,767120,767121,767122,767123,767124,767125,525910,767126,767127,576082,660488,767128,767129,767130,767131,767132,767133,767134,767135,767136,767137,569750,767138,767139,767140,767141,767142,767143,767144,767145,767146,767147,767148,767149,767150,767151,767152,767153,767154,767155,767156,767157,767158,767159,767160,767161
189,18901,'1',767162,665756,767163,664208,767164,767165,767166,767167,767168,767169,767170,612328,767171,767172,767173,767174,767175,420141,767176,767177,767178,767179,599482,767180,767181,767182,767183,767184,767185,767186,767187,605648,767188,767189,767190,767191,767192,767193,767194,767195,767196,767197,767198,767199,676049,767200
189,18901,'2',767201,767202,767203,524363,586123,767204,673545,767205,519398,767206,767207,767208,767209,767210,767211,628248,614394,767212,767213,767214,767215,767216,767217,767218,767219,767220,676838,767221,767222,767223,767224,767225,767226,568141,767227,767228,652038,767229,767230,582985,767231,767232,767233,767234,767235,767236,637639
189,18901,'3',767237,767238,767239,767240,767241,767242,611016,767243,622712,614161,767244,767245,767246,767247,767248,767249,767250,767251,767252,767253,767254,767255,767256,767257,767258,767259,767260,661016,767261,635849,767262,767263,767264,767265,767266,614212,767267,548551,767268,767269,657030,687754,767270,767271,767272
189,18901,'5',767273,767274,767275,767276,613824,661173,767277,767278,767279,767280,767281,645468,767282,556468,767283,661369,767284,656619,767285,767286,767287,767288,767289,767290,767291,767292,611824,767293,767294,767295,767296,767297,767298,767299,637054,767300,767301,767302,767303,767304,677111,767305,767306,767307,767308,767309,767310,657140,677715,767311
189,18902,'1',643918,664401,767312,767313,767314,767315,767316,767317,767318,767319,767320,767321,767322,767323,767324,767325,648475,767326,767327,767328,767329,607770,767330,767331,767332,767333,687608,767334,767335,767336,767337,658919,407665,767338,767339,767340,639307,767341,767342,767343,767344,767345,767346,767347,767348
189,18902,'2',767349,767350,767351,767352,641926,767353,767354,767355,767356,767357,767358,767359,767360,767361,767362,767363,518977,615334,767364,767365,767366,767367,767368,767369,767370,767371,767372,767373,637539,681966,767374,614542,767375,767376,767377,767378,767379,665981,679370,767380,767381,767382,767383,767384,661718,767385
189,18902,'3',671339,767386,767387,767388,615933,767389,767390,767391,767392,767393,767394,767395,767396,767397,767398,767399,767400,603581,767401,767402,767403,668444,767404,618051,573344,767405,767406,767407,767408,767409,767410,767411,767412,767413,639139,767414,767415,767416,767417,767418,767419,767420,767421,624774
189,18902,'5',544765,767422,767423,767424,767425,609153,767426,767427,767428,767429,767430,593464,767431,767432,767433,767434,767435,767436,767437,675650,767438,648773,767439,682868,767440,767441,767442,767443,637019,767444,767445,767446,767447,767448,767449,767450,767451,767452,635906,767453,767454,767455,767456,767457,767458,767459,767460,630434,767461
191,19103,'1',767462,536737,767463,767464,767465,581006,767466,767467,767468,767469,767470,626979,767471,631853,767472,767473,767474,767475,767476,767477,767478,767479,656241,767480,637240,540936,580634,767481,509161,683850,767482,767483,628053,767484,767485,767486,767487,767488,767489,767490,610905,767491,767492,767493,767494,767495,767496,767497,767498,767499,767500,767501
191,19103,'2',767502,767503,624031,767504,767505,767506,767507,767508,767509,767510,767511,767512,767513,767514,767515,608542,767516,559415,636469,643047,767517,767518,658276,767519,767520,767521,767522,767523,767524,767525,767526,661700,767527,767528,767529,646411,767530,688597,689025,767531,767532,767533,767534,767535,668784,767536,620634,767537,767538,767539,767540,767541,767542
191,19103,'3',767543,767544,767545,767546,767547,767548,767549,677626,767550,767551,631606,632094,767552,674821,767553,767554,767555,671209,767556,604945,767557,767558,767559,767560,767561,767562,680284,668433,767563,641560,767564,571728,767565,767566,767567,767568,767569,767570,767571,767572,767573,767574,650936,767575,767576,767577,767578,767579,767580,582597
191,19103,'5',767581,767582,767583,767584,767585,653585,613342,767586,767587,767588,767589,767590,767591,621017,767592,767593,652815,767594,767595,767596,767597,767598,767599,767600,767601,614608,767602,767603,767604,767605,767606,767607,767608,767609,767610,767611,767612,767613,767614,767615,767616,767617,767618,767619,767620,767621,767622,767623,767624,767625,650651,767626,767627,629360,635332
191,19104,'1',767628,767629,537105,767630,666680,767631,767632,670749,767633,767634,767635,668605,767636,767637,767638,767639,767640,767641,437836,767642,767643,767644,767645,767646,767647,767648,767649,626764,767650,651276,767651,767652,625804,767653,767654,767655,767656,767657,767658,683003,689531,767659,575008,767660,767661,767662,767663,767664,767665,536017,767666,661660
191,19104,'2',767667,767668,767669,767670,767671,610541,662938,767672,767673,767674,767675,767676,668709,767677,589027,767678,767679,767680,654594,653096,767681,677591,767682,767683,528850,767684,767685,767686,767687,767688,767689,767690,767691,614086,767692,767693,767694,767695,767696,767697,767698,767699,767700,767701,487988,767702,767703,652062,767704,767705,767706,767707,767708
191,19104,'3',767709,767710,767711,767712,767713,767714,767715,767716,767717,767718,657298,767719,767720,767721,767722,767723,767724,767725,767726,767727,767728,767729,767730,767731,767732,767733,651726,767734,767735,767736,767737,767738,767739,767740,767741,767742,767743,767744,767745,767746,767747,767748,612629,767749,767750,767751,767752,767753,767754,767755
191,19104,'5',767756,767757,767758,767759,767760,520067,767761,767762,628635,767763,767764,767765,767766,767767,767768,767769,605036,767770,767771,767772,767773,654131,767774,767775,767776,767777,767778,767779,767780,767781,767782,767783,653654,767784,767785,767786,767787,568884,767788,767789,767790,767791,767792,659214,767793,767794,767795,767796,654201,632667,617729,767797,767798,767799,767800
200,20003,'2',767801,610150,767802,767803,767804,520671,767805,767806,767807,563867,767808,767809,767810,620590,767811,603524,767812,767813,767814,767815,767816,767817,767818,767819,767820,767821,767822,767823,647634,659013,767824,767825,767826,767827,767828,767829,767830,767831,767832
200,20003,'3',679546,767833,767834,552742,617461,767835,767836,767837,767838,767839,767840,767841,767842,767843,654010,767844,767845,767846,661008,767847,565576,767848,767849,652471,767850,767851,767852,767853,767854,767855,767856,767857,767858,767859,767860,684270,767861,767862,596125
200,20003,'5',767863,767864,682764,767865,767866,767867,767868,767869,767870,767871,767872,767873,660501,767874,517983,767875,612705,767876,767877,767878,680350,767879,767880,767881,767882,683246,767883,767884,767885,639209,767886,607302,767887,767888,767889,767890,525951,639222,767891
200,20004,'2',767892,767893,767894,767895,523161,767896,767897,767898,767899,767900,767901,767902,619677,767903,767904,767905,666410,767906,767907,767908,767909,767910,767911,767912,767913,767914,767915,767916,648634,767917,767918,767919,767920,636621,767921,767922,626385,767923,767924
200,20004,'3',647661,767925,767926,767927,767928,767929,767930,641298,767931,767932,767933,767934,767935,767936,655988,668426,675961,767937,767938,767939,767940,767941,556952,767942,767943,767944,767945,767946,767947,767948,653538,767949,767950,767951,466013,767952,767953,767954,767955
200,20004,'5',767956,577615,767957,637898,767958,767959,767960,767961,767962,767963,767964,767965,767966,767967,591834,767968,685891,577353,767969,767970,648346,767971,767972,767973,767974,659991,767975,767976,767977,767978,767979,767980,767981,767982,767983,767984,767985,767986,767987
201,20103,'2',767988,611583,767989,767990,767991,646199,767992,767993,767994,767995,767996,644009,664474,767997,767998,767999,622363,768000,768001,768002,768003,768004,768005,768006,768007,768008,614050,768009,768010,768011,768012,768013,768014,768015,768016,768017,768018,768019,768020,768021,768022,768023,687338,768024,768025,608739,592597,768026,768027,768028,768029,768030,768031,644316,768032,768033
201,20103,'3',768034,768035,614425,768036,768037,768038,768039,768040,768041,768042,768043,681752,768044,768045,768046,768047,768048,768049,768050,768051,768052,768053,675175,768054,687388,768055,768056,650509,768057,768058,768059,768060,768061,768062,768063,632123,665124,604582,768064,768065,768066,768067,768068,768069,688020,614441,768070,768071,675754,657340,768072,689854,768073,768074,768075,768076
201,20103,'5',677806,629515,521651,768077,768078,768079,768080,768081,657363,768082,768083,768084,768085,633431,657076,768086,628668,768087,768088,768089,768090,680005,683677,671073,768091,768092,768093,768094,768095,768096,768097,768098,768099,768100,683703,768101,768102,768103,768104,768105,662162,552606,768106,768107,768108,768109,768110,768111,620788,768112,768113,768114,678341,666666,768115,768116
201,20104,'2',768117,661254,768118,768119,768120,768121,768122,627233,768123,768124,609760,768125,768126,768127,667962,768128,768129,768130,768131,637454,768132,768133,768134,768135,591382,768136,768137,768138,650009,768139,768140,768141,645839,768142,768143,768144,768145,627372,637553,642231,768146,768147,768148,768149,768150,604500,768151,768152,768153,768154,768155,768156,768157,768158,768159,768160
201,20104,'3',629165,681187,768161,768162,768163,768164,768165,768166,612112,768167,675605,768168,768169,768170,644681,768171,768172,768173,768174,768175,768176,768177,768178,768179,768180,768181,623346,768182,768183,768184,768185,682990,768186,768187,678070,768188,768189,768190,768191,768192,768193,768194,768195,768196,768197,768198,768199,768200,768201,622156,768202,620377,768203,768204,768205,768206
201,20104,'5',681823,768207,768208,768209,768210,768211,768212,768213,768214,768215,615596,768216,768217,768218,768219,768220,768221,768222,768223,768224,768225,768226,768227,768228,611816,768229,768230,768231,680738,535364,768232,768233,768234,768235,768236,768237,768238,768239,768240,768241,768242,638017,768243,768244,768245,640976,768246,605092,768247,768248,768249,768250,768251,768252,768253,768254
202,20201,'1',658209,768255,768256,768257,665768,768258,573649,768259,768260,768261,768262,768263,768264,658468,611908,768265,768266,661632,585320,768267,768268,768269,640842,768270,768271,546414,768272,768273,768274,768275,768276,676746,768277,768278,768279
202,20201,'2',768280,664033,768281,768282,768283,653807,768284,768285,768286,768287,611602,768288,768289,768290,673212,768291,768292,768293,661267,768294,768295,768296,768297,768298,768299,608365,768300,633701,673724,768301,768302,768303,768304,768305,768306,768307,611285,768308,768309,768310,768311,768312,768313,768314,768315,768316,768317,768318,768319,768320,768321,768322,768323,768324,768325,614117,530191,768326
202,20201,'3',575761,662766,768327,768328,768329,768330,768331,402191,768332,675743,768333,768334,768335,768336,768337,768338,768339,768340,768341,768342,768343,651389,768344,768345,768346,768347,768348,768349,608195,768350,566692,768351,768352,768353,632120,768354,768355,768356,768357,768358,768359,768360,768361,768362,768363,768364,768365,768366,647752,768367,768368,768369,768370,768371,768372,768373,768374,768375,768376,768377,612643
202,20201,'5',619953,768378,768379,768380,672402,768381,768382,768383,768384,768385,768386,768387,768388,768389,768390,768391,768392,641600,768393,768394,768395,676125,768396,768397,768398,768399,768400,768401,620024,515881,768402,768403,768404,768405,768406,677476,768407,768408,684391,768409,768410,768411,768412,768413,768414,768415,656652,768416,768417,532508,768418,768419,566834,646331,768420,768421,668966,768422,768423,768424,768425
202,20202,'1',632674,768426,768427,768428,768429,768430,768431,768432,768433,768434,768435,768436,768437,768438,768439,768440,768441,617360,768442,768443,768444,768445,768446,768447,768448,768449,633154,768450,623700,768451,768452,607336,768453,768454,768455,768456,768457
202,20202,'2',768458,768459,768460,768461,768462,768463,768464,768465,768466,768467,768468,768469,768470,768471,768472,768473,768474,687274,617260,768475,672846,768476,669049,768477,768478,768479,768480,768481,768482,768483,768484,768485,619699,768486,768487,666740,768488,768489,768490,768491,646408,768492,768493,768494,768495,768496,768497,768498,768499,768500,768501,768502,768503,768504,768505,768506,768507,768508
202,20202,'3',687973,768509,768510,768511,768512,596165,646615,768513,519493,668809,616136,642721,768514,768515,768516,768517,768518,634767,768519,768520,768521,768522,768523,768524,651181,768525,768526,768527,768528,768529,768530,768531,768532,609642,768533,768534,615530,768535,768536,768537,768538,768539,768540,768541,768542,768543,768544,768545,768546,768547,652151,768548,768549,768550,768551,768552,768553,768554,668481,768555,768556,768557
202,20202,'5',768558,768559,768560,768561,768562,768563,768564,674297,768565,768566,768567,768568,667593,768569,768570,768571,666979,646956,768572,768573,768574,768575,768576,768577,768578,768579,768580,768581,599422,768582,634537,768583,768584,768585,768586,768587,768588,768589,655660,768590,768591,768592,768593,768594,768595,768596,539504,653677,768597,678334,768598,768599,648836,768600,628788,675471,768601,638358,768602,605620,768603,627879
203,20303,'2',768604,768605,768606,768607,768608,768609,768610,768611,768612,669388,768613,768614,768615,768616,768617,768618,768619,768620,768621,665945,768622,624092,479926,768623,609097,768624,768625,768626,768627,575748,768628,768629,660292,659049
203,20303,'3',768630,768631,768632,768633,768634,768635,768636,768637,612568,768638,768639,628457,614951,768640,687401,768641,768642,768643,768644,634169,768645,768646,768647,768648,768649,768650,768651,671553,768652,768653,768654,768655,768656,768657
203,20303,'5',768658,768659,595598,768660,768661,768662,768663,768664,768665,768666,679128,626520,768667,768668,612219,768669,768670,768671,768672,768673,768674,768675,768676,525330,683717,648819,768677,768678,768679,768680,768681,768682,768683,609701
203,20304,'2',768684,768685,768686,768687,768688,768689,768690,768691,673034,768692,768693,768694,624045,768695,768696,768697,768698,768699,647595,768700,627334,768701,768702,768703,768704,768705,768706,768707,768708,768709,768710,548303,658307,650077
203,20304,'3',768711,768712,768713,768714,768715,768716,768717,768718,768719,768720,768721,768722,768723,768724,768725,768726,768727,625176,768728,768729,768730,768731,768732,768733,768734,768735,768736,642787,768737,768738,521632,685021,645211,768739
203,20304,'5',768740,768741,768742,598537,768743,768744,768745,768746,768747,768748,768749,768750,768751,768752,768753,768754,768755,655631,768756,768757,768758,768759,768760,650643,662290,768761,667142,768762,523930,768763,768764,768765,654464,768766
300,30001,'1',768767,662042,768768,658211,768769,768770,768771,768772,612294,768773,606087,768774,768775,768776,768777,768778,768779,768780,768781,768782,768783,768784,768785,768786,768787,627025,768788,768789,768790,768791,543233,768792,768793,768794,768795,768796,768797,768798,768799,768800,768801,768802,768803,768804,514823,768805,768806,768807,768808,768809
300,30001,'2',768810,768811,768812,768813,768814,768815,768816,768817,768818,768819,768820,768821,768822,618442,768823,768824,768825,768826,616348,673890,684678,768827,768828,635421,654632,768829,685448,768830,768831
300,30001,'3',768832,768833,768834,633933,768835,768836,768837,768838,655023,768839,630902,614560,768840,768841,768842,768843,768844,768845,768846,768847,768848,768849,768850,768851,768852,768853,768854,768855,768856,768857,768858,768859,768860,768861,768862,768863,768864,768865,634775,768866,530566,768867,768868,768869,684999,768870,768871,768872,768873,607918,768874,768875,768876,768877,633597,768878,768879,768880,768881,768882,768883,768884,768885,768886,768887,768888,768889,768890,768891,565887,625629,768892,768893,768894,768895,768896,768897,768898,768899,768900,768901,667106,768902,768903,768904,768905,768906,768907,768908,768909
300,30001,'5',768910,614451,582598,768911,768912,768913,768914,768915,768916,768917,768918,768919,768920,661776,768921,768922,768923,768924,685535,768925,768926,768927,768928,768929,768930,768931,768932,768933,595867,768934,649271,768935,768936,768937,644152,768938,768939,768940,768941,768942,768943,768944,768945
300,30002,'1',634234,768946,768947,768948,768949,768950,768951,638383,768952,768953,768954,768955,768956,768957,627055,656253,661854,768958,768959,768960,768961,684621,768962,768963,768964,549247,674197,768965,768966,768967,614729,633187,768968,768969,768970,768971,502060,768972
300,30002,'2',768973,768974,768975,768976,768977,768978,768979,768980,569527,768981,768982,768983,768984,768985,768986,768987,768988,768989,681119,768990,611323
300,30002,'3',768991,768992,768993,768994,768995,768996,768997,768998,650495,768999,769000,769001,769002,769003,769004,769005,769006,769007,769008,769009,769010,769011,769012,769013,769014,769015,769016,769017,491601,769018,769019,615516,769020,769021,620978,769022,769023,769024,769025,769026,769027,769028,673430,769029,769030,769031,769032,769033,653522,566714,769034,769035,769036,769037,769038,682593,769039,769040,674574,769041,769042,619931,769043,769044,769045,769046,769047,597751,769048,619262,769049
300,30002,'5',661769,769050,769051,769052,769053,769054,769055,769056,679601,769057,769058,645605,769059,769060,769061,769062,769063,617712,648805,769064,769065,769066,769067,769068,769069,581958,610415,769070,769071,769072,769073,769074
307,30703,'1',769075,769076,769077,769078,769079,769080,769081,478398,514116,630582,769082,440489,769083,769084,769085
307,30703,'2',624537,769086,769087,769088,769089,769090,769091,769092,769093,769094,653372,769095,769096,769097,769098,769099
307,30703,'3',769100,769101,769102,634754,769103,769104,525119,769105,769106,769107,769108,769109,769110,593071,769111,769112,769113,769114,769115,769116,769117,672077,769118,769119
307,30703,'5',769120,769121,769122,769123,769124,591840,769125,769126,769127,769128,769129,769130,769131,769132
307,30704,'1',769133,769134,514654,769135,769136,769137,526264,550794,649927
307,30704,'2',769138,769139,665328,609770,769140,769141,769142,769143,769144,668752,769145,769146
307,30704,'3',769147,769148,769149,769150,769151,769152,405912,769153,769154,686178,769155,769156,769157,609283,769158,769159,769160,769161,769162,685500,769163
307,30704,'5',645242,769164,670146,674320,769165,769166,769167,769168,769169,645344
315,31501,'1',769170,769171,647416,769172,769173,769174,685395
315,31501,'2',769175,769176,769177,632846,769178,769179,769180
315,31501,'3',769181,769182,535209,769183,769184,769185,769186,664333,769187,769188,769189,769190
315,31501,'5',769191,685516,611407,769192,769193,769194,769195
315,31502,'1',687113,769196,670045,769197,769198,611945,769199,769200
315,31502,'2',769201,683954,672577,769202,769203,612993,769204,769205
315,31502,'3',614126,769206,646250,769207,769208,769209,769210,769211,769212,769213,685018,769214,624230,769215
315,31502,'5',769216,769217,680001,528480,769218,769219,769220,644156
316,31603,'1',769221,769222,769223,769224,769225,769226
316,31603,'2',623520,617881,769227,769228,674418,769229
316,31603,'3',607103,585815,769230,630298,769231,769232,532415,650551,769233,769234
316,31603,'5',769235,769236,769237,666998,769238,641404
316,31604,'1',769239,769240,769241,769242,419941,769243
316,31604,'2',769244,769245,769246,769247,769248,643670
316,31604,'3',769249,769250,634778,769251,769252,647310,769253,769254,769255,769256,769257
316,31604,'5',769258,769259,769260,769261,769262,769263
320,32003,'1',769264,580257,769265,769266,769267,769268,769269,769270,769271,769272,769273,614666,663201,769274,769275,769276,769277,653241,575154,769278,769279,769280,769281,556598,769282,769283,769284,769285,769286,769287,769288,609919,769289,769290
320,32003,'2',614758,628162,769291,769292,613637,769293,769294,769295,769296,647256,769297,769298,769299,769300,769301,769302,659002,552211,769303,769304,769305,605930,769306,769307,653892,769308,769309,769310,769311,769312,664511,769313,670531,769314,601264,769315,606942,769316
320,32003,'3',484641,769317,769318,769319,769320,769321,649091,769322,513513,769323,769324,769325,769326,769327,769328,769329,535218,769330,769331,769332,769333,769334,636688,769335,769336,769337,769338,769339,769340,769341,769342,618549,769343,769344,769345,769346,769347,769348,769349,769350,769351,606768,769352,769353,769354,769355,769356,769357,393458,769358,769359,769360,684214,769361,686188,769362,769363,769364,620695,769365,769366,769367,769368,769369,769370,769371,769372,769373,635663,769374,769375,769376,769377,769378,769379,769380,685871,769381,619946,678289,612642,769382
320,32003,'5',769383,652177,769384,669106,769385,769386,769387,769388,769389,769390,769391,769392,678118,769393,684373,769394,769395,769396,665737,769397,769398,682713,769399,769400,769401,769402,643567,769403,769404,642450,769405,769406,769407,769408,769409,769410,769411,769412
320,32004,'1',769413,688095,769414,769415,769416,769417,769418,769419,769420,769421,769422,621075,528635,668616,769423,769424,637218,769425,769426,457710,769427,769428,769429,769430,769431,769432,640073,769433,769434,769435,769436,572046,514806,769437,769438,769439,769440,769441,669610
320,32004,'2',769442,769443,769444,769445,769446,665017,769447,769448,769449,769450,769451,769452,769453,769454,769455,769456,769457,624058,769458,769459,621993,769460,769461,769462,769463,769464,769465,769466,769467,769468,769469,769470,769471,632868,769472,669223,769473,769474,769475,769476,769477,624137,390516,769478,769479
320,32004,'3',645857,769480,639700,769481,655451,769482,654655,769483,769484,769485,769486,769487,769488,769489,547327,769490,769491,769492,769493,769494,769495,769496,769497,769498,769499,686956,769500,769501,769502,769503,769504,769505,769506,769507,769508,769509,769510,769511,769512,661007,769513,769514,769515,651397,618574,769516,769517,640171,640173,769518,681596,769519,769520,769521,769522,769523,769524,769525,769526,769527,769528,769529,769530,769531,769532,676988,769533,658138,769534,769535,648279,769536,769537,769538,633380,769539,672918,769540,769541,769542,769543,688350,769544,769545,657793,769546,769547,769548,769549,620994
320,32004,'5',607135,769550,769551,769552,769553,769554,769555,769556,567812,635276,769557,769558,769559,769560,769561,659964,769562,769563,669276,769564,769565,769566,769567,612702,769568,635299,769569,769570,769571,769572,769573,769574,769575,769576,769577,769578,769579,544054,769580,663742,769581,585494,769582,769583,769584
322,32201,'1',769585,769586,769587,769588,769589,769590,769591
322,32201,'2',769592,769593,769594,769595,769596,769597,769598
322,32201,'3',769599,769600,769601,663664,666528,769602,769603,769604,769605,769606,769607
322,32201,'5',769608,565168,655147,769609,769610,769611,685087
322,32202,'1',769612,769613,769614,624460,450241,769615,769616
322,32202,'2',769617,666380,769618,769619,423736,666430,769620
322,32202,'3',769621,583447,629694,769622,769623,769624,769625,637802,769626,769627,769628
322,32202,'5',769629,769630,769631,769632,769633,769634,605752
324,32403,'1',769635,769636,642517,769637,681259,769638
324,32403,'2',769639,769640,499958,769641,769642,769643
324,32403,'3',769644,769645,769646,769647,769648,769649,769650,769651,769652,769653,769654
324,32403,'5',640009,769655,769656,678323,769657,769658
324,32404,'1',551160,606627,769659,769660,769661,530746,769662
324,32404,'2',769663,769664,769665,769666,769667,769668,769669
324,32404,'3',769670,769671,769672,769673,769674,769675,684733,769676,769677,769678,570985
324,32404,'5',769679,769680,769681,769682,769683,668554,769684
325,32503,'1',769685,769686,769687,769688,769689,769690,638995,769691
325,32503,'2',625042,769692,769693,769694,769695,627363,769696,769697,769698
325,32503,'3',769699,769700,769701,679249,769702,681644,769703
325,32503,'5',638874,769704,769705,769706,769707,769708,769709,769710,769711
325,32504,'1',671987,769712,769713,615864,642103,769714,769715,670824,673859
325,32504,'2',769716,769717,642180,769718,769719,769720,769721,769722,769723
325,32504,'3',769724,624679,769725,769726,769727,680852,769728,769729,769730
325,32504,'5',769731,769732,769733,635699,769734,769735,769736,769737,769738
329,32903,'1',690491,552409,769739,769740,769741,769742,606663,769743,769744,686775,769745,769746,769747
329,32903,'2',769748,769749,769750,769751,769752,769753,769754,769755,769756,769757,769758,645707
329,32903,'3',769759,769760,769761,769762,769763,769764,769765,472136,769766,769767,769768,573337,769769,618048,621227,769770,769771,769772,769773,769774,769775,769776,769777,575491,769778,769779
329,32903,'5',769780,769781,769782,769783,769784,769785,670669,610790,769786,769787,769788,769789
329,32904,'1',630102,613927,769790,769791,769792,769793,689558,648461,769794,769795,769796,769797,769798
329,32904,'2',769799,608902,769800,769801,769802,769803,769804,625918,769805,769806,769807,769808,769809
329,32904,'3',769810,769811,637656,769812,769813,769814,769815,769816,769817,769818,769819,769820,683171,649138,568236,655513,769821,529748,769822,769823,769824,769825,769826,769827,769828
329,32904,'5',769829,769830,769831,769832,616446,769833,769834,673652,769835,769836,769837,642461,769838
334,33401,'1',611467,769839,769840,769841,613529,684575,769842,769843,769844,639255,769845,769846,769847,386672,660114,769848,658514,769849,582668,769850,609390,769851,769852,640095,769853,769854
334,33401,'2',769855,769856,643356,769857,769858,769859,549902,769860,769861,530487,769862,769863,769864,769865,769866,523641,769867,769868,769869,769870,769871,769872,769873,769874,769875,769876,769877,769878
334,33401,'3',769879,681307,769880,769881,769882,769883,769884,769885,769886,769887,769888,684161,769889,769890,769891,536157,769892,679568,769893,769894,769895,769896,769897,769898,769899,769900,769901,769902,769903,769904,769905,467814,769906,769907,687441,644352,769908,769909,769910
334,33401,'5',769911,579249,769912,769913,769914,769915,769916,600566,769917,769918,769919,769920,550055,628714,769921,769922,673982,769923,769924,769925,769926,769927,769928,769929,769930,585284,546572,769931
334,33402,'1',769932,534482,621063,769933,769934,769935,769936,769937,641183,516868,669155,574388,618300,644196,769938,769939,683840,769940,769941,615731,678368,769942,769943,668666,769944,769945,639617,538348,769946
334,33402,'2',674768,583318,769947,769948,769949,769950,627285,769951,769952,655857,769953,769954,769955,769956,769957,769958,769959,769960,769961,769962,769963,606208,769964,769965,769966,769967
334,33402,'3',769968,667822,690063,769969,769970,769971,769972,769973,769974,769975,769976,769977,769978,675050,769979,769980,769981,769982,769983,769984,769985,769986,676980,769987,769988,769989,769990,619907,769991,769992,641576,635660,769993,769994,769995,769996,769997,769998,769999,770000,770001
334,33402,'5',770002,770003,770004,649212,770005,770006,770007,770008,770009,770010,770011,659173,626101,770012,770013,770014,651844,524228,770015,770016,770017,645337,770018,770019,770020,770021
335,33503,'1',770022,621335,770023,770024,770025,770026,770027,770028,770029,644982,770030
335,33503,'2',770031,651580,669047,770032,770033,770034,664072,770035,770036,770037,770038
335,33503,'3',770039,770040,770041,770042,770043,770044,770045,770046,770047,770048,614581,770049,770050,770051,612627,770052,682565
335,33503,'5',517572,770053,770054,770055,770056,770057,770058,520137,770059,770060,638063
335,33504,'1',612329,770061,770062,770063,599833,770064,770065,678670,770066,685953,770067,770068
335,33504,'2',608898,770069,770070,770071,622665,537508,770072,770073,770074,770075,770076,770077
335,33504,'3',770078,770079,770080,770081,770082,618031,606531,770083,770084,770085,770086,770087,770088,770089,770090,770091,770092,770093
335,33504,'5',770094,770095,770096,770097,770098,770099,770100,770101,770102,770103,770104,770105
336,33601,'1',770106,770107,770108,770109,770110,624426,548908,770111,610079,656731,770112,645364,770113,770114,770115,770116,770117,770118
336,33601,'2',770119,770120,770121,770122,516940,516138,770123,770124,770125,770126,770127,770128,770129,770130,770131
336,33601,'3',770132,666001,612096,770133,615467,770134,770135,770136,770137,770138,770139,770140,664331,770141,770142,770143,770144,770145,770146,770147,770148,656053,770149,770150,681645,770151,770152,605417,770153,657626
336,33601,'5',678290,770154,770155,770156,770157,770158,770159,657645,770160,588704,770161,627766,770162,770163,770164,770165,770166,770167,770168,621745,770169,770170,634002,770171,560669
336,33602,'1',559234,770172,526220,608289,770173,625361,597304,770174,770175,603945,770176,770177,770178,770179,770180,770181,770182,770183,770184
336,33602,'2',770185,770186,770187,770188,770189,770190,770191,770192,770193,653851,630213,770194,770195,770196,770197,770198,770199,770200,770201
336,33602,'3',770202,770203,524003,770204,529673,770205,770206,770207,770208,770209,770210,770211,625593,770212,770213,770214,466641,770215,616965,770216,770217,770218,770219,770220,770221,770222,770223,770224,667110,770225
336,33602,'5',770226,521645,617500,651208,770227,651804,770228,770229,770230,770231,770232,770233,657092,770234,770235,770236,770237,770238,770239,770240,770241,770242,770243,770244,770245,770246
337,33703,'1',770247,657715,770248,770249,770250,770251,770252
337,33703,'2',770253,770254,770255,770256,770257,770258,564901,770259
337,33703,'3',632076,770260,770261,770262,593063,770263,770264,770265,770266,770267,770268
337,33703,'5',666136,604643,770269,770270,611132,770271,664938,609026
337,33704,'1',770272,641424,632298,770273,594120,770274,665866
337,33704,'2',635971,770275,515502,623747,605357,770276,629299
337,33704,'3',770277,770278,770279,770280,770281,770282,770283,770284,770285,770286,770287
337,33704,'5',669707,770288,770289,770290,770291,770292,621052
339,33901,'1',770293,770294,579946,770295,770296,647968,770297,770298,770299,770300,638428,770301,618373,574750
339,33901,'2',655821,537386,579981,770302,671321,770303,770304,770305,770306,576803,770307,770308,770309,770310
339,33901,'3',770311,645129,770312,770313,770314,770315,770316,770317,770318,685496,770319,770320,529064,770321
339,33901,'5',770322,770323,677807,654304,770324,770325,770326,770327,770328,770329,770330,770331,770332,770333
339,33902,'1',615715,770334,687577,770335,770336,770337,770338,770339,770340,667034,770341,770342,770343,686759,637276,770344,679665,671456
339,33902,'2',770345,770346,770347,770348,770349,770350,770351,770352,770353,770354,770355,447686,669644,770356,613679,770357,770358,770359
339,33902,'3',770360,770361,770362,770363,770364,548427,770365,770366,770367,770368,652456,770369,770370,770371,770372,770373,770374,770375
339,33902,'5',770376,770377,664733,770378,770379,770380,770381,770382,770383,770384,770385,770386,770387,770388,770389,770390,770391,770392
340,34001,'1',584490,770393,770394,770395,770396,770397,770398,770399,508418,770400
340,34001,'2',770401,770402,631465,770403,770404,770405,770406,770407
340,34001,'3',770408,770409,770410,770411,637706,770412,770413,770414,770415,770416,770417,770418,770419,678947,641123
340,34001,'5',770420,770421,770422,770423,681669,770424,675871
340,34002,'1',770425,582655,770426,637216,675514,770427,770428,770429,770430,770431,770432
340,34002,'2',770433,770434,770435,770436,770437,625094,770438,770439,770440,770441
340,34002,'3',770442,611014,770443,770444,770445,770446,770447,770448,770449,770450,770451,645589,770452,654293,680882,682760
340,34002,'5',770453,770454,639798,686230,770455,770456,770457,770458,770459
341,34103,'1',625337,770460,770461,770462,770463,770464,770465
341,34103,'2',770466,554750,615766,627396,770467,770468,770469
341,34103,'3',770470,770471,770472,770473,770474,770475,770476,770477,770478,770479,515844,770480
341,34103,'5',770481,657066,770482,770483,770484,770485,770486
341,34104,'1',770487,770488,673510,770489,770490
341,34104,'2',770491,571552,770492,770493,770494
341,34104,'3',770495,668419,770496,681757,770497,647738,770498,770499,770500,770501,770502
341,34104,'5',770503,634891,770504,685309,654193
343,34303,'1',770505,770506,770507,770508,770509,770510,770511,639027
343,34303,'2',622938,770512,770513,669389,770514,770515,770516,770517
343,34303,'3',770518,770519,770520,770521,593986,770522,659068,770523,770524,656970,770525,770526,770527,770528,770529,770530,770531,654712,770532,770533,770534,770535,594287,770536,770537,770538
343,34303,'5',770539,680629,770540,770541,639207,645625,642898,770542
343,34304,'1',770543,770544,770545,455650,637268,770546,770547
343,34304,'2',770548,770549,770550,770551,770552,770553,624640
343,34304,'3',770554,647086,770555,770556,518122,770557,770558,770559,770560,620682,770561,770562,770563,770564,561015,671551,770565,535274,770566,770567
343,34304,'5',770568,770569,558648,770570,770571,770572,632669
345,34503,'1',770573,770574,770575,770576,770577,629612
345,34503,'2',770578,770579,770580,770581,610211,770582
345,34503,'3',770583,770584,770585,770586,657913,770587,770588,770589,770590,770591,562341,770592,770593,770594,580866
345,34503,'5',770595,770596,770597,578397,770598,532822,770599,678139,770600
345,34504,'1',770601,770602,770603,770604,770605,770606,770607,536392
345,34504,'2',770608,770609,770610,770611,670087,608149,770612,770613
345,34504,'3',627472,770614,770615,770616,770617,770618,770619,770620,770621,770622,770623,770624,658367
345,34504,'5',770625,770626,770627,770628,770629,770630,770631
352,35201,'1',770632,652280,678823,770633,770634,770635,770636,676721,770637,770638,770639,770640,770641,770642
352,35201,'2',770643,770644,770645,770646,770647,770648,770649,770650,770651,770652,770653,770654,648639,770655
352,35201,'3',609105,770656,770657,609458,770658,668830,770659,770660,770661,770662,770663,770664,662994,770665
352,35201,'5',770666,559108,770667,619314,770668,770669,770670,770671,770672,770673,770674,770675,770676,770677
352,35202,'1',577969,770678,770679,662902,770680,418674,770681
352,35202,'2',770682,770683,770684,770685,770686,770687,665986
352,35202,'3',675034,770688,770689,770690,770691,611726,770692
352,35202,'5',622782,770693,674135,770694,770695,770696,770697
353,35301,'1',770698,770699,770700,406812,770701,770702,770703,770704,770705,651073,770706,644953,770707,770708,770709,770710
353,35301,'2',770711,770712,770713,770714,770715,622954,770716,770717,770718,770719,770720,770721
353,35301,'3',770722,657568,770723,770724,770725,770726,770727,770728,770729,770730,770731,607115,770732,770733,659313,770734,660393,770735,770736,770737,770738
353,35301,'5',617003,770739,770740,770741,770742,770743,770744,641826,770745,770746,770747,610437
353,35302,'1',770748,770749,687116,770750,770751,770752,770753,626993,770754,770755,770756,770757,770758,626231,770759,770760,770761
353,35302,'2',770762,770763,770764,770765,770766,770767,770768,770769,770770,770771,770772,770773
353,35302,'3',770774,770775,770776,770777,770778,614979,770779,605399,770780,660388,770781,770782,770783,770784,770785,770786,770787,770788,770789
353,35302,'5',770790,770791,770792,770793,770794,667728,770795,770796,770797,770798,770799,770800
354,35401,'1',610856,600681,770801,770802,770803,659554,658246,587836,770804,770805,770806,770807,770808,770809
354,35401,'2',770810,770811,770812,770813,770814,650437,770815,770816,770817,770818,770819,770820,770821,770822
354,35401,'3',770823,770824,770825,681083,657587,770826,770827,770828,770829,770830,770831,634791,472418,604993,770832,770833,632564,770834,770835,770836,770837
354,35401,'5',770838,770839,770840,770841,770842,770843,770844,624326,770845,770846,770847,770848,770849,770850
354,35402,'1',770851,640819,770852,639848,770853,770854,770855,770856,770857,770858,613393,770859,770860,770861,770862,607631,770863
354,35402,'2',770864,770865,770866,770867,770868,525012,770869,770870,614076,770871,770872,770873,626379,770874
354,35402,'3',770875,770876,770877,770878,770879,770880,770881,626865,770882,770883,770884,770885,770886,770887,770888,770889,770890,770891,770892,770893
354,35402,'5',770894,770895,770896,536675,617329,770897,770898,770899,770900,615697,770901,770902,770903,770904
363,36303,'1',770905,770906,770907,610873,770908,770909,770910,770911,770912
363,36303,'2',770913,688192,770914,770915,770916,539429,770917,770918,770919
363,36303,'3',770920,770921,652450,647112,770922,681345,770923,770924,770925
363,36303,'5',770926,770927,770928,770929,770930,770931,770932,770933,770934
363,36304,'1',770935,499103,770936,770937,770938,770939,620176,770940
363,36304,'2',686818,770941,770942,770943,770944,628350,770945,653927
363,36304,'3',770946,770947,675406,770948,770949,770950,683633,770951
363,36304,'5',770952,770953,770954,770955,605602,770956,770957,770958
365,36503,'1',770959,770960,770961,770962,770963,687616,770964
365,36503,'2',770965,770966,770967,685198,770968,666433,770969
365,36503,'3',770970,770971,770972,770973,770974,770975,770976,640734,770977,770978,770979
365,36503,'5',770980,770981,770982,689150,636099,770983,770984
365,36504,'1',770985,770986,770987,770988,646159,770989,770990
365,36504,'2',770991,770992,770993,770994,770995,770996,770997
365,36504,'3',770998,770999,771000,771001,662107,771002,771003,771004,771005,771006,771007
365,36504,'5',771008,771009,771010,771011,771012,771013,771014
373,37303,'1',771015,771016,771017,771018,771019,599658,771020
373,37303,'2',632401,771021,397297,771022,650459,684698,771023
373,37303,'3',771024,771025,771026,683010,771027,771028,771029,688023,771030,771031,771032,771033
373,37303,'5',771034,606036,771035,771036,771037,771038,771039
373,37304,'1',771040,609877,771041,771042,771043,771044
373,37304,'2',771045,653094,771046,771047,771048,771049
373,37304,'3',771050,771051,771052,771053,771054,678938,684752,545834,771055,771056,771057
373,37304,'5',771058,771059,771060,771061,771062,771063
384,38401,'1',771064,620466,771065,771066,771067,604768,512511
384,38401,'2',771068,771069,771070,771071,771072,771073
384,38401,'3',771074,771075,771076,663889,771077,645884,771078,643716,771079,653558
384,38401,'5',771080,771081,771082,771083,771084,771085
384,38402,'1',771086,771087,771088,771089,771090,771091
384,38402,'2',771092,771093,771094,771095,771096,771097
384,38402,'3',771098,771099,771100,771101,771102,771103,771104,771105,771106,668884
384,38402,'5',643529,771107,607586,771108,771109,771110
385,38501,'1',610465,771111,771112,771113,771114,771115,646194
385,38501,'2',771116,771117,771118,771119,661887,771120,771121,771122
385,38501,'3',771123,447697,771124,771125,771126,771127,771128,645195,771129,771130,771131,771132,771133,771134
385,38501,'5',771135,771136,771137,771138,771139,771140,771141,652870
385,38502,'1',771142,771143,771144,681148,771145,629260,771146,658945
385,38502,'2',771147,628177,771148,771149,771150,771151,771152,771153
385,38502,'3',771154,771155,656461,771156,771157,616953,771158,771159,771160,771161,771162,665596,771163,771164,771165
385,38502,'5',649190,771166,771167,771168,771169,601421,771170,771171
386,38601,'1',771172,771173,771174,608068,771175,771176,771177
386,38601,'2',771178,771179,605534,771180,771181,771182,615429
386,38601,'3',652967,771183,771184,771185,771186,771187,771188,771189,554203,771190,771191,771192,771193,668460,771194,771195,771196,771197,771198,771199
386,38601,'5',771200,673802,771201,771202,582186,771203,771204
386,38602,'1',771205,771206,608053,623479,771207,771208,660126,771209,771210
386,38602,'2',771211,771212,771213,771214,771215,653375,771216
386,38602,'3',580798,771217,771218,619158,771219,771220,771221,771222,771223,771224,771225,771226,771227,771228,669989,771229,771230,771231,685709
386,38602,'5',771232,771233,771234,771235,771236,771237,771238
395,39501,'1',771239,587997,771240,771241,771242,771243,771244,771245,771246,771247,771248,771249
395,39501,'2',771250,771251,645676,771252,771253,771254,771255,771256,771257,607373,633287
395,39501,'3',771258,771259,771260,771261,625159,591786,649623,771262,771263,771264,649646,771265,771266,771267,552770,771268,771269,771270
395,39501,'5',771271,771272,771273,607571,690132,771274,638003,771275,771276,771277,771278
395,39502,'1',771279,771280,771281,771282,618322,771283,771284
395,39502,'2',771285,771286,771287,771288,771289,657539,771290
395,39502,'3',670554,771291,771292,771293,679388,771294,650533,771295,771296,771297,771298,771299,771300
395,39502,'5',771301,771302,567305,670166,771303,771304,771305
396,39601,'1',771306,771307,771308,670809,771309,645660,771310,771311,654926
396,39601,'2',771312,771313,771314,771315,642639,771316,548256,637552,771317
396,39601,'3',771318,771319,643464,771320,771321,627565,771322,387843,771323
396,39601,'5',771324,771325,771326,771327,615161,771328,771329,771330,771331
396,39602,'1',771332,771333,771334,771335,771336,771337,771338,771339,771340,513790
396,39602,'2',673200,771341,656336,771342,771343,771344,771345,771346,771347,771348
396,39602,'3',771349,771350,771351,771352,771353,771354,771355,674854,771356,771357
396,39602,'5',771358,771359,771360,562032,771361,771362,771363,771364,771365,771366
400,40001,'4401',771367,771368,771369,771370,771371,771372,771373
400,40002,'4401',771374,771375,771376,771377,771378,771379,771380
402,40203,'4501',771381,771382,771383,771384,771385,771386,771387,771388
402,40204,'4501',771389,771390,771391,771392,771393,771394,771395,771396
403,40303,'1',771397,771398,771399,771400,771401,771402
403,40304,'1',771403,771404,771405,771406,771407,771408
404,40401,'1',771409,771410,771411,771412,771413,771414,771415,771416
404,40402,'1',771417,771418,771419,771420,771421,771422,771423,771424
405,40501,'1',771425,771426,771427,771428,771429,771430,771431
405,40502,'1',771432,771433,771434,771435,771436,771437,771438
406,40603,'7001',771439,771440,771441,771442,771443,771444,771445,771446
406,40604,'7001',771447,771448,771449,771450,771451,771452,771453,771454
830,83003,'1',771455
830,83004,'1',771456
900,90003,'1',518542,771457,771458,771459,771460,771461,771462,771463,771464,771465,771466,771467,771468,771469,771470,771471,771472,771473,667012,771474,771475,638958,771476,771477,771478,771479,597263,771480,771481,771482,771483,771484,771485,771486,651892,771487,529338,771488,771489,771490,771491,771492,771493,771494,771495,554004,684583,682071,771496,771497,771498,771499,771500,771501,771502,771503,680216,655753,771504,771505,771506,771507,771508,624959,771509,771510,771511,771512,771513,771514,771515,771516,771517,771518,771519,682372,771520,642109,771521,690515,771522,771523,771524,439526,771525,771526,771527,771528,771529,771530,771531,771532,771533,688152,771534,771535,771536,771537,771538,611547,609562,771539,771540,771541,771542,771543,771544,548050,645980,771545,771546,771547,771548,624519,771549,771550,771551,771552,771553,771554,674761,771555,771556,771557,771558,771559,771560,666354,771561,771562
900,90003,'2',771563,771564,771565,771566,521023,771567,771568,771569,771570,771571,771572,771573,771574,654937,771575,771576,771577,771578,771579,771580,771581,771582,634663,771583,771584,771585,771586,771587,771588,601883,771589,771590,771591,771592,771593,771594,771595,771596,771597,771598,610168,771599,771600,655854,771601,771602,771603,771604,590377,653333,771605,386834,771606,771607,502520,771608,771609,771610,771611,771612,680576,771613,771614,771615,771616,771617,513834,771618,771619,471196,771620,771621,771622,771623,771624,771625,771626,771627,771628,771629,771630,771631,771632,771633,771634,771635,771636,771637,771638,771639,771640,771641,682465,771642,771643,771644,771645,771646,771647,771648,771649,564459,771650,624102,771651,638213,771652,771653,580493,771654,771655,771656,642677,771657,771658,771659,771660,771661,771662,771663,771664,626664,771665,771666,771667,771668,771669,771670,771671,659041,771672,771673,771674
900,90003,'3',771675,771676,771677,771678,771679,771680,771681,638232,671341,771682,771683,771684,771685,771686,663633,771687,771688,670110,771689,556329,771690,771691,771692,771693,771694,771695,628443,540645,771696,771697,771698,771699,771700,771701,771702,771703,771704,617147,771705,771706,771707,771708,771709,771710,771711,771712,771713,771714,771715,652102,614566,771716,771717,771718,771719,771720,771721,644698,771722,771723,771724,771725,672067,771726,771727,771728,771729,771730,771731,771732,771733,771734,771735,771736,644721,771737,771738,771739,771740,771741,771742,771743,771744,771745,771746,771747,771748,771749,771750,650548,771751,771752,771753,771754,771755,649669,632563,771756,771757,771758,771759,771760,771761,771762,675756,771763,771764,771765,771766,771767,771768,771769,771770,771771,771772,771773,771774,771775,771776
900,90003,'5',771777,771778,771779,771780,771781,771782,771783,771784,771785,771786,624263,643183,771787,771788,771789,771790,771791,771792,771793,771794,771795,771796,771797,631080,771798,771799,771800,771801,771802,771803,771804,639177,771805,771806,771807,771808,652198,771809,771810,771811,771812,638891,643732,609847,771813,771814,771815,771816,771817,771818,771819,771820,771821,771822,639491,771823,682284,771824,560159,771825,771826,771827,771828,771829,771830,771831,771832,771833,771834,678974,771835,771836,771837,771838,771839,771840,771841,650619,771842,771843,647850,685551,656647,523877,771844,771845,771846,771847,771848,624866,771849,771850,771851,771852,771853,771854,771855,771856,771857,771858,682923,771859,771860,771861,570647,771862,771863,771864,771865,642897,771866,771867,771868,771869,771870,771871,771872,771873,771874,771875,771876,771877,771878,771879,771880,771881,771882,771883,771884,771885,771886,771887,771888
900,90004,'1',686247,771889,771890,771891,771892,771893,771894,657834,771895,771896,771897,771898,619438,771899,771900,771901,771902,771903,771904,771905,771906,771907,771908,771909,771910,664948,771911,525399,771912,771913,771914,771915,771916,771917,673506,666255,771918,771919,771920,771921,643267,678825,771922,771923,771924,771925,771926,771927,599865,652286,771928,619460,771929,771930,629373,544403,771931,771932,771933,605295,771934,771935,771936,670179,771937,771938,771939,771940,655737,771941,771942,771943,771944,771945,771946,771947,385613,675888,771948,617357,771949,771950,771951,771952,771953,585313,512254,771954,771955,610065,616515,771956,771957,771958,771959,771960,771961,771962,771963,646849,667762,771964,771965,771966,627012,665260,771967,632717,771968,771969,612815,771970,625383,771971,771972,771973,771974,679649,771975,771976,771977,771978,771979,771980,771981,771982,771983,771984,771985,650718,771986,771987,771988,771989,771990,771991,608873,771992,771993,771994,771995,678166,771996,771997,771998,771999,772000,772001,772002,659378,772003,772004,617373,633145,639584,772005,772006,772007,772008,772009,610092,772010,390116,623962,772011,662184,772012,772013,772014,772015,772016,373964,772017,772018,666876,560299,772019,772020,772021,772022,772023,772024,385703,772025,772026,772027,772028,587181,772029,772030,772031,772032,772033,772034,772035,772036,772037,772038,621908,630617,772039,772040,772041,772042,656285,640308,772043,772044,772045,470414,772046,606416,772047,662063,772048,644975,772049,772050,772051,772052,672558,772053,772054,502644,772055,772056,772057,772058,772059,649911,772060,772061,669025,772062,772063,772064,772065,772066,772067,772068,772069,772070,665666,772071,772072,772073,772074,772075,620870,641473,772076,772077,772078,772079
900,90004,'2',618381,772080,544269,644545,772081,772082,472053,772083,772084,632388,772085,772086,772087,772088,772089,772090,521027,772091,772092,772093,772094,772095,772096,772097,772098,772099,772100,772101,772102,772103,772104,772105,772106,772107,772108,772109,772110,772111,580312,772112,772113,772114,772115,772116,772117,772118,772119,772120,772121,772122,772123,772124,772125,772126,772127,772128,772129,772130,688202,772131,687660,649467,772132,772133,772134,672839,772135,772136,772137,772138,772139,543744,772140,687269,772141,772142,772143,772144,772145,772146,772147,772148,690013,772149,772150,772151,686838,664055,772152,772153,654377,612491,772154,772155,772156,671484,772157,772158,772159,604853,569671,772160,772161,772162,772163,671326,772164,772165,772166,772167,772168,772169,772170,772171,772172,772173,507097,772174,772175,772176,772177,663585,772178,676824,772179,772180,772181,772182,557245,772183,772184,772185,772186,772187,772188,772189,772190,772191,619694,772192,772193,772194,772195,772196,772197,772198,772199,772200,772201,772202,772203,772204,630790,668362,772205,772206,772207,772208,772209,772210,655910,668751,772211,772212,772213,772214,772215,772216,772217,772218,622013,772219,624095,772220,772221,772222,772223,772224,772225,772226,634134,772227,772228,772229,772230,772231,772232,772233,772234,772235,772236,772237,772238,772239,590050,686167,772240,772241,772242,559472,772243,686168,772244,772245,772246,772247,772248,527218,772249,772250,665687,772251,772252,772253,772254,772255,772256,772257,772258,772259,615425,598465,678900,772260,630860,772261,772262,772263,772264,675027,772265,772266,772267,772268,772269,772270,772271,638511,772272,606939,772273,548329,772274,772275,772276,772277,772278,772279,772280,772281,772282,772283,772284,685839,772285,660835,631575,772286,772287,772288
900,90004,'3',772289,772290,772291,606745,772292,772293,772294,772295,772296,772297,609796,772298,772299,772300,682274,604928,659772,772301,772302,772303,772304,772305,772306,772307,772308,772309,772310,631595,772311,772312,772313,772314,772315,607890,682848,772316,646044,772317,772318,772319,648665,679078,772320,772321,772322,772323,604936,772324,772325,772326,772327,772328,618536,650104,772329,772330,772331,772332,772333,772334,772335,772336,772337,772338,772339,772340,772341,772342,772343,772344,772345,455871,772346,489825,772347,772348,772349,625995,578745,772350,772351,772352,542016,772353,772354,772355,651704,677637,772356,682225,772357,772358,569559,772359,772360,772361,772362,772363,678062,630958,574541,772364,646915,651394,772365,772366,772367,772368,772369,772370,772371,772372,772373,772374,772375,772376,644706,772377,772378,772379,772380,772381,682560,675618,772382,772383,772384,772385,772386,772387,772388,772389,772390,591421,772391,772392,772393,594671,772394,772395,772396,772397,772398,772399,772400,772401,772402,772403,619210,772404,772405,772406,772407,772408,772409,772410,772411,460100,772412,772413,772414,772415,639438,772416,772417,772418,772419,671218,772420,772421,772422,772423,772424,644735,772425,589202,772426,772427,772428,772429,772430,638570,772431,772432,772433,519564,772434,772435,772436,772437,772438,772439,772440,672690,530597,772441,772442,772443,772444,772445,772446,673279,772447,605235,772448,772449,772450,772451,772452,534295,545837,772453,658362,772454,653548,619254,604623,649174,772455,772456,772457,772458,772459,772460,772461,772462,772463,772464,772465,772466,772467,772468,772469,772470,772471,682157
900,90004,'5',772472,772473,772474,772475,772476,772477,772478,772479,772480,772481,772482,772483,772484,772485,772486,772487,772488,772489,772490,772491,659327,652797,772492,772493,772494,772495,772496,772497,617006,772498,772499,772500,772501,772502,772503,772504,772505,772506,772507,772508,772509,772510,772511,772512,772513,772514,772515,772516,772517,772518,772519,772520,772521,772522,772523,772524,772525,772526,772527,772528,654107,772529,772530,772531,772532,772533,772534,772535,772536,772537,772538,772539,772540,772541,772542,772543,772544,772545,772546,772547,772548,772549,772550,664161,772551,772552,772553,666163,772554,772555,772556,772557,772558,661182,772559,772560,772561,772562,772563,772564,772565,543524,772566,678608,634893,772567,772568,549750,772569,678315,772570,650994,772571,772572,607001,772573,772574,623831,772575,662150,526166,772576,772577,772578,620763,772579,772580,772581,772582,772583,772584,772585,772586,647842,772587,772588,772589,772590,772591,548735,772592,772593,628718,615647,772594,772595,772596,772597,772598,558461,772599,772600,772601,772602,772603,657818,638636,654151,772604,537068,675105,772605,772606,772607,772608,656651,609858,675463,772609,772610,666633,772611,642442,650271,772612,772613,772614,772615,772616,772617,772618,772619,612720,772620,627817,772621,772622,772623,772624,690151,772625,772626,772627,772628,772629,772630,642028,772631,772632,772633,772634,621300,772635,772636,671619,676143,772637,772638,772639,772640,772641,772642,772643,772644,772645,772646,667000,772647,627855,590754,772648,772649,772650,772651,772652,772653,772654,772655,772656,772657,772658,657142,772659,772660,772661,772662,772663,772664,772665,772666,772667,772668,772669,772670,772671,772672,772673,650668,772674,772675,772676,772677,772678,637113,772679,667007,772680,621310,615854,681580
902,90203,'1',772681,772682,772683,604354,772684,772685,772686,671862,772687,772688,772689,634572,772690,772691,772692,772693,772694,772695,621357,772696,772697,772698,671426,772699,772700,645653,772701,772702,772703,772704,772705,772706,548923,772707,772708,772709,772710,772711,772712,772713,772714,617826,772715,772716,570343,772717,772718,656281,531345,772719,772720,546208,772721,639610,772722,772723,612903,569264,772724,772725,772726,772727,609396,772728,772729,625024,772730,607635,772731
902,90204,'1',772732,772733,772734,772735,670332,772736,530713,772737,674601,772738,772739,772740,672785,584351,772741,772742,772743,772744,772745,644185,772746,772747,772748,772749,608047,772750,598009,663989,639863,772751,663997,772752,772753,618835,772754,772755,530745,772756,557409,772757,772758,685942,772759,634609,772760,605137,772761,772762,772763,772764,772765,531025,632351,772766,772767,772768,772769,772770,772771,772772,772773,670818,772774,772775,772776,605880,772777,772778,772779
903,90303,'1',602559,772780,772781,772782,772783,772784,772785,772786,772787,772788,772789,614643,772790,772791,772792,631246,772793,772794,772795,772796,520925,772797,559268,772798,772799,772800,772801,772802,772803,772804,689200,772805,772806,772807,772808,772809,772810,604381,772811,772812,772813,772814,627995,772815,681419,772816,772817,772818,772819,647971,772820,772821,502151,772822,610487,772823,772824,622603,612392,603272,772825,772826,772827,772828,772829,633855,772830,772831,772832,772833,772834,772835,772836,772837,772838,772839,772840,772841,772842,772843,772844,500523,772845,772846,772847,772848,772849,772850,772851,488645,772852,772853,648958,772854,772855,772856,772857,772858,772859,643008
903,90303,'2',772860,629408,772861,772862,772863,772864,772865,772866,653813,772867,659632,772868,772869,772870,772871,772872,609582,772873,772874,772875,772876,772877,772878,653835,616601,772879,495254,772880,772881,772882,664661,772883,653339,772884,491738,648095,772885,772886,772887,772888,772889,672602,772890,772891,772892,772893,772894,772895,772896,772897,772898,772899,772900,772901,608381,667217,772902,639082,772903,772904,772905,646237,772906,772907,772908,772909,772910,772911,654637,772912,642684,772913,668387,772914,772915,612080,772916,772917,772918,772919,627456
903,90303,'3',772920,772921,772922,772923,772924,772925,772926,772927,772928,772929,772930,653444,772931,601609,772932,772933,772934,772935,772936,772937,772938,772939,772940,772941,772942,772943,463033,772944,772945,772946,772947,772948,643133,772949,772950,772951,656496,772952,772953,772954,772955,772956,772957,772958,772959,772960,772961,772962,772963,772964,772965,772966,772967,772968,772969,772970,684745,772971,622466,685499,772972,772973,772974,772975,772976,772977,772978,772979,772980,772981,627658,615816
903,90303,'5',772982,772983,772984,552988,772985,772986,772987,583714,649200,772988,661772,772989,772990,772991,646092,772992,683214,772993,772994,772995,668021,772996,772997,772998,666815,772999,773000,773001,773002,773003,773004,773005,773006,773007,773008,773009,773010,773011,773012,773013,773014,773015,773016,773017,773018,773019,621031,773020,773021,773022,618183,641622,773023,773024,773025,773026,773027,773028,773029,773030,773031,773032,773033,773034,684817,773035,773036,526817,773037,773038,564724,674504,569192,773039,657146,773040,773041,773042,530706,773043
903,90304,'1',773044,773045,559236,773046,773047,663465,773048,773049,642921,677944,773050,630469,608480,773051,773052,650314,773053,773054,641857,773055,773056,773057,773058,640062,773059,773060,773061,773062,773063,773064,773065,773066,643938,773067,773068,773069,615211,773070,773071,667632,773072,619493,773073,773074,773075,773076,773077,773078,773079,564398,773080,669776,528661,773081,537252,773082,526255,626213,773083,773084,773085,773086,773087,773088,773089,773090,773091,773092,619536,690262,614508,773093,773094,773095,773096,646172,773097,773098,678180,773099,773100,773101,549567,773102,773103,638438,773104,773105,773106,773107,773108,773109,773110,773111,773112
903,90304,'2',773113,671306,668300,773114,773115,773116,646871,773117,636394,773118,773119,773120,645993,773121,773122,681739,773123,773124,773125,669807,655351,773126,773127,773128,773129,773130,773131,773132,773133,773134,773135,773136,773137,623542,773138,773139,773140,773141,625924,773142,773143,773144,773145,773146,773147,773148,773149,773150,773151,773152,604881,773153,773154,773155,773156,773157,684078,773158,773159,773160,630833,590397,566243,773161,773162,641283,688250,773163,773164,773165,682546,773166,773167,625963,773168,773169,678035,773170,773171,773172
903,90304,'3',773173,773174,773175,773176,638812,773177,773178,773179,605377,773180,773181,633729,773182,773183,773184,773185,773186,773187,773188,773189,773190,773191,773192,638832,773193,773194,773195,773196,773197,773198,773199,773200,773201,642753,773202,614975,773203,773204,773205,773206,773207,605394,773208,773209,773210,773211,773212,773213,773214,773215,773216,660869,773217,773218,773219,773220,657789,773221,773222,773223,773224,773225,773226,773227,613805,773228,773229,773230,773231,773232,773233,773234
903,90304,'5',773235,606982,652499,773236,643882,773237,654748,773238,773239,773240,686634,773241,773242,773243,773244,773245,773246,773247,773248,773249,543498,773250,773251,773252,773253,773254,773255,773256,773257,773258,643537,773259,773260,773261,606583,620750,773262,552797,773263,773264,681911,773265,773266,773267,679131,773268,773269,678973,773270,773271,773272,607439,773273,525301,680016,773274,773275,655643,773276,773277,773278,773279,622241,773280,773281,773282,606610,773283,675868,773284,773285,773286,773287,773288,641634,773289,773290,773291,644870
904,90403,'1',773292,644413,773293,601443,773294,773295,773296,773297,773298,773299,773300,773301,773302,773303,773304,773305,773306,773307,773308,382723,630497,664223,773309,773310,773311,773312,773313,773314,773315,773316,773317,773318,773319,773320,675307,773321,773322,773323,773324,658006,773325,610887,773326,773327,563812,686756,773328,512421,773329,467582,773330,773331,773332,664250,773333,773334,680054,773335,605491,773336,773337,773338,773339,773340,773341,773342,773343,773344,773345,773346,773347,773348,773349,773350,773351,673013,773352,601185,773353
904,90403,'2',773354,773355,773356,773357,773358,773359,773360,630699,773361,656801,773362,649458,773363,773364,606701,773365,773366,773367,773368,773369,773370,773371,773372,773373,773374,773375,773376,773377,773378,773379,773380,773381,773382,773383,773384,773385,773386,773387,773388,615381,773389,773390,773391,773392,773393,643399,773394,773395,773396,773397,773398,773399,773400,773401,773402,773403,773404,773405,657551,773406,773407,664078,653913,773408,773409,773410,773411,773412,665082,773413,773414,773415,593682,773416
904,90403,'3',773417,773418,773419,773420,773421,773422,773423,773424,773425,773426,773427,773428,773429,773430,646257,630933,773431,773432,773433,773434,773435,773436,773437,773438,773439,773440,618567,644703,773441,773442,773443,773444,773445,773446,773447,773448,773449,773450,773451,773452,773453,773454,773455,773456,773457,773458,626701,618066,773459,631007,773460,773461,773462,773463,773464,773465,773466,773467,773468,773469,679979,773470,773471,773472,685701,773473,773474,773475,773476,773477
904,90403,'5',655104,773478,640190,773479,773480,773481,773482,675982,773483,773484,773485,773486,773487,773488,773489,773490,773491,773492,773493,773494,773495,773496,773497,773498,773499,773500,773501,773502,773503,773504,773505,773506,773507,773508,773509,773510,773511,773512,773513,661798,773514,773515,773516,773517,617030,773518,773519,773520,687079,670160,773521,773522,773523,773524,773525,660742,641394,536909,616756,773526,773527,773528,773529,773530,773531,773532,773533,773534,773535,773536,571960,549497,773537,773538
904,90404,'1',618762,689675,773539,773540,669141,773541,773542,773543,773544,773545,773546,773547,773548,773549,773550,773551,681701,647943,773552,612799,773553,773554,773555,615210,773556,773557,646998,773558,616529,773559,773560,773561,678834,773562,773563,686504,513189,773564,773565,773566,687179,773567,773568,773569,606121,773570,595294,773571,529410,773572,628054,634062,773573,483858,773574,543681,773575,773576,773577,566940,773578,773579,773580,773581,773582,773583,687631,617850,483884,773584,773585,773586,773587,773588,617860,623722,773589,773590,773591,773592,773593
904,90404,'2',773594,773595,773596,773597,773598,773599,773600,773601,614024,667957,773602,600813,773603,659640,662943,773604,773605,773606,773607,465481,773608,773609,773610,773611,606921,773612,677211,773613,677870,773614,773615,773616,773617,773618,773619,773620,682388,773621,773622,773623,773624,773625,773626,773627,773628,640891,773629,773630,773631,773632,773633,625093,773634,773635,490421,773636,773637,773638,773639,773640,669649,773641,773642,773643,773644,773645,773646,773647,773648,624128,480301,638225,773649
904,90404,'3',773650,604921,682915,773651,773652,773653,686011,773654,773655,773656,564477,773657,773658,773659,773660,773661,773662,773663,440717,773664,773665,773666,773667,773668,773669,773670,773671,773672,773673,773674,773675,773676,773677,773678,773679,773680,773681,773682,773683,773684,684739,773685,773686,617484,773687,773688,773689,773690,773691,773692,773693,773694,773695,773696,617487,773697,773698,773699,601333,773700,773701,773702,627633,773703,773704,773705,606797,773706
904,90404,'5',773707,773708,626056,773709,773710,773711,773712,773713,773714,773715,773716,773717,658766,773718,668908,773719,773720,773721,773722,773723,611093,773724,773725,773726,773727,773728,773729,773730,538935,773731,773732,539197,773733,773734,773735,543543,773736,642432,773737,773738,773739,773740,681141,773741,668547,773742,638922,654803,773743,773744,667739,773745,773746,684421,773747,643752,548813,633488,773748,773749,773750,773751,773752,578457,773753,773754,773755,773756,773757,652866,685910,773758
905,90501,'1',773759,773760,773761,773762,773763,586609,773764,773765,773766,773767,773768,773769,773770,608025,573876,773771,540486,665640,773772,773773,773774,588598,773775,674712,773776,773777,773778,773779,773780,773781,773782,773783,773784,773785,773786,773787,773788,773789,608860,677528,773790,773791,773792,773793,773794,633834,773795,623686,627047,773796,773797,773798,773799,773800,685367,773801,773802,520966,773803,603462,685940,773804,667336,773805,773806,773807,773808,773809,773810,773811,672996,688156,545217,773812,773813,773814,773815,773816,773817,773818,773819,773820,682538,773821,773822,773823,773824,686793,641223,773825,773826,773827,527018,773828,773829,773830,773831,773832,614739,773833,773834
905,90501,'2',662378,672835,773835,773836,773837,773838,773839,773840,773841,606703,773842,773843,773844,624053,563485,773845,773846,773847,773848,649017,773849,617423,773850,773851,517246,773852,604874,676853,773853,773854,773855,773856,773857,675017,606210,628358,773858,773859,773860,773861,773862,624113,568633,773863,773864,773865,773866,773867,560429,773868,773869,773870,636642
905,90501,'3',773871,575756,773872,636652,773873,669067,773874,773875,773876,773877,674654,551057,649606,773878,773879,773880,773881,773882,773883,773884,773885,773886,608404,773887,773888,633590,773889,773890,773891,773892,773893,657601,773894,683011,773895,773896,773897,676481,773898,773899,606285,773900,773901,773902,773903,773904,773905,773906
905,90501,'5',773907,611076,590901,773908,773909,773910,525237,563983,656094,587228,773911,773912,632593,651425,773913,773914,773915,773916,773917,773918,773919,773920,773921,773922,773923,773924,623629,773925,773926,773927,773928,773929,773930,773931,532176,554845,773932,773933,623641,773934,773935,773936,773937,773938,532521,773939,773940,663450,773941,773942,773943,617060
905,90502,'1',773944,773945,665635,773946,773947,773948,773949,668585,773950,671985,773951,773952,639841,773953,773954,773955,773956,689650,773957,773958,773959,773960,773961,773962,773963,773964,773965,773966,773967,470361,773968,773969,648881,773970,608305,686716,773971,773972,773973,773974,773975,773976,687594,663205,636224,773977,773978,773979,773980,773981,666299,773982,773983,773984,773985,773986,773987,773988,773989,773990,773991,630579,773992,773993,773994,773995,661442,773996,557996,773997,773998,773999,774000,774001,774002,774003,774004,774005,774006,649400,774007,611548,774008,649898,774009,774010,774011,614724,653269,669603,774012,774013,774014,774015,774016,774017,774018,774019,640324,774020,774021
905,90502,'2',774022,774023,660798,774024,774025,774026,774027,673374,774028,774029,662400,774030,672234,774031,774032,774033,612009,774034,774035,774036,774037,774038,774039,774040,774041,774042,623750,774043,774044,774045,678017,774046,774047,774048,774049,774050,774051,774052,774053,774054,774055,622999,774056,774057,774058,774059,774060,774061,774062,479032,675587
905,90502,'3',774063,774064,682694,774065,774066,774067,647096,774068,774069,774070,774071,774072,774073,774074,774075,774076,774077,774078,774079,606960,648240,774080,774081,774082,774083,774084,680468,774085,774086,774087,774088,774089,774090,774091,610725,774092,774093,774094,774095,774096,683639,624766,774097,652486,774098,774099,774100,774101,774102,774103
905,90502,'5',774104,774105,774106,626487,774107,774108,774109,657952,774110,774111,774112,650970,774113,774114,774115,774116,774117,774118,688385,774119,774120,774121,774122,774123,774124,678614,654786,648362,774125,774126,774127,774128,774129,774130,774131,774132,774133,774134,774135,774136,607996,774137,774138,774139,774140,774141,774142,655687,620795,774143
906,90603,'1',576540,774144,774145,774146,774147,774148,774149,774150,618253,774151,774152,774153,774154,774155,774156,774157,663178,774158,608033,774159,774160,774161,774162,774163,774164,544833,774165,664222,774166,774167,774168,774169,676184,651898,774170,774171,666268,774172,774173,648467,774174,774175,774176,669158,774177,774178,619507,774179,774180,686336,774181,774182,774183,774184,774185,537267,632733,774186,774187,433298,774188,774189,774190,774191,774192,588959,774193,774194,774195,629602,774196,774197,774198,689540,774199,774200,686791,774201,774202,774203,511013,774204,774205
906,90603,'2',774206,649940,774207,606905,774208,774209,774210,774211,774212,688543,774213,774214,774215,774216,774217,774218,686144,774219,774220,665905,658577,774221,774222,626312,774223,774224,774225,774226,622953,774227,774228,614799,774229,577201,774230,774231,774232,774233,506948,774234,774235,774236,774237,774238,774239,774240,774241,774242,774243,774244,774245,774246,664675,640373,774247,774248,774249,774250,774251,774252,774253,774254,604497,774255,649049,774256,774257,774258,774259,774260,774261,774262,774263,647079,774264,774265,558965,774266,774267,774268,774269,774270,774271
906,90603,'3',774272,774273,774274,774275,657574,774276,774277,774278,774279,612103,774280,774281,774282,774283,543410,774284,774285,774286,774287,681988,774288,774289,774290,774291,774292,774293,774294,774295,774296,774297,774298,774299,774300,774301,774302,660855,672351,774303,774304,774305,774306,774307,774308,774309,774310,774311,774312,774313,774314,774315,774316,774317,774318,774319,774320,774321,774322,604990,774323,774324,774325,774326,774327,774328,586016,609657,774329,774330,571787,641587,661767,774331
906,90603,'5',774332,774333,774334,619955,610338,774335,774336,774337,774338,774339,774340,774341,774342,774343,774344,774345,774346,774347,774348,774349,774350,774351,774352,774353,774354,774355,774356,671070,774357,774358,774359,774360,774361,774362,774363,683242,774364,774365,774366,774367,774368,774369,607709,774370,774371,609683,774372,532812,774373,774374,774375,774376,774377,774378,774379,774380,774381,774382,774383,774384,774385,774386,774387,774388,686476,774389,774390,774391,774392,774393,774394,774395,774396,667004,625317,774397,774398,774399,774400,774401,774402,657423,774403
906,90604,'1',774404,774405,774406,774407,774408,607460,774409,625332,594577,774410,549814,774411,774412,616499,651256,774413,774414,774415,632698,774416,642502,514302,579312,774417,774418,623899,665518,774419,774420,774421,774422,425571,774423,774424,653732,588603,667164,774425,774426,774427,774428,578033,674608,774429,774430,774431,774432,774433,774434,774435,631334,774436,774437,554891,774438,774439,774440,774441,774442,683873,774443,774444,774445,774446,774447,774448,529426,774449,774450,774451,774452,774453,630636,667344,774454,774455,535561,774456,774457,664031,774458
906,90604,'2',774459,774460,774461,630690,464048,774462,774463,658559,774464,535575,774465,774466,774467,774468,774469,669624,654565,774470,774471,774472,774473,774474,774475,774476,774477,774478,648077,774479,774480,774481,774482,774483,774484,774485,774486,774487,774488,774489,774490,774491,611615,774492,669633,453594,774493,774494,774495,672033,774496,774497,774498,487165,774499,774500,658279,774501,774502,615391,774503,774504,674548,774505,774506,774507,774508,774509,774510,774511,774512,774513,774514,774515,774516,774517,774518,774519,774520,774521,774522,774523,774524
906,90604,'3',774525,774526,628425,774527,774528,774529,774530,774531,638524,632500,774532,774533,774534,774535,774536,774537,774538,774539,774540,774541,774542,774543,774544,591262,774545,679085,774546,685849,774547,774548,774549,774550,636720,774551,574857,658693,774552,682586,774553,510574,774554,774555,774556,774557,645181,774558,774559,774560,774561,774562,774563,774564,636809,774565,774566,774567,774568,602808,774569,774570,774571,774572,629189,774573,774574,774575,774576,661546,774577,774578
906,90604,'5',774579,774580,774581,774582,618118,774583,774584,774585,774586,774587,634519,774588,636070,645898,774589,774590,774591,774592,774593,577058,774594,688047,774595,774596,774597,584910,774598,555969,774599,774600,774601,668924,774602,607002,521262,774603,774604,774605,774606,774607,774608,774609,774610,774611,774612,774613,631140,674149,774614,774615,774616,774617,774618,774619,774620,605276,774621,774622,552091,774623,774624,774625,774626,774627,774628,774629,774630,610418,774631,774632,687541,774633,639828,774634,774635,774636,774637,774638,774639,673155,774640
924,92403,'1',774641,774642,774643,774644,774645,774646,774647,774648,774649,517434,774650,774651,774652,774653,774654,774655,639254,774656,654495,774657,774658,774659,774660,774661,774662,656255,774663,774664,774665,662348,673522,378942,774666,774667,774668,660143,774669,774670,774671,774672,774673,774674,645668,774675,658253,626809,648963,587023
924,92404,'1',604350,620123,774676,774677,647914,774678,667157,774679,774680,774681,774682,774683,774684,774685,774686,657448,774687,774688,774689,685120,774690,647002,774691,628003,774692,774693,774694,774695,604212,658502,774696,774697,774698,774699,774700,625413,774701,774702,673525,774703,774704,774705,545638,774706,774707,774708,774709,774710
925,92503,'1',774711,774712,774713,610047,774714,774715,774716,774717,774718,676656,563766,774719,774720,581984,774721,774722,774723,774724,774725,774726,774727,774728,774729,774730,607739,774731,633518,774732,774733,774734,774735,774736,774737,774738,604370,774739,774740,774741,774742,774743,774744,774745,774746,554388,774747,774748,774749,774750,774751,551198,774752,774753,774754,774755,774756,774757,774758,774759,774760,615877,774761,774762,774763,774764,453827,774765,774766,774767,669922,774768,621906,774769,662657,774770,774771,774772,774773,774774,774775,774776,774777,774778,647516,774779,774780,774781,774782,640612
925,92503,'2',774783,774784,670844,774785,774786,774787,774788,551530,774789,774790,516735,774791,774792,774793,774794,774795,774796,774797,657234,774798,774799,774800,774801,774802,647250,659653,774803,774804,652677,774805,774806,774807,774808,627315,658994,650810,774809,774810,774811,774812,774813,774814,774815,774816,774817,615380,774818,650433,774819,774820,774821,774822,774823,485894,774824,585597,774825,603535,774826,664501,774827,671917,641522,774828,637603,774829,774830,774831,774832,643839,774833,685454,774834,651671,774835,774836,774837,774838,774839,589120
925,92503,'3',669967,774840,774841,774842,774843,774844,774845,774846,774847,774848,774849,774850,558603,774851,642296,774852,619820,774853,629306,774854,682220,652091,774855,774856,774857,774858,774859,774860,774861,774862,655483,774863,774864,774865,774866,774867,774868,774869,583689,662789,774870,774871,608593,774872,774873,774874,774875,774876,774877,774878,375622,614989,536591,774879,632128,774880,774881,676477,774882,774883,774884,774885,774886,571756,774887,774888,774889,774890,551648,774891,774892,774893,774894,774895,774896,774897,774898,774899,633757,774900,680617
925,92503,'5',774901,774902,774903,774904,673785,774905,649193,774906,645236,654088,774907,774908,774909,774910,774911,774912,774913,774914,774915,559648,673961,774916,774917,774918,774919,774920,774921,774922,603180,774923,774924,774925,621727,689134,774926,774927,774928,774929,774930,774931,774932,774933,774934,774935,774936,561128,774937,774938,774939,774940,666615,774941,774942,774943,774944,774945,774946,774947,774948,774949,774950,774951,774952,774953,685073,657408,774954,774955,774956,559198,774957,774958,774959,774960,774961,589368,647888,774962,774963,774964,774965
925,92504,'1',774966,774967,774968,774969,774970,604047,556060,774971,774972,685916,774973,774974,774975,774976,774977,675293,774978,774979,774980,684474,774981,591341,774982,774983,774984,774985,774986,774987,774988,774989,774990,774991,774992,774993,665268,774994,774995,774996,774997,774998,774999,645801,775000,633837,775001,775002,775003,775004,775005,775006,775007,775008,672988,775009,643961,775010,606397,775011,621408,775012,775013,775014,775015,775016,775017,775018,775019,775020,775021,775022,775023,775024,775025,775026,775027,775028,688954,775029,775030,641219,775031,636343,430095,413997,775032,775033,775034,775035,775036,651314,688970
925,92504,'2',775037,775038,775039,775040,775041,775042,775043,675808,634099,775044,665020,775045,775046,775047,775048,775049,775050,775051,775052,775053,775054,775055,775056,775057,775058,775059,775060,549602,775061,775062,648083,630202,775063,624049,775064,775065,775066,564445,651336,775067,775068,775069,670479,775070,775071,775072,775073,775074,651348,775075,653365,775076,775077,775078,775079,775080,775081,775082,775083,680419,775084,775085,775086,775087,775088,775089,775090,775091,775092,775093,775094,775095,775096,619073,775097,775098,775099,633570,775100,775101,775102,775103,775104,775105,775106,775107,775108
925,92504,'3',559500,666762,622053,775109,775110,775111,775112,775113,540288,775114,775115,614924,775116,775117,615470,775118,775119,775120,775121,775122,775123,662235,775124,685474,775125,775126,775127,775128,775129,775130,775131,775132,775133,775134,775135,775136,775137,775138,665406,775139,775140,775141,578266,775142,775143,775144,775145,775146,775147,775148,775149,622115,775150,775151,775152,645187,503362,775153,775154,680296,775155,775156,775157,775158,775159,775160,775161,775162,775163,669858,775164,775165,666961,775166,775167,639746,775168,775169,640939,775170,775171,775172,775173
925,92504,'5',775174,775175,775176,609151,775177,775178,680161,775179,775180,775181,775182,775183,775184,775185,775186,775187,648323,775188,613856,775189,641368,635884,775190,775191,775192,775193,775194,775195,775196,775197,775198,775199,626096,543531,628700,775200,775201,576312,677704,775202,775203,775204,775205,659473,775206,775207,629544,775208,775209,775210,775211,775212,775213,775214,639205,775215,775216,775217,775218,655179,775219,775220,775221,775222,775223,775224,775225,688791,775226,775227,775228,775229,775230,775231,775232,775233,565264,775234,775235,775236,775237,775238,689172
927,92703,'1',775239,618760,775240,775241,775242,775243,775244,775245,682110,775246,775247,775248,775249,658215,581980,775250,775251,584622,775252,617748,775253,775254,775255,655728,775256,775257,775258,775259,775260,775261,775262,775263,679470,775264,775265,686701,775266,775267,775268,775269,775270,775271,775272,677523,775273,775274,775275,775276,553071,775277,775278,775279,644914,495212,639559,683814,775280,775281,674002,775282,775283,775284,775285,775286,775287,775288,775289,775290,775291,775292,775293,775294,657844,775295,775296,775297,775298,775299,775300,775301,775302,775303,684864,677303,775304,775305,775306,775307,628980,775308,775309,775310,775311,775312,775313,775314,775315,775316,775317,775318,775319,775320,775321,775322,775323,635565,775324,775325,775326,775327,775328,775329,775330,775331,775332,775333,775334,775335,541738,775336,775337,687879,775338,688939,775339,669357,668269,647994,606888,775340,559330,775341,775342,775343,775344,664444,775345,608684,623502,775346,775347,611211,775348,775349,775350,775351,641456,775352,775353,690582,775354,775355,667514,608338,640598,775356,775357,775358,775359,775360,649427,563434,775361,775362,775363,775364,542828,775365,775366,775367,603283,775368,775369,775370,775371,775372,775373,775374,775375
927,92703,'2',775376,775377,775378,775379,775380,775381,775382,775383,775384,645398,775385,775386,638748,775387,775388,775389,775390,775391,775392,775393,634284,775394,775395,775396,654572,775397,775398,775399,775400,674778,576425,634671,775401,683499,775402,684654,775403,677761,775404,775405,562809,657243,775406,775407,775408,775409,642196,775410,775411,775412,775413,660812,608551,775414,628296,775415,680090,615374,775416,775417,775418,775419,775420,775421,775422,775423,775424,775425,775426,775427,775428,479547,775429,775430,634133,775431,775432,659713,775433,775434,665963,775435,614411,775436,775437,775438,613010,775439,775440,775441,775442,775443,775444,775445,775446,775447,653409,775448,775449,775450,650064,775451,775452,775453,775454,775455,658081,775456,775457,775458,775459,775460,628393,549950,775461,775462,775463,775464
927,92703,'3',775465,626850,775466,775467,775468,775469,775470,775471,775472,620652,775473,775474,661939,775475,775476,775477,639406,610665,775478,775479,775480,775481,775482,775483,775484,775485,775486,775487,775488,666497,775489,674565,775490,775491,775492,674566,775493,775494,775495,775496,775497,775498,775499,775500,775501,775502,586911,775503,775504,775505,775506,775507,775508,775509,775510,775511,775512,775513,577580,775514,775515,775516,775517,775518,775519,775520,593255,775521,775522,775523,775524,593867,775525,608213,775526,471697,775527,775528,658143,775529,651198,775530,775531,605415,775532,775533,775534,775535,775536,775537,775538,675632,775539
927,92703,'5',775540,775541,775542,543038,638591,645230,775543,775544,638601,775545,612188,775546,775547,775548,775549,775550,775551,775552,775553,640006,775554,775555,775556,775557,775558,775559,775560,775561,775562,649221,775563,775564,775565,775566,775567,775568,775569,775570,775571,775572,775573,775574,775575,775576,775577,775578,628685,775579,775580,529177,775581,775582,775583,775584,775585,775586,775587,775588,775589,775590,775591,775592,775593,586962,775594,775595,775596,775597,775598,670156,775599,775600,775601,630071,775602,775603,775604,775605,775606,647857,775607,775608,775609,775610,561158,775611,604703,775612,775613,775614,775615,775616,775617,775618,775619,775620,659215,775621,775622,655695,639227,775623,775624,554863
927,92704,'1',775625,775626,775627,775628,775629,775630,775631,775632,775633,775634,775635,775636,775637,775638,775639,775640,775641,775642,775643,775644,775645,775646,775647,775648,775649,775650,775651,775652,644889,775653,775654,687573,775655,666687,775656,775657,775658,775659,775660,775661,633096,775662,627923,590072,775663,775664,537152,775665,647937,775666,775667,775668,775669,775670,775671,775672,775673,775674,775675,775676,775677,775678,775679,775680,775681,775682,775683,775684,775685,775686,631290,775687,775688,775689,775690,775691,682674,775692,775693,429351,775694,608055,775695,775696,775697,661220,775698,775699,775700,775701,626216,775702,579144,775703,775704,775705,648911,653244,613567,775706,775707,775708,775709,775710,775711,775712,775713,649378,775714,593944,775715,775716,520971,775717,775718,775719,613983,775720,554409,775721,775722,775723,775724,775725,775726,775727,675312,613396,775728,775729,575348,775730,775731,775732,609742,775733,775734,775735,775736,775737,775738,689591,775739,775740,555666,775741,689267,606142,649426,775742,775743,775744,487698,623511,775745,775746,642998,623512,775747,775748,775749,775750,775751,775752,775753,775754,775755,775756,775757,775758,640859,775759,775760,775761,775762
927,92704,'2',775763,775764,775765,775766,775767,775768,775769,775770,775771,775772,775773,775774,775775,775776,555402,775777,775778,775779,775780,775781,775782,621488,656343,775783,775784,775785,775786,775787,775788,775789,661106,775790,775791,775792,775793,775794,631469,775795,775796,466957,614798,629876,775797,775798,775799,775800,775801,775802,775803,775804,775805,775806,775807,775808,775809,775810,616335,775811,775812,775813,775814,775815,775816,642643,630227,775817,775818,775819,775820,775821,508142,676848,680581,775822,775823,775824,775825,775826,775827,632851,775828,775829,775830,775831,775832,775833,687326,775834,680099,775835,775836,775837,775838,660667,775839,775840,775841,775842,775843,775844,775845,775846,775847,526362,775848,775849,775850,775851,775852,775853,629020,775854,775855,775856,775857,775858,775859,775860
927,92704,'3',775861,775862,775863,775864,775865,775866,775867,775868,640157,775869,775870,775871,775872,775873,775874,648671,688647,775875,775876,775877,775878,775879,775880,775881,775882,775883,775884,775885,775886,674834,639417,775887,775888,775889,669242,775890,668837,775891,594828,775892,775893,775894,775895,775896,775897,775898,775899,775900,690092,775901,775902,775903,775904,677428,775905,688317,775906,775907,775908,775909,775910,664543,775911,775912,775913,775914,775915,682150,775916,522119,775917,775918,775919,775920,775921,775922,775923,775924,775925,775926,775927,775928,775929,649682,775930,775931,775932,593876,775933,775934,775935,775936,775937
927,92704,'5',775938,775939,775940,775941,775942,775943,775944,775945,775946,775947,775948,775949,775950,775951,775952,575520,775953,775954,775955,775956,775957,775958,775959,775960,775961,775962,775963,775964,775965,775966,775967,775968,775969,775970,775971,775972,775973,611798,775974,775975,775976,775977,775978,775979,775980,775981,775982,775983,775984,775985,775986,775987,775988,775989,657658,775990,646491,775991,775992,775993,775994,775995,775996,775997,775998,775999,776000,776001,776002,776003,776004,776005,776006,776007,626743,776008,776009,645775,776010,776011,521296,776012,776013,776014,776015,776016,649282,776017,776018,776019,776020,776021,776022,776023,776024,776025,776026,776027,776028,776029,776030,776031,776032
929,92903,'1',776033,515110,776034,776035,776036,776037,776038,776039,776040,643925,655211,776041,605811,776042,776043,776044,776045,776046,776047,776048,588203,776049,776050,776051,608853,776052,776053,776054,776055,776056,776057,776058,776059,776060,776061,665782,776062,776063,409005,403244,631282,776064,776065,776066,776067,776068,604769,776069,611507,776070,653049,668070,776071,689584,638692,638975,776072,776073,776074,674955,617573,776075,776076,776077,776078,776079,776080,776081,661231,612387,776082,620847,776083,690350,776084,381422,776085,615261,776086,776087,776088,776089,776090,776091,624480,776092,584688,776093,776094,776095,776096,776097,776098,776099,776100,776101,776102,776103,776104,650747,776105,688513,472270,776106,776107,776108,776109,776110,776111,776112,776113,776114,776115,776116,776117,776118,776119,776120,776121,776122,776123,776124
929,92903,'2',639326,776125,776126,776127,776128,776129,776130,776131,776132,776133,776134,776135,776136,776137,637446,776138,776139,776140,524404,776141,776142,776143,776144,776145,776146,776147,776148,552915,776149,776150,664837,776151,776152,776153,652933,776154,776155,612033,608133,776156,776157,776158,677874,776159,776160,776161,776162,776163,776164,776165,597519,677599,776166,776167,776168,776169,776170,776171,776172,776173,776174,646600,645419,776175,776176,776177,776178,776179,776180,776181,776182
929,92903,'3',776183,776184,776185,776186,776187,776188,555818,776189,776190,776191,776192,687375,776193,776194,776195,776196,776197,776198,776199,776200,776201,776202,776203,776204,776205,776206,776207,776208,776209,776210,776211,776212,776213,776214,776215,776216,776217,552261,776218,776219,776220,624711,776221,668835,776222,776223,593069,776224,776225,646062,776226,776227,776228,776229,776230,686985,657327,776231,776232,776233,776234,776235,776236,776237,776238,776239,776240,776241,776242,671025,776243,651414
929,92903,'5',665445,684311,776244,776245,776246,776247,776248,643523,776249,670649,776250,776251,616719,776252,776253,605427,776254,776255,776256,776257,776258,776259,776260,776261,776262,776263,776264,776265,776266,776267,776268,776269,776270,776271,776272,776273,776274,662007,776275,579586,569159,776276,653633,776277,776278,776279,776280,686235,776281,776282,671097,776283,776284,776285,776286,688775,776287,776288,776289,776290,776291,776292,776293,776294,776295,776296,776297,776298,776299,776300,662038,776301
929,92904,'1',776302,659488,609189,776303,621312,776304,776305,776306,776307,776308,776309,776310,552115,776311,776312,776313,776314,776315,776316,776317,776318,776319,533714,776320,776321,776322,553543,776323,776324,776325,652887,635548,776326,776327,776328,776329,776330,668619,776331,776332,776333,638968,689705,630523,621365,633830,776334,776335,776336,776337,776338,776339,776340,776341,776342,776343,776344,625395,776345,776346,776347,776348,776349,776350,776351,776352,776353,776354,776355,662349,776356,776357,776358,647988,776359,651537,776360,776361,776362,776363,776364,656754,776365,676726,776366,776367,632750,395781,776368,776369,776370,776371,776372,664257,673852,776373,776374,776375,776376,776377,776378,776379,776380,776381,776382,776383,776384,776385,776386,776387,623997,776388,666345,776389,776390,776391,549882,776392,776393,661252,776394
929,92904,'2',776395,674980,776396,776397,776398,776399,776400,776401,776402,776403,776404,776405,776406,776407,776408,514519,673715,776409,776410,776411,776412,776413,776414,776415,776416,776417,776418,776419,776420,672252,776421,776422,674543,776423,776424,776425,776426,776427,776428,776429,665939,776430,776431,776432,600859,776433,776434,776435,776436,776437,776438,776439,776440,776441,776442,633567,776443,776444,776445,776446,776447,776448,776449,671739,627421,776450,776451,659026,776452,632058,660288,776453,776454
929,92904,'3',776455,776456,776457,776458,776459,776460,776461,776462,776463,776464,776465,776466,776467,776468,776469,776470,681987,776471,776472,776473,776474,776475,776476,776477,776478,776479,776480,776481,776482,776483,776484,776485,776486,776487,776488,776489,776490,776491,776492,776493,776494,776495,776496,776497,776498,776499,666526,776500,776501,638265,776502,666073,776503,776504,776505,776506,776507,776508,776509,776510,776511,646458,610720,776512,776513,776514,776515,673108,776516,608980,776517,776518,776519
929,92904,'5',776520,776521,776522,623819,776523,776524,776525,776526,633422,776527,776528,776529,686214,776530,776531,776532,776533,776534,776535,776536,616728,776537,776538,776539,776540,776541,776542,776543,531646,776544,776545,776546,776547,776548,776549,776550,654784,776551,629753,641619,776552,776553,776554,776555,776556,776557,776558,776559,776560,776561,776562,776563,776564,776565,776566,776567,776568,776569,527317,640034,776570,776571,776572,609185,776573,776574,776575,776576,776577,776578,776579,776580,776581
935,93503,'1',659357,687818,660051,776582,776583,776584,646837,776585,776586,647407,776587,776588,515122,776589,618773,607462,642490,776590,656217,776591,776592,776593,776594,776595,776596,776597,776598,776599,776600,776601,776602,776603,776604,679646,776605,776606,663996,776607,776608,776609,653743,776610,776611,776612,776613,776614,776615,623940,776616,776617,776618,776619,624969,408571,776620,776621,638131,776622,776623,776624,776625,776626,776627,639594,776628,776629,776630,623207,776631,776632,690459,776633,776634,776635,776636,776637,776638,776639,776640,776641,776642,776643,776644,776645,776646,776647,776648,776649,776650,776651,689625,776652,776653,776654,776655,776656
935,93503,'2',776657,776658,776659,655820,776660,776661,776662,776663,776664,776665,606694,776666,683485,776667,655330,776668,776669,671318,776670,776671,776672,652371,628218,776673,523975,776674,776675,776676,776677,776678,776679,685171,644576,674400,642191,776680,776681,776682,776683,776684,776685,624582,776686,776687,776688,776689,776690,776691,776692,776693,776694,776695,664666,640369,776696,776697,776698,776699,776700,776701,776702,776703,776704,776705,776706,776707,776708,776709,776710,776711,776712,776713,636568,776714,606212,776715,776716,515261,776717,776718,776719,776720,776721,776722,629921,776723,776724,663859,545324,776725,776726,776727,776728,776729,503581,776730,776731,776732,776733,776734
935,93503,'3',776735,776736,776737,567658,776738,776739,610640,776740,776741,776742,776743,776744,675836,776745,776746,776747,776748,776749,776750,776751,776752,776753,776754,685473,776755,776756,776757,776758,776759,776760,656962,776761,776762,776763,776764,776765,776766,776767,776768,776769,776770,776771,776772,776773,638257,776774,776775,776776,776777,542543,524587,776778,776779,776780,641986,776781,776782,776783,666077,776784,776785,776786,670127,670602,619918,776787,776788,776789,776790,776791,776792,776793,776794,776795,776796,609827,776797,591976,776798,776799,776800,776801,776802,637850
935,93503,'5',776803,776804,776805,776806,776807,679989,776808,776809,776810,655114,776811,673959,776812,776813,776814,776815,776816,667866,776817,776818,776819,776820,776821,619998,776822,776823,776824,776825,776826,776827,776828,776829,776830,776831,776832,635286,776833,776834,776835,776836,776837,776838,776839,776840,776841,776842,776843,776844,776845,652231,776846,776847,776848,776849,776850,776851,776852,776853,776854,776855,776856,776857,529244,776858,776859,776860,618207,656171,776861,776862,776863,776864,776865,776866,776867,776868,776869,776870,776871,776872,776873,672768,776874,776875,776876
935,93504,'1',776877,776878,626932,776879,776880,776881,776882,612287,634559,776883,629234,776884,776885,650315,776886,776887,620481,776888,776889,681414,776890,614655,776891,776892,776893,776894,776895,776896,776897,776898,776899,669321,776900,776901,602949,515437,776902,647955,690500,776903,776904,776905,685771,776906,606640,649854,776907,776908,776909,776910,627051,776911,776912,776913,776914,776915,776916,608502,776917,776918,776919,776920,776921,560780,776922,776923,776924,622903,776925,776926,776927,776928,776929,621419,668092,776930,776931,776932,625432,776933,677196,776934,776935,776936,776937,776938,776939,776940,776941,608089,776942,776943,776944,776945,682431,776946
935,93504,'2',776947,776948,646381,776949,776950,776951,776952,776953,776954,776955,776956,776957,776958,776959,529523,776960,776961,776962,776963,776964,776965,776966,776967,776968,776969,776970,776971,776972,776973,664051,776974,776975,776976,776977,776978,776979,663283,776980,776981,554093,776982,641049,776983,776984,776985,776986,565416,609416,660230,776987,776988,655878,675723,776989,776990,776991,684041,680093,776992,776993,635800,776994,776995,776996,776997,776998,776999,777000,777001,777002,777003,777004,777005,514959,777006,777007,777008,777009,654990,777010,610613,777011,567622,777012,777013,777014,777015,777016,777017,777018,777019,777020,633928,777021,777022,459718,777023,676398,777024,777025
935,93504,'3',777026,777027,777028,552021,777029,777030,777031,614424,777032,636660,777033,777034,777035,777036,777037,777038,777039,777040,777041,665387,777042,777043,777044,777045,777046,592463,777047,777048,777049,777050,777051,680597,777052,649622,777053,777054,777055,777056,777057,777058,777059,777060,777061,777062,777063,680137,777064,777065,777066,637749,777067,777068,643862,777069,777070,777071,777072,777073,777074,777075,777076,777077,777078,615542,777079,777080,777081,617671,777082,777083,777084,777085,777086,777087,777088,777089,777090,777091,628583,777092,689424,634352,777093,777094,777095,777096,777097
935,93504,'5',574889,777098,777099,777100,777101,777102,681548,682353,777103,777104,777105,622180,777106,777107,777108,777109,777110,777111,642827,777112,777113,777114,777115,777116,777117,777118,777119,777120,777121,777122,777123,777124,777125,777126,677696,672423,524709,777127,777128,777129,777130,777131,777132,777133,777134,777135,777136,638629,626730,777137,777138,777139,777140,777141,777142,777143,689463,777144,777145,653185,777146,634380,777147,777148,777149,777150,777151,777152,777153,777154,777155,777156,557775,777157,777158,604713,777159,777160,777161,635534,659223,623443,777162,777163,639233,777164,777165
937,93703,'1',630107,777166,551167,777167,777168,777169,777170,777171,777172,777173,777174,777175,777176,604032,777177,655759,777178,777179,570340,686765,681652,777180,777181,777182,777183,777184,777185,777186,614733,777187,777188,777189,777190
937,93704,'1',777191,777192,777193,777194,688837,777195,777196,777197,777198,450589,659535,777199,416584,777200,777201,777202,777203,642107,777204,777205,777206,777207,777208,777209,777210,777211,777212,777213,777214,634637,650760
938,93801,'1',777215,777216,674170,777217,667359,777218,777219,661636,667176,777220,777221,777222
938,93802,'1',651874,777223,777224,777225,777226,777227,777228,777229,777230,620168,777231,777232,612403,777233,777234,777235,777236,644244
939,93901,'1',777237,777238,777239,777240,616781,777241,777242,777243,777244,777245,777246,777247,777248,777249,777250,680931,777251,777252,525706,777253,777254,777255,777256,667903,777257,777258,777259,777260,777261,777262,777263,777264,777265,777266,777267,777268,777269,644173,777270,626974,777271,777272,777273,777274,777275,777276,777277,777278,777279,777280,777281,777282,649834,606871,777283,631866,672515,777284,777285,777286,777287,777288,777289,777290,649841,777291,777292,777293,665792,777294,777295,608050,777296,627020,777297,777298,777299,777300,671143,777301,777302,777303,644465,648479,777304,777305,614501,777306,672984,614677,777307,777308,617365,777309,572748,777310,777311,777312,777313,777314,777315,673845,777316,777317,777318,777319,390103,777320,777321,777322,777323,679320,777324,641682,616824,777325,644490,777326,777327,640579,777328,777329,777330,777331,777332,777333,567482,777334,646170,627109,777335,777336,777337,777338,777339,777340,777341,777342,777343,777344,777345,636303,777346,777347,777348,777349,777350,777351,671159,777352,777353,777354,457003,777355,777356,777357,777358,777359,777360,659600,681791,777361,777362,777363,634082,481971,777364,605502,777365,584380,777366,777367,634084,777368,777369,777370,777371,777372,777373,674977,570045,674979
939,93901,'2',777374,777375,777376,777377,777378,777379,777380,777381,777382,777383,663568,777384,777385,777386,777387,777388,777389,639639,777390,777391,777392,777393,631451,777394,631457,777395,777396,777397,777398,777399,777400,777401,654581,777402,777403,777404,777405,777406,777407,777408,777409,777410,650417,777411,688561,777412,777413,657525,777414,628268,610176,777415,777416,777417,777418,777419,777420,777421,639926,777422,777423,599518,777424,777425,777426,777427,663845,777428,777429,777430,777431,608924,777432,777433,777434,643406,777435,542462,777436,777437,777438,777439,631552,587061,777440,777441,777442,777443,777444,777445,662753,777446,777447,777448,777449,471606,593573,777450,777451,653423,777452,618512
939,93901,'3',777453,777454,777455,777456,649584,777457,777458,777459,777460,777461,777462,543400,777463,777464,777465,777466,777467,777468,777469,777470,777471,777472,777473,635160,777474,777475,777476,777477,777478,777479,777480,777481,777482,777483,777484,777485,624180,777486,777487,777488,777489,566306,624186,777490,777491,777492,777493,777494,777495,777496,777497,777498,777499,777500,777501,648252,777502,777503,678579,656526,777504,777505,777506,777507,682505,520021,777508,777509,777510,649161,777511,617311,777512,777513,594448,777514,680482,777515,777516,777517,777518,777519,777520,777521
939,93901,'5',623079,623814,777522,777523,609660,777524,689865,777525,777526,777527,551662,777528,777529,777530,777531,777532,777533,777534,777535,777536,777537,777538,777539,777540,777541,777542,569424,777543,644805,777544,777545,777546,777547,777548,777549,777550,515629,777551,777552,777553,777554,777555,777556,777557,777558,777559,777560,777561,777562,777563,777564,777565,777566,777567,777568,777569,777570,777571,777572,777573,777574,777575,777576,777577,777578,777579,777580,777581,603916,641840,574657,539043,777582,777583,777584,777585,777586,777587,777588,777589,610842,777590
939,93902,'1',777591,567413,542712,777592,777593,777594,777595,777596,680757,777597,777598,777599,777600,777601,777602,777603,777604,777605,777606,777607,777608,777609,777610,777611,777612,777613,777614,777615,524263,777616,777617,777618,777619,670763,668217,777620,777621,777622,777623,777624,777625,777626,777627,777628,777629,668219,777630,777631,556099,777632,649837,777633,777634,777635,777636,674720,777637,626193,777638,655743,777639,777640,777641,777642,777643,777644,777645,604205,605836,777646,777647,670047,777648,538205,777649,658486,777650,567464,621873,777651,777652,777653,777654,608872,777655,777656,777657,777658,642533,777659,777660,777661,777662,777663,777664,777665,619533,777666,614695,668255,687872,777667,777668,777669,777670,777671,777672,682373,777673,777674,777675,777676,777677,777678,777679,607624,777680,777681,777682,777683,608331,777684,777685,613994,777686,777687,657485,777688,777689,777690,777691,777692,777693,777694,777695,777696,777697,777698,777699,648943,777700,777701,777702,629123,777703,777704,777705,777706,616840,777707,626264,777708,777709,777710,612448,777711,777712,777713,777714,777715,660159,777716,777717,777718,777719,777720,777721,777722,467318,556896
939,93902,'2',777723,517866,777724,777725,672836,777726,777727,777728,618409,777729,777730,777731,777732,777733,777734,777735,777736,777737,777738,777739,777740,777741,777742,654573,777743,777744,777745,777746,777747,634105,591375,777748,646395,777749,777750,777751,777752,547108,777753,777754,777755,777756,777757,777758,777759,777760,777761,777762,777763,777764,777765,777766,777767,622970,777768,777769,614834,777770,777771,777772,777773,777774,777775,777776,777777,777778,777779,622979,777780,777781,777782,777783,777784,632462,777785,777786,777787,777788,777789,777790,777791,777792,605941,777793,777794,777795,777796,777797,777798,777799,611679,777800,777801,777802,777803,606741,777804
939,93902,'3',777805,777806,777807,777808,574835,625570,655457,777809,777810,777811,777812,777813,609802,777814,532009,777815,777816,777817,777818,777819,777820,777821,608585,777822,777823,777824,777825,777826,777827,777828,777829,600483,777830,777831,777832,636709,684181,777833,777834,621220,777835,777836,777837,777838,777839,777840,635467,610284,777841,777842,553324,777843,507066,777844,777845,777846,541348,777847,777848,777849,777850,777851,777852,777853,537764,777854,777855,777856,672074,777857,777858,777859,777860,777861,777862,777863,777864,777865,468205,777866,777867,607129,777868,777869,777870,777871
939,93902,'5',777872,777873,777874,777875,777876,777877,777878,777879,777880,777881,777882,777883,777884,777885,647350,777886,777887,777888,638614,777889,777890,777891,777892,674137,777893,777894,564317,777895,777896,777897,777898,777899,777900,777901,662272,777902,777903,777904,777905,777906,777907,777908,777909,777910,777911,777912,777913,777914,777915,777916,777917,777918,777919,777920,777921,777922,777923,777924,777925,777926,777927,777928,777929,777930,777931,777932,777933,777934,777935,629082,777936,777937,777938,777939,777940,654461,777941,650294,777942,777943,540104,777944,611858,777945,777946
941,94103,'1',777947,777948,777949,777950,777951,777952,777953,777954,777955,777956,777957,777958,777959,777960,777961,777962,777963,626595,646527,777964,777965,777966,777967,613390,777968,777969,777970,777971,777972,777973,777974,777975,777976,777977,777978
941,94104,'1',623654,777979,777980,777981,777982,777983,777984,777985,627011,777986,777987,777988,619492,670373,777989,553089,777990,777991,777992,777993,777994,777995,777996,777997,777998,559347,777999,628095,688828,778000,612931,778001,778002,649435,778003
944,94403,'1',778004,778005,778006,667899,778007,778008,778009,778010,778011,778012,778013,778014,778015,778016,778017,778018,670753,593755,778019,778020,778021,778022,634031,778023,640546,778024,778025,778026,659520,778027,778028,778029,778030,778031,778032,778033,660758,778034,597305,778035,667357,635737,778036,590013,778037,642088,778038,778039,778040,642093,778041,778042,778043,778044,778045,778046,778047,778048,778049,778050,667926,465223,778051,778052,778053,778054,641888,778055,778056,778057,778058,778059,778060,778061,778062,778063,778064,677972,778065,778066,778067,778068,778069,778070,778071,778072,778073,644523,778074,778075,778076,778077,778078,778079,778080,778081,778082,778083,778084,778085,778086,778087,778088,778089,778090,778091
944,94404,'1',778092,778093,778094,653708,670335,778095,778096,642918,778097,778098,778099,778100,778101,665764,520255,778102,612767,778103,778104,778105,778106,778107,621840,778108,778109,778110,778111,778112,778113,778114,778115,778116,631276,778117,641870,778118,778119,778120,778121,778122,778123,778124,778125,778126,666858,677956,778127,778128,778129,778130,606111,778131,778132,515701,778133,778134,680945,778135,778136,630556,612837,778137,672005,778138,579825,778139,778140,611932,678841,778141,614691,778142,648919,778143,778144,778145,778146,778147,613580,778148,778149,778150,668087,778151,778152,778153,778154,778155,778156,778157,778158,778159,778160,778161,778162,778163,472520,778164,521015,646195,778165,778166,778167,778168
945,94503,'1',610050,778169,778170,778171,778172,778173,604746,684847,778174,778175,778176,778177,778178,778179,671646,778180,778181,498953,634402,778182,778183,778184,778185,656242,778186,637239,647451,778187,778188,778189,778190,778191,778192,778193,778194,778195,778196,778197,647995,778198,569258,613399,778199,778200,778201,678857,778202,778203,778204,778205,778206
945,94504,'1',647392,778207,778208,778209,778210,572732,778211,778212,778213,778214,778215,778216,617782,627000,687841,588921,778217,778218,778219,778220,778221,778222,778223,778224,540508,778225,778226,668631,616541,778227,778228,671443,778229,602985,778230,627106,778231,778232,640304,778233,778234,778235,778236,778237,530452,778238,778239,778240,778241
952,95201,'1',778242,778243,547827,778244,778245,778246,638952,778247,778248,778249,778250,688098,610445,778251,778252,612770,778253,778254,778255,778256,778257,646343,778258,778259,778260,629240,635931,778261,778262,778263,778264,778265,778266,778267,778268,605481,613968,778269,686335,778270,778271,778272,610080,778273,666300,778274,778275,778276,778277,778278,778279,778280,684496,778281,778282,778283,667181,778284,778285,778286,778287,778288,778289,778290,778291,778292,626615,778293,545642,778294,778295,778296,397079,778297,778298,778299
952,95202,'1',778300,778301,778302,778303,778304,778305,778306,637132,778307,778308,667013,645644,778309,778310,778311,778312,778313,778314,778315,631889,778316,778317,605780,778318,778319,778320,778321,778322,778323,778324,550786,582669,778325,541767,778326,778327,778328,778329,778330
953,95301,'1',778331,778332,778333,778334,778335,778336,778337,778338,778339,778340,678647,689210,778341,778342,778343,527148,778344,778345,778346,778347,778348,778349,778350,671435,778351,477027,778352,778353,778354,778355,778356,778357,778358,660116,530751,778359,778360,778361,778362,778363,778364,627140,778365,778366,690588,667039,778367,778368,778369,778370,649932,778371,778372
953,95302,'1',778373,778374,778375,778376,778377,778378,778379,778380,688458,778381,778382,778383,778384,778385,778386,778387,778388,778389,778390,778391,778392,778393,778394,778395,668067,778396,778397,778398,778399,615222,778400,778401,778402,685931,688130,778403,778404,778405,668247,778406,778407,778408,778409,778410,596283,778411,778412,778413,660621,690356,778414,778415,778416,778417,778418,778419
954,95401,'1',778420,666678,778421,778422,778423,778424,778425,617075,778426,545188,778427,778428,778429,778430,778431,778432,594466,778433,656729,622885,778434,778435,778436,778437,778438,641014,669583,778439,778440,778441,649397,778442,688505,778443,778444,778445,778446,778447,778448,778449,778450,778451
954,95402,'1',778452,688861,778453,778454,778455,778456,778457,665771,778458,778459,630488,778460,778461,623912,778462,676694,778463,778464,778465,778466,682072,778467,778468,629392,778469,778470,649887,778471,518234,778472,690391,778473,778474,778475,778476,528173,778477,778478,778479,778480,778481
960,96001,'1',685092,778482,778483,778484,778485,778486,629573,778487,627910,573058,778488,778489,778490,778491,778492,778493,778494,778495,529332,778496,778497,778498,778499,778500,778501,778502,612332,670768,642075,778503,653229,778504,778505,778506,778507,778508,778509,778510,778511,605637,686719,672794,778512,778513,665800,778514,778515,662627,778516,778517,778518,778519,778520,778521,640564,778522,778523,778524,621375,622306,634410,778525,778526,778527,778528,638693,778529,778530,778531,778532,778533,778534,778535,778536,461601,778537,778538,609898,778539,778540,778541,778542,778543,664984,778544,778545,672009,778546,778547,778548,778549,689244,778550,778551,778552,633851,778553,778554,778555,459143,778556,778557,618897,654534,778558,778559,778560,778561,778562,778563,778564,778565,778566,778567,778568,778569,778570,778571,778572,778573,778574,778575,778576,527178
960,96001,'2',778577,778578,778579,631415,584171,778580,677754,604835,637392,653293,778581,778582,778583,665909,778584,778585,778586,778587,778588,778589,778590,623252,778591,778592,778593,778594,778595,778596,778597,778598,778599,778600,778601,778602,778603,649999,778604,686388,674055,608135,778605,673223,778606,778607,778608,648117,778609,778610,778611,778612,778613,673226,778614,778615,778616,778617,778618,778619,778620,778621,778622,778623,778624,778625,632463,778626,618491,778627,591938,624130,778628,778629,778630,778631,778632,778633,778634,778635,778636
960,96001,'3',778637,778638,778639,778640,778641,641091,778642,778643,778644,778645,778646,778647,778648,645146,778649,624701,778650,778651,778652,640165,778653,778654,606767,778655,778656,778657,778658,778659,778660,778661,567180,778662,778663,778664,778665,778666,668455,778667,778668,629995,650929,778669,778670,778671,778672,683040,622465,778673,778674,611749,643161,778675,637816,582131,778676,617676,778677,628572,778678,672694,778679,778680,778681,778682,778683,778684,680318,778685
960,96001,'5',778686,778687,630360,778688,778689,778690,778691,778692,778693,778694,778695,778696,778697,778698,646951,778699,685538,778700,778701,778702,778703,778704,778705,778706,778707,778708,778709,778710,622532,637990,778711,778712,778713,778714,778715,778716,778717,778718,778719,778720,778721,778722,778723,778724,778725,778726,778727,778728,778729,672756,778730,778731,622823,778732,778733,778734,623436,778735,778736,778737,778738,778739,778740,778741,778742,778743,778744,648433,778745
960,96002,'1',688445,778746,597230,778747,778748,778749,778750,778751,571240,778752,778753,778754,778755,514479,612291,778756,778757,481187,778758,629094,778759,778760,778761,778762,778763,778764,778765,778766,778767,778768,778769,778770,778771,778772,778773,778774,655230,778775,778776,778777,778778,778779,778780,778781,778782,778783,778784,664608,664972,674951,778785,778786,778787,778788,497642,591883,778789,654505,778790,778791,778792,778793,778794,644935,778795,778796,651521,778797,778798,657184,602978,778799,778800,778801,778802,778803,778804,778805,778806,778807,557414,778808,689532,557615,645526,778809,778810,606665,668090,778811,778812,663053,778813,778814,622911,778815,778816,778817,648517,778818,778819,778820,778821,778822,415675,778823,674530,676743,778824,778825,778826,778827,778828,778829,778830,778831,778832,602556,778833,644250,778834,639899,634643,669029
960,96002,'2',778835,778836,778837,588994,660956,778838,778839,778840,778841,680569,778842,673206,778843,778844,778845,607506,778846,668714,645038,778847,619655,778848,778849,778850,778851,778852,778853,778854,778855,778856,629641,778857,518611,653341,778858,778859,778860,778861,778862,683026,778863,778864,778865,778866,615769,778867,778868,778869,778870,652024,778871,612521,671506,778872,778873,778874,663849,778875,778876,640139,778877,623763,778878,778879,778880,672869,778881,778882,778883,778884,778885,778886,778887,667413,778888,778889,659756,778890
960,96002,'3',778891,778892,778893,641963,778894,778895,778896,544729,778897,778898,778899,648207,778900,778901,778902,778903,778904,778905,778906,632512,778907,778908,778909,778910,778911,650126,778912,609976,778913,778914,628905,778915,611721,569910,778916,609463,778917,778918,778919,778920,778921,778922,778923,778924,655521,778925,469672,778926,778927,778928,778929,778930,778931,778932,778933,778934,778935,778936,670611,778937,671796,778938,684760,778939,778940,778941,629195,778942
960,96002,'5',778943,778944,539469,778945,778946,778947,778948,778949,778950,778951,778952,778953,778954,778955,778956,778957,778958,778959,778960,778961,778962,778963,778964,778965,778966,778967,778968,632208,652528,618164,538930,778969,778970,778971,778972,778973,778974,778975,633998,778976,778977,778978,778979,778980,778981,660001,778982,778983,778984,614312,778985,778986,778987,778988,778989,630085,610829,778990,778991,778992,778993,778994,778995,778996,678343,778997,778998,778999
968,96803,'1',779000,626950,779001,779002,779003,779004,779005,779006,779007,779008,779009,779010,779011,644916,779012,779013,779014,648918,567996,779015,667934,658012,779016,591705,779017,779018,779019,779020,779021,566947,779022,779023,779024
968,96804,'1',779025,779026,779027,779028,779029,668611,779030,642097,779031,779032,779033,637242,779034,662183,779035,779036,675140,779037,779038,779039,779040,779041,632757,779042,779043,779044,779045,779046,618374,779047
984,98401,'1',779048,779049,779050,779051,606092,779052,611171,779053,779054,414294,651267,779055,779056,779057,779058,779059,779060,779061,779062,682876,779063,779064,779065,779066,779067,779068,779069,779070,546918,663521,779071,779072,779073,779074,779075,779076,779077,779078,779079,779080,779081,779082,670420,779083,624014
984,98402,'1',666842,779084,779085,779086,779087,779088,779089,779090,779091,779092,779093,779094,779095,779096,779097,618283,593159,779098,779099,779100,779101,779102,431814,779103,779104,779105,779106,779107,779108,779109,779110,779111,779112,779113,779114,779115,779116,779117,779118,779119,612865,491862,779120,779121,779122,779123,779124,779125,623711,779126,779127,779128,779129,779130,779131,779132,779133,671692,779134,779135
985,98501,'1',779136,563349,779137,779138,779139,779140,621065,779141,779142,779143,779144,779145,464204,779146,779147,678648,779148,779149,648895,779150,779151,779152,779153,679487,779154,779155,779156,550785,779157,611957,779158,779159,779160,779161,779162,510755
985,98502,'1',779163,779164,779165,779166,667627,779167,779168,625788,779169,666689,666273,779170,779171,779172,779173,779174,779175,779176,624471,779177,681705,779178,779179,779180,779181,779182,779183,779184
986,98601,'1',779185,682034,779186,779187,779188,779189,606371,583228,779190,602595,779191,779192,779193,779194,779195,779196,636187,485273,615212,779197,779198,779199,779200,779201,779202,779203,562541,779204,779205,779206,779207,779208,779209,779210,779211,676236,623499,779212,779213,666881,779214,779215,633179,779216,779217,779218,779219,779220,779221
986,98602,'1',779222,779223,779224,779225,779226,779227,779228,620817,779229,779230,779231,779232,779233,779234,779235,779236,779237,636225,779238,779239,779240,779241,779242,568503,614702,779243,611942,779244,779245,779246,779247,779248,779249,779250,779251,779252,779253,640858,779254,663558,779255
989,98903,'1',779256,779257,779258,779259,779260,779261,565806,779262,779263,779264,779265,779266,779267,779268,779269,779270,779271,779272,779273,779274,779275,779276,779277,779278,779279,779280,779281,644986,779282,779283,779284,779285,651966,607810
989,98904,'1',649305,688855,680366,779286,779287,779288,779289,660606,779290,779291,779292,779293,779294,673172,779295,779296,779297,779298,779299,779300,779301,779302,678174,779303,662359,779304,779305,779306,779307,779308,779309,779310,779311
995,99501,'1',779312,675279,779313,779314,779315,549510,779316,779317,779318,779319,779320,779321,779322,779323,779324,779325,779326,779327,779328,779329,779330,779331,779332,779333,779334,779335,779336,779337,642957,779338,779339,779340,779341,779342,779343,779344,779345,779346,779347,779348,779349,779350,779351,779352,779353,779354,779355,779356,779357,779358,779359,640291,779360,779361,779362,637280,779363,779364,779365,779366,779367,779368,689740,556157,779369,631383,779370,614007,779371,779372,779373,779374,779375,779376,779377,779378
995,99502,'1',779379,779380,779381,779382,779383,779384,779385,537129,640244,779386,779387,779388,779389,779390,779391,779392,779393,779394,779395,779396,779397,779398,630125,779399,651485,394279,636191,779400,779401,651489,779402,779403,779404,779405,779406,779407,633126,779408,779409,779410,779411,779412,690255,779413,524106,779414,779415,779416,779417,779418,779419,779420,779421,779422,608329,779423,678176,779424,611549,779425,779426,779427,779428,578988,779429,637319,779430,644528,779431,779432,779433,779434,779435,644534,627194,601188,625455,779436,779437,779438,779439,557047
996,99601,'1',779440,779441,779442,779443,779444,779445,779446,779447,779448,666257,779449,779450,779451,779452,613381,779453,779454,432521,779455,680939,779456,779457,779458,779459,779460,685767,779461,779462,779463,779464,779465,662623,779466,779467,779468,618304,779469,779470,679310,779471,779472,779473,779474,779475,779476,779477,779478,779479,779480,779481,779482,779483,779484,554890,779485,779486,779487,631916,492269,779488,779489,779490,779491,779492,528697,779493,779494,779495,779496,679177,779497,779498,779499,779500,779501,779502,779503,779504,779505,779506,779507,673689,779508,779509,779510,779511,689994,779512,649429,779513,779514,689597,779515,621435,779516,779517,779518,779519,779520,779521,521939,779522,779523,779524
996,99602,'1',779525,779526,779527,779528,633078,779529,779530,676160,779531,779532,779533,779534,682182,779535,779536,582501,643771,607734,779537,575906,586991,547876,616256,779538,779539,779540,779541,779542,779543,779544,779545,779546,779547,616803,779548,779549,779550,608044,779551,779552,779553,779554,779555,663500,617082,638117,779556,779557,618310,779558,779559,629813,779560,779561,779562,779563,651079,671442,779564,779565,779566,779567,779568,779569,779570,779571,779572,779573,633161,633163,779574,779575,779576,779577,483092,779578,659383,779579,681846,604808,779580,779581,606145,779582,602675,690269,779583,779584,631396,779585,779586,779587,779588,657208,779589,779590,779591,779592,779593,779594
