703,14617,1,0,0
703,92,2,0,0
703,219,3,0,0
703,128,4,0,0
703,153,5,0,0
703,117,6,0,0
703,180,7,0,0
703,9951,8,0,0
703,211,9,0,0
703,168,10,0,0
703,101,11,0,0
703,132,12,0,0
703,87,13,0,0
703,130,14,0,0
703,214,15,0,0
703,195,16,0,0
703,98,17,0,0
703,171,18,0,0
703,143,19,0,0
703,145,20,0,0
703,197,21,0,0
703,102,22,0,0
703,165,23,0,0
703,124,24,0,0
703,224,25,0,0
703,135,26,0,0
703,175,27,0,0
703,94,28,0,0
703,91,29,0,0
703,158,30,0,0
703,221,31,0,0
703,220,32,0,0
703,15196,33,0,0
703,188,34,0,0
703,227,35,0,0
703,16095,36,0,0
703,89,37,0,0
703,174,38,0,0
703,199,39,0,0
703,108,40,0,0
703,226,41,0,0
703,133,42,0,0
703,155,43,0,0
703,205,44,0,0
703,230,45,0,0
703,136,46,0,0
703,85,47,0,0
703,15813,48,0,0
703,125,49,0,0
703,184,50,0,0
703,122,51,0,0
703,183,52,0,0
703,1056,53,0,0
703,761,54,0,0
703,1585,55,0,0
703,1617,56,0,0
703,1138,57,0,0
703,1139,58,0,0
703,1136,59,1,1
704,1136,1,0,0
704,138,2,0,0
704,86,3,0,0
704,194,4,0,0
704,105,5,0,0
704,123,6,0,0
704,15812,7,0,0
704,182,8,0,0
704,137,9,0,0
704,229,10,0,0
704,173,11,0,0
704,156,12,0,0
704,104,13,0,0
704,225,14,0,0
704,109,15,0,0
704,200,16,0,0
704,190,17,0,0
704,90,18,0,0
704,116,19,0,0
704,228,20,0,0
704,163,21,0,0
704,170,22,0,0
704,157,23,0,0
704,223,24,0,0
704,222,25,0,0
704,172,26,0,0
704,179,27,0,0
704,95,28,0,0
704,189,29,0,0
704,185,30,0,0
704,196,31,0,0
704,112,32,0,0
704,164,33,0,0
704,119,34,0,0
704,198,35,0,0
704,146,36,0,0
704,144,37,0,0
704,215,38,0,0
704,99,39,0,0
704,134,40,0,0
704,192,41,0,0
704,131,42,0,0
704,15457,43,0,0
704,216,44,0,0
704,209,45,0,0
704,107,46,0,0
704,210,47,0,0
704,204,48,0,0
704,80,49,0,0
704,7518,50,0,0
704,154,51,0,0
704,129,52,0,0
704,181,53,0,0
704,14617,54,1,1
803,14635,1,0,0
803,3369,2,0,0
803,655,3,0,0
803,657,4,0,0
803,650,5,0,0
803,652,6,0,0
803,16620,7,0,0
803,16622,8,0,0
803,1419,9,0,0
803,1408,10,0,0
803,1424,11,0,0
803,1414,12,0,0
803,1422,13,0,0
803,1418,14,0,0
803,1410,15,0,0
803,1417,16,0,0
803,1409,17,0,0
803,5931,18,0,0
803,5921,19,0,0
803,5928,20,0,0
803,5944,21,0,0
803,5942,22,0,0
803,5930,23,0,0
803,10715,24,0,0
803,6128,25,0,0
803,6125,26,0,0
803,3118,27,0,0
803,3120,28,0,0
803,3121,29,0,0
803,3119,30,0,0
803,6130,31,0,0
803,6132,32,0,0
803,6123,33,0,0
803,6124,34,0,0
803,6108,35,0,0
803,15820,36,0,0
803,16898,37,1,1
804,14055,1,0,0
804,6109,2,0,0
804,6136,3,0,0
804,6135,4,0,0
804,6134,5,0,0
804,6131,6,0,0
804,6107,7,0,0
804,15279,8,0,0
804,6127,9,0,0
804,6110,10,0,0
804,6133,11,0,0
804,6122,12,0,0
804,5933,13,0,0
804,5929,14,0,0
804,5943,15,0,0
804,5945,16,0,0
804,5938,17,0,0
804,5922,18,0,0
804,5932,19,0,0
804,16356,20,0,0
804,1416,21,0,0
804,1411,22,0,0
804,1406,23,0,0
804,1412,24,0,0
804,1413,25,0,0
804,1423,26,0,0
804,1421,27,0,0
804,1420,28,0,0
804,16623,29,0,0
804,16621,30,0,0
804,653,31,0,0
804,656,32,0,0
804,659,33,0,0
804,651,34,0,0
804,649,35,0,0
804,660,36,0,0
804,14635,37,1,1
903,16898,1,0,0
903,4629,2,0,0
903,1559,3,0,0
903,6103,4,0,0
903,4628,5,0,0
903,1556,6,0,0
903,1562,7,0,0
903,4623,8,0,0
903,1566,9,0,0
903,1569,10,0,0
903,1561,11,0,0
903,1552,12,0,0
903,4622,13,0,0
903,4624,14,0,0
903,4626,15,0,0
903,4247,16,0,0
903,1303,17,0,0
903,1297,18,0,0
903,1291,19,0,0
903,1305,20,0,0
903,12093,21,0,0
903,1294,22,0,0
903,1039,23,0,0
903,352,24,0,0
903,16573,25,0,0
903,365,26,0,0
903,356,27,0,0
903,341,28,0,0
903,347,29,0,0
903,351,30,0,0
903,361,31,0,0
903,369,32,0,0
903,370,33,0,0
903,345,34,0,0
903,366,35,0,0
903,340,36,0,0
903,355,37,0,0
903,9605,38,0,0
903,9606,39,0,0
903,9607,40,0,0
903,4533,41,0,0
903,9608,42,0,0
903,9609,43,0,0
903,14769,44,1,1
904,14769,1,0,0
904,9610,2,0,0
904,9611,3,0,0
904,4534,4,0,0
904,4539,5,0,0
904,9612,6,0,0
904,9613,7,0,0
904,354,8,0,0
904,363,9,0,0
904,367,10,0,0
904,346,11,0,0
904,360,12,0,0
904,343,13,0,0
904,342,14,0,0
904,362,15,0,0
904,350,16,0,0
904,348,17,0,0
904,349,18,0,0
904,344,19,0,0
904,364,20,0,0
904,358,21,0,0
904,339,22,0,0
904,353,23,0,0
904,1040,24,0,0
904,1293,25,0,0
904,12094,26,0,0
904,1306,27,0,0
904,1292,28,0,0
904,1298,29,0,0
904,1285,30,0,0
904,1304,31,0,0
904,1212,32,0,0
904,1565,33,0,0
904,1560,34,0,0
904,1555,35,0,0
904,1553,36,0,0
904,4625,37,0,0
904,16797,38,0,0
904,6115,39,0,0
904,1558,40,0,0
904,1563,41,0,0
904,1568,42,0,0
904,1571,43,0,0
904,1554,44,0,0
904,6126,45,0,0
904,14055,46,1,1
1001,15330,1,0,0
1001,1949,2,0,0
1001,1929,3,0,0
1001,1938,4,0,0
1001,1919,5,0,0
1001,7384,6,0,0
1001,7387,7,0,0
1001,7390,8,0,0
1001,7391,9,0,0
1001,7385,10,0,0
1001,7393,11,0,0
1001,7381,12,0,0
1001,7382,13,0,0
1001,7395,14,0,0
1001,7421,15,0,0
1001,6764,16,0,0
1001,6766,17,0,0
1001,6265,18,0,0
1001,6266,19,1,1
1002,6266,1,0,0
1002,7394,2,0,0
1002,7386,3,0,0
1002,7392,4,0,0
1002,7389,5,0,0
1002,7388,6,0,0
1002,16485,7,0,0
1002,16758,8,0,0
1002,1939,9,0,0
1002,13422,10,0,0
1002,1928,11,0,0
1002,15330,12,1,1
1103,14648,1,0,0
1103,1882,2,0,0
1103,1867,3,0,0
1103,1866,4,0,0
1103,1878,5,0,0
1103,1875,6,0,0
1103,1873,7,0,0
1103,1871,8,0,0
1103,1869,9,0,0
1103,1728,10,0,0
1103,1722,11,0,0
1103,1730,12,0,0
1103,1721,13,0,0
1103,16540,14,0,0
1103,1717,15,0,0
1103,1713,16,0,0
1103,11996,17,0,0
1103,1729,18,0,0
1103,11247,19,0,0
1103,14510,20,0,0
1103,9122,21,0,0
1103,1726,22,0,0
1103,298,23,0,0
1103,311,24,0,0
1103,278,25,0,0
1103,285,26,0,0
1103,324,27,0,0
1103,326,28,0,0
1103,328,29,0,0
1103,301,30,0,0
1103,289,31,0,0
1103,294,32,0,0
1103,323,33,0,0
1103,317,34,0,0
1103,276,35,0,0
1103,296,36,0,0
1103,302,37,0,0
1103,284,38,0,0
1103,306,39,0,0
1103,280,40,0,0
1103,282,41,0,0
1103,292,42,0,0
1103,315,43,0,0
1103,313,44,0,0
1103,286,45,0,0
1103,274,46,0,0
1103,320,47,0,0
1103,297,48,0,0
1103,273,49,0,0
1103,1254,50,1,1
1103,11997,51,1,1
1104,1254,1,0,0
1104,322,2,0,0
1104,310,3,0,0
1104,309,4,0,0
1104,12934,5,0,0
1104,316,6,0,0
1104,287,7,0,0
1104,308,8,0,0
1104,314,9,0,0
1104,293,10,0,0
1104,305,11,0,0
1104,283,12,0,0
1104,281,13,0,0
1104,307,14,0,0
1104,9476,15,0,0
1104,288,16,0,0
1104,303,17,0,0
1104,304,18,0,0
1104,15536,19,0,0
1104,318,20,0,0
1104,10996,21,0,0
1104,295,22,0,0
1104,291,23,0,0
1104,9139,24,0,0
1104,329,25,0,0
1104,330,26,0,0
1104,327,27,0,0
1104,325,28,0,0
1104,1711,29,0,0
1104,1710,30,0,0
1104,279,31,0,0
1104,312,32,0,0
1104,299,33,0,0
1104,11330,34,0,0
1104,1725,35,0,0
1104,1718,36,0,0
1104,11997,37,0,0
1104,9394,38,0,0
1104,11248,39,0,0
1104,1712,40,0,0
1104,1716,41,0,0
1104,1715,42,0,0
1104,16365,43,0,0
1104,1731,44,0,0
1104,1727,45,0,0
1104,1708,46,0,0
1104,1868,47,0,0
1104,1872,48,0,0
1104,1874,49,0,0
1104,1870,50,0,0
1104,1876,51,0,0
1104,11581,52,0,0
1104,1865,53,0,0
1104,1879,54,0,0
1104,1883,55,0,0
1104,14648,56,1,1
1201,14788,1,0,0
1201,14962,2,0,0
1201,4690,3,0,0
1201,4692,4,0,0
1201,4696,5,0,0
1201,9414,6,0,0
1201,9415,7,0,0
1201,13519,8,0,0
1201,3344,9,0,0
1201,11840,10,0,0
1201,4221,11,0,0
1201,4270,12,0,0
1201,15211,13,0,0
1201,4267,14,0,0
1201,4235,15,0,0
1201,4232,16,0,0
1201,4205,17,0,0
1201,4207,18,0,0
1201,4243,19,0,0
1201,4233,20,0,0
1201,4227,21,0,0
1201,4230,22,0,0
1201,7563,23,0,0
1201,7551,24,0,0
1201,7547,25,0,0
1201,15011,26,0,0
1201,16851,27,0,0
1201,4259,28,0,0
1201,4260,29,0,0
1201,4246,30,0,0
1201,4214,31,0,0
1201,16719,32,0,0
1201,12540,33,0,0
1201,15744,34,0,0
1201,4247,35,0,0
1201,4211,36,0,0
1201,4223,37,0,0
1201,4241,38,0,0
1201,4253,39,0,0
1201,4258,40,0,0
1201,4269,41,0,0
1201,4250,42,0,0
1201,12549,43,0,0
1201,12543,44,0,0
1201,15904,45,0,0
1201,4229,46,0,0
1201,15906,47,0,0
1201,15908,48,0,0
1201,4255,49,0,0
1201,6488,50,0,0
1201,15280,51,0,0
1201,2968,52,0,0
1201,2932,53,0,0
1201,2962,54,0,0
1201,2942,55,0,0
1201,15281,56,0,0
1201,11415,57,1,1
1201,3361,58,0,0
1201,3366,59,0,0
1201,9635,60,0,0
1201,9636,61,0,0
1201,9637,62,0,0
1201,9638,63,0,0
1201,9639,64,0,0
1201,9640,65,0,0
1201,2253,66,1,0
1201,1033,67,0,0
1201,15278,68,0,0
1201,1038,69,0,0
1201,14709,70,1,1
1202,11415,1,0,0
1202,2943,2,0,0
1202,2963,3,0,0
1202,2936,4,0,0
1202,2969,5,0,0
1202,2951,6,0,0
1202,15911,7,0,0
1202,15910,8,0,0
1202,15909,9,0,0
1202,15907,10,0,0
1202,6486,11,0,0
1202,15905,12,0,0
1202,2787,13,0,0
1202,2769,14,0,0
1202,12548,15,0,0
1202,4251,16,0,0
1202,4239,17,0,0
1202,4204,18,0,0
1202,4220,19,0,0
1202,4242,20,0,0
1202,4224,21,0,0
1202,4240,22,0,0
1202,1212,23,0,0
1202,15745,24,0,0
1202,14709,25,0,0
1202,3539,26,0,0
1202,1037,27,0,0
1202,1032,28,0,0
1202,15898,29,0,0
1202,9641,30,0,0
1202,9642,31,0,0
1202,9643,32,0,0
1202,9644,33,0,0
1202,9645,34,0,0
1202,9646,35,0,0
1202,9647,36,0,0
1202,3367,37,0,0
1202,10970,38,0,0
1202,13334,39,0,0
1202,4215,40,0,0
1202,4245,41,0,0
1202,4261,42,0,0
1202,16922,43,0,0
1202,4216,44,0,0
1202,15012,45,0,0
1202,15010,46,0,0
1202,16702,47,0,0
1202,7553,48,0,0
1202,4228,49,0,0
1202,4244,50,0,0
1202,4208,51,0,0
1202,4206,52,0,0
1202,4218,53,0,0
1202,7904,54,0,0
1202,4268,55,0,0
1202,15212,56,0,0
1202,4231,57,0,0
1202,4222,58,0,0
1202,4209,59,0,0
1202,4266,60,0,0
1202,13519,61,0,0
1202,11036,62,0,0
1202,4698,63,0,0
1202,4695,64,0,0
1202,4691,65,0,0
1202,4689,66,0,0
1202,11348,67,0,0
1202,14788,68,1,1
1303,1053,1,0,0
1303,1088,2,0,0
1303,1111,3,0,0
1303,1614,4,0,0
1303,1460,5,0,0
1303,1464,6,0,0
1303,1459,7,0,0
1303,1456,8,0,0
1303,47,9,0,0
1303,50,10,0,0
1303,58,11,0,0
1303,61,12,0,0
1303,56,13,0,0
1303,63,14,0,0
1303,45,15,0,0
1303,70,16,0,0
1303,65,17,0,0
1303,1242,18,0,0
1303,1437,19,0,0
1303,1440,20,0,0
1303,16135,21,0,0
1303,3407,22,0,0
1303,16136,23,0,0
1303,11488,24,0,0
1303,2394,25,0,0
1303,2374,26,0,0
1303,2342,27,0,0
1303,14670,28,1,1
1304,14670,1,0,0
1304,2375,2,0,0
1304,10788,3,0,0
1304,16910,4,0,0
1304,10790,5,0,0
1304,1434,6,0,0
1304,15753,7,0,0
1304,1438,8,0,0
1304,67,9,0,0
1304,66,10,0,0
1304,71,11,0,0
1304,46,12,0,0
1304,64,13,0,0
1304,55,14,0,0
1304,62,15,0,0
1304,57,16,0,0
1304,16546,17,0,0
1304,48,18,0,0
1304,1458,19,0,0
1304,1457,20,0,0
1304,1460,21,1,1
1304,15889,22,0,0
1304,1616,23,0,0
1304,1053,24,1,1
1401,3642,1,0,0
1401,3660,2,0,0
1401,3658,3,0,0
1401,3654,4,0,0
1401,3650,5,0,0
1401,3644,6,0,0
1401,3648,7,0,0
1401,3661,8,0,0
1401,3665,9,0,0
1401,3663,10,0,0
1401,3652,11,0,0
1401,3646,12,0,0
1401,3656,13,0,0
1401,3641,14,0,0
1401,215,15,0,0
1401,99,16,0,0
1401,4584,17,0,0
1401,4586,18,0,0
1401,16119,19,0,0
1401,3411,20,0,0
1401,16609,21,0,0
1401,3408,22,0,0
1401,3406,23,0,0
1401,3417,24,0,0
1401,765,25,0,0
1401,766,26,0,0
1401,14648,27,1,1
1402,14646,1,0,0
1402,9879,2,0,0
1402,767,3,0,0
1402,3418,4,0,0
1402,3407,5,0,0
1402,3409,6,0,0
1402,16610,7,0,0
1402,3414,8,0,0
1402,3413,9,0,0
1402,3415,10,0,0
1402,3419,11,0,0
1402,4585,12,0,0
1402,98,13,0,0
1402,171,14,0,0
1402,3640,15,0,0
1402,3657,16,0,0
1402,3647,17,0,0
1402,3653,18,0,0
1402,3664,19,0,0
1402,3666,20,0,0
1402,3662,21,0,0
1402,3649,22,0,0
1402,3645,23,0,0
1402,3651,24,0,0
1402,3655,25,0,0
1402,3659,26,0,0
1402,4403,27,0,0
1402,4409,28,0,0
1402,9521,29,0,0
1402,4680,30,0,0
1402,3642,31,1,1
1501,11587,1,0,0
1501,2440,2,0,0
1501,2434,3,0,0
1501,2453,4,0,0
1501,2436,5,0,0
1501,2443,6,0,0
1501,2450,7,0,0
1501,2455,8,0,0
1501,2432,9,0,0
1501,11561,10,0,0
1501,2448,11,0,0
1501,2431,12,0,0
1501,2444,13,0,0
1501,2439,14,0,0
1501,2447,15,0,0
1501,9400,16,0,0
1501,9401,17,0,0
1501,9402,18,0,0
1501,9403,19,0,0
1501,9404,20,0,0
1501,6987,21,0,0
1501,7022,22,0,0
1501,6990,23,0,0
1501,7042,24,0,0
1501,7019,25,0,0
1501,6983,26,0,0
1501,7016,27,0,0
1501,14452,28,0,0
1501,6997,29,0,0
1501,7035,30,0,0
1501,6976,31,0,0
1501,14753,32,1,1
1502,14753,1,0,0
1502,6975,2,0,0
1502,7036,3,0,0
1502,7032,4,0,0
1502,7007,5,0,0
1502,7017,6,0,0
1502,6984,7,0,0
1502,7020,8,0,0
1502,7043,9,0,0
1502,6995,10,0,0
1502,7023,11,0,0
1502,7028,12,0,0
1502,7008,13,0,0
1502,9395,14,0,0
1502,9396,15,0,0
1502,9397,16,0,0
1502,9398,17,0,0
1502,9399,18,0,0
1502,2446,19,0,0
1502,2438,20,0,0
1502,2445,21,0,0
1502,2430,22,0,0
1502,2449,23,0,0
1502,2458,24,0,0
1502,16739,25,0,0
1502,2456,26,0,0
1502,2451,27,0,0
1502,14496,28,0,0
1502,2437,29,0,0
1502,2452,30,0,0
1502,2435,31,0,0
1502,2429,32,0,0
1502,2441,33,0,0
1502,2454,34,0,0
1502,3169,35,0,0
1502,11587,36,1,1
1603,16641,1,0,0
1603,4629,2,0,0
1603,1559,3,0,0
1603,6103,4,0,0
1603,4628,5,0,0
1603,1556,6,0,0
1603,4964,7,0,0
1603,16765,8,0,0
1603,4953,9,0,0
1603,4955,10,0,0
1603,4958,11,0,0
1603,4950,12,0,0
1603,4946,13,0,0
1603,4968,14,0,0
1603,4939,15,0,0
1603,4941,16,0,0
1603,4967,17,0,0
1603,4960,18,0,0
1603,4940,19,0,0
1603,4962,20,0,0
1603,4952,21,0,0
1603,5668,22,0,0
1603,5672,23,0,0
1603,5661,24,0,0
1603,5677,25,0,0
1603,5660,26,0,0
1603,5663,27,0,0
1603,5671,28,0,0
1603,5665,29,0,0
1603,14758,30,1,1
1604,14758,1,0,0
1604,16645,2,0,0
1604,5666,3,0,0
1604,5670,4,0,0
1604,5664,5,0,0
1604,5675,6,0,0
1604,5676,7,0,0
1604,5678,8,0,0
1604,5662,9,0,0
1604,16864,10,0,0
1604,5669,11,0,0
1604,4937,12,0,0
1604,4963,13,0,0
1604,4966,14,0,0
1604,4961,15,0,0
1604,4936,16,0,0
1604,4969,17,0,0
1604,4942,18,0,0
1604,4949,19,0,0
1604,4938,20,0,0
1604,4959,21,0,0
1604,16477,22,0,0
1604,15031,23,0,0
1604,4951,24,0,0
1604,4957,25,0,0
1604,4956,26,0,0
1604,4954,27,0,0
1604,4948,28,0,0
1604,4965,29,0,0
1604,1563,30,0,0
1604,1568,31,0,0
1604,1571,32,0,0
1604,7560,33,0,0
1604,7562,34,0,0
1604,14142,35,0,0
1604,7548,36,0,0
1604,16794,37,0,0
1604,16795,38,0,0
1604,1853,39,0,0
1604,1625,40,0,0
1604,1622,41,0,0
1604,15013,42,0,0
1604,1626,43,0,0
1604,1621,44,0,0
1604,16641,45,1,1
1703,16641,1,0,0
1703,4629,2,0,0
1703,451,3,0,0
1703,14964,4,0,0
1703,417,5,0,0
1703,395,6,0,0
1703,394,7,0,0
1703,384,8,0,0
1703,403,9,0,0
1703,14263,10,0,0
1703,379,11,0,0
1703,375,12,0,0
1703,443,13,0,0
1703,397,14,0,0
1703,413,15,0,0
1703,432,16,0,0
1703,429,17,0,0
1703,402,18,0,0
1703,435,19,0,0
1703,16720,20,0,0
1703,460,21,0,0
1703,388,22,0,0
1703,406,23,0,0
1703,438,24,0,0
1703,445,25,0,0
1703,372,26,0,0
1703,422,27,0,0
1703,390,28,0,0
1703,448,29,0,0
1703,382,30,0,0
1703,439,31,0,0
1703,425,32,0,0
1703,420,33,0,0
1703,419,34,0,0
1703,411,35,0,0
1703,450,36,0,0
1703,9788,37,0,0
1703,453,38,0,0
1703,433,39,0,0
1703,427,40,0,0
1703,465,41,0,0
1703,441,42,0,0
1703,457,43,0,0
1703,11413,44,0,0
1703,9356,45,0,0
1703,9357,46,0,0
1703,13462,47,1,1
1703,10713,48,0,0
1703,423,49,0,0
1703,424,50,0,0
1703,381,51,0,0
1703,400,52,0,0
1703,12095,53,0,0
1703,15410,54,0,0
1703,15411,55,0,0
1703,16575,56,0,0
1703,15412,57,0,0
1703,15413,58,0,0
1703,15557,59,1,1
1703,9892,60,0,0
1703,9893,61,0,0
1703,9894,62,0,0
1703,9720,63,1,1
1704,15557,1,0,0
1704,15558,2,0,0
1704,15556,3,0,0
1704,15559,4,0,0
1704,15417,5,0,0
1704,15418,6,0,0
1704,15419,7,0,0
1704,16629,8,0,0
1704,15420,9,0,0
1704,415,10,0,0
1704,15806,11,0,0
1704,15807,12,0,0
1704,401,13,0,0
1704,410,14,0,0
1704,9172,15,0,0
1704,9173,16,0,0
1704,456,17,0,0
1704,13462,18,0,0
1704,9345,19,0,0
1704,9720,20,0,0
1704,458,21,0,0
1704,469,22,0,0
1704,466,23,0,0
1704,418,24,0,0
1704,434,25,0,0
1704,12034,26,0,0
1704,12035,27,0,0
1704,11073,28,0,0
1704,454,29,0,0
1704,9748,30,0,0
1704,428,31,0,0
1704,1740,32,0,0
1704,459,33,0,0
1704,392,34,0,0
1704,426,35,0,0
1704,431,36,0,0
1704,378,37,0,0
1704,449,38,0,0
1704,391,39,0,0
1704,389,40,0,0
1704,447,41,0,0
1704,446,42,0,0
1704,377,43,0,0
1704,407,44,0,0
1704,387,45,0,0
1704,16721,46,0,0
1704,409,47,0,0
1704,436,48,0,0
1704,421,49,0,0
1704,430,50,0,0
1704,437,51,0,0
1704,414,52,0,0
1704,398,53,0,0
1704,442,54,0,0
1704,376,55,0,0
1704,380,56,0,0
1704,374,57,0,0
1704,404,58,0,0
1704,383,59,0,0
1704,393,60,0,0
1704,396,61,0,0
1704,416,62,0,0
1704,15652,63,0,0
1704,7560,64,0,0
1704,7562,65,0,0
1704,14142,66,0,0
1704,7548,67,0,0
1704,16794,68,0,0
1704,16795,69,0,0
1704,1853,70,0,0
1704,1625,71,0,0
1704,1622,72,0,0
1704,15013,73,0,0
1704,1626,74,0,0
1704,1621,75,0,0
1704,16641,76,1,1
1803,16599,1,0,0
1803,703,2,0,0
1803,710,3,0,0
1803,740,4,0,0
1803,717,5,0,0
1803,719,6,0,0
1803,737,7,0,0
1803,15844,8,0,0
1803,731,9,0,0
1803,735,10,0,0
1803,701,11,0,0
1803,708,12,0,0
1803,706,13,0,0
1803,609,14,0,0
1803,605,15,0,0
1803,611,16,0,0
1803,614,17,0,0
1803,1432,18,0,0
1803,1427,19,0,0
1803,1430,20,0,0
1803,982,21,0,0
1803,985,22,0,0
1803,979,23,0,0
1803,1675,24,0,0
1803,1677,25,1,1
1804,1677,1,0,0
1804,985,2,0,0
1804,613,3,0,0
1804,604,4,0,0
1804,606,5,0,0
1804,610,6,0,0
1804,705,7,0,0
1804,709,8,0,0
1804,702,9,0,0
1804,2019,10,0,0
1804,1429,11,0,0
1804,1433,12,0,0
1804,1431,13,0,0
1804,736,14,0,0
1804,732,15,0,0
1804,730,16,0,0
1804,738,17,0,0
1804,720,18,0,0
1804,718,19,0,0
1804,739,20,0,0
1804,711,21,0,0
1804,704,22,0,0
1804,716,23,0,0
1804,16599,24,1,1
1903,1069,1,0,0
1903,270,2,0,0
1903,256,3,0,0
1903,231,4,0,0
1903,261,5,0,0
1903,233,6,0,0
1903,252,7,0,0
1903,243,8,0,0
1903,244,9,0,0
1903,248,10,0,0
1903,238,11,0,0
1903,250,12,0,0
1903,268,13,0,0
1903,10282,14,0,0
1903,237,15,0,0
1903,266,16,1,0
1903,241,17,0,0
1903,930,18,0,0
1903,925,19,0,0
1903,929,20,0,0
1903,940,21,1,1
1904,940,1,0,0
1904,998,2,0,0
1904,334,3,0,0
1904,926,4,0,0
1904,948,5,0,0
1904,16259,6,0,0
1904,235,7,1,0
1904,236,8,0,0
1904,265,9,0,0
1904,267,10,0,0
1904,251,11,0,0
1904,239,12,0,0
1904,249,13,0,0
1904,245,14,0,0
1904,242,15,0,0
1904,253,16,0,0
1904,234,17,0,0
1904,260,18,0,0
1904,232,19,0,0
1904,16524,20,0,0
1904,3247,21,0,0
1904,1671,22,0,0
1904,1069,23,1,1
2001,14737,1,0,0
2001,15924,2,0,0
2001,15925,3,0,0
2001,910,4,0,0
2001,911,5,0,0
2001,16740,6,0,0
2001,872,7,0,0
2001,897,8,0,0
2001,919,9,0,0
2001,923,10,0,0
2001,921,11,0,0
2001,1450,12,0,0
2001,7547,13,0,0
2001,440,14,0,0
2001,16867,15,0,0
2001,1147,16,0,0
2001,1144,17,0,0
2001,16691,18,0,0
2001,1208,19,0,0
2001,1207,20,0,0
2001,1209,21,0,0
2001,1210,22,0,0
2001,1448,23,0,0
2001,1449,24,0,0
2001,1443,25,0,0
2001,10434,26,0,0
2001,1328,27,0,0
2001,1323,28,0,0
2001,1326,29,0,0
2001,1329,30,0,0
2001,1330,31,0,0
2001,1325,32,0,0
2001,1332,33,0,0
2001,1331,34,0,0
2001,1327,35,0,0
2001,1324,36,0,0
2001,1036,37,0,0
2001,1038,38,0,0
2001,16453,39,1,0
2001,16391,40,1,1
2002,16391,1,0,0
2002,3539,2,0,0
2002,1037,3,0,0
2002,2912,4,0,0
2002,2915,5,0,0
2002,2918,6,0,0
2002,2920,7,0,0
2002,2913,8,0,0
2002,2917,9,0,0
2002,2916,10,0,0
2002,2919,11,0,0
2002,2911,12,0,0
2002,2914,13,0,0
2002,3009,14,0,0
2002,3012,15,0,0
2002,3010,16,0,0
2002,3011,17,0,0
2002,2761,18,0,0
2002,2749,19,0,0
2002,2758,20,0,0
2002,2696,21,0,0
2002,2694,22,0,0
2002,2698,23,0,0
2002,2697,24,0,0
2002,1739,25,0,0
2002,1847,26,0,0
2002,11388,27,0,0
2002,1864,28,0,0
2002,1842,29,0,0
2002,1833,30,0,0
2002,16741,31,0,0
2002,1836,32,0,0
2002,1839,33,0,0
2002,1837,34,0,0
2002,15926,35,0,0
2002,13464,36,0,0
2002,14737,37,1,1
2103,16392,1,0,0
2103,3539,2,0,0
2103,1037,3,0,0
2103,1032,4,0,0
2103,625,5,0,0
2103,646,6,0,0
2103,627,7,0,0
2103,633,8,0,0
2103,640,9,0,0
2103,635,10,0,0
2103,642,11,0,0
2103,636,12,0,0
2103,637,13,0,0
2103,620,14,0,0
2103,16893,15,0,0
2103,644,16,0,0
2103,619,17,0,0
2103,618,18,0,0
2103,16378,19,0,0
2103,630,20,0,0
2103,1613,21,0,0
2103,15002,22,0,0
2103,1612,23,0,0
2103,10143,24,0,0
2103,10718,25,0,0
2103,10144,26,0,0
2103,15817,27,0,0
2103,15818,28,0,0
2103,10146,29,0,0
2103,15863,30,0,0
2103,15733,31,0,0
2103,4830,32,0,0
2103,4825,33,0,0
2103,4817,34,0,0
2103,4821,35,0,0
2103,4815,36,0,0
2103,4816,37,0,0
2103,4829,38,0,0
2103,4827,39,0,0
2103,4835,40,0,0
2103,4837,41,0,0
2103,9392,42,0,0
2103,9673,43,0,0
2103,9678,44,0,0
2103,9679,45,1,1
2104,10865,1,0,0
2104,9680,2,0,0
2104,9674,3,0,0
2104,4834,4,0,0
2104,4831,5,0,0
2104,4836,6,0,0
2104,4828,7,0,0
2104,9667,8,0,0
2104,4813,9,0,0
2104,14440,10,0,0
2104,4822,11,0,0
2104,4818,12,0,0
2104,4826,13,0,0
2104,4814,14,0,0
2104,4820,15,0,0
2104,4824,16,0,0
2104,10147,17,0,0
2104,15819,18,0,0
2104,10148,19,0,0
2104,10149,20,0,0
2104,10150,21,0,0
2104,1613,22,0,0
2104,14768,23,0,0
2104,1612,24,0,0
2104,631,25,0,0
2104,629,26,0,0
2104,615,27,0,0
2104,647,28,0,0
2104,616,29,0,0
2104,16894,30,0,0
2104,621,31,0,0
2104,639,32,0,0
2104,617,33,0,0
2104,643,34,0,0
2104,634,35,0,0
2104,641,36,0,0
2104,632,37,0,0
2104,622,38,0,0
2104,645,39,0,0
2104,626,40,0,0
2104,1033,41,0,0
2104,15278,42,0,0
2104,1038,43,0,0
2104,16453,44,1,0
2104,16392,45,1,1
2203,11181,1,0,0
2203,11183,2,0,0
2203,1787,3,0,0
2203,1796,4,0,0
2203,1790,5,0,0
2203,1800,6,0,0
2203,1783,7,0,0
2203,1793,8,0,0
2203,16837,9,0,0
2203,1785,10,0,0
2203,14644,11,1,1
2204,14644,1,0,0
2204,1786,2,0,0
2204,1789,3,0,0
2204,1792,4,0,0
2204,14425,5,0,0
2204,1791,6,0,0
2204,15132,7,0,0
2204,1797,8,0,0
2204,1788,9,0,0
2204,1795,10,0,0
2204,11845,11,0,0
2204,11181,12,1,1
2303,14736,1,0,0
2303,15924,2,0,0
2303,1886,3,0,0
2303,1888,4,0,0
2303,1900,5,0,0
2303,1894,6,0,0
2303,11255,7,0,0
2303,1898,8,0,0
2303,13621,9,0,0
2303,1896,10,0,0
2303,1884,11,0,0
2303,1893,12,0,0
2303,2476,13,0,0
2303,2478,14,0,0
2303,2477,15,0,0
2303,11455,16,0,0
2303,3093,17,0,0
2303,3092,18,1,1
2304,3092,1,0,0
2304,3094,2,0,0
2304,3118,3,0,0
2304,3120,4,0,0
2304,3121,5,0,0
2304,3119,6,0,0
2304,3122,7,0,0
2304,1892,8,0,0
2304,1885,9,0,0
2304,1897,10,0,0
2304,1891,11,0,0
2304,13346,12,0,0
2304,11256,13,0,0
2304,1895,14,0,0
2304,1901,15,0,0
2304,1889,16,0,0
2304,15926,17,0,0
2304,13464,18,0,0
2304,14736,19,1,1
2403,4689,1,0,0
2403,11348,2,0,0
2403,11376,3,0,0
2403,14976,4,0,0
2403,14975,5,0,0
2403,8443,6,0,0
2403,8440,7,0,0
2403,8462,8,0,0
2403,8484,9,0,0
2403,8446,10,0,0
2403,8505,11,0,0
2403,8506,12,0,0
2403,8434,13,0,0
2403,8430,14,0,0
2403,8451,15,0,0
2403,8519,16,0,0
2403,8502,17,0,0
2403,8455,18,0,0
2403,6153,19,0,0
2403,6152,20,0,0
2403,8442,21,0,0
2403,8435,22,0,0
2403,8431,23,0,0
2403,8470,24,0,0
2403,8512,25,0,0
2403,8499,26,0,0
2403,8475,27,0,0
2403,8449,28,0,0
2403,8466,29,0,0
2403,14271,30,0,0
2403,8473,31,0,0
2403,8437,32,0,0
2403,8471,33,0,0
2403,8456,34,0,0
2403,7417,35,0,0
2403,7416,36,0,0
2403,7429,37,0,0
2403,8481,38,0,0
2403,7412,39,0,0
2403,8497,40,0,0
2403,7419,41,0,0
2403,8469,42,0,0
2403,8426,43,0,0
2403,8428,44,0,0
2403,8494,45,0,0
2403,8459,46,0,0
2403,8460,47,0,0
2403,8467,48,0,0
2403,8485,49,0,0
2403,8486,50,0,0
2403,8480,51,0,0
2403,3159,52,0,0
2403,3156,53,0,0
2403,8464,54,0,0
2403,9522,55,0,0
2403,8511,56,0,0
2403,7946,57,1,1
2403,6324,58,0,0
2403,6323,59,0,0
2403,6321,60,0,0
2403,10252,61,0,0
2403,10253,62,0,0
2403,9515,63,0,0
2403,9516,64,0,0
2403,9517,65,0,0
2403,7161,66,0,0
2403,7191,67,0,0
2403,7226,68,0,0
2403,14628,69,1,1
2404,7946,1,0,0
2404,8509,2,0,0
2404,8510,3,0,0
2404,9523,4,0,0
2404,8465,5,0,0
2404,8503,6,0,0
2404,8516,7,0,0
2404,8479,8,0,0
2404,8487,9,0,0
2404,8492,10,0,0
2404,8468,11,0,0
2404,8461,12,0,0
2404,8458,13,0,0
2404,8521,14,0,0
2404,7421,15,0,0
2404,8438,16,0,0
2404,8489,17,0,0
2404,8488,18,0,0
2404,7420,19,0,0
2404,7426,20,0,0
2404,7413,21,0,0
2404,7411,22,0,0
2404,14628,23,0,0
2404,13705,24,0,0
2404,7190,25,0,0
2404,13683,26,0,0
2404,7476,27,0,0
2404,7475,28,0,0
2404,7477,29,0,0
2404,13684,30,0,0
2404,13685,31,0,0
2404,13686,32,0,0
2404,12352,33,0,0
2404,13687,34,0,0
2404,7414,35,0,0
2404,8523,36,0,0
2404,7418,37,0,0
2404,8490,38,0,0
2404,8439,39,0,0
2404,10730,40,0,0
2404,8472,41,0,0
2404,14272,42,0,0
2404,8445,43,0,0
2404,8448,44,0,0
2404,8478,45,0,0
2404,8500,46,0,0
2404,8513,47,0,0
2404,8496,48,0,0
2404,8450,49,0,0
2404,8457,50,0,0
2404,8441,51,0,0
2404,8453,52,0,0
2404,8427,53,0,0
2404,16695,54,0,0
2404,8520,55,0,0
2404,8491,56,0,0
2404,8429,57,0,0
2404,8522,58,0,0
2404,8463,59,0,0
2404,8493,60,0,0
2404,8504,61,0,0
2404,8447,62,0,0
2404,8495,63,0,0
2404,16463,64,0,0
2404,15026,65,0,0
2404,14963,66,0,0
2404,14962,67,0,0
2404,4690,68,1,1
2404,14976,69,1,1
2404,14975,70,1,1
2503,14637,1,0,0
2503,11925,2,0,0
2503,3369,3,0,0
2503,655,4,0,0
2503,657,5,0,0
2503,650,6,0,0
2503,652,7,0,0
2503,16620,8,0,0
2503,16622,9,0,0
2503,4501,10,0,0
2503,16697,11,0,0
2503,2979,12,0,0
2503,2980,13,0,0
2503,4520,14,0,0
2503,2988,15,0,0
2503,8011,16,0,0
2503,2987,17,0,0
2503,1936,18,0,0
2503,1934,19,0,0
2503,1972,20,0,0
2503,15731,21,0,0
2503,1977,22,0,0
2503,1942,23,0,0
2503,1922,24,0,0
2503,1961,25,0,0
2503,1946,26,0,0
2503,1920,27,0,0
2503,1913,28,0,0
2503,1948,29,0,0
2503,1930,30,0,0
2503,1944,31,0,0
2503,1957,32,0,0
2503,1979,33,0,0
2503,1955,34,0,0
2503,1940,35,0,0
2503,15056,36,0,0
2503,9656,37,0,0
2503,9657,38,0,0
2503,9658,39,0,0
2503,9659,40,0,0
2503,1941,41,0,0
2503,1959,42,0,0
2503,15988,43,0,0
2503,6349,44,0,0
2503,14623,45,1,1
2503,14625,46,0,0
2503,1949,47,0,0
2503,1929,48,0,0
2503,1938,49,0,0
2503,1919,50,0,0
2503,1975,51,0,0
2503,1967,52,0,0
2503,9140,53,0,0
2503,1966,54,0,0
2503,1952,55,0,0
2503,1956,56,0,0
2503,1917,57,0,0
2503,1915,58,0,0
2503,1933,59,0,0
2503,1974,60,0,0
2503,6148,61,0,0
2503,3129,62,0,0
2503,2646,63,1,1
2504,2646,1,0,0
2504,1916,2,0,0
2504,1918,3,0,0
2504,1960,4,0,0
2504,1953,5,0,0
2504,1965,6,0,0
2504,1932,7,0,0
2504,1968,8,0,0
2504,16485,9,0,0
2504,16758,10,0,0
2504,1939,11,0,0
2504,13422,12,0,0
2504,1928,13,0,0
2504,1950,14,0,0
2504,14623,15,0,0
2504,1970,16,0,0
2504,15989,17,0,0
2504,1943,18,0,0
2504,11485,19,0,0
2504,15056,20,0,0
2504,9656,21,0,0
2504,9657,22,0,0
2504,9658,23,0,0
2504,1924,24,0,0
2504,1954,25,0,0
2504,9107,26,0,0
2504,1907,27,0,0
2504,1945,28,0,0
2504,1951,29,0,0
2504,1912,30,0,0
2504,1914,31,0,0
2504,1921,32,0,0
2504,1947,33,0,0
2504,1962,34,0,0
2504,1923,35,0,0
2504,15526,36,0,0
2504,1978,37,0,0
2504,9126,38,0,0
2504,1973,39,0,0
2504,1935,40,0,0
2504,2978,41,0,0
2504,2986,42,0,0
2504,4518,43,0,0
2504,2977,44,0,0
2504,8012,45,0,0
2504,12127,46,0,0
2504,16696,47,0,0
2504,5988,48,0,0
2504,16623,49,0,0
2504,16621,50,0,0
2504,653,51,0,0
2504,656,52,0,0
2504,659,53,0,0
2504,651,54,0,0
2504,649,55,0,0
2504,660,56,0,0
2504,11926,57,1,1
2504,14637,58,1,1
2504,14625,59,1,1
2601,14701,1,0,0
2601,1170,2,0,0
2601,1168,3,0,0
2601,34,4,0,0
2601,42,5,0,0
2601,24,6,0,0
2601,40,7,0,0
2601,28,8,0,0
2601,26,9,0,0
2601,21,10,0,0
2601,30,11,0,0
2601,39,12,0,0
2601,37,13,0,0
2601,32,14,0,0
2601,23,15,0,0
2601,1007,16,0,0
2601,1023,17,0,0
2601,1029,18,0,0
2601,1015,19,0,0
2601,1008,20,0,0
2601,1018,21,0,0
2601,1004,22,0,0
2601,994,23,0,0
2601,1002,24,0,0
2601,1021,25,0,0
2601,1025,26,0,0
2601,1000,27,0,0
2601,1017,28,0,0
2601,1022,29,0,0
2601,996,30,0,0
2601,1011,31,0,0
2601,1014,32,0,0
2601,1027,33,0,0
2601,1012,34,0,0
2601,11881,35,0,0
2601,998,36,0,0
2601,334,37,0,0
2601,333,38,0,0
2601,336,39,0,0
2601,14784,40,1,1
2602,14784,1,0,0
2602,16874,2,0,0
2602,338,3,0,0
2602,927,4,0,0
2602,11710,5,0,0
2602,11711,6,0,0
2602,1013,7,0,0
2602,1028,8,0,0
2602,14341,9,0,0
2602,997,10,0,0
2602,1024,11,0,0
2602,1001,12,0,0
2602,1026,13,0,0
2602,14147,14,0,0
2602,1003,15,0,0
2602,995,16,0,0
2602,1005,17,0,0
2602,993,18,0,0
2602,1009,19,0,0
2602,1016,20,0,0
2602,1030,21,0,0
2602,1010,22,0,0
2602,1019,23,0,0
2602,14848,24,0,0
2602,33,25,0,0
2602,38,26,0,0
2602,36,27,0,0
2602,16844,28,0,0
2602,31,29,0,0
2602,22,30,0,0
2602,27,31,0,0
2602,29,32,0,0
2602,41,33,0,0
2602,25,34,0,0
2602,43,35,0,0
2602,13623,36,0,0
2602,14547,37,0,0
2602,1171,38,0,0
2602,14701,39,1,1
2703,14703,1,0,0
2703,1170,2,0,0
2703,1168,3,0,0
2703,3863,4,0,0
2703,3928,5,0,0
2703,3913,6,0,0
2703,3882,7,0,0
2703,3926,8,0,0
2703,3915,9,0,0
2703,3942,10,0,0
2703,3901,11,0,0
2703,15803,12,0,0
2703,9145,13,0,0
2703,3905,14,0,0
2703,2366,15,0,0
2703,16194,16,0,0
2703,9383,17,0,0
2703,16746,18,0,0
2703,16585,19,1,1
2704,16585,1,0,0
2704,16329,2,0,0
2704,2419,3,0,0
2704,16195,4,0,0
2704,3887,5,0,0
2704,3867,6,0,0
2704,3883,7,0,0
2704,3862,8,0,0
2704,3902,9,0,0
2704,3895,10,0,0
2704,3916,11,0,0
2704,3927,12,0,0
2704,3881,13,0,0
2704,3869,14,0,0
2704,3929,15,0,0
2704,13623,16,0,0
2704,14547,17,0,0
2704,1171,18,0,0
2704,14703,19,1,1
2801,14648,1,0,0
2801,1882,2,0,0
2801,1867,3,0,0
2801,1866,4,0,0
2801,1878,5,0,0
2801,1875,6,0,0
2801,1873,7,0,0
2801,1871,8,0,0
2801,1869,9,0,0
2801,14491,10,0,0
2801,7526,11,0,0
2801,15540,12,0,0
2801,14494,13,1,1
2802,14494,1,0,0
2802,14493,2,0,0
2802,7525,3,0,0
2802,14492,4,0,0
2802,1868,5,0,0
2802,1872,6,0,0
2802,1874,7,0,0
2802,1870,8,0,0
2802,1876,9,0,0
2802,11581,10,0,0
2802,1865,11,0,0
2802,1879,12,0,0
2802,1883,13,0,0
2802,14646,14,1,1
2903,14363,1,0,0
2903,14308,2,0,0
2903,15237,3,0,0
2903,14470,4,0,0
2903,9991,5,0,0
2903,2032,6,0,0
2903,2071,7,0,0
2903,2066,8,0,0
2903,9739,9,0,0
2903,2081,10,0,0
2903,2014,11,0,0
2903,2057,12,0,0
2903,2043,13,0,0
2903,2033,14,0,0
2903,2098,15,0,0
2903,2040,16,0,0
2903,2020,17,0,0
2903,2088,18,0,0
2903,16730,19,0,0
2903,2045,20,0,0
2903,2022,21,0,0
2903,2038,22,0,0
2903,2018,23,0,0
2903,2093,24,0,0
2903,15199,25,0,0
2903,10092,26,0,0
2903,2082,27,0,0
2903,2048,28,0,0
2903,15058,29,0,0
2903,2052,30,0,0
2903,2065,31,0,0
2903,16367,32,0,0
2903,15470,33,0,0
2903,2025,34,0,0
2903,10262,35,0,0
2903,2095,36,0,0
2903,2053,37,0,0
2903,2055,38,0,0
2903,15469,39,0,0
2903,2069,40,0,0
2903,2037,41,0,0
2903,2027,42,0,0
2903,2091,43,0,0
2903,982,44,0,0
2903,985,45,0,0
2903,979,46,0,0
2903,2104,47,0,0
2903,2108,48,0,0
2903,9899,49,1,1
2903,14799,50,1,1
2904,14799,1,0,0
2904,1666,2,0,0
2904,2107,3,0,0
2904,2105,4,0,0
2904,2024,5,0,0
2904,2064,6,0,0
2904,2019,7,0,0
2904,2076,8,0,0
2904,2087,9,0,0
2904,2016,10,0,0
2904,2070,11,0,0
2904,2078,12,0,0
2904,2056,13,0,0
2904,2054,14,0,0
2904,15471,15,0,0
2904,2023,16,0,0
2904,2026,17,0,0
2904,2021,18,0,0
2904,2046,19,0,0
2904,2086,20,0,0
2904,2079,21,0,0
2904,2060,22,0,0
2904,2049,23,0,0
2904,2083,24,0,0
2904,2061,25,0,0
2904,2017,26,0,0
2904,2094,27,0,0
2904,2085,28,0,0
2904,2039,29,0,0
2904,16470,30,0,0
2904,2044,31,0,0
2904,2068,32,0,0
2904,2089,33,0,0
2904,2013,34,0,0
2904,9341,35,0,0
2904,2099,36,0,0
2904,2034,37,0,0
2904,2041,38,0,0
2904,2058,39,0,0
2904,2015,40,0,0
2904,15030,41,0,0
2904,2074,42,0,0
2904,2067,43,0,0
2904,2072,44,0,0
2904,2092,45,0,0
2904,2032,46,1,1
2904,14469,47,0,0
2904,14362,48,0,0
2904,14361,49,0,0
2904,14363,50,1,1
3003,14695,1,0,0
3003,3697,2,0,0
3003,3698,3,0,0
3003,3695,4,0,0
3003,3696,5,0,0
3003,15984,6,0,0
3003,3496,7,0,0
3003,3521,8,0,0
3003,4450,9,1,1
3004,4450,1,0,0
3004,15827,2,0,0
3004,3495,3,0,0
3004,15983,4,0,0
3004,5119,5,0,0
3004,5118,6,0,0
3004,5121,7,0,0
3004,5120,8,0,0
3004,14695,9,1,1
3103,11181,1,0,0
3103,12415,2,0,0
3103,16158,3,0,0
3103,15064,4,0,0
3103,15240,5,0,0
3103,15063,6,0,0
3103,15699,7,0,0
3103,3684,8,0,0
3103,3681,9,0,0
3103,3673,10,0,0
3103,3668,11,0,0
3103,3677,12,0,0
3103,3679,13,0,0
3103,3688,14,0,0
3103,3675,15,0,0
3103,3682,16,0,0
3103,3671,17,0,0
3103,14694,18,1,1
3104,14694,1,0,0
3104,3670,2,0,0
3104,3683,3,0,0
3104,3676,4,0,0
3104,3687,5,0,0
3104,3680,6,0,0
3104,3678,7,0,0
3104,3669,8,0,0
3104,3674,9,0,0
3104,3672,10,0,0
3104,3685,11,0,0
3104,3029,12,0,0
3104,11377,13,0,0
3104,13926,14,0,0
3104,13483,15,0,0
3104,3536,16,0,0
3104,16155,17,0,0
3104,16156,18,0,0
3104,13486,19,1,1
3201,11629,1,0,0
3201,2399,2,0,0
3201,15594,3,0,0
3201,2416,4,0,0
3201,2343,5,0,0
3201,2382,6,0,0
3201,2377,7,0,0
3201,2370,8,0,0
3201,2328,9,0,0
3201,2362,10,0,0
3201,2404,11,0,0
3201,2402,12,0,0
3201,12135,13,0,0
3201,16050,14,0,0
3201,2406,15,0,0
3201,15359,16,0,0
3201,2366,17,0,0
3201,16194,18,0,0
3201,9383,19,0,0
3201,16746,20,0,0
3201,16596,21,1,1
3202,16596,1,0,0
3202,16329,2,0,0
3202,2419,3,0,0
3202,16195,4,0,0
3202,2365,5,0,0
3202,15360,6,0,0
3202,11716,7,0,0
3202,2407,8,0,0
3202,2384,9,0,0
3202,2403,10,0,0
3202,16757,11,0,0
3202,2363,12,0,0
3202,16648,13,0,0
3202,2371,14,0,0
3202,2421,15,0,0
3202,2381,16,0,0
3202,2344,17,0,0
3202,2417,18,0,0
3202,15594,19,1,1
3303,14783,1,0,0
3303,14343,2,0,0
3303,14364,3,0,0
3303,4610,4,0,0
3303,4613,5,0,0
3303,4617,6,0,0
3303,4612,7,0,0
3303,4609,8,0,0
3303,4606,9,0,0
3303,14321,10,0,0
3303,12795,11,0,0
3303,2415,12,0,0
3303,2391,13,0,0
3303,2327,14,1,1
3304,2327,1,0,0
3304,214,2,0,0
3304,4584,3,0,0
3304,4586,4,0,0
3304,16119,5,0,0
3304,3411,6,0,0
3304,4604,7,0,0
3304,4605,8,0,0
3304,14062,9,0,0
3304,4607,10,0,0
3304,4608,11,0,0
3304,4616,12,0,0
3304,4614,13,0,0
3304,4611,14,0,0
3304,4615,15,0,0
3304,4632,16,0,0
3304,14783,17,1,1
3401,16591,1,0,0
3401,16747,2,0,0
3401,2331,3,0,0
3401,16631,4,0,0
3401,2369,5,0,0
3401,16196,6,0,0
3401,10704,7,0,0
3401,2332,8,0,0
3401,2334,9,0,0
3401,16121,10,0,0
3401,2349,11,0,0
3401,2340,12,0,0
3401,2387,13,0,0
3401,2357,14,0,0
3401,2388,15,0,0
3401,2379,16,0,0
3401,14678,17,0,0
3401,2355,18,0,0
3401,2326,19,0,0
3401,2390,20,0,0
3401,2351,21,0,0
3401,16200,22,0,0
3401,16630,23,0,0
3401,2346,24,0,0
3401,11488,25,0,0
3401,2394,26,0,0
3401,2374,27,0,0
3401,2342,28,0,0
3401,14673,29,0,0
3401,13898,30,0,0
3401,16331,31,0,0
3401,15702,32,0,0
3401,2304,33,0,0
3401,16332,34,0,0
3401,2270,35,0,0
3401,2234,36,0,0
3401,2238,37,0,0
3401,16123,38,0,0
3401,2308,39,0,0
3401,2312,40,0,0
3401,2284,41,0,0
3401,2252,42,0,0
3401,15965,43,0,0
3401,2262,44,0,0
3401,2266,45,0,0
3401,2321,46,0,0
3401,2258,47,0,0
3401,2246,48,0,0
3401,2277,49,0,0
3401,15960,50,0,0
3401,16126,51,0,0
3401,15961,52,0,0
3401,2271,53,0,0
3401,2319,54,0,0
3401,2310,55,0,0
3401,2249,56,0,0
3401,2306,57,0,0
3401,2275,58,0,0
3401,3539,59,0,0
3401,14708,60,1,1
3402,14708,1,0,0
3402,2280,2,0,0
3402,16626,3,0,0
3402,2307,4,0,0
3402,2250,5,0,0
3402,16539,6,0,0
3402,2318,7,0,0
3402,2232,8,0,0
3402,2300,9,0,0
3402,11722,10,0,0
3402,2278,11,0,0
3402,2311,12,0,0
3402,2314,13,0,0
3402,2320,14,0,0
3402,2267,15,0,0
3402,2263,16,0,0
3402,2287,17,0,0
3402,2251,18,0,0
3402,2285,19,0,0
3402,2313,20,0,0
3402,2309,21,0,0
3402,16040,22,0,0
3402,2239,23,0,0
3402,2235,24,0,0
3402,2269,25,0,0
3402,2295,26,0,0
3402,2305,27,0,0
3402,2268,28,0,0
3402,9898,29,0,0
3402,14672,30,0,0
3402,2375,31,0,0
3402,2395,32,0,0
3402,2324,33,0,0
3402,2336,34,0,0
3402,2359,35,0,0
3402,16201,36,0,0
3402,2410,37,0,0
3402,2415,38,0,0
3402,2391,39,0,0
3402,2327,40,0,0
3402,2392,41,0,0
3402,14680,42,0,0
3402,2380,43,0,0
3402,2389,44,0,0
3402,2358,45,0,0
3402,2378,46,0,0
3402,2341,47,0,0
3402,2350,48,0,0
3402,2337,49,0,0
3402,2335,50,0,0
3402,16330,51,0,0
3402,2409,52,0,0
3402,2414,53,0,0
3402,2330,54,0,0
3402,15964,55,0,0
3402,16746,56,0,0
3402,16591,57,1,1
3503,16598,1,0,0
3503,16329,2,0,0
3503,2419,3,0,0
3503,16195,4,0,0
3503,3886,5,0,0
3503,16879,6,0,0
3503,3936,7,0,0
3503,3932,8,0,0
3503,2736,9,0,0
3503,15045,10,0,0
3503,3906,11,0,0
3503,3914,12,0,0
3503,15152,13,0,0
3503,3908,14,0,0
3503,9481,15,0,0
3503,3889,16,0,0
3503,3879,17,0,0
3503,3940,18,0,0
3503,3938,19,0,0
3503,3903,20,0,0
3503,3910,21,0,0
3503,3888,22,0,0
3503,3934,23,0,0
3503,3896,24,0,0
3503,16886,25,0,0
3503,3924,26,0,0
3503,3919,27,0,0
3503,3875,28,0,0
3503,3899,29,0,0
3503,3884,30,0,0
3503,3946,31,0,0
3503,3944,32,0,0
3503,3890,33,0,0
3503,3864,34,0,0
3503,4737,35,0,0
3503,3735,36,0,0
3503,9142,37,0,0
3503,3744,38,0,0
3503,3742,39,0,0
3503,3731,40,0,0
3503,3746,41,0,0
3503,3729,42,0,0
3503,3738,43,0,0
3503,9143,44,0,0
3503,1453,45,0,0
3503,12088,46,0,0
3503,16882,47,0,0
3503,2739,48,0,0
3503,3880,49,0,0
3503,16883,50,0,0
3503,3860,51,0,0
3503,10411,52,0,0
3503,10412,53,0,0
3503,1592,54,0,0
3503,1601,55,1,1
3503,15577,56,1,1
3504,15577,1,0,0
3504,1602,2,0,0
3504,1593,3,0,0
3504,1173,4,0,0
3504,3904,5,0,0
3504,1159,6,0,0
3504,1158,7,0,0
3504,3736,8,0,0
3504,3739,9,0,0
3504,3730,10,0,0
3504,3745,11,0,0
3504,3740,12,0,0
3504,3741,13,0,0
3504,3743,14,0,0
3504,3733,15,0,0
3504,3861,16,0,0
3504,16884,17,0,0
3504,16881,18,0,0
3504,3858,19,0,0
3504,16759,20,0,0
3504,9146,21,0,0
3504,3891,22,0,0
3504,3892,23,0,0
3504,3893,24,0,0
3504,3885,25,0,0
3504,16885,26,0,0
3504,3876,27,0,0
3504,3930,28,0,0
3504,3873,29,0,0
3504,3921,30,0,0
3504,10616,31,0,0
3504,3897,32,0,0
3504,14257,33,0,0
3504,3870,34,0,0
3504,3859,35,0,0
3504,3871,36,0,0
3504,3939,37,0,0
3504,3941,38,0,0
3504,3866,39,0,0
3504,16877,40,0,0
3504,3872,41,0,0
3504,15153,42,0,0
3504,3907,43,0,0
3504,2740,44,0,0
3504,2737,45,0,0
3504,16878,46,0,0
3504,3935,47,0,0
3504,16880,48,0,0
3504,2366,49,0,0
3504,16194,50,0,0
3504,9383,51,0,0
3504,16746,52,0,0
3504,16598,53,1,1
3601,2612,1,0,0
3601,15632,2,0,0
3601,15566,3,0,0
3601,2580,4,0,0
3601,9129,5,0,0
3601,2590,6,0,0
3601,3579,7,0,0
3601,2589,8,0,0
3601,3587,9,0,0
3601,9506,10,0,0
3601,3622,11,0,0
3601,3614,12,0,0
3601,3608,13,0,0
3601,3593,14,0,0
3601,3620,15,0,0
3601,16061,16,0,0
3601,15784,17,0,0
3601,3585,18,0,0
3601,3613,19,0,0
3601,3589,20,0,0
3601,15312,21,0,0
3601,14389,22,0,0
3601,9132,23,0,0
3601,14686,24,1,1
3602,14686,1,0,0
3602,9130,2,0,0
3602,3595,3,0,0
3602,15313,4,0,0
3602,3584,5,0,0
3602,3594,6,0,0
3602,15785,7,0,0
3602,3578,8,0,0
3602,16062,9,0,0
3602,3619,10,0,0
3602,3618,11,0,0
3602,3609,12,0,0
3602,3615,13,0,0
3602,3623,14,0,0
3602,3588,15,0,0
3602,2582,16,0,0
3602,3580,17,0,0
3602,2591,18,0,0
3602,2603,19,0,0
3602,2635,20,0,0
3602,15566,21,1,1
3703,16047,1,0,0
3703,9901,2,0,0
3703,3775,3,0,0
3703,3780,4,0,0
3703,3773,5,0,0
3703,3788,6,0,0
3703,3793,7,0,0
3703,3801,8,0,0
3703,3829,9,0,0
3703,1162,10,0,0
3703,3760,11,0,0
3703,3808,12,0,0
3703,3833,13,0,0
3703,3825,14,0,0
3703,3782,15,0,0
3703,3845,16,0,0
3703,3776,17,0,0
3703,3854,18,0,0
3703,3855,19,0,0
3703,3777,20,0,0
3703,3806,21,0,0
3703,3840,22,0,0
3703,3841,23,0,0
3703,3815,24,0,0
3703,9509,25,0,0
3703,3755,26,0,0
3703,14120,27,0,0
3703,3767,28,0,0
3703,3813,29,0,0
3703,3797,30,0,0
3703,3785,31,0,0
3703,3750,32,0,0
3703,3795,33,0,0
3703,3762,34,0,0
3703,3836,35,0,0
3703,3754,36,0,0
3703,2711,37,0,0
3703,2723,38,0,0
3703,2716,39,0,0
3703,3791,40,0,0
3703,3847,41,0,0
3703,3816,42,0,0
3703,3779,43,0,0
3703,3851,44,0,0
3703,3818,45,0,0
3703,3848,46,0,0
3703,9170,47,1,1
3703,9267,48,0,0
3703,9268,49,0,0
3703,6942,50,0,0
3703,6945,51,0,0
3703,6938,52,0,0
3703,6939,53,0,0
3703,6935,54,0,0
3703,6947,55,0,0
3703,6949,56,0,0
3703,9669,57,0,0
3703,10614,58,0,0
3703,15915,59,0,0
3703,12037,60,0,0
3703,12038,61,0,0
3703,13485,62,0,0
3703,9670,63,0,0
3703,13938,64,0,0
3703,11841,65,0,0
3703,11286,66,0,0
3703,11287,67,0,0
3703,11288,68,0,0
3703,14513,69,0,0
3703,11851,70,0,0
3703,12200,71,0,0
3703,11508,72,0,0
3703,13472,73,0,0
3703,11047,74,0,0
3703,11048,75,0,0
3703,11049,76,0,0
3703,15405,77,1,1
3704,9170,1,0,0
3704,4643,2,0,0
3704,3803,3,0,0
3704,3819,4,0,0
3704,3850,5,0,0
3704,3835,6,0,0
3704,3817,7,0,0
3704,3759,8,0,0
3704,12521,9,0,0
3704,3765,10,0,0
3704,2724,11,0,0
3704,2712,12,0,0
3704,3837,13,0,0
3704,3763,14,0,0
3704,3796,15,0,0
3704,3799,16,0,0
3704,3784,17,0,0
3704,3798,18,0,0
3704,3814,19,0,0
3704,3768,20,0,0
3704,15405,21,0,0
3704,12064,22,0,0
3704,11030,23,0,0
3704,11032,24,0,0
3704,13473,25,0,0
3704,11417,26,0,0
3704,12199,27,0,0
3704,11848,28,0,0
3704,14514,29,0,0
3704,11289,30,0,0
3704,11290,31,0,0
3704,11295,32,0,0
3704,11291,33,0,0
3704,13921,34,0,0
3704,12132,35,0,0
3704,12039,36,0,0
3704,12040,37,0,0
3704,12041,38,0,0
3704,12079,39,0,0
3704,9671,40,0,0
3704,6950,41,0,0
3704,6946,42,0,0
3704,9411,43,0,0
3704,6948,44,0,0
3704,6940,45,0,0
3704,6937,46,0,0
3704,6944,47,0,0
3704,6941,48,0,0
3704,6254,49,0,0
3704,6253,50,0,0
3704,6473,51,0,0
3704,3830,52,0,0
3704,3852,53,0,0
3704,3839,54,0,0
3704,3807,55,0,0
3704,3778,56,0,0
3704,3790,57,0,0
3704,3794,58,0,0
3704,3853,59,0,0
3704,3802,60,0,0
3704,3846,61,0,0
3704,3783,62,0,0
3704,3774,63,0,0
3704,3827,64,0,0
3704,3826,65,0,0
3704,3809,66,0,0
3704,3761,67,0,0
3704,3828,68,0,0
3704,3800,69,0,0
3704,3771,70,0,0
3704,3823,71,0,0
3704,3789,72,0,0
3704,3834,73,0,0
3704,16190,74,0,0
3704,16456,75,0,0
3704,16670,76,1,0
3704,16047,77,1,1
3704,526,78,1,1
3801,16390,1,0,0
3801,16373,2,0,0
3801,4079,3,0,0
3801,16374,4,0,0
3801,1613,5,0,0
3801,16335,6,0,0
3801,16645,7,0,0
3801,9604,8,0,0
3801,7711,9,0,0
3801,7676,10,0,0
3801,1044,11,0,0
3801,1048,12,0,0
3801,1046,13,0,0
3801,1052,14,0,0
3801,1051,15,0,0
3801,7704,16,0,0
3801,7702,17,0,0
3801,7698,18,0,0
3801,15114,19,1,1
3801,7968,20,0,0
3801,7974,21,0,0
3801,7973,22,0,0
3801,7970,23,0,0
3801,7975,24,0,0
3801,8003,25,0,0
3801,7480,26,0,0
3801,7920,27,0,0
3801,7922,28,0,0
3801,7933,29,0,0
3801,16415,30,0,0
3801,7924,31,0,0
3801,7927,32,0,0
3801,7923,33,0,0
3801,7935,34,0,0
3801,7934,35,0,0
3801,8036,36,0,0
3801,8035,37,0,0
3801,9891,38,0,0
3801,16037,39,1,1
3802,16037,1,0,0
3802,13068,2,0,0
3802,10141,3,0,0
3802,9885,4,0,0
3802,16808,5,0,0
3802,16807,6,0,0
3802,9889,7,0,0
3802,9890,8,0,0
3802,7926,9,0,0
3802,7925,10,0,0
3802,16416,11,0,0
3802,7932,12,0,0
3802,7921,13,0,0
3802,11560,14,0,0
3802,8004,15,0,0
3802,8002,16,0,0
3802,16655,17,0,0
3802,7971,18,0,0
3802,15114,19,0,0
3802,7977,20,0,0
3802,7699,21,0,0
3802,7703,22,0,0
3802,7701,23,0,0
3802,7705,24,0,0
3802,7700,25,0,0
3802,7691,26,0,0
3802,1045,27,0,0
3802,1049,28,0,0
3802,1043,29,0,0
3802,7677,30,0,0
3802,7712,31,0,0
3802,7695,32,0,0
3802,14766,33,0,0
3802,1612,34,0,0
3802,16375,35,0,0
3802,16376,36,0,0
3802,16453,37,1,0
3802,16390,38,1,1
3901,14690,1,0,0
3901,9912,2,0,0
3901,2516,3,0,0
3901,2507,4,0,0
3901,2574,5,0,0
3901,2522,6,0,0
3901,2572,7,0,0
3901,2527,8,0,0
3901,2509,9,0,0
3901,2488,10,0,0
3901,2510,11,0,0
3901,2512,12,0,0
3901,2537,13,0,0
3901,2541,14,0,0
3901,2482,15,0,0
3901,11264,16,0,0
3901,2518,17,0,0
3901,2543,18,0,0
3901,2564,19,0,0
3901,2520,20,0,0
3901,2504,21,0,0
3901,2550,22,0,0
3901,2502,23,0,0
3901,2565,24,0,0
3901,2538,25,0,0
3901,2530,26,0,0
3901,2494,27,0,0
3901,2569,28,0,0
3901,2493,29,0,0
3901,2555,30,0,0
3901,2490,31,0,0
3901,2567,32,0,0
3901,2481,33,0,0
3901,2514,34,0,0
3901,10658,35,0,0
3901,2485,36,0,0
3901,2534,37,0,0
3901,2501,38,0,0
3901,2497,39,0,0
3901,2547,40,0,0
3901,1055,41,0,0
3901,2546,42,0,0
3901,2532,43,0,0
3901,2559,44,0,0
3901,11344,45,0,0
3901,2525,46,0,0
3901,2561,47,0,0
3901,16369,48,0,0
3901,16699,49,0,0
3901,14549,50,0,0
3901,14442,51,0,0
3901,14444,52,0,0
3901,14552,53,0,0
3901,14553,54,0,0
3901,14554,55,0,0
3901,10952,56,0,0
3901,13325,57,0,0
3901,13326,58,0,0
3901,10950,59,1,1
3901,11667,60,0,0
3901,1375,61,1,1
3901,8467,62,0,0
3901,8485,63,0,0
3901,8486,64,0,0
3901,8480,65,0,0
3901,3159,66,0,0
3901,3156,67,0,0
3901,2660,68,0,0
3901,2657,69,0,0
3901,2656,70,1,1
3902,10950,1,0,0
3902,10951,2,0,0
3902,14486,3,0,0
3902,14487,4,0,0
3902,14488,5,0,0
3902,14445,6,0,0
3902,14443,7,0,0
3902,14550,8,0,0
3902,16700,9,0,0
3902,1375,10,0,0
3902,868,11,0,0
3902,867,12,0,0
3902,75,13,0,0
3902,16368,14,0,0
3902,2562,15,0,0
3902,2526,16,0,0
3902,11345,17,0,0
3902,2560,18,0,0
3902,2533,19,0,0
3902,2545,20,0,0
3902,2529,21,0,0
3902,2548,22,0,0
3902,11332,23,0,0
3902,2498,24,0,0
3902,2483,25,0,0
3902,2535,26,0,0
3902,2486,27,0,0
3902,10659,28,0,0
3902,2515,29,0,0
3902,2571,30,0,0
3902,2568,31,0,0
3902,2491,32,0,0
3902,2553,33,0,0
3902,2495,34,0,0
3902,2570,35,0,0
3902,2496,36,0,0
3902,2531,37,0,0
3902,2539,38,0,0
3902,2566,39,0,0
3902,2656,40,0,0
3902,2658,41,0,0
3902,2659,42,0,0
3902,2691,43,0,0
3902,2693,44,0,0
3902,9179,45,0,0
3902,8487,46,0,0
3902,8492,47,0,0
3902,8468,48,0,0
3902,8461,49,0,0
3902,2503,50,0,0
3902,2549,51,0,0
3902,2552,52,0,0
3902,9617,53,0,0
3902,2492,54,0,0
3902,2521,55,0,0
3902,2544,56,0,0
3902,2519,57,0,0
3902,2540,58,0,0
3902,2542,59,0,0
3902,2536,60,0,0
3902,2563,61,0,0
3902,2511,62,0,0
3902,9127,63,0,0
3902,2576,64,0,0
3902,2528,65,0,0
3902,2573,66,0,0
3902,2523,67,0,0
3902,2575,68,0,0
3902,2508,69,0,0
3902,2517,70,0,0
3902,9131,71,0,0
3902,14690,72,1,1
3902,9130,73,1,1
4001,14724,1,0,0
4001,16241,2,0,0
4001,15920,3,0,0
4001,5025,4,0,0
4001,9531,5,0,0
4001,9532,6,0,0
4001,9533,7,0,0
4001,762,8,0,0
4001,16744,9,0,0
4001,5017,10,0,0
4001,5012,11,0,0
4001,5019,12,0,0
4001,5021,13,0,0
4001,5024,14,0,0
4001,5023,15,0,0
4001,5020,16,0,0
4001,5015,17,0,0
4001,5016,18,0,0
4001,5027,19,0,0
4001,15987,20,0,0
4001,5018,21,0,0
4001,5030,22,0,0
4001,5031,23,0,0
4001,15421,24,0,0
4001,14895,25,0,0
4001,13320,26,0,0
4001,7069,27,0,0
4001,15827,28,0,0
4001,3495,29,0,0
4001,15983,30,0,0
4001,3513,31,0,0
4001,3508,32,0,0
4001,3503,33,0,0
4001,3486,34,0,0
4001,3501,35,0,0
4001,3507,36,0,0
4001,14050,37,0,0
4001,3491,38,0,0
4001,9855,39,1,1
4001,14663,40,1,1
4002,14663,1,0,0
4002,9855,2,0,0
4002,3490,3,0,0
4002,3497,4,0,0
4002,3500,5,0,0
4002,3493,6,0,0
4002,3502,7,0,0
4002,3509,8,0,0
4002,3514,9,0,0
4002,15984,10,0,0
4002,3496,11,0,0
4002,3521,12,0,0
4002,4455,13,0,0
4002,3528,14,0,0
4002,3527,15,0,0
4002,3505,16,0,0
4002,9943,17,0,0
4002,15096,18,0,0
4002,3522,19,0,0
4002,14190,20,0,0
4002,3499,21,0,0
4002,3512,22,0,0
4002,3515,23,0,0
4002,13345,24,0,0
4002,3520,25,0,0
4002,16424,26,0,0
4002,3511,27,0,0
4002,3492,28,0,0
4002,3504,29,0,0
4002,763,30,0,0
4002,16380,31,0,0
4002,9528,32,0,0
4002,9529,33,0,0
4002,9530,34,0,0
4002,3519,35,0,0
4002,16014,36,0,0
4002,12130,37,0,0
4002,14724,38,1,1
4002,15421,39,1,1
4103,14705,1,0,0
4103,15434,2,0,0
4103,7888,3,0,0
4103,7891,4,0,0
4103,7882,5,0,0
4103,7886,6,0,0
4103,7893,7,0,0
4103,7901,8,0,0
4103,7899,9,0,0
4103,4509,10,0,0
4103,4502,11,0,0
4103,4510,12,0,0
4103,4506,13,0,0
4103,4505,14,0,0
4103,4567,15,0,0
4103,4024,16,0,0
4103,3978,17,0,0
4103,4057,18,0,0
4103,15998,19,0,0
4103,16581,20,0,0
4103,3955,21,0,0
4103,3966,22,0,0
4103,4002,23,0,0
4103,3975,24,0,0
4103,15787,25,0,0
4103,15786,26,0,0
4103,4007,27,0,0
4103,15584,28,0,0
4103,4010,29,0,0
4103,4025,30,0,0
4103,3986,31,0,0
4103,3982,32,0,0
4103,9154,33,0,0
4103,16444,34,0,0
4103,4045,35,0,0
4103,4003,36,0,0
4103,4047,37,0,0
4103,3977,38,0,0
4103,4051,39,0,0
4103,7897,40,0,0
4103,7895,41,0,0
4103,3981,42,0,0
4103,9151,43,0,0
4103,13924,44,0,0
4103,3959,45,0,0
4103,4043,46,0,0
4103,9149,47,0,0
4103,15653,48,0,0
4103,14832,49,0,0
4103,14860,50,0,0
4103,13671,51,0,0
4103,14284,52,0,0
4103,4498,53,0,0
4103,13439,54,0,0
4103,11939,55,0,0
4103,15580,56,1,1
4104,15580,1,0,0
4104,7766,2,0,0
4104,7764,3,0,0
4104,11940,4,0,0
4104,12193,5,0,0
4104,7992,6,0,0
4104,15130,7,0,0
4104,14845,8,0,0
4104,14861,9,0,0
4104,16238,10,0,0
4104,3995,11,0,0
4104,11321,12,0,0
4104,10755,13,0,0
4104,9148,14,0,0
4104,4036,15,0,0
4104,3997,16,0,0
4104,7885,17,0,0
4104,9153,18,0,0
4104,4030,19,0,0
4104,4052,20,0,0
4104,3976,21,0,0
4104,16132,22,0,0
4104,3964,23,0,0
4104,9801,24,0,0
4104,9880,25,0,0
4104,4049,26,0,0
4104,3983,27,0,0
4104,3987,28,0,0
4104,4026,29,0,0
4104,4011,30,0,0
4104,4016,31,0,0
4104,9152,32,0,0
4104,3972,33,0,0
4104,3953,34,0,0
4104,3993,35,0,0
4104,3999,36,0,0
4104,3998,37,0,0
4104,3970,38,0,0
4104,15994,39,0,0
4104,4058,40,0,0
4104,3979,41,0,0
4104,14867,42,0,0
4104,11588,43,0,0
4104,14866,44,0,0
4104,8765,45,0,0
4104,8750,46,0,0
4104,8749,47,0,0
4104,11069,48,0,0
4104,14434,49,0,0
4104,15750,50,0,0
4104,7902,51,0,0
4104,7894,52,0,0
4104,7887,53,0,0
4104,7883,54,0,0
4104,7892,55,0,0
4104,7890,56,0,0
4104,7889,57,0,0
4104,15431,58,1,1
4104,14705,59,1,1
4201,14955,1,0,0
4201,3212,2,0,0
4201,14447,3,0,0
4201,1828,4,0,0
4201,1818,5,0,0
4201,1826,6,0,0
4201,1823,7,0,0
4201,1825,8,0,0
4201,1812,9,0,0
4201,1805,10,0,0
4201,1802,11,0,0
4201,1817,12,0,0
4201,1822,13,0,0
4201,1821,14,0,0
4201,1808,15,0,0
4201,1814,16,0,0
4201,1810,17,0,0
4201,2897,18,0,0
4201,2893,19,0,0
4201,2883,20,0,0
4201,2880,21,0,0
4201,2877,22,0,0
4201,2885,23,0,0
4201,2895,24,0,0
4201,2889,25,0,0
4201,2903,26,0,0
4201,9179,27,0,0
4201,2905,28,0,0
4201,2899,29,0,0
4201,2900,30,0,0
4201,2882,31,0,0
4201,14116,32,0,0
4201,2909,33,0,0
4201,2891,34,0,0
4201,2907,35,0,0
4201,2879,36,0,0
4201,11071,37,0,0
4201,12017,38,0,0
4201,12018,39,0,0
4201,16612,40,0,0
4201,15006,41,0,0
4201,12019,42,0,0
4201,12020,43,0,0
4201,12021,44,0,0
4201,12022,45,0,0
4201,12023,46,0,0
4201,12024,47,0,0
4201,12025,48,0,0
4201,12049,49,0,0
4201,12026,50,0,0
4201,6562,51,0,0
4201,10833,52,0,0
4201,6559,53,0,0
4201,10237,54,0,0
4201,10236,55,0,0
4201,10834,56,0,0
4201,10835,57,0,0
4201,16249,58,0,0
4201,11563,59,0,0
4201,11564,60,0,0
4201,11565,61,1,1
4202,11565,1,0,0
4202,10830,2,0,0
4202,10831,3,0,0
4202,10832,4,0,0
4202,6563,5,0,0
4202,12027,6,0,0
4202,12050,7,0,0
4202,12028,8,0,0
4202,12029,9,0,0
4202,12030,10,0,0
4202,12031,11,0,0
4202,12032,12,0,0
4202,12033,13,0,0
4202,15007,14,0,0
4202,12034,15,0,0
4202,12035,16,0,0
4202,11073,17,0,0
4202,2878,18,0,0
4202,2908,19,0,0
4202,2890,20,0,0
4202,2910,21,0,0
4202,2887,22,0,0
4202,2901,23,0,0
4202,2875,24,0,0
4202,2874,25,0,0
4202,2904,26,0,0
4202,2888,27,0,0
4202,2902,28,0,0
4202,2896,29,0,0
4202,2886,30,0,0
4202,16810,31,0,0
4202,2881,32,0,0
4202,2884,33,0,0
4202,2894,34,0,0
4202,2898,35,0,0
4202,2892,36,0,0
4202,1815,37,0,0
4202,1807,38,0,0
4202,16326,39,0,0
4202,16325,40,0,0
4202,1816,41,0,0
4202,1803,42,0,0
4202,1806,43,0,0
4202,1813,44,0,0
4202,14966,45,0,0
4202,16541,46,0,0
4202,1827,47,0,0
4202,1819,48,0,0
4202,1829,49,0,0
4202,14955,50,1,1
4303,16394,1,0,0
4303,2280,2,0,0
4303,4129,3,0,0
4303,4126,4,0,0
4303,4068,5,0,0
4303,4117,6,0,0
4303,4115,7,0,0
4303,4083,8,0,0
4303,4095,9,0,0
4303,16724,10,0,0
4303,4085,11,0,0
4303,4123,12,0,0
4303,4102,13,0,0
4303,4073,14,0,0
4303,16377,15,0,0
4303,4113,16,0,0
4303,4094,17,0,0
4303,15917,18,0,0
4303,15918,19,1,1
4303,4127,20,0,0
4303,4109,21,0,0
4303,4074,22,0,0
4303,4121,23,0,0
4303,4111,24,0,0
4303,16412,25,0,0
4303,4089,26,0,0
4303,4098,27,0,0
4303,4090,28,0,0
4303,4104,29,0,0
4303,4070,30,0,0
4303,4081,31,0,0
4303,4130,32,0,0
4303,4077,33,0,0
4303,4066,34,0,0
4303,10600,35,0,0
4303,11562,36,0,0
4303,14421,37,0,0
4303,4067,38,0,0
4303,10036,39,0,0
4303,10037,40,0,0
4303,10511,41,0,0
4303,14256,42,0,0
4303,10478,43,0,0
4303,9781,44,0,0
4303,11251,45,1,1
4303,11998,46,0,0
4303,4532,47,0,0
4303,4535,48,0,0
4303,4554,49,0,0
4303,4546,50,0,0
4303,14448,51,0,0
4303,4543,52,0,0
4303,1613,53,0,0
4303,14768,54,1,1
4304,11251,1,0,0
4304,10530,2,0,0
4304,5732,3,0,0
4304,11252,4,0,0
4304,11253,5,0,0
4304,11254,6,0,0
4304,12197,7,0,0
4304,11558,8,0,0
4304,4060,9,0,0
4304,10601,10,0,0
4304,4065,11,0,0
4304,4078,12,0,0
4304,4131,13,0,0
4304,4082,14,0,0
4304,4099,15,0,0
4304,4105,16,0,0
4304,4091,17,0,0
4304,4097,18,0,0
4304,13342,19,0,0
4304,16418,20,0,0
4304,16414,21,0,0
4304,4122,22,0,0
4304,4092,23,0,0
4304,4110,24,0,0
4304,4128,25,0,0
4304,15918,26,0,0
4304,4062,27,0,0
4304,14768,28,0,0
4304,1612,29,0,0
4304,11370,30,0,0
4304,4541,31,0,0
4304,4545,32,0,0
4304,4555,33,0,0
4304,4536,34,0,0
4304,4531,35,0,0
4304,4087,36,0,0
4304,4080,37,0,0
4304,4072,38,0,0
4304,4103,39,0,0
4304,4124,40,0,0
4304,4086,41,0,0
4304,4132,42,0,0
4304,4076,43,0,0
4304,4096,44,0,0
4304,4084,45,0,0
4304,4116,46,0,0
4304,4118,47,0,0
4304,4069,48,0,0
4304,13696,49,0,0
4304,4093,50,0,0
4304,3539,51,0,0
4304,16453,52,1,0
4304,16394,53,1,1
4403,12120,1,0,0
4403,12121,2,0,0
4403,12122,3,0,0
4403,4289,4,0,0
4403,4342,5,0,0
4403,4326,6,0,0
4403,4380,7,0,0
4403,4378,8,0,0
4403,4307,9,0,0
4403,4361,10,0,0
4403,4384,11,0,0
4403,4347,12,0,0
4403,4280,13,0,0
4403,4301,14,0,0
4403,4343,15,0,0
4403,4273,16,0,0
4403,4350,17,0,0
4403,4699,18,0,0
4403,14723,19,1,1
4404,14723,1,0,0
4404,4618,2,0,0
4404,4351,3,0,0
4404,4274,4,0,0
4404,4344,5,0,0
4404,4352,6,0,0
4404,4353,7,0,0
4404,4348,8,0,0
4404,4385,9,0,0
4404,4362,10,0,0
4404,4308,11,0,0
4404,4379,12,0,0
4404,4381,13,0,0
4404,4327,14,0,0
4404,4341,15,0,0
4404,4290,16,0,0
4404,12124,17,0,0
4404,12126,18,0,0
4404,12120,19,1,1
4503,14718,1,0,0
4503,16241,2,0,0
4503,4291,3,0,0
4503,4382,4,0,0
4503,4338,5,0,0
4503,4314,6,0,0
4503,4294,7,0,0
4503,4391,8,0,0
4503,4298,9,0,0
4503,4364,10,0,0
4503,4283,11,0,0
4503,4345,12,0,0
4503,4357,13,0,0
4503,4358,14,0,0
4503,4335,15,0,0
4503,4304,16,0,0
4503,4389,17,0,0
4503,4328,18,0,0
4503,4316,19,0,0
4503,4387,20,0,0
4503,4324,21,0,0
4503,4349,22,0,0
4503,15236,23,0,0
4503,4303,24,0,0
4503,4333,25,0,0
4503,4376,26,0,0
4503,4318,27,0,0
4503,4285,28,0,0
4503,4287,29,0,0
4503,4370,30,0,0
4503,4368,31,0,0
4503,15747,32,0,0
4503,4373,33,0,0
4503,4312,34,0,0
4503,4322,35,0,0
4503,4293,36,0,0
4503,15749,37,0,0
4503,4329,38,0,0
4503,4276,39,0,0
4503,4355,40,0,0
4503,11043,41,0,0
4503,4309,42,0,0
4503,4354,43,0,0
4503,16248,44,0,0
4503,4281,45,0,0
4503,4331,46,0,0
4503,9878,47,1,1
4504,15789,1,0,0
4504,4332,2,0,0
4504,4282,3,0,0
4504,4277,4,0,0
4504,4340,5,0,0
4504,4377,6,0,0
4504,11044,7,0,0
4504,4272,8,0,0
4504,4275,9,0,0
4504,4330,10,0,0
4504,4321,11,0,0
4504,4386,12,0,0
4504,4323,13,0,0
4504,4313,14,0,0
4504,4374,15,0,0
4504,15748,16,0,0
4504,14891,17,0,0
4504,4371,18,0,0
4504,4288,19,0,0
4504,4286,20,0,0
4504,4372,21,0,0
4504,4375,22,0,0
4504,4334,23,0,0
4504,4302,24,0,0
4504,4320,25,0,0
4504,4336,26,0,0
4504,4325,27,0,0
4504,4388,28,0,0
4504,4317,29,0,0
4504,4300,30,0,0
4504,4390,31,0,0
4504,4305,32,0,0
4504,4337,33,0,0
4504,4359,34,0,0
4504,4356,35,0,0
4504,4346,36,0,0
4504,4284,37,0,0
4504,4365,38,0,0
4504,4299,39,0,0
4504,5134,40,0,0
4504,4295,41,0,0
4504,4315,42,0,0
4504,13447,43,0,0
4504,4383,44,0,0
4504,16020,45,0,0
4504,12130,46,0,0
4504,16241,47,1,1
4504,14718,48,1,1
4603,14717,1,0,0
4603,16241,2,0,0
4603,4291,3,0,0
4603,4382,4,0,0
4603,4338,5,0,0
4603,4314,6,0,0
4603,4294,7,0,0
4603,4391,8,0,0
4603,4298,9,0,0
4603,6010,10,0,0
4603,6011,11,0,0
4603,5494,12,0,0
4603,5498,13,0,0
4603,5496,14,0,0
4603,5500,15,0,0
4603,6001,16,0,0
4603,6004,17,0,0
4603,14849,18,0,0
4603,5657,19,0,0
4603,5612,20,0,0
4603,5610,21,0,0
4603,2865,22,0,0
4603,2866,23,0,0
4603,5625,24,0,0
4603,5656,25,0,0
4603,5649,26,0,0
4603,5653,27,0,0
4603,6158,28,0,0
4603,5607,29,0,0
4603,5641,30,0,0
4603,5596,31,0,0
4603,5614,32,0,0
4603,5592,33,0,0
4603,5597,34,0,0
4603,5652,35,0,0
4603,5599,36,0,0
4603,5593,37,0,0
4603,5639,38,0,0
4603,5633,39,0,0
4603,5622,40,0,0
4603,5631,41,0,0
4603,5655,42,0,0
4603,5628,43,0,0
4603,5620,44,0,0
4603,5635,45,0,0
4603,5616,46,0,0
4603,15883,47,0,0
4603,5590,48,0,0
4603,5617,49,0,0
4603,5602,50,0,0
4603,5648,51,0,0
4603,5646,52,0,0
4603,9258,53,0,0
4603,9259,54,0,0
4603,9726,55,0,0
4603,9835,56,0,0
4603,9824,57,1,1
4604,9824,1,0,0
4604,9825,2,0,0
4604,9724,3,0,0
4604,9266,4,0,0
4604,5643,5,0,0
4604,5647,6,0,0
4604,5595,7,0,0
4604,5603,8,0,0
4604,5624,9,0,0
4604,5589,10,0,0
4604,15882,11,0,0
4604,5615,12,0,0
4604,5636,13,0,0
4604,5621,14,0,0
4604,5629,15,0,0
4604,5627,16,0,0
4604,5632,17,0,0
4604,5623,18,0,0
4604,5634,19,0,0
4604,5638,20,0,0
4604,5618,21,0,0
4604,5600,22,0,0
4604,5651,23,0,0
4604,5598,24,0,0
4604,5604,25,0,0
4604,5613,26,0,0
4604,5591,27,0,0
4604,5642,28,0,0
4604,5608,29,0,0
4604,5654,30,0,0
4604,5650,31,0,0
4604,5637,32,0,0
4604,5626,33,0,0
4604,5605,34,0,0
4604,5640,35,0,0
4604,5609,36,0,0
4604,5630,37,0,0
4604,5606,38,0,0
4604,5644,39,0,0
4604,6002,40,0,0
4604,6003,41,0,0
4604,5497,42,0,0
4604,5499,43,0,0
4604,5495,44,0,0
4604,5501,45,0,0
4604,1486,46,0,0
4604,4299,47,0,0
4604,5134,48,0,0
4604,4295,49,0,0
4604,4315,50,0,0
4604,13447,51,0,0
4604,4383,52,0,0
4604,16020,53,0,0
4604,12130,54,0,0
4604,14717,55,1,1
4703,5218,1,0,0
4703,5527,2,0,0
4703,5528,3,0,0
4703,15191,4,0,0
4703,5204,5,0,0
4703,5220,6,0,0
4703,5215,7,0,0
4703,5211,8,0,0
4703,5225,9,0,0
4703,5209,10,0,0
4703,5210,11,0,0
4703,4408,12,0,0
4703,16556,13,0,0
4703,4410,14,0,0
4703,4404,15,0,0
4703,4401,16,0,0
4703,4399,17,0,0
4703,5214,18,0,0
4703,5207,19,0,0
4703,11578,20,0,0
4703,11715,21,0,0
4703,733,22,0,0
4703,699,23,0,0
4703,721,24,0,0
4703,741,25,0,0
4703,713,26,0,0
4703,747,27,0,0
4703,727,28,0,0
4703,725,29,0,0
4703,16600,30,1,1
4704,16600,1,0,0
4704,2334,2,0,0
4704,726,3,0,0
4704,728,4,0,0
4704,746,5,0,0
4704,16843,6,0,0
4704,742,7,0,0
4704,722,8,0,0
4704,700,9,0,0
4704,734,10,0,0
4704,11579,11,0,0
4704,12554,12,0,0
4704,5206,13,0,0
4704,5213,14,0,0
4704,4400,15,0,0
4704,4402,16,0,0
4704,4405,17,0,0
4704,4411,18,0,0
4704,5217,19,0,0
4704,5224,20,0,0
4704,13703,21,0,0
4704,5208,22,0,0
4704,5226,23,0,0
4704,5212,24,0,0
4704,5216,25,0,0
4704,5219,26,0,0
4704,5205,27,0,0
4704,5221,28,0,0
4704,5218,29,1,1
4801,1340,1,0,0
4801,1494,2,0,0
4801,1476,3,0,0
4801,1493,4,0,0
4801,1500,5,0,0
4801,1499,6,0,0
4801,15542,7,0,0
4801,1504,8,0,0
4801,11627,9,0,0
4801,8641,10,0,0
4801,8646,11,0,0
4801,8644,12,0,0
4801,8645,13,0,0
4801,1472,14,0,0
4801,1478,15,0,0
4801,1491,16,0,0
4801,1474,17,0,0
4801,1481,18,0,0
4801,1486,19,0,0
4801,1497,20,0,0
4801,1470,21,0,0
4801,1469,22,0,0
4801,1483,23,0,0
4801,1162,24,0,0
4801,18,25,0,0
4801,14,26,0,0
4801,12,27,0,0
4801,17,28,0,0
4801,6974,29,0,0
4801,15958,30,0,0
4801,1512,31,0,0
4801,1516,32,0,0
4801,1517,33,0,0
4801,1514,34,0,0
4801,14752,35,1,1
4802,14752,1,0,0
4802,1513,2,0,0
4802,1520,3,0,0
4802,1515,4,0,0
4802,1521,5,0,0
4802,1511,6,0,0
4802,1518,7,0,0
4802,1510,8,0,0
4802,16,9,0,0
4802,13,10,0,0
4802,15,11,0,0
4802,19,12,0,0
4802,11,13,0,0
4802,1482,14,0,0
4802,1468,15,0,0
4802,1495,16,0,0
4802,1502,17,0,0
4802,1487,18,0,0
4802,6010,19,0,0
4802,1489,20,0,0
4802,1496,21,0,0
4802,13134,22,0,0
4802,15894,23,0,0
4802,1473,24,0,0
4802,1505,25,0,0
4802,15541,26,0,0
4802,1498,27,0,0
4802,1501,28,0,0
4802,1477,29,0,0
4802,1475,30,0,0
4802,1494,31,1,1
4901,1269,1,0,0
4901,1271,2,0,0
4901,1274,3,0,0
4901,1272,4,0,0
4901,1348,5,0,0
4901,550,6,0,0
4901,513,7,0,0
4901,546,8,0,0
4901,534,9,0,0
4901,595,10,0,0
4901,510,11,0,0
4901,594,12,0,0
4901,581,13,0,0
4901,597,14,0,0
4901,488,15,0,0
4901,1200,16,0,0
4901,1203,17,0,0
4901,14724,18,1,1
4902,14724,1,0,0
4902,5128,2,0,0
4902,16482,3,0,0
4902,548,4,0,0
4902,582,5,0,0
4902,537,6,0,0
4902,511,7,0,0
4902,596,8,0,0
4902,568,9,0,0
4902,547,10,0,0
4902,541,11,0,0
4902,552,12,0,0
4902,560,13,0,0
4902,1269,14,1,1
5001,1340,1,0,0
5001,1249,2,0,0
5001,687,3,0,0
5001,688,4,0,0
5001,686,5,0,0
5001,691,6,0,0
5001,683,7,0,0
5001,697,8,0,0
5001,673,9,0,0
5001,15437,10,0,0
5001,694,11,0,0
5001,16897,12,0,0
5001,666,13,0,0
5001,668,14,0,0
5001,679,15,0,0
5001,676,16,0,0
5001,670,17,0,0
5001,763,18,0,0
5001,764,19,0,0
5001,16670,20,1,0
5001,16046,21,1,1
5002,16046,1,0,0
5002,9901,2,0,0
5002,1163,3,0,0
5002,762,4,0,0
5002,672,5,0,0
5002,671,6,0,0
5002,677,7,0,0
5002,678,8,0,0
5002,675,9,0,0
5002,665,10,0,0
5002,16617,11,0,0
5002,695,12,0,0
5002,15438,13,0,0
5002,674,14,0,0
5002,698,15,0,0
5002,684,16,0,0
5002,690,17,0,0
5002,685,18,0,0
5002,689,19,0,0
5002,13484,20,0,0
5002,1249,21,1,1
5103,884,1,0,0
5103,14649,2,0,0
5103,16478,3,0,0
5103,970,4,0,0
5103,965,5,0,0
5103,964,6,0,0
5103,961,7,0,0
5103,969,8,0,0
5103,968,9,0,0
5103,9446,10,0,0
5103,9447,11,0,0
5103,5753,12,0,0
5103,7982,13,0,0
5103,5136,14,0,0
5103,5140,15,0,0
5103,5141,16,0,0
5103,5138,17,0,0
5103,16141,18,0,0
5103,2284,19,0,0
5103,2252,20,0,0
5103,5439,21,0,0
5103,15069,22,0,0
5103,9159,23,0,0
5103,5424,24,0,0
5103,9165,25,0,0
5103,16144,26,0,0
5103,5459,27,0,0
5103,5455,28,0,0
5103,5453,29,0,0
5103,5484,30,0,0
5103,5481,31,0,0
5103,5427,32,0,0
5103,5478,33,0,0
5103,9158,34,0,0
5103,5492,35,0,0
5103,5432,36,0,0
5103,5451,37,0,0
5103,5421,38,0,0
5103,10757,39,0,0
5103,5447,40,0,0
5103,5450,41,0,0
5103,13691,42,0,0
5103,14620,43,1,1
5103,5323,44,0,0
5103,16353,45,0,0
5103,1989,46,0,0
5103,11000,47,0,0
5103,1988,48,0,0
5103,11001,49,0,0
5103,1985,50,0,0
5103,1984,51,1,1
5104,14620,1,0,0
5104,14439,2,0,0
5104,9161,3,0,0
5104,10758,4,0,0
5104,5426,5,0,0
5104,5452,6,0,0
5104,5441,7,0,0
5104,9169,8,0,0
5104,5456,9,0,0
5104,5436,10,0,0
5104,5472,11,0,0
5104,5482,12,0,0
5104,5483,13,0,0
5104,1984,14,0,0
5104,1981,15,0,0
5104,1983,16,0,0
5104,1982,17,0,0
5104,16146,18,0,0
5104,1991,19,0,0
5104,1990,20,0,0
5104,2820,21,0,0
5104,2822,22,0,0
5104,5454,23,0,0
5104,11276,24,0,0
5104,5469,25,0,0
5104,14965,26,0,0
5104,14957,27,0,0
5104,2287,28,0,0
5104,2251,29,0,0
5104,16685,30,0,0
5104,5145,31,0,0
5104,15870,32,0,0
5104,5143,33,0,0
5104,5142,34,0,0
5104,15671,35,0,0
5104,5752,36,0,0
5104,16905,37,0,0
5104,9448,38,0,0
5104,9449,39,0,0
5104,967,40,0,0
5104,976,41,0,0
5104,960,42,0,0
5104,962,43,0,0
5104,966,44,0,0
5104,971,45,0,0
5104,16479,46,0,0
5104,14649,47,1,1
5104,892,48,1,1
5201,14061,1,0,0
5201,5756,2,0,0
5201,15016,3,0,0
5201,5762,4,0,0
5201,5763,5,0,0
5201,5760,6,0,0
5201,10260,7,0,0
5201,4762,8,0,0
5201,4750,9,0,0
5201,6154,10,0,0
5201,4755,11,0,0
5201,9320,12,0,0
5201,4764,13,0,0
5201,4767,14,0,0
5201,4758,15,0,0
5201,4747,16,0,0
5201,14278,17,0,0
5201,4751,18,0,0
5201,4760,19,0,0
5201,4974,20,0,0
5201,4975,21,0,0
5201,5003,22,0,0
5201,4989,23,0,0
5201,4998,24,0,0
5201,4992,25,0,0
5201,4977,26,0,0
5201,4990,27,0,0
5201,13698,28,0,0
5201,5005,29,0,0
5201,4987,30,0,0
5201,4980,31,0,0
5201,4981,32,0,0
5201,4995,33,0,0
5201,5001,34,0,0
5201,4999,35,0,0
5201,5002,36,0,0
5201,6045,37,0,0
5201,5650,38,0,0
5201,6195,39,0,0
5201,15737,40,0,0
5201,6182,41,0,0
5201,6185,42,0,0
5201,6194,43,0,0
5201,6188,44,0,0
5201,6205,45,0,0
5201,6189,46,0,0
5201,6190,47,0,0
5201,6202,48,0,0
5201,6172,49,0,0
5201,15035,50,0,0
5201,6198,51,0,0
5201,5402,52,0,0
5201,5399,53,0,0
5201,5418,54,0,0
5201,5405,55,0,0
5201,6046,56,0,0
5201,5377,57,0,0
5201,5414,58,0,0
5201,5397,59,0,0
5201,5395,60,0,0
5201,2824,61,0,0
5201,5359,62,0,0
5201,5346,63,0,0
5201,5391,64,0,0
5201,5356,65,0,0
5201,5394,66,0,0
5201,5381,67,0,0
5201,5366,68,0,0
5201,5340,69,0,0
5201,5350,70,0,0
5201,5403,71,0,0
5201,5363,72,0,0
5201,5373,73,0,0
5201,5360,74,0,0
5201,15198,75,0,0
5201,5343,76,0,0
5201,5389,77,0,0
5201,12202,78,0,0
5201,5369,79,0,0
5201,5347,80,0,0
5201,5371,81,0,0
5201,5337,82,0,0
5201,5370,83,0,0
5201,5385,84,0,0
5201,5384,85,0,0
5201,5335,86,0,0
5201,5392,87,0,0
5201,5352,88,0,0
5201,5374,89,0,0
5201,5365,90,0,0
5201,5355,91,0,0
5201,15184,92,1,1
5201,14725,93,1,1
5201,15144,94,0,0
5201,14092,95,0,0
5202,14725,1,0,0
5202,15184,2,0,0
5202,5388,3,0,0
5202,5380,4,0,0
5202,5375,5,0,0
5202,5368,6,0,0
5202,5336,7,0,0
5202,5376,8,0,0
5202,5386,9,0,0
5202,5411,10,0,0
5202,5339,11,0,0
5202,5338,12,0,0
5202,5349,13,0,0
5202,5348,14,0,0
5202,5410,15,0,0
5202,14733,16,0,0
5202,12203,17,0,0
5202,14734,18,0,0
5202,14735,19,0,0
5202,5390,20,0,0
5202,5344,21,0,0
5202,5354,22,0,0
5202,5361,23,0,0
5202,5334,24,0,0
5202,5364,25,0,0
5202,5404,26,0,0
5202,5351,27,0,0
5202,5341,28,0,0
5202,5367,29,0,0
5202,5382,30,0,0
5202,5393,31,0,0
5202,5357,32,0,0
5202,5358,33,0,0
5202,5345,34,0,0
5202,5342,35,0,0
5202,5379,36,0,0
5202,5396,37,0,0
5202,5398,38,0,0
5202,5415,39,0,0
5202,5413,40,0,0
5202,5387,41,0,0
5202,5406,42,0,0
5202,6044,43,0,0
5202,6047,44,0,0
5202,5000,45,0,0
5202,5004,46,0,0
5202,4994,47,0,0
5202,4982,48,0,0
5202,4983,49,0,0
5202,4988,50,0,0
5202,4971,51,0,0
5202,13699,52,0,0
5202,4991,53,0,0
5202,4978,54,0,0
5202,4993,55,0,0
5202,4984,56,0,0
5202,4979,57,0,0
5202,4972,58,0,0
5202,4976,59,0,0
5202,4973,60,0,0
5202,4986,61,0,0
5202,4753,62,0,0
5202,4752,63,0,0
5202,4746,64,0,0
5202,4748,65,0,0
5202,4749,66,0,0
5202,4766,67,0,0
5202,11559,68,0,0
5202,4763,69,0,0
5202,4761,70,0,0
5202,4757,71,0,0
5202,4756,72,0,0
5202,15014,73,0,0
5202,4768,74,0,0
5202,5758,75,0,0
5202,5759,76,0,0
5202,5764,77,0,0
5202,5761,78,0,0
5202,15015,79,0,0
5202,5755,80,0,0
5202,16251,81,0,0
5202,14061,82,1,1
5202,6154,83,1,1
5202,15144,84,0,0
5202,14092,85,1,1
5202,5417,86,0,0
5202,5400,87,0,0
5202,5401,88,0,0
5202,15735,89,0,0
5202,15736,90,0,0
5202,6203,91,0,0
5202,6191,92,0,0
5202,6187,93,0,0
5202,6206,94,0,0
5202,6183,95,0,0
5202,6193,96,0,0
5202,6186,97,0,0
5202,6181,98,0,0
5202,6199,99,0,0
5202,6196,100,0,0
5202,6159,101,0,0
5202,6157,102,0,0
5202,6158,103,0,0
5202,5650,104,1,1
5202,15546,105,1,0
5202,6198,106,1,1
5301,14684,1,0,0
5301,15282,2,0,0
5301,14447,3,0,0
5301,8975,4,0,0
5301,9034,5,0,0
5301,9024,6,0,0
5301,8955,7,0,0
5301,9058,8,0,0
5301,8217,9,0,0
5301,8246,10,0,0
5301,8230,11,0,0
5301,8245,12,0,0
5301,15238,13,0,0
5301,15239,14,0,0
5301,8211,15,0,0
5301,8236,16,0,0
5301,8226,17,0,0
5301,8212,18,0,0
5301,8214,19,0,0
5301,8228,20,0,0
5301,6142,21,0,0
5301,12816,22,0,0
5301,8237,23,0,0
5301,13339,24,0,0
5301,8209,25,0,0
5301,8243,26,0,0
5301,8234,27,0,0
5301,8221,28,0,0
5301,16013,29,0,0
5301,9344,30,0,0
5301,9345,31,0,0
5301,9346,32,0,0
5301,9347,33,0,0
5301,9780,34,0,0
5301,14256,35,0,0
5301,10478,36,0,0
5301,9781,37,0,0
5301,16247,38,0,0
5301,9783,39,0,0
5301,9828,40,0,0
5301,9881,41,0,0
5301,9829,42,0,0
5301,9830,43,0,0
5301,10919,44,0,0
5301,12076,45,0,0
5301,11606,46,0,0
5301,14374,47,0,0
5301,11608,48,0,0
5301,14375,49,0,0
5301,14376,50,0,0
5301,14377,51,0,0
5301,14981,52,0,0
5301,16255,53,0,0
5301,14380,54,0,0
5301,14382,55,0,0
5301,14984,56,0,0
5301,14985,57,0,0
5301,14988,58,0,0
5301,14266,59,0,0
5301,14107,60,0,0
5301,14982,61,0,0
5301,14264,62,0,0
5301,14086,63,0,0
5301,14990,64,1,1
5301,15193,65,0,0
5301,16256,66,0,0
5301,16252,67,1,1
5302,14990,1,0,0
5302,14991,2,0,0
5302,13906,3,0,0
5302,14104,4,0,0
5302,13907,5,0,0
5302,14105,6,0,0
5302,14989,7,0,0
5302,14987,8,0,0
5302,14986,9,0,0
5302,14983,10,0,0
5302,14423,11,0,0
5302,16252,12,0,0
5302,14379,13,0,0
5302,11611,14,0,0
5302,14603,15,0,0
5302,11612,16,0,0
5302,11613,17,0,0
5302,11614,18,0,0
5302,11615,19,0,0
5302,12077,20,0,0
5302,16669,21,0,0
5302,9831,22,0,0
5302,9832,23,0,0
5302,9882,24,0,0
5302,9833,25,0,0
5302,16668,26,0,0
5302,9787,27,0,0
5302,4640,28,0,0
5302,10479,29,0,0
5302,13448,30,0,0
5302,9354,31,0,0
5302,9355,32,0,0
5302,9356,33,0,0
5302,9357,34,0,0
5302,10138,35,0,0
5302,8222,36,0,0
5302,8218,37,0,0
5302,8241,38,0,0
5302,8232,39,0,0
5302,8250,40,0,0
5302,8238,41,0,0
5302,8215,42,0,0
5302,15742,43,0,0
5302,8229,44,0,0
5302,8219,45,0,0
5302,8213,46,0,0
5302,8227,47,0,0
5302,8233,48,0,0
5302,8210,49,0,0
5302,8224,50,0,0
5302,8225,51,0,0
5302,8256,52,0,0
5302,8287,53,0,0
5302,8247,54,0,0
5302,8216,55,0,0
5302,9059,56,0,0
5302,15783,57,0,0
5302,9031,58,0,0
5302,15782,59,0,0
5302,8976,60,0,0
5302,9013,61,0,0
5302,14684,62,1,1
5401,16603,1,0,0
5401,16748,2,0,0
5401,1942,3,0,0
5401,1922,4,0,0
5401,1961,5,0,0
5401,1946,6,0,0
5401,5259,7,0,0
5401,5275,8,0,0
5401,5313,9,0,0
5401,5312,10,0,0
5401,5245,11,0,0
5401,5328,12,0,0
5401,16527,13,0,0
5401,5305,14,0,0
5401,16526,15,0,0
5401,5330,16,0,0
5401,5255,17,0,0
5401,5325,18,0,0
5401,11676,19,0,0
5401,16611,20,0,0
5401,5279,21,0,0
5401,5311,22,0,0
5401,5294,23,0,0
5401,9930,24,0,0
5401,5286,25,0,0
5401,5239,26,0,0
5401,5229,27,0,0
5401,16865,28,0,0
5401,5242,29,0,0
5401,5235,30,0,0
5401,5233,31,0,0
5401,5273,32,0,0
5401,5307,33,0,0
5401,9503,34,0,0
5401,5274,35,0,0
5401,5264,36,0,0
5401,5316,37,0,0
5401,5297,38,0,0
5401,5319,39,0,0
5401,5299,40,0,0
5401,5302,41,0,0
5401,5266,42,0,0
5401,5228,43,0,0
5401,5281,44,0,0
5401,4423,45,0,0
5401,4419,46,0,0
5401,4418,47,0,0
5401,5284,48,0,0
5401,4425,49,0,0
5401,4422,50,0,0
5401,11185,51,0,0
5401,4414,52,0,0
5401,4413,53,0,0
5401,5291,54,0,0
5401,5303,55,0,0
5401,5251,56,0,0
5401,16250,57,0,0
5401,5250,58,0,0
5401,5310,59,0,0
5401,6530,60,0,0
5401,9967,61,0,0
5401,9969,62,0,0
5401,9970,63,1,1
5401,16766,64,1,1
5402,9970,1,0,0
5402,9971,2,0,0
5402,9972,3,0,0
5402,13068,4,0,0
5402,5309,5,0,0
5402,5249,6,0,0
5402,5248,7,0,0
5402,16653,8,0,0
5402,5304,9,0,0
5402,5292,10,0,0
5402,4412,11,0,0
5402,4415,12,0,0
5402,4417,13,0,0
5402,13704,14,0,0
5402,5285,15,0,0
5402,4427,16,0,0
5402,5252,17,0,0
5402,4424,18,0,0
5402,5282,19,0,0
5402,5298,20,0,0
5402,5267,21,0,0
5402,5301,22,0,0
5402,5300,23,0,0
5402,5296,24,0,0
5402,5317,25,0,0
5402,5265,26,0,0
5402,5272,27,0,0
5402,9504,28,0,0
5402,5308,29,0,0
5402,5271,30,0,0
5402,5232,31,0,0
5402,5234,32,0,0
5402,5241,33,0,0
5402,5289,34,0,0
5402,5230,35,0,0
5402,5238,36,0,0
5402,16737,37,0,0
5402,5240,38,0,0
5402,5293,39,0,0
5402,5280,40,0,0
5402,5253,41,0,0
5402,15243,42,0,0
5402,5276,43,0,0
5402,5263,44,0,0
5402,5329,45,0,0
5402,16528,46,0,0
5402,5306,47,0,0
5402,5322,48,0,0
5402,5326,49,0,0
5402,5246,50,0,0
5402,5256,51,0,0
5402,5324,52,0,0
5402,5333,53,0,0
5402,5260,54,0,0
5402,14255,55,0,0
5402,1962,56,0,0
5402,1923,57,0,0
5402,15526,58,0,0
5402,4720,59,0,0
5402,4725,60,0,0
5402,16603,61,1,1
5503,14700,1,0,0
5503,1170,2,0,0
5503,1168,3,0,0
5503,3863,4,0,0
5503,3928,5,0,0
5503,3913,6,0,0
5503,9943,7,0,0
5503,15096,8,0,0
5503,3522,9,0,0
5503,11052,10,0,0
5503,14869,11,0,0
5503,11053,12,1,1
5504,11053,1,0,0
5504,11054,2,0,0
5504,11055,3,0,0
5504,11056,4,0,0
5504,11057,5,0,0
5504,11058,6,0,0
5504,15854,7,0,0
5504,9961,8,0,0
5504,9962,9,0,0
5504,9963,10,0,0
5504,9964,11,0,0
5504,5027,12,0,0
5504,15987,13,0,0
5504,5018,14,0,0
5504,3869,15,0,0
5504,3929,16,0,0
5504,13623,17,0,0
5504,14547,18,0,0
5504,1171,19,0,0
5504,14700,20,1,1
5703,16392,1,0,0
5703,3539,2,0,0
5703,5696,3,0,0
5703,5704,4,0,0
5703,5689,5,0,0
5703,5746,6,0,0
5703,5719,7,0,0
5703,5736,8,0,0
5703,5712,9,0,0
5703,5748,10,0,0
5703,16687,11,0,0
5703,5694,12,0,0
5703,5731,13,0,0
5703,5726,14,0,0
5703,5690,15,0,0
5703,5698,16,0,0
5703,9618,17,0,0
5703,5733,18,0,0
5703,5684,19,0,0
5703,5705,20,0,0
5703,5740,21,0,0
5703,5742,22,0,0
5703,5738,23,0,0
5703,5714,24,0,0
5703,5727,25,0,0
5703,5706,26,0,0
5703,5745,27,0,0
5703,5708,28,0,0
5703,5688,29,0,0
5703,5702,30,0,0
5703,5744,31,0,0
5703,5711,32,0,0
5703,16288,33,0,0
5703,5720,34,0,0
5703,14397,35,0,0
5703,5680,36,0,0
5703,16042,37,0,0
5703,16043,38,0,0
5703,16847,39,0,0
5703,4640,40,0,0
5703,10479,41,1,1
5704,10478,1,0,0
5704,9781,2,0,0
5704,11251,3,0,0
5704,10530,4,0,0
5704,5732,5,0,0
5704,5681,6,0,0
5704,14398,7,0,0
5704,5721,8,0,0
5704,16287,9,0,0
5704,5710,10,0,0
5704,5743,11,0,0
5704,5703,12,0,0
5704,5722,13,0,0
5704,5687,14,0,0
5704,5709,15,0,0
5704,5701,16,0,0
5704,5707,17,0,0
5704,5728,18,0,0
5704,5715,19,0,0
5704,5739,20,0,0
5704,5741,21,0,0
5704,16726,22,0,0
5704,5700,23,0,0
5704,5683,24,0,0
5704,5734,25,0,0
5704,5692,26,0,0
5704,5699,27,0,0
5704,5723,28,0,0
5704,5686,29,0,0
5704,5725,30,0,0
5704,5682,31,0,0
5704,5695,32,0,0
5704,5729,33,0,0
5704,5724,34,0,0
5704,5713,35,0,0
5704,5735,36,0,0
5704,5737,37,0,0
5704,15991,38,0,0
5704,5749,39,0,0
5704,5718,40,0,0
5704,1036,41,0,0
5704,1038,42,0,0
5704,16453,43,1,0
5704,16392,44,1,1
5901,12689,1,0,0
5901,5870,2,0,0
5901,5108,3,0,0
5901,5107,4,0,0
5901,5104,5,0,0
5901,5100,6,0,0
5901,5102,7,0,0
5901,5098,8,0,0
5901,5998,9,0,0
5901,6151,10,0,0
5901,6149,11,0,0
5901,5873,12,0,0
5901,16052,13,0,0
5901,8712,14,0,0
5901,4887,15,0,0
5901,4878,16,0,0
5901,4883,17,0,0
5901,4879,18,0,0
5901,4876,19,0,0
5901,4874,20,0,0
5901,4881,21,0,0
5901,4885,22,0,0
5901,4880,23,0,0
5901,11516,24,0,0
5901,5547,25,0,0
5901,5549,26,0,0
5901,5542,27,0,0
5901,5541,28,0,0
5901,16753,29,0,0
5901,4926,30,0,0
5901,4934,31,0,0
5901,4930,32,0,0
5901,9985,33,0,0
5901,4932,34,0,0
5901,4935,35,0,0
5901,9860,36,0,0
5901,9861,37,0,0
5901,16651,38,0,0
5901,9863,39,0,0
5901,14868,40,0,0
5901,9873,41,0,0
5901,9874,42,0,0
5901,9875,43,0,0
5901,9876,44,0,0
5901,9877,45,0,0
5901,5350,46,0,0
5901,5403,47,0,0
5901,5363,48,0,0
5901,5373,49,0,0
5901,5360,50,0,0
5901,15198,51,0,0
5901,5343,52,0,0
5901,5389,53,0,0
5901,14732,54,1,1
5902,14732,1,0,0
5902,5390,2,0,0
5902,5344,3,0,0
5902,5354,4,0,0
5902,5361,5,0,0
5902,5334,6,0,0
5902,5364,7,0,0
5902,5404,8,0,0
5902,5351,9,0,0
5902,9864,10,0,0
5902,9865,11,0,0
5902,9866,12,0,0
5902,9867,13,0,0
5902,9868,14,0,0
5902,9869,15,0,0
5902,9870,16,0,0
5902,5114,17,0,0
5902,16652,18,0,0
5902,5112,19,0,0
5902,4923,20,0,0
5902,4927,21,0,0
5902,4924,22,0,0
5902,9984,23,0,0
5902,4928,24,0,0
5902,4929,25,0,0
5902,4933,26,0,0
5902,4925,27,0,0
5902,4931,28,0,0
5902,5540,29,0,0
5902,5543,30,0,0
5902,5546,31,0,0
5902,5548,32,0,0
5902,11517,33,0,0
5902,5545,34,0,0
5902,4886,35,0,0
5902,6150,36,0,0
5902,5997,37,0,0
5902,5099,38,0,0
5902,5103,39,0,0
5902,5101,40,0,0
5902,15049,41,0,0
5902,5106,42,0,0
5902,5109,43,0,0
5902,5871,44,0,0
5902,5873,45,1,1
5902,4882,46,0,0
5902,4873,47,0,0
5902,4877,48,0,0
5902,10720,49,0,0
5902,4884,50,0,0
5902,4875,51,0,0
5902,4888,52,0,0
5902,8711,53,0,0
5902,16053,54,0,0
5902,12689,55,1,1
6001,10860,1,0,0
6001,10861,2,0,0
6001,10862,3,0,0
6001,10863,4,0,0
6001,10864,5,0,0
6001,9824,6,0,0
6001,9825,7,0,0
6001,9261,8,0,0
6001,9262,9,0,0
6001,9826,10,0,0
6001,10866,11,0,0
6001,4643,12,0,0
6001,8284,13,0,0
6001,8272,14,0,0
6001,8271,15,0,0
6001,8276,16,0,0
6001,8313,17,0,0
6001,8260,18,0,0
6001,8289,19,0,0
6001,8281,20,0,0
6001,8315,21,0,0
6001,8306,22,0,0
6001,8301,23,0,0
6001,8259,24,0,0
6001,8294,25,0,0
6001,6144,26,0,0
6001,12088,27,0,0
6001,1592,28,0,0
6001,1601,29,0,0
6001,15573,30,0,0
6001,1594,31,0,0
6001,1590,32,0,0
6001,1596,33,0,0
6001,1597,34,0,0
6001,8254,35,0,0
6001,8258,36,0,0
6001,8275,37,0,0
6001,8268,38,0,0
6001,8270,39,0,0
6001,8278,40,0,0
6001,8292,41,0,0
6001,8304,42,0,0
6001,8310,43,0,0
6001,8266,44,0,0
6001,1587,45,0,0
6001,1603,46,0,0
6001,8262,47,0,0
6001,8290,48,0,0
6001,8279,49,0,0
6001,8309,50,0,0
6001,8299,51,0,0
6001,9059,52,0,0
6001,15783,53,0,0
6001,9031,54,0,0
6001,15782,55,0,0
6001,8976,56,0,0
6001,9013,57,0,0
6001,14687,58,1,1
6002,14687,1,0,0
6002,15282,2,0,0
6002,14447,3,0,0
6002,8975,4,0,0
6002,9034,5,0,0
6002,9024,6,0,0
6002,8955,7,0,0
6002,8317,8,0,0
6002,8300,9,0,0
6002,8280,10,0,0
6002,8291,11,0,0
6002,8263,12,0,0
6002,8314,13,0,0
6002,8261,14,0,0
6002,8265,15,0,0
6002,8311,16,0,0
6002,8293,17,0,0
6002,8267,18,0,0
6002,8269,19,0,0
6002,8274,20,0,0
6002,8257,21,0,0
6002,8255,22,0,0
6002,16419,23,0,0
6002,8264,24,0,0
6002,1598,25,0,0
6002,1591,26,0,0
6002,1595,27,0,0
6002,15579,28,0,0
6002,1602,29,0,0
6002,1593,30,0,0
6002,8286,31,0,0
6002,8253,32,0,0
6002,8295,33,0,0
6002,8296,34,0,0
6002,8302,35,0,0
6002,8307,36,0,0
6002,8316,37,0,0
6002,8297,38,0,0
6002,8288,39,0,0
6002,8303,40,0,0
6002,8312,41,0,0
6002,8277,42,0,0
6002,8298,43,0,0
6002,8273,44,0,0
6002,8283,45,0,0
6002,8285,46,0,0
6002,9822,47,0,0
6002,9263,48,0,0
6002,9264,49,0,0
6002,9823,50,0,0
6002,9824,51,1,1
6002,10854,52,0,0
6002,10855,53,0,0
6002,10856,54,0,0
6002,10857,55,0,0
6002,10858,56,0,0
6002,10859,57,0,0
6002,10860,58,1,1
6002,15573,59,1,1
6103,14954,1,0,0
6103,2375,2,0,0
6103,2395,3,0,0
6103,4772,4,0,0
6103,4794,5,0,0
6103,14996,6,0,0
6103,4795,7,0,0
6103,4783,8,0,0
6103,4787,9,0,0
6103,4779,10,0,0
6103,4781,11,0,0
6103,4782,12,0,0
6103,4786,13,0,0
6103,4770,14,0,0
6103,4797,15,0,0
6103,4776,16,0,0
6103,4789,17,0,0
6103,14416,18,0,0
6103,52,19,0,0
6103,59,20,0,0
6103,69,21,0,0
6103,73,22,0,0
6103,14189,23,1,1
6104,14189,1,0,0
6104,72,2,0,0
6104,54,3,0,0
6104,60,4,0,0
6104,53,5,0,0
6104,11238,6,0,0
6104,4790,7,0,0
6104,4777,8,0,0
6104,4798,9,0,0
6104,4771,10,0,0
6104,4785,11,0,0
6104,4791,12,0,0
6104,4792,13,0,0
6104,4780,14,0,0
6104,4778,15,0,0
6104,4788,16,0,0
6104,4784,17,0,0
6104,4796,18,0,0
6104,4793,19,0,0
6104,11488,20,0,0
6104,2394,21,0,0
6104,2374,22,0,0
6104,2342,23,0,0
6104,14954,24,1,1
6201,14635,1,0,0
6201,3369,2,0,0
6201,655,3,0,0
6201,5766,4,0,0
6201,5767,5,0,0
6201,5788,6,0,0
6201,5769,7,0,0
6201,5790,8,0,0
6201,5798,9,0,0
6201,5774,10,0,0
6201,5776,11,0,0
6201,5784,12,0,0
6201,5781,13,0,0
6201,5787,14,0,0
6201,5793,15,0,0
6201,5771,16,0,0
6201,5785,17,0,0
6201,5779,18,0,0
6201,5796,19,0,0
6201,5795,20,0,0
6201,5525,21,0,0
6201,5526,22,0,0
6201,4871,23,0,0
6201,4872,24,0,0
6201,5007,25,0,0
6201,14739,26,1,1
6202,14739,1,0,0
6202,5006,2,0,0
6202,16684,3,0,0
6202,4869,4,0,0
6202,2852,5,0,0
6202,5524,6,0,0
6202,5794,7,0,0
6202,5797,8,0,0
6202,5780,9,0,0
6202,5778,10,0,0
6202,5773,11,0,0
6202,5792,12,0,0
6202,5786,13,0,0
6202,5782,14,0,0
6202,5783,15,0,0
6202,5777,16,0,0
6202,5775,17,0,0
6202,5799,18,0,0
6202,5791,19,0,0
6202,5770,20,0,0
6202,5789,21,0,0
6202,5768,22,0,0
6202,659,23,0,0
6202,651,24,0,0
6202,649,25,0,0
6202,660,26,0,0
6202,14635,27,1,1
6303,14540,1,0,0
6303,13344,2,0,0
6303,11695,3,0,0
6303,6050,4,0,0
6303,6052,5,0,0
6303,5978,6,0,0
6303,15890,7,0,0
6303,5963,8,0,0
6303,5954,9,0,0
6303,5956,10,0,0
6303,5961,11,0,0
6303,5972,12,0,0
6303,5973,13,0,0
6303,8008,14,0,0
6303,14743,15,0,0
6303,5976,16,0,0
6303,5966,17,0,0
6303,5969,18,0,0
6303,5965,19,0,0
6303,5967,20,0,0
6303,5959,21,0,0
6303,949,22,0,0
6303,5895,23,0,0
6303,5915,24,0,0
6303,5914,25,0,0
6303,15986,26,0,0
6303,5899,27,0,0
6303,5911,28,0,0
6303,5909,29,0,0
6303,5917,30,0,0
6303,5896,31,0,0
6303,5903,32,0,0
6303,2379,33,0,0
6303,14681,34,1,1
6304,14681,1,0,0
6304,9895,2,0,0
6304,2380,3,0,0
6304,5904,4,0,0
6304,5897,5,0,0
6304,5905,6,0,0
6304,5910,7,0,0
6304,5912,8,0,0
6304,5900,9,0,0
6304,15985,10,0,0
6304,5916,11,0,0
6304,5913,12,0,0
6304,5908,13,0,0
6304,5898,14,0,0
6304,5958,15,0,0
6304,5968,16,0,0
6304,13895,17,0,0
6304,5970,18,0,0
6304,5977,19,0,0
6304,5975,20,0,0
6304,14746,21,0,0
6304,9857,22,0,0
6304,5974,23,0,0
6304,5971,24,0,0
6304,5960,25,0,0
6304,5957,26,0,0
6304,5955,27,0,0
6304,5962,28,0,0
6304,5952,29,0,0
6304,5979,30,0,0
6304,6850,31,0,0
6304,11691,32,0,0
6304,13624,33,0,0
6304,13625,34,0,0
6304,14536,35,0,0
6304,14537,36,0,0
6304,14538,37,0,0
6304,14539,38,0,0
6304,14540,39,1,1
6403,6213,1,0,0
6403,5115,2,0,0
6403,5116,3,0,0
6403,6211,4,0,0
6403,6098,5,0,0
6403,6099,6,0,0
6403,5535,7,0,0
6403,5538,8,0,0
6403,5533,9,0,0
6403,11826,10,0,0
6403,14740,11,1,1
6404,14740,1,0,0
6404,5532,2,0,0
6404,1264,3,0,0
6404,5539,4,0,0
6404,5529,5,0,0
6404,5534,6,0,0
6404,6097,7,0,0
6404,6095,8,0,0
6404,6100,9,0,0
6404,6214,10,0,0
6404,6213,11,1,1
6503,15128,1,0,0
6503,15513,2,0,0
6503,15068,3,0,0
6503,6639,4,0,0
6503,6645,5,0,0
6503,6643,6,0,0
6503,6646,7,0,0
6503,15218,8,0,0
6503,6642,9,0,0
6503,6637,10,0,0
6503,13463,11,0,0
6503,6653,12,0,0
6503,6651,13,0,0
6503,6648,14,0,0
6503,6633,15,0,0
6503,14641,16,1,1
6504,14641,1,0,0
6504,6638,2,0,0
6504,6649,3,0,0
6504,6652,4,0,0
6504,6654,5,0,0
6504,6634,6,0,0
6504,6650,7,0,0
6504,6641,8,0,0
6504,6635,9,0,0
6504,6647,10,0,0
6504,6644,11,0,0
6504,10229,12,0,0
6504,6632,13,0,0
6504,6640,14,0,0
6504,9535,15,0,0
6504,5996,16,0,0
6504,15512,17,0,0
6504,15515,18,0,0
6504,15128,19,1,1
6603,16403,1,0,0
6603,10117,2,0,0
6603,10118,3,0,0
6603,16525,4,0,0
6603,10119,5,0,0
6603,10120,6,0,0
6603,14331,7,0,0
6603,10122,8,0,0
6603,10123,9,0,0
6603,6532,10,0,0
6603,13944,11,0,0
6603,7373,12,0,0
6603,7375,13,0,0
6603,7371,14,0,0
6603,7370,15,0,0
6603,6256,16,0,0
6603,6258,17,0,0
6603,6262,18,0,0
6603,6255,19,0,0
6603,6263,20,0,0
6603,6774,21,0,0
6603,6786,22,0,0
6603,16448,23,0,0
6603,6776,24,0,0
6603,6773,25,0,0
6603,6787,26,0,0
6603,6768,27,0,0
6603,533,28,0,0
6603,14742,29,1,1
6603,15297,30,1,1
6604,15297,1,0,0
6604,14742,2,0,0
6604,16408,3,0,0
6604,6771,4,0,0
6604,6767,5,0,0
6604,6778,6,0,0
6604,6794,7,0,0
6604,6777,8,0,0
6604,6775,9,0,0
6604,13426,10,0,0
6604,6260,11,0,0
6604,6259,12,0,0
6604,11091,13,0,0
6604,6261,14,0,0
6604,13375,15,0,0
6604,6264,16,0,0
6604,7372,17,0,0
6604,7376,18,0,0
6604,7374,19,0,0
6604,13943,20,0,0
6604,6532,21,1,1
6604,10124,22,0,0
6604,10125,23,0,0
6604,10126,24,0,0
6604,10127,25,0,0
6604,10128,26,0,0
6604,13697,27,0,0
6604,10129,28,0,0
6604,10130,29,0,0
6604,10116,30,0,0
6604,14542,31,0,0
6604,14543,32,0,0
6604,14544,33,0,0
6604,14545,34,0,0
6604,16403,35,1,1
6703,1839,1,0,0
6703,11348,2,0,0
6703,14786,3,0,0
6703,1905,4,0,0
6703,6689,5,0,0
6703,6760,6,0,0
6703,16745,7,0,0
6703,6736,8,0,0
6703,6705,9,0,0
6703,6729,10,0,0
6703,13927,11,0,0
6703,6751,12,0,0
6703,6742,13,0,0
6703,6674,14,0,0
6703,15439,15,0,0
6703,6681,16,0,0
6703,6756,17,0,0
6703,6659,18,0,0
6703,6697,19,0,0
6703,6685,20,0,0
6703,6740,21,0,0
6703,6749,22,0,0
6703,14876,23,0,0
6703,6714,24,0,0
6703,6758,25,0,0
6703,6748,26,0,0
6703,6722,27,0,0
6703,6672,28,0,0
6703,6665,29,0,0
6703,6738,30,0,0
6703,6691,31,0,0
6703,6720,32,0,0
6703,6698,33,0,0
6703,6677,34,0,0
6703,6735,35,0,0
6703,10794,36,0,0
6703,6339,37,1,1
6703,6328,38,0,0
6703,6934,39,1,1
6704,6339,1,0,0
6704,6657,2,0,0
6704,6734,3,0,0
6704,6678,4,0,0
6704,6699,5,0,0
6704,9827,6,0,0
6704,6719,7,0,0
6704,6692,8,0,0
6704,6739,9,0,0
6704,6664,10,0,0
6704,6673,11,0,0
6704,6723,12,0,0
6704,6718,13,0,0
6704,6747,14,0,0
6704,6759,15,0,0
6704,6715,16,0,0
6704,6701,17,0,0
6704,6670,18,0,0
6704,6741,19,0,0
6704,6934,20,0,0
6704,6686,21,0,0
6704,6000,22,0,0
6704,6728,23,0,0
6704,6757,24,0,0
6704,6710,25,0,0
6704,15368,26,0,0
6704,6755,27,0,0
6704,6752,28,0,0
6704,6750,29,0,0
6704,6688,30,0,0
6704,6671,31,0,0
6704,6706,32,0,0
6704,6682,33,0,0
6704,6694,34,0,0
6704,6761,35,0,0
6704,6658,36,0,0
6704,6690,37,0,0
6704,1906,38,0,0
6704,6345,39,0,0
6704,14786,40,1,1
6803,1842,1,0,0
6803,1863,2,0,0
6803,1623,3,0,0
6803,1625,4,0,0
6803,1622,5,0,0
6803,15013,6,0,0
6803,1626,7,0,0
6803,1621,8,0,0
6803,16643,9,0,0
6803,12138,10,0,0
6803,8563,11,0,0
6803,8613,12,0,0
6803,8575,13,0,0
6803,8551,14,0,0
6803,8600,15,0,0
6803,8593,16,0,0
6803,8557,17,0,0
6803,8559,18,0,0
6803,8530,19,0,0
6803,8534,20,0,0
6803,8595,21,0,0
6803,8547,22,0,0
6803,14187,23,0,0
6803,8581,24,0,0
6803,8536,25,0,0
6803,8586,26,0,0
6803,8611,27,0,0
6803,8562,28,0,0
6803,8544,29,0,0
6803,8560,30,0,0
6803,8584,31,0,0
6803,8591,32,0,0
6803,8529,33,0,0
6803,8546,34,0,0
6803,8598,35,0,0
6803,8538,36,0,0
6803,8573,37,0,0
6803,8542,38,0,0
6803,8527,39,0,0
6803,8565,40,0,0
6803,14275,41,0,0
6803,8541,42,0,0
6803,8569,43,0,0
6803,8589,44,0,0
6803,8616,45,0,0
6803,8533,46,0,0
6803,10533,47,0,0
6803,10534,48,0,0
6803,10535,49,0,0
6803,10536,50,0,0
6803,14149,51,0,0
6803,10537,52,0,0
6803,10538,53,0,0
6803,10539,54,0,0
6803,10540,55,0,0
6803,10541,56,0,0
6803,10542,57,0,0
6803,14429,58,0,0
6803,10543,59,0,0
6803,10544,60,0,0
6803,10545,61,0,0
6803,10546,62,0,0
6803,10547,63,0,0
6803,16848,64,0,0
6803,14245,65,0,0
6803,14246,66,0,0
6803,14247,67,0,0
6803,15808,68,0,0
6803,14248,69,1,1
6803,13462,70,1,1
6804,14248,1,0,0
6804,15809,2,0,0
6804,15810,3,0,0
6804,14249,4,0,0
6804,14250,5,0,0
6804,14251,6,0,0
6804,14252,7,0,0
6804,13385,8,0,0
6804,13386,9,0,0
6804,10554,10,0,0
6804,10555,11,0,0
6804,10556,12,0,0
6804,14430,13,0,0
6804,10558,14,0,0
6804,10559,15,0,0
6804,10560,16,0,0
6804,10561,17,0,0
6804,10562,18,0,0
6804,10563,19,0,0
6804,14150,20,0,0
6804,13462,21,0,0
6804,10564,22,0,0
6804,10565,23,0,0
6804,10566,24,0,0
6804,9634,25,0,0
6804,8532,26,0,0
6804,8594,27,0,0
6804,8590,28,0,0
6804,8570,29,0,0
6804,8540,30,0,0
6804,14276,31,0,0
6804,8566,32,0,0
6804,8528,33,0,0
6804,8543,34,0,0
6804,8574,35,0,0
6804,8539,36,0,0
6804,8599,37,0,0
6804,8583,38,0,0
6804,8550,39,0,0
6804,8592,40,0,0
6804,8585,41,0,0
6804,8561,42,0,0
6804,8545,43,0,0
6804,8596,44,0,0
6804,8612,45,0,0
6804,8587,46,0,0
6804,8537,47,0,0
6804,8582,48,0,0
6804,8556,49,0,0
6804,8602,50,0,0
6804,8615,51,0,0
6804,8619,52,0,0
6804,8588,53,0,0
6804,8535,54,0,0
6804,8531,55,0,0
6804,8558,56,0,0
6804,8548,57,0,0
6804,8601,58,0,0
6804,8552,59,0,0
6804,8576,60,0,0
6804,8614,61,0,0
6804,8564,62,0,0
6804,14319,63,0,0
6804,16643,64,1,1
6903,3377,1,0,0
6903,3306,2,0,0
6903,14297,3,0,0
6903,10970,4,0,0
6903,13334,5,0,0
6903,4215,6,0,0
6903,4245,7,0,0
6903,4261,8,0,0
6903,16922,9,0,0
6903,4216,10,0,0
6903,15012,11,0,0
6903,15010,12,0,0
6903,16702,13,0,0
6903,7553,14,0,0
6903,4206,15,0,0
6903,4218,16,0,0
6903,7904,17,0,0
6903,8579,18,0,0
6903,8577,19,0,0
6903,8572,20,0,0
6903,8553,21,0,0
6903,8555,22,0,0
6903,1623,23,0,0
6903,1625,24,0,0
6903,1622,25,0,0
6903,15013,26,0,0
6903,1626,27,0,0
6903,1621,28,0,0
6903,16641,29,1,1
6903,3361,30,1,1
6904,16641,1,0,0
6904,10604,2,0,0
6904,3162,3,0,0
6904,3160,4,0,0
6904,3164,5,0,0
6904,3163,6,0,0
6904,9905,7,0,0
6904,8554,8,0,0
6904,8549,9,0,0
6904,8578,10,0,0
6904,8580,11,0,0
6904,4235,12,0,0
6904,4232,13,0,0
6904,4205,14,0,0
6904,7563,15,0,0
6904,7551,16,0,0
6904,7547,17,0,0
6904,15011,18,0,0
6904,16851,19,0,0
6904,4259,20,0,0
6904,4260,21,0,0
6904,4246,22,0,0
6904,4214,23,0,0
6904,16719,24,0,0
6904,3361,25,0,0
6904,3366,26,0,0
6904,4624,27,0,0
6904,4626,28,0,0
6904,3378,29,0,0
6904,3381,30,0,0
6904,3377,31,1,1
7001,1785,1,0,0
7001,14643,2,0,0
7001,4903,3,0,0
7001,4914,4,0,0
7001,4912,5,0,0
7001,4907,6,0,0
7001,4900,7,0,0
7001,4902,8,0,0
7001,4910,9,0,0
7001,4899,10,0,0
7001,5931,11,0,0
7001,5921,12,0,0
7001,5928,13,0,0
7001,5944,14,0,0
7001,5942,15,0,0
7001,5930,16,0,0
7001,5934,17,0,0
7001,7997,18,0,0
7001,5925,19,0,0
7001,16683,20,0,0
7001,5919,21,0,0
7001,5940,22,0,0
7001,5936,23,0,0
7001,11828,24,0,0
7001,6153,25,0,0
7001,6152,26,0,0
7001,4920,27,0,0
7001,4919,28,0,0
7001,4918,29,1,1
7002,4918,1,0,0
7002,6000,2,0,0
7002,5939,3,0,0
7002,5923,4,0,0
7002,5937,5,0,0
7002,13719,6,0,0
7002,5918,7,0,0
7002,5920,8,0,0
7002,5926,9,0,0
7002,16682,10,0,0
7002,5935,11,0,0
7002,5933,12,0,0
7002,5929,13,0,0
7002,5943,14,0,0
7002,5945,15,0,0
7002,5938,16,0,0
7002,5922,17,0,0
7002,5932,18,0,0
7002,4909,19,0,0
7002,4911,20,0,0
7002,4901,21,0,0
7002,4905,22,0,0
7002,4908,23,0,0
7002,4913,24,0,0
7002,4915,25,0,0
7002,4904,26,0,0
7002,14643,27,1,1
7002,1786,28,1,1
7103,14755,1,0,0
7103,7053,2,0,0
7103,7060,3,0,0
7103,7073,4,0,0
7103,7047,5,0,0
7103,7064,6,0,0
7103,7070,7,0,0
7103,7057,8,0,0
7103,7058,9,0,0
7103,7068,10,0,0
7103,7062,11,0,0
7103,6417,12,0,0
7103,6957,13,0,0
7103,6963,14,0,0
7103,6953,15,0,0
7103,6956,16,0,0
7103,6959,17,0,0
7103,6961,18,0,0
7103,6504,19,0,0
7103,13441,20,0,0
7103,13442,21,0,0
7103,8716,22,0,0
7103,8780,23,0,0
7103,8718,24,0,0
7103,16746,25,0,0
7103,16592,26,0,0
7103,16329,27,0,0
7103,2419,28,0,0
7103,8755,29,0,0
7103,8759,30,0,0
7103,9323,31,0,0
7103,16834,32,1,1
7104,14534,1,0,0
7104,9325,2,0,0
7104,9326,3,0,0
7104,3141,4,0,0
7104,16460,5,0,0
7104,16746,6,0,0
7104,16589,7,0,0
7104,16329,8,0,0
7104,9677,9,0,0
7104,7447,10,0,0
7104,13196,11,0,0
7104,13443,12,0,0
7104,13450,13,0,0
7104,13445,14,0,0
7104,6960,15,0,0
7104,6962,16,0,0
7104,4564,17,0,0
7104,6954,18,0,0
7104,6955,19,0,0
7104,16742,20,0,0
7104,6296,21,0,0
7104,6418,22,0,0
7104,7069,23,0,0
7104,7059,24,0,0
7104,7071,25,0,0
7104,7063,26,0,0
7104,7048,27,0,0
7104,7065,28,0,0
7104,7061,29,0,0
7104,7054,30,0,0
7104,14755,31,1,1
7203,4892,1,0,0
7203,4895,2,0,0
7203,4853,3,0,0
7203,16283,4,0,0
7203,5058,5,0,0
7203,4858,6,0,0
7203,4851,7,0,0
7203,4854,8,0,0
7203,16924,9,0,0
7203,15444,10,0,0
7203,5991,11,0,0
7203,5982,12,0,0
7203,5993,13,0,0
7203,5986,14,0,0
7203,5983,15,0,0
7203,11846,16,0,0
7203,3004,17,0,0
7203,2999,18,0,0
7203,2993,19,0,0
7203,2991,20,0,0
7203,3008,21,0,0
7203,5989,22,0,0
7203,16697,23,0,0
7203,2979,24,0,0
7203,2980,25,0,0
7203,4520,26,0,0
7203,8349,27,0,0
7203,8350,28,0,0
7203,8358,29,0,0
7203,8344,30,0,0
7203,9498,31,0,0
7203,8352,32,0,0
7203,2987,33,0,0
7203,3635,34,0,0
7203,9507,35,0,0
7203,3636,36,0,0
7203,16198,37,0,0
7203,1972,38,0,0
7203,15731,39,0,0
7203,16604,40,1,1
7204,16604,1,0,0
7204,9126,2,0,0
7204,1973,3,0,0
7204,16197,4,0,0
7204,3634,5,0,0
7204,9508,6,0,0
7204,3689,7,0,0
7204,2978,8,0,0
7204,2986,9,0,0
7204,8361,10,0,0
7204,8362,11,0,0
7204,8345,12,0,0
7204,8357,13,0,0
7204,8347,14,0,0
7204,8348,15,0,0
7204,12127,16,0,0
7204,16696,17,0,0
7204,5988,18,0,0
7204,15149,19,0,0
7204,2994,20,0,0
7204,3000,21,0,0
7204,2989,22,0,0
7204,2990,23,0,0
7204,15150,24,0,0
7204,6628,25,0,0
7204,6629,26,0,0
7204,6631,27,0,0
7204,6627,28,0,0
7204,6952,29,0,0
7204,15881,30,0,0
7204,6289,31,0,0
7204,6287,32,0,0
7204,6284,33,0,0
7204,6292,34,0,0
7204,6288,35,0,0
7204,6291,36,0,0
7204,6290,37,0,0
7204,6286,38,0,0
7204,6317,39,0,0
7204,6314,40,0,0
7204,6319,41,0,0
7204,16443,42,0,0
7204,4892,43,1,1
7303,6976,1,0,0
7303,14751,2,0,0
7303,1513,3,0,0
7303,1520,4,0,0
7303,1515,5,0,0
7303,1521,6,0,0
7303,1511,7,0,0
7303,1518,8,0,0
7303,1510,9,0,0
7303,6971,10,0,0
7303,7024,11,0,0
7303,6996,12,0,0
7303,6981,13,0,0
7303,6985,14,0,0
7303,7018,15,0,0
7303,6970,16,0,0
7303,6993,17,0,0
7303,7002,18,0,0
7303,7029,19,0,0
7303,6979,20,0,0
7303,7034,21,0,0
7303,7038,22,0,0
7303,7040,23,0,0
7303,7005,24,0,0
7303,7026,25,0,0
7303,6991,26,0,0
7303,7365,27,0,0
7303,7368,28,0,0
7303,7443,29,0,0
7303,14262,30,0,0
7303,7445,31,0,0
7303,7446,32,0,0
7303,6233,33,0,0
7303,7439,34,1,1
7303,6217,35,0,0
7303,14315,36,0,0
7303,6225,37,0,0
7303,6222,38,0,0
7303,6215,39,0,0
7303,6219,40,0,0
7303,6221,41,0,0
7303,6232,42,0,0
7303,6228,43,0,0
7303,11718,44,0,0
7303,1688,45,0,0
7303,1680,46,0,0
7303,1681,47,0,0
7303,1683,48,0,0
7303,1685,49,0,0
7303,11045,50,0,0
7303,3275,51,0,0
7303,3277,52,0,0
7303,3280,53,0,0
7303,3283,54,0,0
7303,3266,55,0,0
7303,10809,56,0,0
7303,3269,57,0,0
7303,3285,58,0,0
7303,13427,59,0,0
7303,13428,60,0,0
7303,13429,61,0,0
7303,13430,62,0,0
7303,13431,63,1,1
7303,14597,64,0,0
7303,12170,65,0,0
7303,12172,66,0,0
7303,12173,67,0,0
7303,12174,68,0,0
7303,7100,69,0,0
7303,2425,70,0,0
7303,2426,71,0,0
7303,2424,72,0,0
7303,2423,73,0,0
7303,2427,74,0,0
7303,2366,75,0,0
7303,16194,76,0,0
7303,9383,77,0,0
7303,16746,78,0,0
7303,16590,79,1,1
7304,13431,1,0,0
7304,13432,2,0,0
7304,13433,3,0,0
7304,3273,4,0,0
7304,3284,5,0,0
7304,3268,6,0,0
7304,10810,7,0,0
7304,3272,8,0,0
7304,3282,9,0,0
7304,3279,10,0,0
7304,3278,11,0,0
7304,3274,12,0,0
7304,3270,13,0,0
7304,1684,14,0,0
7304,1682,15,0,0
7304,1686,16,0,0
7304,14328,17,0,0
7304,11719,18,0,0
7304,11027,19,0,0
7304,6229,20,0,0
7304,15041,21,0,0
7304,6218,22,0,0
7304,6226,23,0,0
7304,6223,24,0,0
7304,6224,25,0,0
7304,6230,26,0,0
7304,6216,27,0,0
7304,7439,28,0,0
7304,7442,29,0,0
7304,7441,30,0,0
7304,7444,31,0,0
7304,16052,32,0,0
7304,7366,33,0,0
7304,7369,34,0,0
7304,7025,35,0,0
7304,7037,36,0,0
7304,7041,37,0,0
7304,7039,38,0,0
7304,7033,39,0,0
7304,6980,40,0,0
7304,7030,41,0,0
7304,7003,42,0,0
7304,16590,43,0,0
7304,16329,44,0,0
7304,2419,45,0,0
7304,16195,46,0,0
7304,3886,47,0,0
7304,16567,48,0,0
7304,16566,49,0,0
7304,16565,50,0,0
7304,11716,51,0,0
7304,2407,52,0,0
7304,7099,53,0,0
7304,16564,54,0,0
7304,16563,55,0,0
7304,16562,56,0,0
7304,16561,57,0,0
7304,6994,58,0,0
7304,6969,59,0,0
7304,6992,60,0,0
7304,6986,61,0,0
7304,6982,62,0,0
7304,6988,63,0,0
7304,6999,64,0,0
7304,6972,65,0,0
7304,6974,66,0,0
7304,15958,67,0,0
7304,1512,68,0,0
7304,1516,69,0,0
7304,1517,70,0,0
7304,1514,71,0,0
7304,14751,72,1,1
7403,9053,1,0,0
7403,15306,2,0,0
7403,7504,3,0,0
7403,6111,4,0,0
7403,5844,5,0,0
7403,5822,6,0,0
7403,5835,7,0,0
7403,5808,8,0,0
7403,5833,9,0,0
7403,5810,10,0,0
7403,5802,11,0,0
7403,5831,12,0,0
7403,5842,13,0,0
7403,12417,14,0,0
7403,2305,15,0,0
7403,2268,16,0,0
7403,9898,17,0,0
7403,14675,18,1,1
7403,5813,19,0,0
7403,5806,20,0,0
7403,5816,21,0,0
7403,11995,22,0,0
7403,5804,23,0,0
7403,5819,24,0,0
7403,5812,25,0,0
7403,5830,26,0,0
7403,5825,27,0,0
7403,5826,28,0,0
7403,5837,29,0,0
7403,5838,30,0,0
7403,5841,31,0,0
7403,5847,32,0,0
7403,5518,33,1,1
7404,5518,1,0,0
7404,16189,2,0,0
7404,16188,3,0,0
7404,16187,4,0,0
7404,5828,5,0,0
7404,5827,6,0,0
7404,5829,7,0,0
7404,5845,8,0,0
7404,5820,9,0,0
7404,5846,10,0,0
7404,5840,11,0,0
7404,5817,12,0,0
7404,5807,13,0,0
7404,5815,14,0,0
7404,14675,15,0,0
7404,13898,16,0,0
7404,16331,17,0,0
7404,15702,18,0,0
7404,2304,19,0,0
7404,16332,20,0,0
7404,5843,21,0,0
7404,5832,22,0,0
7404,5803,23,0,0
7404,5811,24,0,0
7404,5834,25,0,0
7404,5809,26,0,0
7404,16458,27,0,0
7404,5823,28,0,0
7404,6119,29,0,0
7404,6112,30,0,0
7404,7503,31,0,0
7404,15306,32,1,1
7503,6477,1,0,0
7503,6475,2,0,0
7503,6474,3,0,0
7503,6376,4,0,0
7503,7316,5,0,0
7503,7322,6,0,0
7503,7305,7,0,0
7503,7327,8,0,0
7503,7330,9,0,0
7503,7312,10,0,0
7503,7318,11,0,0
7503,7310,12,0,0
7503,7307,13,0,0
7503,7332,14,0,0
7503,7314,15,0,0
7503,7309,16,1,1
7504,7309,1,0,0
7504,7326,2,0,0
7504,6537,3,0,0
7504,6400,4,0,0
7504,7335,5,0,0
7504,6401,6,0,0
7504,6373,7,0,0
7504,7308,8,0,0
7504,7321,9,0,0
7504,7333,10,0,0
7504,7306,11,0,0
7504,7311,12,0,0
7504,7319,13,0,0
7504,7313,14,0,0
7504,7331,15,0,0
7504,7328,16,0,0
7504,7329,17,0,0
7504,7323,18,0,0
7504,7317,19,0,0
7504,7315,20,0,0
7504,14371,21,0,0
7504,6477,22,1,1
7603,15982,1,0,0
7603,11584,2,0,0
7603,11585,3,0,0
7603,11586,4,0,0
7603,6978,5,0,0
7603,7015,6,0,0
7603,12140,7,0,0
7603,12141,8,0,0
7603,12142,9,0,0
7603,12143,10,0,0
7603,12144,11,0,0
7603,12145,12,0,0
7603,16743,13,0,0
7603,6987,14,0,0
7603,7022,15,0,0
7603,6990,16,0,0
7603,7042,17,0,0
7603,7019,18,0,0
7603,6983,19,0,0
7603,7016,20,0,0
7603,14452,21,0,0
7603,6997,22,0,0
7603,7035,23,0,0
7603,6976,24,0,0
7603,14753,25,1,1
7604,14753,1,0,0
7604,6975,2,0,0
7604,7036,3,0,0
7604,7032,4,0,0
7604,7007,5,0,0
7604,7017,6,0,0
7604,6984,7,0,0
7604,7020,8,0,0
7604,7043,9,0,0
7604,6995,10,0,0
7604,7023,11,0,0
7604,7028,12,0,0
7604,7008,13,0,0
7604,7014,14,0,0
7604,6977,15,0,0
7604,7013,16,0,0
7604,7001,17,0,0
7604,7031,18,0,0
7604,6989,19,0,0
7604,13361,20,0,0
7604,5191,21,0,0
7604,5194,22,0,0
7604,15982,23,1,1
7604,12139,24,0,0
7604,16555,25,0,0
7604,6902,26,0,0
7604,6890,27,0,0
7604,12140,28,0,0
7604,12141,29,0,0
7604,12142,30,0,0
7604,12143,31,0,0
7604,12144,32,0,0
7604,12145,33,1,1
7703,7453,1,0,0
7703,7450,2,0,0
7703,7451,3,0,0
7703,7449,4,0,0
7703,7452,5,0,0
7703,6605,6,0,0
7703,7066,7,0,0
7703,7055,8,0,0
7703,15092,9,1,1
7704,15092,1,0,0
7704,7049,2,0,0
7704,7056,3,0,0
7704,7067,4,0,0
7704,6608,5,0,0
7704,7448,6,0,0
7704,6305,7,0,0
7704,6303,8,0,0
7704,6302,9,0,0
7704,6304,10,0,0
7704,6923,11,0,0
7704,15146,12,0,0
7704,10661,13,0,0
7704,10662,14,0,0
7704,10673,15,0,0
7704,10675,16,0,0
7704,10995,17,0,0
7704,7453,18,1,1
7801,14810,1,0,0
7801,11333,2,0,0
7801,3264,3,0,0
7801,3260,4,0,0
7801,8398,5,0,0
7801,8399,6,0,0
7801,8373,7,0,0
7801,8372,8,0,0
7801,8342,9,0,0
7801,7955,10,0,0
7801,8389,11,0,0
7801,8391,12,0,0
7801,8396,13,0,0
7801,8392,14,0,0
7801,8402,15,0,0
7801,7984,16,0,0
7801,8370,17,0,0
7801,8368,18,0,0
7801,7754,19,0,0
7801,7755,20,0,0
7801,7592,21,0,0
7801,7589,22,0,0
7801,7588,23,0,0
7801,7591,24,1,1
7802,7591,1,0,0
7802,7753,2,0,0
7802,8369,3,0,0
7802,8371,4,0,0
7802,7983,5,0,0
7802,8394,6,0,0
7802,8393,7,0,0
7802,8397,8,0,0
7802,8390,9,0,0
7802,8395,10,0,0
7802,7954,11,0,0
7802,8343,12,0,0
7802,8374,13,0,0
7802,8400,14,0,0
7802,8401,15,0,0
7802,9074,16,0,0
7802,3265,17,0,0
7802,11334,18,0,0
7802,14810,19,1,1
7903,14756,1,0,0
7903,7053,2,0,0
7903,7060,3,0,0
7903,7073,4,0,0
7903,7047,5,0,0
7903,7064,6,0,0
7903,7070,7,0,0
7903,7057,8,0,0
7903,7058,9,0,0
7903,7068,10,0,0
7903,7062,11,0,0
7903,6417,12,0,0
7903,6800,13,0,0
7903,6795,14,0,0
7903,6797,15,0,0
7903,6395,16,0,0
7903,6394,17,0,0
7903,6392,18,0,0
7903,6398,19,0,0
7903,13305,20,0,0
7903,13306,21,0,0
7903,13307,22,0,0
7903,13308,23,0,0
7903,13309,24,0,0
7903,15992,25,0,0
7903,13311,26,0,0
7903,13312,27,0,0
7903,13313,28,0,0
7903,7090,29,0,0
7903,7086,30,0,0
7903,7082,31,0,0
7903,7084,32,0,0
7903,7088,33,0,0
7903,7099,34,0,0
7903,7093,35,0,0
7903,7076,36,0,0
7903,13451,37,0,0
7903,7102,38,0,0
7903,7103,39,0,0
7903,15675,40,0,0
7903,7096,41,0,0
7903,5377,42,0,0
7903,5414,43,0,0
7903,5397,44,0,0
7903,5395,45,0,0
7903,2824,46,0,0
7903,3206,47,0,0
7903,3205,48,0,0
7903,3021,49,1,1
7904,3021,1,0,0
7904,2824,2,1,1
7904,5398,3,0,0
7904,5415,4,0,0
7904,5413,5,0,0
7904,5387,6,0,0
7904,7095,7,0,0
7904,15676,8,0,0
7904,7080,9,0,0
7904,7075,10,0,0
7904,7101,11,0,0
7904,7077,12,0,0
7904,7094,13,0,0
7904,7100,14,0,0
7904,7092,15,0,0
7904,7085,16,0,0
7904,7083,17,0,0
7904,7087,18,0,0
7904,7081,19,0,0
7904,6397,20,0,0
7904,6391,21,0,0
7904,6393,22,0,0
7904,6396,23,0,0
7904,6798,24,0,0
7904,6796,25,0,0
7904,6799,26,0,0
7904,6296,27,0,0
7904,6418,28,0,0
7904,13314,29,0,0
7904,13315,30,0,0
7904,13316,31,0,0
7904,13317,32,0,0
7904,13318,33,0,0
7904,14895,34,0,0
7904,13320,35,0,0
7904,7069,36,0,0
7904,7059,37,0,0
7904,7071,38,0,0
7904,7063,39,0,0
7904,7048,40,0,0
7904,7065,41,0,0
7904,7061,42,0,0
7904,7054,43,0,0
7904,14756,44,1,1
8001,9108,1,0,0
8001,1632,2,0,0
8001,1638,3,0,0
8001,12194,4,0,0
8001,6903,5,0,0
8001,6884,6,0,0
8001,6901,7,0,0
8001,6871,8,0,0
8001,16246,9,0,0
8001,6896,10,0,0
8001,6882,11,0,0
8001,6926,12,0,0
8001,6917,13,0,0
8001,6894,14,0,0
8001,6876,15,0,0
8001,16832,16,0,0
8001,6913,17,0,0
8001,16555,18,0,0
8001,6902,19,0,0
8001,6890,20,0,0
8001,6905,21,0,0
8001,6919,22,0,0
8001,13943,23,0,0
8001,15145,24,0,0
8001,14279,25,0,0
8001,11770,26,0,0
8001,12162,27,0,0
8001,12163,28,0,0
8001,11773,29,0,0
8001,11774,30,0,0
8001,11775,31,0,0
8001,11776,32,0,0
8001,11777,33,0,0
8001,15399,34,0,0
8001,14704,35,1,1
8001,7028,36,0,0
8001,7008,37,0,0
8001,15715,38,1,1
8002,14704,1,0,0
8002,11781,2,0,0
8002,11782,3,0,0
8002,11783,4,0,0
8002,11784,5,0,0
8002,11785,6,0,0
8002,11786,7,0,0
8002,12164,8,0,0
8002,12165,9,0,0
8002,11789,10,0,0
8002,6923,11,0,0
8002,15146,12,0,0
8002,13944,13,0,0
8002,6920,14,0,0
8002,6907,15,0,0
8002,6875,16,0,0
8002,16351,17,0,0
8002,6893,18,0,0
8002,6914,19,0,0
8002,15715,20,0,0
8002,15718,21,0,0
8002,10129,22,0,0
8002,10130,23,0,0
8002,10116,24,0,0
8002,14542,25,0,0
8002,14543,26,0,0
8002,14544,27,0,0
8002,14545,28,0,0
8002,16403,29,0,0
8002,14854,30,0,0
8002,14829,31,0,0
8002,14831,32,0,0
8002,5174,33,0,0
8002,5202,34,0,0
8002,11584,35,0,0
8002,11585,36,0,0
8002,11586,37,0,0
8002,6978,38,0,0
8002,7015,39,0,0
8002,16743,40,0,0
8002,6987,41,0,0
8002,16831,42,0,0
8002,10655,43,0,0
8002,6895,44,0,0
8002,6918,45,0,0
8002,6874,46,0,0
8002,6883,47,0,0
8002,6897,48,0,0
8002,16245,49,0,0
8002,6872,50,0,0
8002,6900,51,0,0
8002,6885,52,0,0
8002,6904,53,0,0
8002,9407,54,0,0
8002,11119,55,0,0
8002,1633,56,0,0
8002,9108,57,1,1
8201,14750,1,0,0
8201,6329,2,0,0
8201,6334,3,0,0
8201,6338,4,0,0
8201,6332,5,0,0
8201,6336,6,0,0
8201,7336,7,0,0
8201,6402,8,0,0
8201,6403,9,0,0
8201,6399,10,0,0
8201,6351,11,0,0
8201,7377,12,0,0
8201,7378,13,1,1
8202,7378,1,0,0
8202,16690,2,0,0
8202,6419,3,0,0
8202,7337,4,0,0
8202,6331,5,0,0
8202,6333,6,0,0
8202,6337,7,0,0
8202,6335,8,0,0
8202,6330,9,0,0
8202,14750,10,1,1
8303,853,1,0,0
8303,850,2,0,0
8303,1237,3,0,0
8303,1241,4,0,0
8303,13421,5,0,0
8303,3052,6,0,0
8303,1185,7,0,0
8303,1198,8,0,0
8303,1187,9,0,0
8303,1191,10,0,0
8303,1181,11,0,0
8303,1195,12,0,0
8303,1180,13,0,0
8303,1184,14,0,0
8303,14650,15,1,1
8304,14650,1,0,0
8304,1183,2,0,0
8304,1199,3,0,0
8304,1196,4,0,0
8304,1182,5,0,0
8304,1190,6,0,0
8304,1188,7,0,0
8304,1197,8,0,0
8304,1186,9,0,0
8304,1193,10,0,0
8304,11377,11,0,0
8304,11145,12,0,0
8304,1240,13,0,0
8304,1238,14,0,0
8304,849,15,0,0
8304,851,16,0,0
8304,13536,17,0,0
8304,853,18,1,1
8401,15572,1,0,0
8401,1602,2,0,0
8401,1593,3,0,0
8401,8286,4,0,0
8401,8253,5,0,0
8401,9184,6,0,0
8401,5856,7,0,0
8401,5855,8,0,0
8401,5869,9,0,0
8401,5863,10,0,0
8401,5862,11,0,0
8401,5851,12,0,0
8401,5850,13,0,0
8401,5865,14,0,0
8401,9180,15,0,0
8401,9182,16,0,0
8401,5885,17,0,0
8401,5877,18,0,0
8401,5880,19,0,0
8401,5882,20,0,0
8401,5878,21,0,0
8401,5892,22,0,0
8401,8102,23,0,0
8401,8076,24,0,0
8401,8075,25,0,0
8401,7770,26,0,0
8401,7771,27,0,0
8401,7996,28,0,0
8401,9505,29,0,0
8401,9676,30,0,0
8401,7995,31,0,0
8401,7752,32,0,0
8401,7751,33,0,0
8401,14520,34,0,0
8401,7498,35,0,0
8401,13458,36,0,0
8401,7494,37,0,0
8401,7496,38,0,0
8401,12926,39,0,0
8401,7501,40,0,0
8401,7499,41,0,0
8401,11955,42,0,0
8401,13467,43,0,0
8401,8690,44,0,0
8401,8745,45,0,0
8401,8766,46,0,0
8401,4807,47,0,0
8401,4806,48,0,0
8401,16282,49,0,0
8401,15386,50,0,0
8401,6060,51,0,0
8401,6084,52,0,0
8401,6078,53,0,0
8401,7260,54,0,0
8401,6067,55,0,0
8401,6069,56,0,0
8401,6081,57,0,0
8401,6082,58,0,0
8401,6062,59,0,0
8401,7291,60,0,0
8401,6090,61,0,0
8401,16240,62,0,0
8401,13437,63,0,0
8401,6074,64,0,0
8401,6070,65,0,0
8401,6089,66,0,0
8401,15631,67,0,0
8401,7271,68,0,0
8401,3109,69,0,0
8401,14651,70,0,0
8401,11876,71,0,0
8401,7299,72,0,0
8401,3114,73,0,0
8401,3110,74,0,0
8401,16732,75,0,0
8401,7284,76,0,0
8401,7304,77,0,0
8401,7263,78,0,0
8401,7264,79,0,0
8401,7261,80,0,0
8401,7272,81,0,0
8401,7276,82,0,0
8401,7296,83,0,0
8401,16232,84,0,0
8401,14774,85,1,1
8402,14774,1,0,0
8402,12192,2,0,0
8402,16233,3,0,0
8402,7295,4,0,0
8402,7269,5,0,0
8402,7273,6,0,0
8402,7292,7,0,0
8402,7265,8,0,0
8402,7266,9,0,0
8402,7285,10,0,0
8402,7270,11,0,0
8402,7290,12,0,0
8402,7282,13,0,0
8402,7298,14,0,0
8402,7300,15,0,0
8402,7262,16,0,0
8402,14659,17,0,0
8402,7275,18,0,0
8402,4596,19,0,0
8402,6076,20,0,0
8402,3108,21,0,0
8402,3106,22,0,0
8402,3113,23,0,0
8402,6071,24,0,0
8402,6072,25,0,0
8402,13438,26,0,0
8402,6087,27,0,0
8402,6064,28,0,0
8402,6058,29,0,0
8402,6063,30,0,0
8402,6092,31,0,0
8402,6080,32,0,0
8402,6068,33,0,0
8402,3921,34,0,0
8402,6057,35,0,0
8402,6079,36,0,0
8402,6085,37,0,0
8402,5891,38,0,0
8402,5890,39,0,0
8402,5881,40,0,0
8402,5879,41,0,0
8402,5876,42,0,0
8402,5894,43,0,0
8402,9183,44,0,0
8402,9181,45,0,0
8402,5864,46,0,0
8402,5858,47,0,0
8402,5861,48,0,0
8402,5852,49,0,0
8402,5853,50,0,0
8402,5868,51,0,0
8402,5854,52,0,0
8402,5857,53,0,0
8402,5867,54,0,0
8402,6144,55,0,0
8402,12088,56,0,0
8402,1592,57,0,0
8402,15572,58,1,1
8402,11858,59,0,0
8402,7513,60,0,0
8402,7500,61,0,0
8402,10470,62,0,0
8402,7495,63,0,0
8402,7502,64,0,0
8402,13457,65,0,0
8402,7497,66,0,0
8402,9668,67,0,0
8402,14519,68,0,0
8402,8098,69,0,0
8402,15953,70,0,0
8402,8101,71,0,0
8402,8099,72,0,0
8402,8102,73,1,1
8402,6059,74,0,0
8402,6086,75,0,0
8402,6091,76,0,0
8402,6174,77,0,0
8402,4807,78,0,0
8402,4806,79,0,0
8402,16282,80,0,0
8402,15386,81,1,1
8501,14631,1,0,0
8501,13705,2,0,0
8501,7190,3,0,0
8501,7175,4,0,0
8501,7244,5,0,0
8501,7250,6,0,0
8501,7228,7,0,0
8501,7224,8,0,0
8501,7254,9,0,0
8501,7146,10,0,0
8501,16770,11,0,0
8501,7154,12,0,0
8501,16769,13,0,0
8501,7196,14,0,0
8501,10480,15,0,0
8501,15017,16,0,0
8501,7217,17,0,0
8501,6053,18,0,0
8501,7186,19,0,0
8501,7163,20,0,0
8501,15734,21,0,0
8501,7210,22,0,0
8501,7192,23,0,0
8501,7188,24,0,0
8501,15732,25,0,0
8501,7240,26,0,0
8501,7206,27,0,0
8501,4591,28,0,0
8501,7252,29,0,0
8501,7202,30,0,0
8501,7133,31,0,0
8501,7222,32,0,0
8501,7221,33,0,0
8501,7253,34,0,0
8501,7159,35,0,0
8501,13901,36,0,0
8501,7219,37,0,0
8501,9778,38,0,0
8501,7238,39,0,0
8501,7173,40,0,0
8501,7237,41,0,0
8501,14122,42,0,0
8501,7177,43,0,0
8501,7194,44,0,0
8501,11669,45,0,0
8501,7212,46,0,0
8501,11113,47,0,0
8501,7232,48,0,0
8501,13889,49,0,0
8501,7249,50,0,0
8501,9812,51,0,0
8501,7181,52,0,0
8501,7199,53,0,0
8501,6471,54,0,0
8501,6470,55,0,0
8501,5039,56,0,0
8501,5036,57,0,0
8501,5042,58,0,0
8501,5035,59,0,0
8501,5037,60,0,0
8501,5032,61,0,0
8501,5519,62,1,1
8501,6573,63,0,0
8501,6564,64,0,0
8501,6527,65,1,1
8501,9343,66,1,1
8502,5519,1,0,0
8502,13068,2,0,0
8502,5043,3,0,0
8502,6357,4,0,0
8502,6355,5,0,0
8502,6354,6,0,0
8502,5041,7,0,0
8502,5038,8,0,0
8502,5123,9,0,0
8502,14357,10,0,0
8502,6472,11,0,0
8502,7198,12,0,0
8502,7180,13,0,0
8502,9813,14,0,0
8502,7158,15,0,0
8502,7182,16,0,0
8502,13887,17,0,0
8502,13888,18,0,0
8502,7213,19,0,0
8502,6527,20,0,0
8502,9672,21,0,0
8502,9343,22,0,0
8502,11670,23,0,0
8502,7195,24,0,0
8502,7176,25,0,0
8502,14123,26,0,0
8502,7236,27,0,0
8502,15245,28,0,0
8502,7239,29,0,0
8502,9779,30,0,0
8502,10676,31,0,0
8502,9319,32,0,0
8502,13902,33,0,0
8502,7160,34,0,0
8502,7134,35,0,0
8502,7137,36,0,0
8502,7223,37,0,0
8502,7135,38,0,0
8502,7138,39,0,0
8502,7256,40,0,0
8502,9965,41,0,0
8502,4592,42,0,0
8502,7207,43,0,0
8502,9859,44,0,0
8502,11258,45,0,0
8502,7208,46,0,0
8502,7248,47,0,0
8502,7193,48,0,0
8502,7211,49,0,0
8502,7166,50,0,0
8502,7164,51,0,0
8502,7187,52,0,0
8502,6054,53,0,0
8502,7218,54,0,0
8502,15244,55,0,0
8502,14974,56,0,0
8502,15018,57,0,0
8502,7197,58,0,0
8502,16768,59,0,0
8502,7155,60,0,0
8502,16771,61,0,0
8502,7149,62,0,0
8502,7255,63,0,0
8502,16731,64,0,0
8502,7229,65,0,0
8502,7251,66,0,0
8502,9513,67,0,0
8502,7245,68,0,0
8502,7161,69,0,0
8502,7191,70,0,0
8502,7226,71,0,0
8502,14631,72,1,1
8601,14710,1,0,0
8601,1037,2,0,0
8601,1032,3,0,0
8601,2259,4,0,0
8601,2292,5,0,0
8601,1039,6,0,0
8601,2244,7,0,0
8601,2290,8,0,0
8601,2241,9,0,0
8601,15903,10,0,0
8601,2256,11,0,0
8601,2283,12,0,0
8601,16719,13,0,0
8601,12540,14,0,0
8601,15744,15,0,0
8601,4247,16,0,0
8601,4211,17,0,0
8601,4223,18,0,0
8601,4241,19,0,0
8601,4253,20,0,0
8601,4258,21,0,0
8601,4269,22,0,0
8601,4250,23,0,0
8601,12549,24,0,0
8601,12543,25,0,0
8601,15904,26,0,0
8601,4229,27,0,0
8601,15906,28,0,0
8601,15908,29,0,0
8601,4255,30,0,0
8601,6488,31,0,0
8601,4423,32,0,0
8601,4419,33,0,0
8601,4418,34,0,0
8601,5284,35,0,0
8601,4425,36,0,0
8601,4422,37,0,0
8601,11185,38,0,0
8601,4414,39,0,0
8601,4413,40,0,0
8601,3319,41,0,0
8601,3320,42,0,0
8601,3314,43,0,0
8601,3318,44,0,0
8601,3446,45,0,0
8601,3450,46,0,0
8601,3456,47,1,1
8601,6494,48,0,0
8601,13466,49,0,0
8601,6490,50,0,0
8601,6483,51,0,0
8601,6492,52,0,0
8601,6489,53,0,0
8601,6625,54,0,0
8601,14441,55,0,0
8601,6571,56,0,0
8601,6565,57,0,0
8601,14316,58,0,0
8601,6569,59,0,0
8601,11668,60,0,0
8601,6573,61,0,0
8601,6564,62,0,0
8601,6528,63,1,1
8601,9343,64,1,1
8602,6528,1,0,0
8602,9672,2,0,0
8602,9343,3,0,0
8602,6575,4,0,0
8602,6578,5,0,0
8602,6568,6,0,0
8602,6566,7,0,0
8602,6570,8,0,0
8602,10914,9,0,0
8602,16341,10,0,0
8602,6625,11,0,0
8602,6620,12,0,0
8602,6493,13,0,0
8602,6484,14,0,0
8602,6491,15,0,0
8602,13694,16,0,0
8602,6495,17,0,0
8602,3456,18,0,0
8602,3445,19,0,0
8602,3454,20,0,0
8602,4459,21,0,0
8602,4462,22,0,0
8602,5285,23,0,0
8602,4427,24,0,0
8602,5252,25,0,0
8602,4424,26,0,0
8602,5282,27,1,1
8602,15911,28,0,0
8602,15910,29,0,0
8602,15909,30,0,0
8602,15907,31,0,0
8602,6486,32,0,0
8602,15905,33,0,0
8602,2282,34,0,0
8602,2257,35,0,0
8602,2288,36,0,0
8602,2242,37,0,0
8602,15902,38,0,0
8602,15901,39,0,0
8602,1040,40,0,0
8602,2293,41,0,0
8602,2260,42,0,0
8602,1033,43,0,0
8602,15278,44,0,0
8602,1038,45,0,0
8602,14710,46,1,1
8701,14638,1,0,0
8701,11925,2,0,0
8701,3369,3,0,0
8701,655,4,0,0
8701,657,5,0,0
8701,650,6,0,0
8701,856,7,0,0
8701,859,8,0,0
8701,854,9,0,0
8701,861,10,0,0
8701,863,11,0,0
8701,15791,12,0,0
8701,9451,13,0,0
8701,9452,14,0,0
8701,9453,15,0,0
8701,9454,16,0,0
8701,9478,17,0,0
8701,9455,18,0,0
8701,9629,19,0,0
8701,9456,20,0,0
8701,1777,21,0,0
8701,1779,22,0,0
8701,2228,23,0,0
8701,1781,24,0,0
8701,3167,25,0,0
8701,3170,26,0,0
8701,2851,27,0,0
8701,5521,28,0,0
8701,5056,29,0,0
8701,5057,30,0,0
8701,6049,31,0,0
8701,5008,32,0,0
8701,14738,33,1,1
8701,1263,34,1,1
8702,11826,1,0,0
8702,14738,2,0,0
8702,2855,3,0,0
8702,9457,4,0,0
8702,9458,5,0,0
8702,9459,6,0,0
8702,9460,7,0,0
8702,9461,8,0,0
8702,3168,9,0,0
8702,3166,10,0,0
8702,1782,11,0,0
8702,2228,12,0,0
8702,1780,13,0,0
8702,1778,14,0,0
8702,9462,15,0,0
8702,9630,16,0,0
8702,9463,17,0,0
8702,9479,18,0,0
8702,9464,19,0,0
8702,9465,20,0,0
8702,9466,21,0,0
8702,9467,22,0,0
8702,857,23,0,0
8702,864,24,0,0
8702,862,25,0,0
8702,855,26,0,0
8702,860,27,0,0
8702,653,28,0,0
8702,656,29,0,0
8702,659,30,0,0
8702,651,31,0,0
8702,649,32,0,0
8702,660,33,0,0
8702,11926,34,1,1
8702,14638,35,1,1
8801,9053,1,0,0
8801,14819,2,0,0
8801,7504,3,0,0
8801,6111,4,0,0
8801,10686,5,0,0
8801,8145,6,0,0
8801,8620,7,0,0
8801,7985,8,0,0
8801,7987,9,0,0
8801,7989,10,0,0
8801,7525,11,0,0
8801,8325,12,0,0
8801,8327,13,0,0
8801,8333,14,0,0
8801,8329,15,0,0
8801,8332,16,0,0
8801,11621,17,0,0
8801,7981,18,0,0
8801,5752,19,0,0
8801,2979,20,0,0
8801,2980,21,0,0
8801,4520,22,0,0
8801,8349,23,0,0
8801,8350,24,0,0
8801,8358,25,0,0
8801,8344,26,0,0
8801,9498,27,0,0
8801,8352,28,1,1
8801,7979,29,0,0
8801,16704,30,0,0
8801,7964,31,0,0
8801,16141,32,0,0
8801,2284,33,0,0
8801,2252,34,0,0
8801,4811,35,0,0
8801,11701,36,0,0
8801,11702,37,1,1
8802,8352,1,0,0
8802,4518,2,0,0
8802,2977,3,0,0
8802,8012,4,0,0
8802,12127,5,0,0
8802,7982,6,0,0
8802,7980,7,0,0
8802,11702,8,0,0
8802,16569,9,0,0
8802,12838,10,0,0
8802,16685,11,1,0
8802,7960,12,0,0
8802,7963,13,0,0
8802,7962,14,0,0
8802,16895,15,0,0
8802,8331,16,0,0
8802,8330,17,0,0
8802,8334,18,0,0
8802,8328,19,0,0
8802,8326,20,0,0
8802,7526,21,0,0
8802,7990,22,0,0
8802,7988,23,0,0
8802,7986,24,0,0
8802,8621,25,0,0
8802,8622,26,0,0
8802,6119,27,0,0
8802,6112,28,0,0
8802,7503,29,0,0
8802,14819,30,1,1
8903,14706,1,0,0
8903,15434,2,0,0
8903,7888,3,0,0
8903,7891,4,0,0
8903,7882,5,0,0
8903,7886,6,0,0
8903,7893,7,0,0
8903,7901,8,0,0
8903,11689,9,0,0
8903,8752,10,0,0
8903,11068,11,0,0
8903,8748,12,0,0
8903,8751,13,0,0
8903,8764,14,0,0
8903,8763,15,0,0
8903,8696,16,0,0
8903,8740,17,0,0
8903,8716,18,0,0
8903,8780,19,0,0
8903,8718,20,0,0
8903,16746,21,0,0
8903,16594,22,0,0
8903,16329,23,0,0
8903,2419,24,0,0
8903,8755,25,0,0
8903,8759,26,0,0
8903,8775,27,0,0
8903,8713,28,0,0
8903,8733,29,0,0
8903,8758,30,0,0
8903,14517,31,0,0
8903,8706,32,0,0
8903,8714,33,0,0
8903,15999,34,0,0
8903,16558,35,0,0
8903,16058,36,0,0
8903,16056,37,0,0
8903,6176,38,0,0
8903,8704,39,0,0
8903,8711,40,0,0
8903,16053,41,0,0
8903,7443,42,0,0
8903,14262,43,0,0
8903,7445,44,0,0
8903,7446,45,0,0
8903,6233,46,0,0
8903,7439,47,1,1
8904,13467,1,0,0
8904,8697,2,0,0
8904,8724,3,0,0
8904,8761,4,0,0
8904,7439,5,0,0
8904,7442,6,0,0
8904,7441,7,0,0
8904,7444,8,0,0
8904,16052,9,0,0
8904,8712,10,0,0
8904,6173,11,0,0
8904,6175,12,0,0
8904,16055,13,0,0
8904,16057,14,0,0
8904,8778,15,0,0
8904,8715,16,0,0
8904,8707,17,0,0
8904,14518,18,0,0
8904,8744,19,0,0
8904,8734,20,0,0
8904,8703,21,0,0
8904,8694,22,0,0
8904,8760,23,0,0
8904,8754,24,0,0
8904,16672,25,0,0
8904,16746,26,0,0
8904,16586,27,0,0
8904,16329,28,0,0
8904,9677,29,0,0
8904,7447,30,0,0
8904,13196,31,0,0
8904,8700,32,0,0
8904,8730,33,0,0
8904,8762,34,0,0
8904,8765,35,0,0
8904,8750,36,0,0
8904,8749,37,0,0
8904,11069,38,0,0
8904,14434,39,0,0
8904,15750,40,0,0
8904,7902,41,0,0
8904,7894,42,0,0
8904,7887,43,0,0
8904,7883,44,0,0
8904,7892,45,0,0
8904,7890,46,0,0
8904,7889,47,0,0
8904,15431,48,1,1
8904,14706,49,1,1
9003,14779,1,0,0
9003,14337,2,0,0
9003,8421,3,0,0
9003,8415,4,0,0
9003,8418,5,0,0
9003,8413,6,0,0
9003,8411,7,0,0
9003,8404,8,0,0
9003,8423,9,0,0
9003,11830,10,0,0
9003,11831,11,0,0
9003,5896,12,0,0
9003,5903,13,0,0
9003,2379,14,0,0
9003,14679,15,1,1
9004,14679,1,0,0
9004,9895,2,0,0
9004,2380,3,0,0
9004,5904,4,0,0
9004,5897,5,0,0
9004,11835,6,0,0
9004,8405,7,0,0
9004,8403,8,0,0
9004,8410,9,0,0
9004,8414,10,0,0
9004,8417,11,0,0
9004,8416,12,0,0
9004,8420,13,0,0
9004,14335,14,0,0
9004,14336,15,0,0
9004,14779,16,1,1
9103,915,1,0,0
9103,14804,2,0,0
9103,3200,3,0,0
9103,3203,4,0,0
9103,3199,5,0,0
9103,3196,6,0,0
9103,3198,7,0,0
9103,8908,8,0,0
9103,8907,9,0,0
9103,5930,10,0,0
9103,5934,11,0,0
9103,7634,12,0,0
9103,7632,13,0,0
9103,7633,14,0,0
9103,7829,15,0,0
9103,16239,16,0,0
9103,15822,17,0,0
9103,7540,18,0,0
9103,7529,19,0,0
9103,7530,20,0,0
9103,7537,21,0,0
9103,7534,22,0,0
9103,8104,23,0,0
9103,8111,24,0,0
9103,8106,25,0,0
9103,8113,26,0,0
9103,8108,27,0,0
9103,8338,28,0,0
9103,8335,29,0,0
9103,8336,30,0,0
9103,8341,31,0,0
9103,7595,32,0,0
9103,7594,33,0,0
9103,8056,34,0,0
9103,16472,35,0,0
9103,8046,36,0,0
9103,8055,37,1,1
9103,5256,38,0,0
9103,5324,39,0,0
9103,13436,40,0,0
9103,8377,41,0,0
9103,8384,42,0,0
9103,8375,43,0,0
9103,8388,44,0,0
9103,8381,45,0,0
9103,8379,46,0,0
9103,7567,47,0,0
9103,8367,48,0,0
9103,7913,49,0,0
9103,7916,50,0,0
9103,7915,51,0,0
9103,8103,52,1,1
9104,8376,1,0,0
9104,8383,2,0,0
9104,8382,3,0,0
9104,8387,4,0,0
9104,8055,5,0,0
9104,5313,6,0,0
9104,5312,7,0,0
9104,5245,8,0,0
9104,8477,9,0,0
9104,8500,10,0,0
9104,8339,11,0,0
9104,8110,12,0,0
9104,8109,13,0,0
9104,8114,14,0,0
9104,8107,15,0,0
9104,8112,16,0,0
9104,8105,17,0,0
9104,7535,18,0,0
9104,7542,19,0,0
9104,7531,20,0,0
9104,7528,21,0,0
9104,7541,22,0,0
9104,16839,23,0,0
9104,7828,24,0,0
9104,7830,25,0,0
9104,7826,26,0,0
9104,7631,27,0,0
9104,2277,28,0,0
9104,15960,29,0,0
9104,8427,30,0,0
9104,16695,31,0,0
9104,11947,32,0,0
9104,11948,33,0,0
9104,13719,34,0,0
9104,5918,35,0,0
9104,5920,36,0,0
9104,5926,37,0,0
9104,16682,38,0,0
9104,5935,39,0,0
9104,5933,40,0,0
9104,5929,41,0,0
9104,8927,42,0,0
9104,8929,43,0,0
9104,8913,44,0,0
9104,3197,45,0,0
9104,3202,46,0,0
9104,3204,47,0,0
9104,3201,48,0,0
9104,14804,49,1,1
9203,14146,1,0,0
9203,14273,2,0,0
9203,8921,3,0,0
9203,8930,4,0,0
9203,8926,5,0,0
9203,8922,6,0,0
9203,8912,7,0,0
9203,8910,8,0,0
9203,8918,9,0,0
9203,15612,10,0,0
9203,14805,11,1,1
9204,14805,1,0,0
9204,15611,2,0,0
9204,8919,3,0,0
9204,8909,4,0,0
9204,16467,5,0,0
9204,8923,6,0,0
9204,8911,7,0,0
9204,14144,8,0,0
9204,14145,9,0,0
9204,14146,10,1,1
9303,14804,1,0,0
9303,3200,2,0,0
9303,3203,3,0,0
9303,3199,4,0,0
9303,3196,5,0,0
9303,3198,6,0,0
9303,8908,7,0,0
9303,8907,8,0,0
9303,5930,9,0,0
9303,8079,10,0,0
9303,16327,11,0,0
9303,8140,12,0,0
9303,8023,13,0,0
9303,8020,14,0,0
9303,8017,15,0,0
9303,8019,16,0,0
9303,8018,17,1,1
9304,8018,1,0,0
9304,8021,2,0,0
9304,7800,3,0,0
9304,7801,4,0,0
9304,8022,5,0,0
9304,8139,6,0,0
9304,8141,7,0,0
9304,8078,8,0,0
9304,5929,9,0,0
9304,8927,10,0,0
9304,8929,11,0,0
9304,8913,12,0,0
9304,3197,13,0,0
9304,3202,14,0,0
9304,3204,15,0,0
9304,3201,16,0,0
9304,14804,17,1,1
9401,14745,1,0,0
9401,5974,2,0,0
9401,7815,3,0,0
9401,16829,4,0,0
9401,16790,5,0,0
9401,16791,6,0,0
9401,7803,7,0,0
9401,7804,8,0,0
9401,7817,9,0,0
9401,7819,10,0,0
9401,7851,11,0,0
9401,8633,12,0,0
9401,8635,13,0,0
9401,8625,14,0,0
9401,8639,15,0,0
9401,14798,16,0,0
9401,8626,17,0,0
9401,8628,18,0,0
9401,16891,19,0,0
9401,758,20,0,0
9401,755,21,0,0
9401,6653,22,0,0
9401,6651,23,0,0
9401,6648,24,0,0
9401,6633,25,0,0
9401,14642,26,1,1
9402,14642,1,0,0
9402,6638,2,0,0
9402,6649,3,0,0
9402,8632,4,0,0
9402,8631,5,0,0
9402,8637,6,0,0
9402,8629,7,0,0
9402,8627,8,0,0
9402,14798,9,1,1
9402,14797,10,0,0
9402,8640,11,0,0
9402,8624,12,0,0
9402,8634,13,0,0
9402,8038,14,0,0
9402,7850,15,0,0
9402,7849,16,0,0
9402,7818,17,0,0
9402,7805,18,0,0
9402,7802,19,0,0
9402,16792,20,0,0
9402,16793,21,0,0
9402,16828,22,0,0
9402,7814,23,0,0
9402,5973,24,0,0
9402,14745,25,1,1
9501,14812,1,0,0
9501,11333,2,0,0
9501,3260,3,0,0
9501,3262,4,0,0
9501,3254,5,0,0
9501,3252,6,0,0
9501,3257,7,0,0
9501,3259,8,0,0
9501,9188,9,0,0
9501,7468,10,0,0
9501,7472,11,0,0
9501,7467,12,0,0
9501,7465,13,0,0
9501,9076,14,0,0
9501,9084,15,0,0
9501,9086,16,0,0
9501,9070,17,0,0
9501,9085,18,0,0
9501,9075,19,0,0
9501,16688,20,0,0
9501,9072,21,0,0
9501,8025,22,0,0
9501,8028,23,0,0
9501,8027,24,0,0
9501,6371,25,0,0
9501,6368,26,0,0
9501,7687,27,0,0
9501,7690,28,0,0
9501,7719,29,0,0
9501,7673,30,0,0
9501,7715,31,0,0
9501,7678,32,0,0
9501,14317,33,0,0
9501,7721,34,0,0
9501,7693,35,0,0
9501,9621,36,0,0
9501,9622,37,0,0
9501,7696,38,0,0
9501,7706,39,0,0
9501,7680,40,0,0
9501,7688,41,0,0
9501,7684,42,0,0
9501,7709,43,0,0
9501,7683,44,0,0
9501,7717,45,0,0
9501,7694,46,0,0
9501,7711,47,0,0
9501,7676,48,0,0
9501,1044,49,0,0
9501,1048,50,0,0
9501,1046,51,0,0
9501,1052,52,0,0
9501,1051,53,0,0
9501,7704,54,0,0
9501,7702,55,0,0
9501,7698,56,0,0
9501,15116,57,1,1
9501,9468,58,0,0
9501,9469,59,0,0
9501,10514,60,0,0
9501,10515,61,0,0
9501,10516,62,0,0
9501,10517,63,0,0
9501,10518,64,0,0
9501,10519,65,0,0
9501,10520,66,0,0
9501,12544,67,0,0
9501,16023,68,0,0
9501,7198,69,0,0
9501,16127,70,0,0
9501,16128,71,0,0
9501,12748,72,1,1
9502,12748,1,0,0
9502,12545,2,0,0
9502,10522,3,0,0
9502,10523,4,0,0
9502,10524,5,0,0
9502,10525,6,0,0
9502,10526,7,0,0
9502,10527,8,0,0
9502,10528,9,0,0
9502,9471,10,0,0
9502,9472,11,0,0
9502,9473,12,0,0
9502,15116,13,0,0
9502,7977,14,0,0
9502,7699,15,0,0
9502,7703,16,0,0
9502,11868,17,0,0
9502,2943,18,0,0
9502,7701,19,0,0
9502,7705,20,0,0
9502,7700,21,0,0
9502,7691,22,0,0
9502,1045,23,0,0
9502,1049,24,0,0
9502,1043,25,0,0
9502,7677,26,0,0
9502,7712,27,0,0
9502,7695,28,0,0
9502,7682,29,0,0
9502,7710,30,0,0
9502,7685,31,0,0
9502,7672,32,0,0
9502,7681,33,0,0
9502,7707,34,0,0
9502,7697,35,0,0
9502,9619,36,0,0
9502,9620,37,0,0
9502,7692,38,0,0
9502,7722,39,0,0
9502,14329,40,0,0
9502,7679,41,0,0
9502,11859,42,0,0
9502,7708,43,0,0
9502,7720,44,0,0
9502,7689,45,0,0
9502,7686,46,0,0
9502,7714,47,0,0
9502,6372,48,0,0
9502,8026,49,0,0
9502,8029,50,0,0
9502,16689,51,0,0
9502,9073,52,0,0
9502,9083,53,0,0
9502,11397,54,0,0
9502,9079,55,0,0
9502,9087,56,0,0
9502,9071,57,0,0
9502,10605,58,0,0
9502,9078,59,0,0
9502,16654,60,0,0
9502,9077,61,0,0
9502,7466,62,0,0
9502,7464,63,0,0
9502,7473,64,0,0
9502,7469,65,0,0
9502,9069,66,0,0
9502,3258,67,0,0
9502,16701,68,0,0
9502,3255,69,0,0
9502,7474,70,0,0
9502,9074,71,0,0
9502,3265,72,0,0
9502,11334,73,0,0
9502,14812,74,1,1
9601,11074,1,0,0
9601,11075,2,0,0
9601,11076,3,0,0
9601,11077,4,0,0
9601,11078,5,0,0
9601,11079,6,0,0
9601,11080,7,0,0
9601,11081,8,0,0
9601,7596,9,0,0
9601,16036,10,0,0
9601,14562,11,0,0
9601,14563,12,0,0
9601,11293,13,0,0
9601,2644,14,0,0
9601,15849,15,0,0
9601,2845,16,0,0
9601,2702,17,0,0
9601,2707,18,0,0
9601,14928,19,0,0
9601,16649,20,0,0
9601,14924,21,0,0
9601,14922,22,0,0
9601,14919,23,0,0
9601,14918,24,0,0
9601,12063,25,0,0
9601,11046,26,0,0
9601,13472,27,0,0
9601,11047,28,0,0
9601,11048,29,0,0
9601,12196,30,0,0
9601,15405,31,0,0
9601,11273,32,0,0
9601,15821,33,0,0
9601,7864,34,0,0
9601,7863,35,0,0
9601,7878,36,0,0
9601,7876,37,0,0
9601,11576,38,0,0
9601,11535,39,0,0
9601,16625,40,0,0
9601,11538,41,0,0
9601,4321,42,0,0
9601,5629,43,0,0
9601,8657,44,0,0
9601,8653,45,0,0
9601,8655,46,0,0
9601,8656,47,0,0
9601,7568,48,0,0
9601,7728,49,0,0
9601,7821,50,0,0
9601,7822,51,0,0
9601,7726,52,0,0
9601,7725,53,0,0
9601,7731,54,0,0
9601,7734,55,0,0
9601,7724,56,0,0
9601,6224,57,0,0
9601,6230,58,0,0
9601,6216,59,0,0
9601,7481,60,0,0
9601,8525,61,0,0
9601,8526,62,0,0
9601,8886,63,0,0
9601,8845,64,0,0
9601,15756,65,0,0
9601,8878,66,0,0
9601,8861,67,0,0
9601,8855,68,0,0
9601,8887,69,0,0
9601,8860,70,0,0
9601,8880,71,0,0
9601,8865,72,0,0
9601,15136,73,0,0
9601,8868,74,0,0
9601,8848,75,0,0
9601,8873,76,0,0
9601,8875,77,0,0
9601,8877,78,0,0
9601,1662,79,0,0
9601,1657,80,0,0
9601,9899,81,0,0
9601,15055,82,0,0
9601,1658,83,0,0
9601,1660,84,0,0
9601,15234,85,0,0
9601,8839,86,0,0
9601,8847,87,0,0
9601,8882,88,0,0
9601,8837,89,0,0
9601,8842,90,0,0
9601,8889,91,0,0
9601,8892,92,0,0
9601,9907,93,1,1
9601,14807,94,1,1
9602,14807,1,0,0
9602,9906,2,0,0
9602,8891,3,0,0
9602,8890,4,0,0
9602,8841,5,0,0
9602,8838,6,0,0
9602,8883,7,0,0
9602,8846,8,0,0
9602,8840,9,0,0
9602,1654,10,0,0
9602,15235,11,0,0
9602,1661,12,0,0
9602,1659,13,0,0
9602,14800,14,0,0
9602,1666,15,0,0
9602,13470,16,0,0
9602,1656,17,0,0
9602,8870,18,0,0
9602,8857,19,0,0
9602,8876,20,0,0
9602,8843,21,0,0
9602,8851,22,0,0
9602,8869,23,0,0
9602,8833,24,0,0
9602,8866,25,0,0
9602,8881,26,0,0
9602,8872,27,0,0
9602,8888,28,0,0
9602,8856,29,0,0
9602,8862,30,0,0
9602,16830,31,0,0
9602,15755,32,0,0
9602,8844,33,0,0
9602,8854,34,0,0
9602,8885,35,0,0
9602,8524,36,0,0
9602,6233,37,0,0
9602,6217,38,0,0
9602,14315,39,0,0
9602,6225,40,0,0
9602,7723,41,0,0
9602,7735,42,0,0
9602,7732,43,0,0
9602,3548,44,0,0
9602,3546,45,0,0
9602,7727,46,0,0
9602,7730,47,0,0
9602,7823,48,0,0
9602,7820,49,0,0
9602,7729,50,0,0
9602,7569,51,0,0
9602,15749,52,0,0
9602,11540,53,0,0
9602,11541,54,0,0
9602,16624,55,0,0
9602,11577,56,0,0
9602,8654,57,0,0
9602,8658,58,0,0
9602,7957,59,0,0
9602,5628,60,0,0
9602,7875,61,0,0
9602,7877,62,0,0
9602,7862,63,0,0
9602,7865,64,0,0
9602,7867,65,0,0
9602,11272,66,0,0
9602,15403,67,0,0
9602,7860,68,0,0
9602,14254,69,0,0
9602,2600,70,0,0
9602,11292,71,0,0
9602,14564,72,0,0
9602,14565,73,0,0
9602,14566,74,0,0
9602,14567,75,0,0
9602,14568,76,0,0
9602,14253,77,0,0
9602,16280,78,0,0
9602,11085,79,0,0
9602,11086,80,0,0
9602,11087,81,0,0
9602,11088,82,0,0
9602,11089,83,0,0
9602,11090,84,0,0
9602,11074,85,1,1
9602,12064,86,0,0
9602,11030,87,0,0
9602,11032,88,0,0
9602,13473,89,0,0
9602,11050,90,0,0
9602,2703,91,0,0
9602,14920,92,0,0
9602,14921,93,0,0
9602,14923,94,0,0
9602,14925,95,0,0
9602,14927,96,0,0
9602,14929,97,0,0
9602,2701,98,0,0
9602,2845,99,1,1
9703,1069,1,0,0
9703,270,2,0,0
9703,256,3,0,0
9703,16388,4,0,0
9703,3240,5,0,0
9703,3238,6,0,0
9703,3243,7,0,0
9703,3221,8,0,0
9703,3228,9,0,0
9703,3226,10,0,0
9703,16094,11,0,0
9703,3209,12,0,0
9703,3245,13,0,0
9703,3227,14,0,0
9703,3216,15,0,0
9703,3213,16,0,0
9703,3242,17,0,0
9703,3211,18,0,0
9703,3219,19,0,0
9703,9042,20,0,0
9703,9043,21,0,0
9703,9062,22,0,0
9703,9040,23,0,0
9703,14818,24,0,0
9703,4733,25,0,0
9703,9002,26,0,0
9703,10797,27,0,0
9703,1670,28,0,0
9703,1667,29,0,0
9703,1672,30,0,0
9703,1674,31,0,0
9703,15708,32,0,0
9703,8977,33,0,0
9703,8980,34,0,0
9703,8961,35,0,0
9703,8965,36,0,0
9703,9051,37,0,0
9703,8959,38,0,0
9703,8997,39,0,0
9703,9054,40,0,0
9703,9019,41,0,0
9703,9038,42,0,0
9703,8996,43,0,0
9703,8993,44,0,0
9703,9029,45,0,0
9703,9060,46,0,0
9703,11394,47,0,0
9703,8949,48,0,0
9703,8937,49,0,0
9703,8942,50,0,0
9703,8944,51,0,0
9703,8939,52,0,0
9703,8948,53,0,0
9703,9065,54,0,0
9703,8963,55,0,0
9703,9022,56,0,0
9703,13559,57,0,0
9703,9048,58,0,0
9703,11494,59,0,0
9703,8984,60,0,0
9703,9032,61,0,0
9703,8970,62,0,0
9703,8962,63,0,0
9703,8988,64,0,0
9703,14689,65,0,0
9703,15282,66,0,0
9703,14447,67,0,0
9703,8975,68,0,0
9703,9034,69,0,0
9703,12003,70,0,0
9703,12043,71,0,0
9703,12044,72,0,0
9703,12045,73,0,0
9703,12046,74,0,0
9703,12004,75,0,0
9703,8309,76,0,0
9703,8299,77,0,0
9703,9176,78,1,1
9703,14669,79,1,1
9704,12003,1,0,0
9704,12043,2,0,0
9704,12044,3,0,0
9704,12045,4,0,0
9704,12046,5,0,0
9704,12004,6,0,0
9704,8309,7,0,0
9704,8299,8,0,0
9704,9059,9,0,0
9704,15783,10,0,0
9704,9031,11,0,0
9704,15782,12,0,0
9704,8976,13,0,0
9704,9013,14,0,0
9704,9003,15,0,0
9704,8989,16,0,0
9704,9015,17,0,0
9704,8971,18,0,0
9704,8982,19,0,0
9704,9033,20,0,0
9704,13869,21,0,0
9704,8983,22,0,0
9704,9050,23,0,0
9704,8990,24,0,0
9704,9021,25,0,0
9704,8964,26,0,0
9704,9066,27,0,0
9704,9025,28,0,0
9704,8954,29,0,0
9704,8891,30,0,0
9704,8940,31,0,0
9704,8934,32,0,0
9704,8945,33,0,0
9704,8947,34,0,0
9704,8943,35,0,0
9704,15277,36,0,0
9704,9064,37,0,0
9704,8985,38,0,0
9704,9039,39,0,0
9704,9020,40,0,0
9704,8969,41,0,0
9704,8998,42,0,0
9704,9023,43,0,0
9704,8960,44,0,0
9704,16092,45,0,0
9704,9030,46,0,0
9704,15709,47,0,0
9704,8981,48,0,0
9704,14669,49,0,0
9704,14950,50,0,0
9704,8958,51,0,0
9704,1673,52,0,0
9704,1668,53,0,0
9704,1669,54,0,0
9704,10800,55,0,0
9704,4732,56,0,0
9704,9053,57,0,0
9704,14818,58,1,1
9704,8957,59,0,0
9704,9063,60,0,0
9704,8953,61,0,0
9704,9027,62,0,0
9704,9037,63,0,0
9704,16000,64,0,0
9704,3220,65,0,0
9704,3214,66,0,0
9704,3217,67,0,0
9704,3233,68,0,0
9704,3246,69,0,0
9704,3229,70,0,0
9704,3218,71,0,0
9704,16833,72,0,0
9704,16260,73,0,0
9704,3222,74,0,0
9704,3237,75,0,0
9704,3244,76,0,0
9704,3239,77,0,0
9704,3241,78,0,0
9704,9016,79,0,0
9704,3247,80,0,0
9704,1671,81,0,0
9704,1069,82,1,1
9801,6280,1,0,0
9801,6655,2,0,0
9801,6656,3,0,0
9801,6404,4,0,0
9801,6282,5,0,0
9801,6277,6,0,0
9801,6279,7,0,0
9801,6410,8,0,0
9801,6409,9,0,0
9801,6407,10,0,0
9801,6414,11,0,0
9801,6412,12,0,0
9801,7119,13,0,0
9801,7124,14,0,0
9801,7122,15,0,0
9801,7113,16,0,0
9801,7116,17,0,0
9801,7126,18,0,0
9801,7112,19,0,0
9801,7110,20,0,0
9801,7117,21,0,0
9801,7127,22,0,0
9801,16232,23,0,0
9801,14771,24,0,0
9801,13563,25,0,0
9801,1540,26,0,0
9801,8822,27,0,0
9801,8826,28,0,0
9801,8801,29,0,0
9801,15851,30,0,0
9801,15852,31,0,0
9801,8797,32,0,0
9801,8793,33,0,0
9801,8803,34,0,0
9801,8791,35,0,0
9801,8821,36,0,0
9801,8824,37,0,0
9801,8800,38,0,0
9801,8827,39,0,0
9801,8813,40,0,0
9801,8795,41,0,0
9801,8811,42,0,0
9801,8816,43,0,0
9801,8789,44,0,0
9801,9176,45,1,1
9802,9176,1,0,0
9802,8217,2,0,0
9802,10445,3,0,0
9802,8790,4,0,0
9802,8817,5,0,0
9802,8812,6,0,0
9802,8796,7,0,0
9802,8814,8,0,0
9802,8828,9,0,0
9802,16876,10,0,0
9802,8825,11,0,0
9802,8820,12,0,0
9802,8792,13,0,0
9802,8804,14,0,0
9802,8794,15,0,0
9802,8798,16,0,0
9802,8818,17,0,0
9802,8802,18,0,0
9802,8806,19,0,0
9802,8807,20,0,0
9802,16355,21,0,0
9802,8823,22,0,0
9802,16647,23,0,0
9802,1535,24,0,0
9802,14773,25,0,0
9802,16233,26,0,0
9802,7108,27,0,0
9802,7118,28,0,0
9802,7109,29,0,0
9802,7111,30,0,0
9802,7125,31,0,0
9802,7115,32,0,0
9802,7114,33,0,0
9802,7121,34,0,0
9802,7123,35,0,0
9802,7120,36,0,0
9802,6378,37,0,0
9802,6413,38,0,0
9802,6406,39,0,0
9802,6408,40,0,0
9802,6411,41,0,0
9802,6278,42,0,0
9802,6276,43,0,0
9802,6281,44,0,0
9802,6283,45,0,0
9802,6275,46,0,0
9802,6280,47,1,1
9903,7495,1,0,0
9903,7502,2,0,0
9903,13457,3,0,0
9903,7497,4,0,0
9903,2622,5,0,0
9903,2597,6,0,0
9903,3891,7,0,0
9903,3892,8,0,0
9903,3893,9,0,0
9903,3885,10,0,0
9903,16885,11,0,0
9903,3876,12,0,0
9903,3930,13,0,0
9903,3873,14,0,0
9903,3921,15,1,1
9904,3921,1,0,0
9904,6057,2,0,0
9904,6079,3,0,0
9904,6085,4,0,0
9904,11858,5,0,0
9904,7513,6,0,0
9904,7500,7,0,0
9904,10470,8,1,1
10003,16925,1,0,0
10003,3004,2,0,0
10003,2999,3,0,0
10003,2993,4,0,0
10003,2991,5,0,0
10003,3008,6,0,0
10003,5989,7,0,0
10003,16697,8,0,0
10003,2979,9,0,0
10003,2980,10,0,0
10003,4520,11,0,0
10003,2988,12,0,0
10003,8011,13,0,0
10003,2987,14,0,0
10003,3635,15,0,0
10003,9507,16,0,0
10003,3636,17,0,0
10003,10268,18,0,0
10003,10269,19,0,0
10003,10270,20,0,0
10003,10271,21,0,0
10003,10272,22,0,0
10003,3692,23,0,0
10003,3694,24,0,0
10003,3690,25,0,0
10003,3476,26,0,0
10003,4727,27,0,0
10003,11347,28,0,0
10003,4721,29,0,0
10003,4730,30,0,0
10003,11259,31,0,0
10003,11229,32,0,0
10003,11230,33,0,0
10003,11260,34,0,0
10003,4719,35,0,0
10003,4718,36,0,0
10003,4723,37,0,0
10003,3639,38,0,0
10003,16602,39,1,1
10004,16602,1,0,0
10004,4724,2,0,0
10004,4729,3,0,0
10004,4726,4,0,0
10004,11259,5,0,0
10004,11229,6,0,0
10004,11230,7,0,0
10004,11260,8,0,0
10004,4731,9,0,0
10004,16664,10,0,0
10004,11338,11,0,0
10004,4728,12,0,0
10004,10264,13,0,0
10004,10265,14,0,0
10004,10266,15,0,0
10004,10267,16,0,0
10004,3475,17,0,0
10004,3474,18,0,0
10004,3693,19,0,0
10004,9141,20,0,0
10004,3634,21,0,0
10004,9508,22,0,0
10004,3689,23,0,0
10004,2978,24,0,0
10004,2986,25,0,0
10004,4518,26,0,0
10004,2977,27,0,0
10004,8012,28,0,0
10004,12127,29,0,0
10004,16696,30,0,0
10004,5988,31,0,0
10004,15149,32,0,0
10004,2994,33,0,0
10004,3000,34,0,0
10004,2989,35,0,0
10004,2990,36,0,0
10004,16925,37,1,1
10103,14803,1,0,0
10103,1666,2,0,0
10103,13470,3,0,0
10103,1656,4,0,0
10103,8870,5,0,0
10103,8857,6,0,0
10103,8876,7,0,0
10103,8843,8,0,0
10103,8851,9,0,0
10103,14141,10,0,0
10103,16444,11,0,0
10103,4045,12,0,0
10103,4003,13,0,0
10103,4047,14,0,0
10103,16130,15,0,0
10103,16129,16,0,0
10103,16131,17,0,0
10103,16514,18,0,0
10103,16515,19,0,0
10103,3977,20,0,0
10103,4051,21,0,0
10103,6075,22,0,0
10103,6070,23,0,0
10103,14367,24,0,0
10103,15913,25,0,0
10103,16345,26,0,0
10103,16560,27,0,0
10103,3106,28,0,0
10103,3113,29,0,0
10103,4678,30,0,0
10103,3303,31,0,0
10103,4635,32,0,0
10103,4638,33,0,0
10103,3404,34,0,0
10103,16890,35,0,0
10103,4432,36,0,0
10103,4043,37,0,0
10103,9149,38,0,0
10103,15653,39,0,0
10103,15565,40,1,1
10104,15565,1,0,0
10104,11321,2,0,0
10104,10755,3,0,0
10104,4431,4,0,0
10104,4430,5,0,0
10104,3403,6,0,0
10104,4637,7,0,0
10104,4636,8,0,0
10104,4639,9,0,0
10104,4679,10,0,0
10104,3151,11,0,0
10104,15631,12,0,0
10104,7271,13,0,0
10104,16345,14,0,0
10104,16346,15,0,0
10104,14368,16,0,0
10104,16559,17,0,0
10104,4030,18,0,0
10104,4052,19,0,0
10104,3976,20,0,0
10104,16492,21,0,0
10104,16130,22,0,0
10104,16129,23,0,0
10104,16131,24,0,0
10104,16514,25,0,0
10104,16132,26,0,0
10104,3964,27,0,0
10104,9801,28,0,0
10104,9880,29,0,0
10104,8867,30,0,0
10104,8848,31,0,0
10104,8873,32,0,0
10104,8875,33,0,0
10104,8877,34,0,0
10104,1662,35,0,0
10104,1657,36,0,0
10104,14803,37,1,1
10203,16898,1,0,0
10203,4629,2,0,0
10203,1559,3,0,0
10203,6103,4,0,0
10203,4628,5,0,0
10203,1556,6,0,0
10203,1562,7,0,0
10203,4623,8,0,0
10203,1566,9,0,0
10203,1569,10,0,0
10203,1561,11,0,0
10203,1552,12,0,0
10203,4622,13,0,0
10203,4624,14,0,0
10203,4626,15,0,0
10203,16719,16,0,0
10203,12540,17,0,0
10203,15744,18,0,0
10203,4247,19,0,0
10203,4211,20,0,0
10203,4223,21,0,0
10203,4241,22,0,0
10203,4253,23,0,0
10203,4258,24,0,0
10203,4269,25,0,0
10203,4250,26,0,0
10203,2860,27,0,0
10203,2861,28,0,0
10203,4466,29,0,0
10203,5557,30,0,0
10203,5552,31,0,0
10203,5584,32,0,0
10203,5564,33,0,0
10203,5569,34,0,0
10203,15535,35,0,0
10203,5582,36,0,0
10203,5576,37,0,0
10203,5554,38,0,0
10203,5561,39,0,0
10203,5585,40,0,0
10203,5580,41,0,0
10203,11364,42,0,0
10203,6007,43,0,0
10203,15887,44,1,1
10203,4468,45,0,0
10203,4471,46,0,0
10203,5588,47,0,0
10203,5573,48,0,0
10203,15855,49,0,0
10203,13700,50,0,0
10203,9333,51,0,0
10203,12603,52,0,0
10203,13629,53,0,0
10203,13630,54,0,0
10203,13631,55,0,0
10203,10826,56,0,0
10203,10827,57,0,0
10203,16265,58,0,0
10203,13680,59,0,0
10203,13681,60,0,0
10203,13872,61,0,0
10203,13900,62,0,0
10203,14608,63,0,0
10203,13632,64,0,0
10203,16574,65,0,0
10203,13633,66,0,0
10203,13634,67,0,0
10203,13635,68,0,0
10203,13636,69,0,0
10203,14157,70,0,0
10203,13637,71,0,0
10203,13638,72,0,0
10203,13639,73,0,0
10203,13640,74,0,0
10203,13641,75,0,0
10203,13642,76,0,0
10203,13643,77,0,0
10203,13644,78,0,0
10203,13645,79,0,0
10203,13646,80,0,0
10203,13647,81,0,0
10203,14324,82,0,0
10203,14339,83,0,0
10203,15670,84,0,0
10203,15391,85,0,0
10203,16281,86,0,0
10203,15392,87,0,0
10203,15393,88,0,0
10203,15394,89,0,0
10203,15395,90,0,0
10203,15382,91,0,0
10203,15381,92,1,1
10203,15193,93,0,0
10203,16256,94,0,0
10203,16252,95,1,1
10203,9859,96,1,1
10204,15381,1,0,0
10204,15449,2,0,0
10204,15669,3,0,0
10204,13654,4,0,0
10204,14325,5,0,0
10204,13655,6,0,0
10204,13656,7,0,0
10204,13657,8,0,0
10204,13658,9,0,0
10204,13659,10,0,0
10204,13660,11,0,0
10204,13661,12,0,0
10204,13662,13,0,0
10204,14155,14,0,0
10204,13663,15,0,0
10204,14156,16,0,0
10204,13664,17,0,0
10204,13665,18,0,0
10204,13666,19,0,0
10204,13667,20,0,0
10204,16252,21,0,0
10204,14379,22,0,0
10204,13668,23,0,0
10204,14609,24,0,0
10204,13669,25,0,0
10204,11563,26,0,0
10204,11564,27,0,0
10204,11565,28,0,0
10204,10829,29,0,0
10204,10840,30,0,0
10204,12605,31,0,0
10204,12602,32,0,0
10204,10841,33,0,0
10204,5562,34,0,0
10204,13701,35,0,0
10204,14143,36,0,0
10204,5574,37,0,0
10204,5587,38,0,0
10204,5583,39,0,0
10204,4469,40,0,0
10204,15887,41,0,0
10204,6008,42,0,0
10204,5579,43,0,0
10204,5586,44,0,0
10204,5560,45,0,0
10204,5555,46,0,0
10204,5578,47,0,0
10204,5575,48,0,0
10204,5581,49,0,0
10204,5563,50,0,0
10204,5568,51,0,0
10204,5565,52,0,0
10204,5558,53,0,0
10204,5553,54,0,0
10204,5571,55,0,0
10204,5559,56,0,0
10204,5572,57,0,0
10204,5567,58,0,0
10204,4251,59,0,0
10204,4239,60,0,0
10204,4204,61,0,0
10204,4220,62,0,0
10204,4242,63,0,0
10204,4224,64,0,0
10204,4240,65,0,0
10204,1212,66,0,0
10204,1565,67,0,0
10204,1560,68,0,0
10204,1555,69,0,0
10204,1553,70,0,0
10204,4625,71,0,0
10204,16797,72,0,0
10204,6115,73,0,0
10204,1558,74,0,0
10204,1563,75,0,0
10204,1568,76,0,0
10204,1571,77,0,0
10204,1554,78,0,0
10204,6126,79,0,0
10204,16898,80,1,1
10303,14674,1,0,0
10303,13898,2,0,0
10303,16331,3,0,0
10303,15702,4,0,0
10303,2304,5,0,0
10303,5813,6,0,0
10303,5806,7,0,0
10303,5816,8,0,0
10303,11995,9,0,0
10303,5804,10,0,0
10303,5819,11,0,0
10303,5812,12,0,0
10303,5830,13,0,0
10303,5825,14,0,0
10303,5826,15,0,0
10303,5837,16,0,0
10303,5838,17,0,0
10303,5841,18,0,0
10303,5847,19,0,0
10303,5518,20,1,1
10304,5518,1,0,0
10304,16189,2,0,0
10304,16188,3,0,0
10304,16187,4,0,0
10304,5828,5,0,0
10304,5827,6,0,0
10304,5829,7,0,0
10304,5845,8,0,0
10304,5820,9,0,0
10304,5846,10,0,0
10304,5840,11,0,0
10304,5817,12,0,0
10304,5807,13,0,0
10304,5815,14,0,0
10304,2305,15,0,0
10304,2268,16,0,0
10304,9898,17,0,0
10304,14674,18,1,1
10403,15465,1,0,0
10403,1689,2,0,0
10403,2469,3,0,0
10403,2471,4,0,0
10403,2459,5,0,0
10403,2465,6,0,0
10403,2460,7,0,0
10403,2463,8,0,0
10403,2472,9,0,0
10403,2474,10,0,0
10403,3188,11,0,0
10403,3176,12,0,0
10403,3185,13,0,0
10403,3178,14,0,0
10403,3182,15,0,0
10403,16363,16,0,0
10403,14843,17,0,0
10403,16362,18,0,0
10403,12176,19,0,0
10403,11342,20,0,0
10403,9417,21,0,0
10403,3191,22,0,0
10403,3190,23,0,0
10403,3193,24,0,0
10403,3192,25,0,0
10403,8904,26,0,0
10403,7262,27,0,0
10403,14653,28,1,1
10404,14653,1,0,0
10404,11876,2,0,0
10404,11877,3,0,0
10404,8896,4,0,0
10404,8905,5,0,0
10404,8894,6,0,0
10404,8895,7,0,0
10404,9155,8,0,0
10404,1645,9,0,0
10404,983,10,0,0
10404,11341,11,0,0
10404,980,12,0,0
10404,9506,13,0,0
10404,3184,14,0,0
10404,16364,15,0,0
10404,3183,16,0,0
10404,3179,17,0,0
10404,3186,18,0,0
10404,3177,19,0,0
10404,3187,20,0,0
10404,2473,21,0,0
10404,2464,22,0,0
10404,2461,23,0,0
10404,2466,24,0,0
10404,2467,25,0,0
10404,2468,26,0,0
10404,2470,27,0,0
10404,2462,28,0,0
10404,15465,29,1,1
10503,14652,1,0,0
10503,14834,2,0,0
10503,1645,3,0,0
10503,983,4,0,0
10503,11341,5,0,0
10503,14836,6,0,0
10503,7654,7,0,0
10503,7660,8,0,0
10503,7648,9,0,0
10503,15358,10,0,0
10503,14531,11,0,0
10503,7658,12,1,1
10504,7658,1,0,0
10504,7662,2,0,0
10504,7649,3,0,0
10504,7661,4,0,0
10504,7655,5,0,0
10504,978,6,0,0
10504,981,7,0,0
10504,12176,8,0,0
10504,11342,9,0,0
10504,9417,10,0,0
10504,14835,11,0,0
10504,14652,12,1,1
10601,15571,1,0,0
10601,15619,2,0,0
10601,7992,3,0,0
10601,15130,4,0,0
10601,8091,5,0,0
10601,8083,6,0,0
10601,8082,7,0,0
10601,8080,8,0,0
10601,8087,9,0,0
10601,8089,10,0,0
10601,8085,11,0,0
10601,16729,12,0,0
10601,16728,13,0,0
10601,9228,14,0,0
10601,16240,15,0,0
10601,13437,16,0,0
10601,6074,17,0,0
10601,6070,18,0,0
10601,6089,19,0,0
10601,15631,20,0,0
10601,7271,21,0,0
10601,3109,22,0,0
10601,14655,23,1,1
10602,14655,1,0,0
10602,7275,2,0,0
10602,4596,3,0,0
10602,6076,4,0,0
10602,3108,5,0,0
10602,3106,6,0,0
10602,3113,7,0,0
10602,6071,8,0,0
10602,6072,9,0,0
10602,13438,10,0,0
10602,9221,11,0,0
10602,9222,12,0,0
10602,16727,13,0,0
10602,9224,14,0,0
10602,9225,15,0,0
10602,8088,16,0,0
10602,8086,17,0,0
10602,8081,18,0,0
10602,8084,19,0,0
10602,8090,20,0,0
10602,14284,21,0,0
10602,7763,22,0,0
10602,14422,23,0,0
10602,15571,24,1,1
10602,1601,25,1,1
10703,14657,1,0,0
10703,7275,2,0,0
10703,4596,3,0,0
10703,9093,4,0,0
10703,9094,5,0,0
10703,9095,6,0,0
10703,9096,7,0,0
10703,9097,8,0,0
10703,3434,9,0,0
10703,16425,10,0,0
10703,3426,11,0,0
10703,16666,12,0,0
10703,15626,13,0,0
10703,16659,14,0,0
10703,14840,15,0,0
10703,1280,16,0,0
10703,1284,17,0,0
10703,1065,18,0,0
10703,15630,19,0,0
10703,16662,20,0,0
10703,1,21,0,0
10703,3,22,0,0
10703,16419,23,0,0
10703,8264,24,0,0
10703,4529,25,0,0
10703,4530,26,0,0
10703,4527,27,0,0
10703,3401,28,0,0
10703,13374,29,0,0
10703,4014,30,0,0
10703,15568,31,1,1
10704,9149,1,0,0
10704,15568,2,0,0
10704,4028,3,0,0
10704,15621,4,0,0
10704,15622,5,0,0
10704,15623,6,0,0
10704,15624,7,0,0
10704,1597,8,0,0
10704,8254,9,0,0
10704,7,10,0,0
10704,512,11,0,0
10704,2,12,0,0
10704,16663,13,0,0
10704,15629,14,0,0
10704,1609,15,0,0
10704,1283,16,0,0
10704,1279,17,0,0
10704,16661,18,0,0
10704,16660,19,0,0
10704,15628,20,0,0
10704,16667,21,0,0
10704,15627,22,0,0
10704,16426,23,0,0
10704,3433,24,0,0
10704,9098,25,0,0
10704,9099,26,0,0
10704,9100,27,0,0
10704,9101,28,0,0
10704,9102,29,0,0
10704,9091,30,0,0
10704,14657,31,1,1
10801,15575,1,0,0
10801,1602,2,0,0
10801,11511,3,0,0
10801,15634,4,0,0
10801,15620,5,0,0
10801,2003,6,0,0
10801,1998,7,0,0
10801,1997,8,0,0
10801,2002,9,0,0
10801,2004,10,0,0
10801,2006,11,0,0
10801,2008,12,0,0
10801,2000,13,0,0
10801,2010,14,0,0
10801,2011,15,0,0
10801,2001,16,0,0
10801,14053,17,0,0
10801,9217,18,0,0
10801,9218,19,0,0
10801,9219,20,0,0
10801,9220,21,0,0
10801,6090,22,0,0
10801,9221,23,0,0
10801,9222,24,0,0
10801,16727,25,0,0
10801,9224,26,0,0
10801,9225,27,0,0
10801,2662,28,0,0
10801,2669,29,0,0
10801,13925,30,0,0
10801,3125,31,0,0
10801,4679,32,0,0
10801,3151,33,0,0
10801,16240,34,0,0
10801,13437,35,0,0
10801,6074,36,0,0
10801,6070,37,0,0
10801,6089,38,0,0
10801,15631,39,0,0
10801,7271,40,0,0
10801,3109,41,0,0
10801,14660,42,1,1
10802,14660,1,0,0
10802,7275,2,0,0
10802,4596,3,0,0
10802,6076,4,0,0
10802,3108,5,0,0
10802,3106,6,0,0
10802,3113,7,0,0
10802,4678,8,0,0
10802,3124,9,0,0
10802,3123,10,0,0
10802,2668,11,0,0
10802,7797,12,0,0
10802,2672,13,0,0
10802,16729,14,0,0
10802,16728,15,0,0
10802,9228,16,0,0
10802,6071,17,0,0
10802,6072,18,0,0
10802,13438,19,0,0
10802,6087,20,0,0
10802,6064,21,0,0
10802,9210,22,0,0
10802,9211,23,0,0
10802,9212,24,0,0
10802,9214,25,0,0
10802,9215,26,0,0
10802,2663,27,0,0
10802,2012,28,0,0
10802,2009,29,0,0
10802,1999,30,0,0
10802,2007,31,0,0
10802,15617,32,0,0
10802,15616,33,0,0
10802,15615,34,0,0
10802,15614,35,0,0
10802,15613,36,0,0
10802,13618,37,0,0
10802,12658,38,0,0
10802,1592,39,0,0
10802,1601,40,0,0
10802,15575,41,1,1
10903,14682,1,0,0
10903,13440,2,0,0
10903,6557,3,0,0
10903,6550,4,0,0
10903,6548,5,0,0
10903,6552,6,0,0
10903,6555,7,0,0
10903,16921,8,0,0
10903,6543,9,0,0
10903,6540,10,0,0
10903,6538,11,0,0
10903,6546,12,0,0
10903,14731,13,0,0
10903,5407,14,0,0
10903,7404,15,0,0
10903,7406,16,0,0
10903,7403,17,0,0
10903,7409,18,0,0
10903,15879,19,0,0
10903,7408,20,0,0
10903,9625,21,0,0
10903,6390,22,1,1
10903,6386,23,0,0
10903,6380,24,0,0
10903,16049,25,0,0
10903,6387,26,0,0
10903,6384,27,0,0
10903,6931,28,0,0
10903,6928,29,0,0
10903,6927,30,0,0
10903,6239,31,0,0
10903,6234,32,0,0
10903,6616,33,0,0
10903,6617,34,0,0
10903,7435,35,0,0
10903,7434,36,0,0
10903,6613,37,1,1
10904,6613,1,0,0
10904,6421,2,0,0
10904,6422,3,0,0
10904,6618,4,0,0
10904,6611,5,0,0
10904,6235,6,0,0
10904,6240,7,0,0
10904,6236,8,0,0
10904,6929,9,0,0
10904,7407,10,0,0
10904,15878,11,0,0
10904,7410,12,0,0
10904,9625,13,0,0
10904,6390,14,0,0
10904,6388,15,0,0
10904,6382,16,0,0
10904,13622,17,0,0
10904,6385,18,0,0
10904,6389,19,0,0
10904,7397,20,0,0
10904,7405,21,0,0
10904,5408,22,0,0
10904,14731,23,1,1
10904,14732,24,0,0
10904,6545,25,0,0
10904,6556,26,0,0
10904,6544,27,0,0
10904,6542,28,0,0
10904,6554,29,0,0
10904,6553,30,0,0
10904,6549,31,0,0
10904,6551,32,0,0
10904,6558,33,0,0
10904,6547,34,0,0
10904,14682,35,1,1
11003,4435,1,0,0
11003,15428,2,0,0
11003,3386,3,0,0
11003,3384,4,0,0
11003,15805,5,0,0
11003,3383,6,0,0
11003,3726,7,0,0
11003,3707,8,0,0
11003,3711,9,0,0
11003,3714,10,0,0
11003,3705,11,0,0
11003,5164,12,0,0
11003,5187,13,0,0
11003,5163,14,0,0
11003,9252,15,0,0
11003,9253,16,0,0
11003,9254,17,0,0
11003,9255,18,0,0
11003,9256,19,0,0
11003,3716,20,0,0
11003,3710,21,0,0
11003,3721,22,0,0
11003,3725,23,0,0
11003,3723,24,0,0
11003,3719,25,0,0
11003,3709,26,0,0
11003,3722,27,0,0
11003,3950,28,0,0
11003,16627,29,0,0
11003,4289,30,0,0
11003,16628,31,0,0
11003,11737,32,0,0
11003,11738,33,0,0
11003,11739,34,0,0
11003,11740,35,0,0
11003,3769,36,0,0
11003,3821,37,0,0
11003,3804,38,0,0
11003,13922,39,0,0
11003,3787,40,0,0
11003,2728,41,0,0
11003,2714,42,0,0
11003,2713,43,0,0
11003,3849,44,0,0
11003,2726,45,0,0
11003,2730,46,0,0
11003,2718,47,0,0
11003,2733,48,0,0
11003,9901,49,1,0
11003,16045,50,1,1
11004,16045,1,0,0
11004,527,2,0,0
11004,2734,3,0,0
11004,13446,4,0,0
11004,2710,5,0,0
11004,2727,6,0,0
11004,2731,7,0,0
11004,2722,8,0,0
11004,2725,9,0,0
11004,2729,10,0,0
11004,3786,11,0,0
11004,3758,12,0,0
11004,3805,13,0,0
11004,3949,14,0,0
11004,3948,15,0,0
11004,3704,16,0,0
11004,3718,17,0,0
11004,3724,18,0,0
11004,3728,19,0,0
11004,3720,20,0,0
11004,3713,21,0,0
11004,3717,22,0,0
11004,3706,23,0,0
11004,3715,24,0,0
11004,3712,25,0,0
11004,3708,26,0,0
11004,3727,27,0,0
11004,3382,28,0,0
11004,3388,29,0,0
11004,3385,30,0,0
11004,9247,31,0,0
11004,9248,32,0,0
11004,9249,33,0,0
11004,9250,34,0,0
11004,9251,35,0,0
11004,5188,36,0,0
11004,5165,37,0,0
11004,13482,38,0,0
11004,4435,39,1,1
11004,3820,40,0,0
11004,3770,41,0,0
11004,3812,42,0,0
11004,5151,43,0,0
11004,5153,44,0,0
11004,5181,45,1,1
11103,14722,1,0,0
11103,2138,2,0,0
11103,5022,3,0,0
11103,2196,4,0,0
11103,2184,5,0,0
11103,2178,6,0,0
11103,2149,7,0,0
11103,2227,8,0,0
11103,2211,9,0,0
11103,2201,10,0,0
11103,15951,11,0,0
11103,2220,12,0,0
11103,2214,13,0,0
11103,16455,14,0,0
11103,2204,15,0,0
11103,2212,16,0,0
11103,2205,17,0,0
11103,2216,18,0,0
11103,2198,19,0,0
11103,2223,20,0,0
11103,2219,21,0,0
11103,2224,22,0,0
11103,10574,23,0,0
11103,2209,24,0,0
11103,5610,25,0,0
11103,2865,26,0,0
11103,2866,27,0,0
11103,2835,28,0,0
11103,2834,29,0,0
11103,2837,30,0,0
11103,2838,31,0,0
11103,3174,32,1,1
11104,3174,1,0,0
11104,3095,2,0,0
11104,5609,3,0,0
11104,2208,4,0,0
11104,10575,5,0,0
11104,2225,6,0,0
11104,2218,7,0,0
11104,2222,8,0,0
11104,2207,9,0,0
11104,2217,10,0,0
11104,2206,11,0,0
11104,2213,12,0,0
11104,2203,13,0,0
11104,16480,14,0,0
11104,2200,15,0,0
11104,2221,16,0,0
11104,15950,17,0,0
11104,2202,18,0,0
11104,2210,19,0,0
11104,2226,20,0,0
11104,2148,21,0,0
11104,2177,22,0,0
11104,5028,23,0,0
11104,2195,24,0,0
11104,16875,25,0,0
11104,2137,26,0,0
11104,2139,27,0,0
11104,14722,28,1,1
11203,4699,1,0,0
11203,14721,2,0,0
11203,2138,3,0,0
11203,5022,4,0,0
11203,2196,5,0,0
11203,2184,6,0,0
11203,2178,7,0,0
11203,2149,8,0,0
11203,5014,9,0,0
11203,9721,10,0,0
11203,1642,11,0,0
11203,1644,12,0,0
11203,8659,13,0,0
11203,8662,14,0,0
11203,8664,15,0,0
11203,8667,16,0,0
11203,8669,17,0,0
11203,8666,18,0,0
11203,8674,19,0,0
11203,9992,20,0,0
11203,8672,21,0,0
11203,8681,22,0,0
11203,8670,23,0,0
11203,8685,24,0,0
11203,8679,25,0,0
11203,8676,26,0,0
11203,8683,27,0,0
11203,8648,28,0,0
11203,8652,29,0,0
11203,8647,30,0,0
11203,8650,31,0,0
11203,8649,32,0,0
11203,7739,33,0,0
11203,8063,34,0,0
11203,8643,35,0,0
11203,8642,36,0,0
11203,7772,37,0,0
11203,8069,38,0,0
11203,15599,39,1,1
11203,15594,40,0,0
11203,8066,41,0,0
11203,9294,42,0,0
11203,9295,43,0,0
11203,9296,44,0,0
11203,9297,45,0,0
11203,9298,46,0,0
11203,9299,47,0,0
11203,10752,48,0,0
11203,9300,49,0,0
11203,9301,50,0,0
11203,9302,51,0,0
11203,9303,52,0,0
11203,11196,53,0,0
11203,16650,54,0,0
11203,3323,55,0,0
11203,11696,56,0,0
11203,11697,57,0,0
11203,11698,58,0,0
11203,11699,59,0,0
11203,11700,60,0,0
11203,3482,61,0,0
11203,7575,62,0,0
11203,16665,63,0,0
11203,7580,64,0,0
11203,7578,65,0,0
11203,7585,66,0,0
11203,7583,67,0,0
11203,7582,68,1,1
11204,9294,1,0,0
11204,9295,2,0,0
11204,9296,3,0,0
11204,9297,4,0,0
11204,9298,5,0,0
11204,9299,6,0,0
11204,10752,7,0,0
11204,9300,8,0,0
11204,9301,9,0,0
11204,9302,10,0,0
11204,9303,11,0,0
11204,11196,12,0,0
11204,16650,13,0,0
11204,3323,14,0,0
11204,11696,15,0,0
11204,11697,16,0,0
11204,11698,17,0,0
11204,11699,18,0,0
11204,11700,19,0,0
11204,3482,20,0,0
11204,7575,21,0,0
11204,16665,22,0,0
11204,7580,23,0,0
11204,7578,24,0,0
11204,7585,25,0,0
11204,7583,26,0,0
11204,7582,27,0,0
11204,8065,28,0,0
11204,15599,29,0,0
11204,11393,30,0,0
11204,8067,31,0,0
11204,7773,32,0,0
11204,7774,33,0,0
11204,8651,34,0,0
11204,8064,35,0,0
11204,8062,36,0,0
11204,7738,37,0,0
11204,7741,38,0,0
11204,8641,39,0,0
11204,8646,40,0,0
11204,8644,41,0,0
11204,8645,42,0,0
11204,8682,43,0,0
11204,8677,44,0,0
11204,15044,45,0,0
11204,8686,46,0,0
11204,8671,47,0,0
11204,8680,48,0,0
11204,8673,49,0,0
11204,8675,50,0,0
11204,8665,51,0,0
11204,8668,52,0,0
11204,8663,53,0,0
11204,8661,54,0,0
11204,8660,55,0,0
11204,1643,56,0,0
11204,7670,57,0,0
11204,11628,58,0,0
11204,7739,59,0,0
11204,9722,60,0,0
11204,2148,61,0,0
11204,2177,62,0,0
11204,5028,63,0,0
11204,2195,64,0,0
11204,16875,65,0,0
11204,2137,66,0,0
11204,2139,67,0,0
11204,14721,68,1,1
11204,16241,69,1,1
11301,14737,1,0,0
11301,15924,2,0,0
11301,15925,3,0,0
11301,910,4,0,0
11301,911,5,0,0
11301,16740,6,0,0
11301,872,7,0,0
11301,897,8,0,0
11301,1863,9,0,0
11301,9442,10,0,0
11301,1857,11,0,0
11301,1852,12,0,0
11301,1849,13,0,0
11301,1841,14,0,0
11301,1843,15,0,0
11301,1845,16,0,0
11301,14953,17,0,0
11301,16446,18,0,0
11301,2750,19,0,0
11301,2762,20,0,0
11301,2746,21,0,0
11301,2764,22,0,0
11301,2748,23,0,0
11301,2760,24,0,0
11301,2756,25,0,0
11301,2752,26,0,0
11301,16453,27,1,0
11301,16391,28,1,1
11302,16391,1,0,0
11302,2753,2,0,0
11302,2757,3,0,0
11302,2759,4,0,0
11302,2755,5,0,0
11302,2754,6,0,0
11302,2765,7,0,0
11302,2747,8,0,0
11302,2763,9,0,0
11302,2751,10,0,0
11302,1848,11,0,0
11302,1854,12,0,0
11302,15062,13,0,0
11302,1844,14,0,0
11302,16794,15,0,0
11302,16795,16,0,0
11302,1853,17,0,0
11302,1856,18,0,0
11302,9441,19,0,0
11302,1855,20,0,0
11302,1833,21,0,0
11302,16741,22,0,0
11302,1836,23,0,0
11302,1839,24,0,0
11302,1837,25,0,0
11302,15926,26,0,0
11302,13464,27,0,0
11302,14737,28,1,1
11401,16754,1,0,0
11401,246,2,0,0
11401,254,3,0,0
11401,1465,4,0,0
11401,15087,5,0,0
11401,15320,6,0,0
11401,15514,7,0,0
11401,15513,8,0,0
11401,16433,9,0,0
11401,16436,10,0,0
11401,16449,11,0,0
11401,4897,12,0,0
11401,16441,13,0,0
11401,4898,14,0,0
11401,16486,15,0,0
11401,4895,16,0,0
11401,11915,17,0,0
11401,851,18,1,1
11402,851,1,0,0
11402,13536,2,0,0
11402,11918,3,0,0
11402,6317,4,0,0
11402,6314,5,0,0
11402,6319,6,0,0
11402,16443,7,0,0
11402,6313,8,0,0
11402,16439,9,0,0
11402,16437,10,0,0
11402,16434,11,0,0
11402,16432,12,0,0
11402,15512,13,0,0
11402,15515,14,0,0
11402,15129,15,0,0
11402,1466,16,0,0
11402,1467,17,0,0
11402,262,18,0,0
11402,15151,19,0,0
11402,247,20,1,0
11402,16754,21,1,1
11501,14810,1,0,0
11501,11333,2,0,0
11501,3264,3,0,0
11501,3260,4,0,0
11501,3262,5,0,0
11501,3254,6,0,0
11501,3252,7,0,0
11501,3257,8,0,0
11501,3259,9,0,0
11501,9188,10,0,0
11501,7468,11,0,0
11501,7472,12,0,0
11501,7467,13,0,0
11501,7465,14,0,0
11501,5432,15,0,0
11501,6245,16,0,0
11501,6248,17,0,0
11501,6241,18,0,0
11501,6243,19,0,0
11501,6244,20,0,0
11501,6250,21,0,0
11501,7455,22,0,0
11501,10654,23,0,0
11501,7457,24,0,0
11501,7454,25,0,0
11501,7456,26,0,0
11501,6343,27,1,1
11502,6343,1,0,0
11502,6340,2,0,0
11502,6342,3,0,0
11502,6341,4,0,0
11502,6242,5,0,0
11502,6247,6,0,0
11502,6246,7,0,0
11502,5452,8,0,0
11502,5441,9,0,0
11502,9077,10,0,0
11502,7466,11,0,0
11502,7464,12,0,0
11502,7473,13,0,0
11502,7469,14,0,0
11502,9069,15,0,0
11502,3258,16,0,0
11502,16701,17,0,0
11502,3255,18,0,0
11502,7474,19,0,0
11502,9074,20,0,0
11502,3265,21,0,0
11502,11334,22,0,0
11502,14810,23,1,1
11601,14709,1,0,0
11601,1037,2,0,0
11601,1032,3,0,0
11601,2259,4,0,0
11601,2292,5,0,0
11601,1039,6,0,0
11601,2244,7,0,0
11601,2290,8,0,0
11601,2241,9,0,0
11601,15903,10,0,0
11601,2256,11,0,0
11601,2283,12,0,0
11601,15904,13,0,0
11601,2680,14,0,0
11601,2687,15,0,0
11601,2681,16,0,0
11601,2674,17,0,0
11601,2678,18,0,0
11601,15135,19,0,0
11601,2676,20,0,0
11601,2689,21,0,0
11601,2946,22,0,0
11601,2944,23,0,0
11601,2964,24,0,0
11601,2937,25,0,0
11601,2940,26,0,0
11601,2954,27,0,0
11601,2952,28,0,0
11601,16766,29,0,0
11601,15280,30,0,0
11601,2968,31,0,0
11601,2932,32,0,0
11601,2962,33,0,0
11601,2942,34,0,0
11601,2958,35,0,0
11601,2933,36,0,0
11601,14327,37,0,0
11601,2959,38,0,0
11601,2966,39,0,0
11601,2928,40,0,0
11601,2930,41,0,0
11601,2935,42,0,0
11601,2970,43,0,0
11601,2948,44,0,0
11601,2965,45,0,0
11601,9499,46,0,0
11601,14555,47,0,0
11601,14556,48,0,0
11601,14446,49,0,0
11601,14081,50,0,0
11601,14082,51,0,0
11601,14083,52,0,0
11601,14557,53,0,0
11601,14969,54,0,0
11601,14970,55,0,0
11601,14559,56,1,1
11602,14559,1,0,0
11602,9500,2,0,0
11602,9501,3,0,0
11602,9502,4,0,0
11602,2949,5,0,0
11602,2971,6,0,0
11602,2956,7,0,0
11602,2931,8,0,0
11602,2929,9,0,0
11602,2967,10,0,0
11602,2960,11,0,0
11602,14188,12,0,0
11602,15159,13,0,0
11602,2961,14,0,0
11602,2957,15,0,0
11602,11868,16,0,0
11602,2943,17,0,0
11602,2963,18,0,0
11602,2936,19,0,0
11602,2969,20,0,0
11602,2951,21,0,0
11602,2953,22,0,0
11602,14612,23,0,0
11602,14611,24,0,0
11602,2938,25,0,0
11602,2945,26,0,0
11602,2939,27,0,0
11602,2947,28,0,0
11602,2690,29,0,0
11602,2677,30,0,0
11602,2683,31,0,0
11602,2679,32,0,0
11602,2675,33,0,0
11602,2682,34,0,0
11602,2688,35,0,0
11602,11372,36,0,0
11602,6486,37,0,0
11602,15905,38,0,0
11602,2282,39,0,0
11602,2257,40,0,0
11602,2288,41,0,0
11602,2242,42,0,0
11602,15902,43,0,0
11602,15901,44,0,0
11602,1040,45,0,0
11602,2293,46,0,0
11602,2260,47,0,0
11602,1033,48,0,0
11602,15278,49,0,0
11602,1038,50,0,0
11602,14709,51,1,1
11703,14787,1,0,0
11703,14962,2,0,0
11703,4690,3,0,0
11703,4692,4,0,0
11703,4696,5,0,0
11703,9414,6,0,0
11703,9415,7,0,0
11703,3344,8,0,0
11703,11840,9,0,0
11703,4221,10,0,0
11703,4270,11,0,0
11703,15211,12,0,0
11703,4267,13,0,0
11703,4235,14,0,0
11703,4232,15,0,0
11703,4205,16,0,0
11703,7563,17,0,0
11703,7551,18,0,0
11703,7547,19,0,0
11703,440,20,0,0
11703,7550,21,0,0
11703,16869,22,0,0
11703,7556,23,0,0
11703,399,24,0,0
11703,7558,25,0,0
11703,7561,26,0,0
11703,1554,27,0,0
11703,6126,28,0,0
11703,16898,29,1,1
11704,16898,1,0,0
11704,4629,2,0,0
11704,1559,3,0,0
11704,7560,4,0,0
11704,7562,5,0,0
11704,14142,6,0,0
11704,7548,7,0,0
11704,7555,8,0,0
11704,16868,9,0,0
11704,7549,10,0,0
11704,1739,11,0,0
11704,15010,12,0,0
11704,16702,13,0,0
11704,7553,14,0,0
11704,4206,15,0,0
11704,4218,16,0,0
11704,7904,17,0,0
11704,4268,18,0,0
11704,15212,19,0,0
11704,4231,20,0,0
11704,4222,21,0,0
11704,4209,22,0,0
11704,4266,23,0,0
11704,13519,24,0,0
11704,4698,25,0,0
11704,4695,26,0,0
11704,4691,27,0,0
11704,4689,28,0,0
11704,11348,29,0,0
11704,14787,30,1,1
11801,11574,1,0,0
11801,11575,2,0,0
11801,15041,3,0,0
11801,6218,4,0,0
11801,11269,5,0,0
11801,11270,6,0,0
11801,11271,7,0,0
11801,11265,8,0,0
11801,11266,9,0,0
11801,11267,10,0,0
11801,6226,11,0,0
11801,6223,12,0,0
11801,6224,13,0,0
11801,6230,14,0,0
11801,6216,15,0,0
11801,7481,16,0,0
11801,8525,17,0,0
11801,8526,18,0,0
11801,8886,19,0,0
11801,8845,20,0,0
11801,15756,21,0,0
11801,8878,22,0,0
11801,8861,23,0,0
11801,8855,24,0,0
11801,8887,25,0,0
11801,8860,26,0,0
11801,8880,27,0,0
11801,8865,28,0,0
11801,15136,29,0,0
11801,8868,30,0,0
11801,8848,31,0,0
11801,8873,32,0,0
11801,8875,33,0,0
11801,8877,34,0,0
11801,1662,35,0,0
11801,1657,36,0,0
11801,14802,37,1,1
11802,14802,1,0,0
11802,13470,2,0,0
11802,1656,3,0,0
11802,8870,4,0,0
11802,8857,5,0,0
11802,8876,6,0,0
11802,8843,7,0,0
11802,8851,8,0,0
11802,8869,9,0,0
11802,8833,10,0,0
11802,8866,11,0,0
11802,8881,12,0,0
11802,8872,13,0,0
11802,8888,14,0,0
11802,8856,15,0,0
11802,8862,16,0,0
11802,16830,17,0,0
11802,15755,18,0,0
11802,8844,19,0,0
11802,8854,20,0,0
11802,8885,21,0,0
11802,8524,22,0,0
11802,6233,23,0,0
11802,6217,24,0,0
11802,14315,25,0,0
11802,6225,26,0,0
11802,6222,27,0,0
11802,11269,28,0,0
11802,11270,29,0,0
11802,11271,30,0,0
11802,11265,31,0,0
11802,11266,32,0,0
11802,11267,33,0,0
11802,6215,34,0,0
11802,6219,35,0,0
11802,6221,36,0,0
11802,11566,37,0,0
11802,11567,38,0,0
11802,11568,39,0,0
11802,11569,40,0,0
11802,11570,41,0,0
11802,14959,42,0,0
11802,11572,43,0,0
11802,11573,44,0,0
11802,11574,45,1,1
11901,4491,1,0,0
11901,2609,2,0,0
11901,9246,3,0,0
11901,7498,4,0,0
11901,13458,5,0,0
11901,7494,6,0,0
11901,7496,7,0,0
11901,12926,8,0,0
11901,7501,9,0,0
11901,7499,10,0,0
11901,11955,11,0,0
11901,5891,12,0,0
11901,14522,13,0,0
11901,14523,14,0,0
11901,14524,15,0,0
11901,14525,16,0,0
11901,16286,17,0,0
11901,12326,18,0,0
11901,12325,19,0,0
11901,12328,20,0,0
11901,12327,21,0,0
11901,7622,22,0,0
11901,15756,23,0,0
11901,8878,24,0,0
11901,8861,25,0,0
11901,8855,26,0,0
11901,8887,27,0,0
11901,8860,28,0,0
11901,8880,29,0,0
11901,8865,30,0,0
11901,15136,31,0,0
11901,8868,32,0,0
11901,8848,33,0,0
11901,8873,34,0,0
11901,8875,35,0,0
11901,8877,36,0,0
11901,1662,37,0,0
11901,1657,38,0,0
11901,14801,39,1,1
11902,14801,1,0,0
11902,13470,2,0,0
11902,1656,3,0,0
11902,8870,4,0,0
11902,8857,5,0,0
11902,8876,6,0,0
11902,8843,7,0,0
11902,8851,8,0,0
11902,8869,9,0,0
11902,8833,10,0,0
11902,8866,11,0,0
11902,8881,12,0,0
11902,8872,13,0,0
11902,8888,14,0,0
11902,8856,15,0,0
11902,8862,16,0,0
11902,16830,17,0,0
11902,15755,18,0,0
11902,14526,19,0,0
11902,14527,20,0,0
11902,14528,21,0,0
11902,14529,22,0,0
11902,14530,23,0,0
11902,5892,24,0,0
11902,11858,25,0,0
11902,7621,26,0,0
11902,7614,27,0,0
11902,15400,28,0,0
11902,15402,29,0,0
11902,7616,30,0,0
11902,16658,31,0,0
11902,7513,32,0,0
11902,7500,33,0,0
11902,10470,34,0,0
11902,7495,35,0,0
11902,7502,36,0,0
11902,13457,37,0,0
11902,2643,38,0,0
11902,9104,39,0,0
11902,15019,40,0,0
11902,15020,41,0,0
11902,12445,42,0,0
11902,15022,43,0,0
11902,15023,44,0,0
11902,4671,45,0,0
11902,4672,46,0,0
11902,16497,47,0,0
11902,4488,48,0,0
11902,4486,49,0,0
11902,4485,50,0,0
11902,4489,51,0,0
11902,4490,52,0,0
11902,4487,53,0,0
11902,4491,54,1,1
12001,11222,1,0,0
12001,11232,2,0,0
12001,11233,3,0,0
12001,11234,4,0,0
12001,11235,5,0,0
12001,11236,6,0,0
12001,11237,7,0,0
12001,14257,8,0,0
12001,3870,9,0,0
12001,3859,10,0,0
12001,9749,11,0,0
12001,9205,12,0,0
12001,9206,13,0,0
12001,9207,14,0,0
12001,9208,15,0,0
12001,3396,16,0,0
12001,3393,17,0,0
12001,3399,18,0,0
12001,3398,19,0,0
12001,3964,20,0,0
12001,9801,21,0,0
12001,9880,22,0,0
12001,8867,23,0,0
12001,8848,24,0,0
12001,8873,25,0,0
12001,8875,26,0,0
12001,8877,27,0,0
12001,1662,28,0,0
12001,1657,29,0,0
12001,15463,30,1,1
12002,15463,1,0,0
12002,13470,2,0,0
12002,1656,3,0,0
12002,8870,4,0,0
12002,8857,5,0,0
12002,8876,6,0,0
12002,8843,7,0,0
12002,8851,8,0,0
12002,14141,9,0,0
12002,16444,10,0,0
12002,4045,11,0,0
12002,9135,12,0,0
12002,9136,13,0,0
12002,3400,14,0,0
12002,3394,15,0,0
12002,3397,16,0,0
12002,3392,17,0,0
12002,3395,18,0,0
12002,9201,19,0,0
12002,9202,20,0,0
12002,9203,21,0,0
12002,3910,22,0,0
12002,3888,23,0,0
12002,3934,24,0,0
12002,3896,25,0,0
12002,6069,26,0,0
12002,6081,27,0,0
12002,6082,28,0,0
12002,6062,29,0,0
12002,11222,30,1,1
12101,16754,1,0,0
12101,15509,2,0,0
12101,6375,3,0,0
12101,6376,4,0,0
12101,16038,5,0,0
12101,16039,6,0,0
12101,11914,7,0,0
12101,15510,8,0,0
12101,16024,9,0,0
12101,16026,10,0,0
12101,16028,11,0,0
12101,16030,12,0,0
12101,1080,13,0,0
12101,16263,14,0,0
12101,16033,15,1,1
12102,16033,1,0,0
12102,16034,2,0,0
12102,16031,3,0,0
12102,16029,4,0,0
12102,16027,5,0,0
12102,16025,6,0,0
12102,15246,7,0,0
12102,6604,8,0,0
12102,6603,9,0,0
12102,11164,10,0,0
12102,11166,11,0,0
12102,11167,12,0,0
12102,11169,13,0,0
12102,15583,14,0,0
12102,12425,15,0,0
12102,13455,16,0,0
12102,16754,17,1,1
12102,246,18,1,1
12201,14811,1,0,0
12201,11333,2,0,0
12201,3264,3,0,0
12201,3260,4,0,0
12201,3262,5,0,0
12201,3254,6,0,0
12201,3252,7,0,0
12201,3257,8,0,0
12201,3259,9,0,0
12201,9188,10,0,0
12201,7468,11,0,0
12201,7472,12,0,0
12201,7467,13,0,0
12201,7465,14,0,0
12201,9076,15,0,0
12201,9084,16,0,0
12201,2830,17,0,0
12201,2826,18,0,0
12201,2829,19,0,0
12201,2827,20,0,0
12201,2828,21,0,0
12201,2109,22,0,0
12201,16796,23,0,0
12201,2110,24,0,0
12201,9747,25,0,0
12201,9653,26,0,0
12201,9654,27,0,0
12201,13950,28,0,0
12201,13951,29,0,0
12201,13953,30,0,0
12201,13955,31,0,0
12201,13957,32,0,0
12201,13958,33,0,0
12201,13959,34,0,0
12201,13960,35,0,0
12201,9073,36,1,1
12202,9073,1,0,0
12202,13959,2,0,0
12202,13960,3,0,0
12202,13961,4,0,0
12202,13962,5,0,0
12202,13963,6,0,0
12202,13956,7,0,0
12202,13954,8,0,0
12202,13952,9,0,0
12202,13949,10,0,0
12202,9656,11,0,0
12202,9657,12,0,0
12202,9658,13,0,0
12202,9659,14,0,0
12202,9776,15,0,0
12202,9661,16,0,0
12202,9662,17,0,0
12202,9663,18,0,0
12202,9664,19,0,0
12202,9665,20,0,0
12202,9666,21,0,0
12202,9777,22,0,0
12202,16654,23,0,0
12202,9077,24,0,0
12202,7466,25,0,0
12202,7464,26,0,0
12202,7473,27,0,0
12202,7469,28,0,0
12202,9069,29,0,0
12202,3258,30,0,0
12202,16701,31,0,0
12202,3255,32,0,0
12202,7474,33,0,0
12202,9074,34,0,0
12202,3265,35,0,0
12202,11334,36,0,0
12202,14811,37,1,1
12303,4435,1,0,0
12303,15428,2,0,0
12303,3386,3,0,0
12303,3384,4,0,0
12303,15805,5,0,0
12303,3383,6,0,0
12303,6271,7,0,0
12303,6272,8,0,0
12303,6267,9,0,0
12303,2435,10,0,0
12303,2429,11,0,0
12303,2441,12,0,0
12303,2454,13,0,0
12303,9109,14,0,0
12303,3169,15,0,0
12303,3117,16,1,0
12303,1632,17,0,0
12303,1638,18,0,0
12303,10621,19,0,0
12303,13670,20,0,0
12303,10623,21,0,0
12303,10624,22,0,0
12303,10625,23,0,0
12303,2440,24,0,0
12303,2434,25,0,0
12303,2453,26,0,0
12303,9626,27,0,0
12303,9627,28,0,0
12303,5045,29,0,0
12303,14320,30,0,0
12303,9241,31,0,0
12303,9510,32,0,0
12303,9242,33,0,0
12303,9243,34,0,0
12303,9244,35,0,0
12303,9245,36,0,0
12303,15728,37,0,0
12303,12881,38,0,0
12303,1643,39,0,0
12303,7670,40,0,0
12303,9722,41,0,0
12303,2148,42,0,0
12303,2177,43,0,0
12303,5028,44,0,0
12303,2195,45,0,0
12303,16875,46,0,0
12303,2137,47,0,0
12303,2139,48,0,0
12303,14720,49,1,1
12304,14720,1,0,0
12304,2138,2,0,0
12304,5022,3,0,0
12304,2196,4,0,0
12304,2184,5,0,0
12304,2178,6,0,0
12304,2149,7,0,0
12304,5014,8,0,0
12304,9721,9,0,0
12304,1642,10,0,0
12304,1644,11,0,0
12304,12880,12,0,0
12304,15729,13,0,0
12304,9234,14,0,0
12304,9235,15,0,0
12304,9236,16,0,0
12304,9237,17,0,0
12304,9511,18,0,0
12304,9238,19,0,0
12304,10627,20,0,0
12304,10628,21,0,0
12304,10629,22,0,0
12304,10630,23,0,0
12304,10631,24,0,0
12304,10632,25,0,0
12304,9407,26,0,0
12304,11119,27,0,0
12304,9239,28,0,0
12304,5044,29,0,0
12304,5055,30,0,0
12304,9628,31,0,0
12304,2452,32,0,0
12304,2435,33,0,0
12304,2429,34,0,0
12304,2441,35,0,0
12304,2454,36,0,0
12304,3169,37,0,0
12304,3117,38,1,0
12304,9109,39,1,1
12304,11587,40,0,0
12304,2440,41,0,0
12304,2434,42,0,0
12304,6268,43,0,0
12304,6273,44,0,0
12304,6269,45,0,0
12304,6270,46,0,0
12304,3382,47,0,0
12304,3388,48,0,0
12304,3385,49,0,0
12304,4435,50,1,1
12401,14726,1,0,0
12401,1235,2,0,0
12401,1233,3,0,0
12401,2819,4,0,0
12401,1222,5,0,0
12401,1227,6,0,0
12401,1231,7,0,0
12401,1230,8,0,0
12401,9157,9,0,0
12401,1220,10,0,0
12401,1725,11,0,0
12401,1718,12,0,0
12401,11996,13,0,0
12401,1729,14,0,0
12401,11248,15,1,1
12402,11248,1,0,0
12402,14510,2,0,0
12402,9122,3,0,0
12402,1726,4,0,0
12402,2817,5,0,0
12402,1229,6,0,0
12402,1232,7,0,0
12402,1228,8,0,0
12402,1226,9,0,0
12402,1221,10,0,0
12402,1234,11,0,0
12402,14726,12,1,1
12501,9281,1,0,0
12501,9282,2,0,0
12501,9283,3,0,0
12501,9284,4,0,0
12501,9285,5,0,0
12501,9286,6,0,0
12501,9287,7,0,0
12501,9288,8,0,0
12501,9289,9,0,0
12501,9290,10,0,0
12501,9291,11,0,0
12501,9292,12,0,0
12501,9293,13,0,0
12501,9013,14,0,0
12501,14689,15,1,1
12502,14689,1,0,0
12502,3212,2,0,0
12502,15447,3,0,0
12502,9269,4,0,0
12502,9270,5,0,0
12502,9271,6,0,0
12502,9272,7,0,0
12502,9273,8,0,0
12502,9274,9,0,0
12502,9275,10,0,0
12502,9276,11,0,0
12502,9277,12,0,0
12502,9278,13,0,0
12502,9279,14,0,0
12502,9280,15,0,0
12502,9281,16,1,1
12603,776,1,0,0
12603,13434,2,0,0
12603,773,3,0,0
12603,778,4,0,0
12603,770,5,0,0
12603,775,6,0,0
12603,9369,7,0,0
12603,9370,8,0,0
12603,9371,9,0,0
12603,9372,10,0,0
12603,8190,11,0,0
12603,14335,12,0,0
12603,14336,13,0,0
12603,14783,14,1,1
12604,14783,1,0,0
12604,14337,2,0,0
12604,14356,3,0,0
12604,8191,4,0,0
12604,9477,5,0,0
12604,9373,6,0,0
12604,9374,7,0,0
12604,9375,8,0,0
12604,774,9,0,0
12604,771,10,0,0
12604,779,11,0,0
12604,772,12,0,0
12604,769,13,0,0
12604,776,14,1,1
12701,11582,1,0,0
12701,4508,2,0,0
12701,3468,3,0,0
12701,3470,4,0,0
12701,3466,5,0,0
12701,3473,6,0,0
12701,932,7,0,0
12701,942,8,0,0
12701,952,9,0,0
12701,944,10,0,0
12701,937,11,0,0
12701,16489,12,0,0
12701,16752,13,0,0
12701,950,14,0,0
12701,955,15,0,0
12701,935,16,0,0
12701,9419,17,0,0
12701,9382,18,0,0
12701,11884,19,0,0
12701,6479,20,0,0
12701,7956,21,0,0
12701,8122,22,0,0
12701,8117,23,0,0
12701,8125,24,0,0
12701,8127,25,0,0
12701,14777,26,1,1
12702,14777,1,0,0
12702,7354,2,0,0
12702,7352,3,0,0
12702,7342,4,0,0
12702,7350,5,0,0
12702,7348,6,0,0
12702,9376,7,0,0
12702,16572,8,0,0
12702,9420,9,0,0
12702,16751,10,0,0
12702,16059,11,0,0
12702,951,12,0,0
12702,949,13,0,0
12702,16488,14,0,0
12702,938,15,0,0
12702,945,16,0,0
12702,941,17,0,0
12702,943,18,0,0
12702,933,19,0,0
12702,3472,20,0,0
12702,3467,21,0,0
12702,3471,22,0,0
12702,3469,23,0,0
12702,11583,24,0,0
12702,11582,25,1,1
12903,16393,1,0,0
12903,16373,2,0,0
12903,4079,3,0,0
12903,16374,4,0,0
12903,1613,5,0,0
12903,14764,6,0,0
12903,16529,7,0,0
12903,12078,8,0,0
12903,1308,9,0,0
12903,1300,10,0,0
12903,1317,11,0,0
12903,1310,12,0,0
12903,1289,13,0,0
12903,1307,14,0,0
12903,1301,15,0,0
12903,1315,16,0,0
12903,1296,17,0,0
12903,2872,18,0,0
12903,2873,19,0,0
12903,13097,20,0,0
12903,9359,21,0,0
12903,9799,22,0,0
12903,9805,23,0,0
12903,10653,24,0,0
12903,9806,25,0,0
12903,9818,26,0,0
12903,10576,27,0,0
12903,9807,28,0,0
12903,9808,29,1,1
12903,9993,30,0,0
12903,11800,31,0,0
12903,9994,32,0,0
12903,11801,33,0,0
12903,9995,34,0,0
12903,13480,35,0,0
12903,9996,36,0,0
12903,14238,37,0,0
12903,9997,38,0,0
12903,9998,39,0,0
12903,9999,40,0,0
12903,15448,41,0,0
12903,10435,42,0,0
12903,10001,43,0,0
12903,10002,44,0,0
12903,13520,45,0,0
12903,14158,46,0,0
12903,13521,47,0,0
12903,13877,48,0,0
12903,15591,49,0,0
12903,15596,50,0,0
12903,15187,51,0,0
12903,13717,52,0,0
12903,13626,53,0,0
12903,13523,54,0,0
12903,13524,55,0,0
12903,13627,56,0,0
12903,13526,57,0,0
12903,13527,58,1,1
12904,13527,1,0,0
12904,15188,2,0,0
12904,13528,3,0,0
12904,15592,4,0,0
12904,13878,5,0,0
12904,13529,6,0,0
12904,15593,7,0,0
12904,14159,8,0,0
12904,13530,9,0,0
12904,13531,10,0,0
12904,13532,11,0,0
12904,10007,12,0,0
12904,15597,13,0,0
12904,10008,14,0,0
12904,10009,15,0,0
12904,11907,16,0,0
12904,14310,17,0,0
12904,10011,18,0,0
12904,10012,19,0,0
12904,11803,20,0,0
12904,10013,21,0,0
12904,11804,22,0,0
12904,10014,23,0,0
12904,9808,24,0,0
12904,9811,25,0,0
12904,10577,26,0,0
12904,16722,27,0,0
12904,9810,28,0,0
12904,9836,29,0,0
12904,9364,30,0,0
12904,9800,31,0,0
12904,9365,32,0,0
12904,9366,33,0,0
12904,9367,34,0,0
12904,9368,35,0,0
12904,1316,36,0,0
12904,1302,37,0,0
12904,1299,38,0,0
12904,1290,39,0,0
12904,1311,40,0,0
12904,9858,41,0,0
12904,1318,42,0,0
12904,1312,43,0,0
12904,1309,44,0,0
12904,9623,45,0,0
12904,14766,46,0,0
12904,1612,47,0,0
12904,16375,48,0,0
12904,16376,49,0,0
12904,16453,50,1,0
12904,16393,51,1,1
13003,14769,1,0,0
13003,16529,2,0,0
13003,12078,3,0,0
13003,1308,4,0,0
13003,1300,5,0,0
13003,1317,6,0,0
13003,1310,7,0,0
13003,1289,8,0,0
13003,1307,9,0,0
13003,6599,10,0,0
13003,6583,11,0,0
13003,6601,12,0,0
13003,13896,13,0,0
13003,6585,14,0,0
13003,15539,15,0,0
13003,6597,16,0,0
13003,6589,17,0,0
13003,6587,18,0,0
13003,6562,19,0,0
13003,10833,20,0,0
13003,6559,21,0,0
13003,10237,22,0,0
13003,10236,23,0,0
13003,11601,24,0,0
13003,6595,25,0,0
13003,10238,26,0,0
13003,10239,27,0,0
13003,16422,28,0,0
13003,11605,29,0,0
13003,10921,30,0,0
13003,10920,31,1,1
13004,10920,1,0,0
13004,10923,2,0,0
13004,16423,3,0,0
13004,11604,4,0,0
13004,10240,5,0,0
13004,10241,6,0,0
13004,6561,7,0,0
13004,6560,8,0,0
13004,6563,9,0,0
13004,10242,10,0,0
13004,10243,11,0,0
13004,6596,12,0,0
13004,6588,13,0,0
13004,6590,14,0,0
13004,6598,15,0,0
13004,6581,16,0,0
13004,6586,17,0,0
13004,6593,18,0,0
13004,6600,19,0,0
13004,15538,20,0,0
13004,6602,21,0,0
13004,1290,22,0,0
13004,1311,23,0,0
13004,9858,24,0,0
13004,1318,25,0,0
13004,1312,26,0,0
13004,1309,27,0,0
13004,9623,28,0,0
13004,14769,29,1,1
13101,16391,1,0,0
13101,16373,2,0,0
13101,4079,3,0,0
13101,16374,4,0,0
13101,1613,5,0,0
13101,14762,6,0,0
13101,16529,7,0,0
13101,12078,8,0,0
13101,1308,9,0,0
13101,1300,10,0,0
13101,1317,11,0,0
13101,16750,12,0,0
13101,9565,13,0,0
13101,9648,14,0,0
13101,9566,15,0,0
13101,9567,16,0,0
13101,9568,17,0,0
13101,14085,18,0,0
13101,9570,19,0,0
13101,9571,20,0,0
13101,9572,21,0,0
13101,9574,22,0,0
13101,4665,23,0,0
13101,9975,24,0,0
13101,11949,25,0,0
13101,10870,26,0,0
13101,9842,27,0,0
13101,10871,28,0,0
13101,9579,29,0,0
13101,9580,30,0,0
13101,10947,31,0,0
13101,2970,32,0,0
13101,2948,33,0,0
13101,11241,34,0,0
13101,11242,35,0,0
13101,11243,36,0,0
13101,10950,37,0,0
13101,10951,38,0,0
13101,10952,39,0,0
13101,13325,40,0,0
13101,13326,41,1,1
13101,13321,42,0,0
13101,13322,43,0,0
13101,13323,44,0,0
13101,13324,45,1,1
13102,13324,1,0,0
13102,10954,2,0,0
13102,10955,3,0,0
13102,10956,4,0,0
13102,11244,5,0,0
13102,11245,6,0,0
13102,11246,7,0,0
13102,13326,8,0,0
13102,13327,9,0,0
13102,13328,10,0,0
13102,13329,11,0,0
13102,11249,12,0,0
13102,2971,13,0,0
13102,2956,14,0,0
13102,9587,15,0,0
13102,958,16,0,0
13102,10872,17,0,0
13102,10873,18,0,0
13102,10874,19,0,0
13102,10875,20,0,0
13102,10876,21,0,0
13102,9593,22,0,0
13102,9595,23,0,0
13102,9596,24,0,0
13102,9597,25,0,0
13102,9598,26,0,0
13102,9599,27,0,0
13102,9600,28,0,0
13102,9601,29,0,0
13102,9649,30,0,0
13102,9602,31,0,0
13102,16749,32,0,0
13102,1318,33,0,0
13102,1312,34,0,0
13102,1309,35,0,0
13102,9623,36,0,0
13102,14766,37,0,0
13102,1612,38,0,0
13102,16375,39,0,0
13102,16376,40,0,0
13102,16453,41,1,0
13102,16391,42,1,1
13201,14760,1,0,0
13201,16529,2,0,0
13201,12078,3,0,0
13201,1361,4,0,0
13201,1369,5,0,0
13201,1357,6,0,0
13201,1366,7,0,0
13201,1367,8,0,0
13201,1358,9,0,0
13201,16656,10,0,0
13201,1360,11,0,0
13201,1368,12,0,0
13201,15857,13,0,0
13201,1355,14,0,0
13201,9548,15,0,0
13201,9549,16,0,0
13201,14079,17,0,0
13201,11795,18,0,0
13201,9550,19,0,0
13201,12065,20,0,0
13201,9723,21,0,0
13201,9551,22,0,0
13201,9552,23,0,0
13201,9553,24,0,0
13201,9837,25,0,0
13201,9838,26,0,0
13201,9839,27,0,0
13201,9840,28,0,0
13201,9841,29,0,0
13201,9842,30,0,0
13201,9589,31,0,0
13201,9590,32,0,0
13201,9591,33,0,0
13201,11623,34,0,0
13201,11624,35,0,0
13201,11625,36,0,0
13201,11626,37,1,1
13202,11626,1,0,0
13202,11304,2,0,0
13202,10872,3,0,0
13202,9846,4,0,0
13202,9847,5,0,0
13202,9848,6,0,0
13202,9849,7,0,0
13202,9850,8,0,0
13202,9851,9,0,0
13202,9852,10,0,0
13202,9853,11,0,0
13202,9854,12,0,0
13202,12066,13,0,0
13202,9556,14,0,0
13202,11796,15,0,0
13202,13569,16,0,0
13202,9557,17,0,0
13202,9558,18,0,0
13202,9559,19,0,0
13202,1365,20,0,0
13202,1352,21,0,0
13202,10749,22,0,0
13202,9330,23,0,0
13202,1363,24,0,0
13202,1351,25,0,0
13202,1350,26,0,0
13202,1356,27,0,0
13202,1353,28,0,0
13202,9474,29,0,0
13202,9623,30,0,0
13202,14760,31,1,1
13303,16390,1,0,0
13303,16373,2,0,0
13303,4079,3,0,0
13303,16374,4,0,0
13303,1613,5,0,0
13303,16334,6,0,0
13303,16645,7,0,0
13303,9604,8,0,0
13303,7711,9,0,0
13303,7676,10,0,0
13303,1044,11,0,0
13303,1048,12,0,0
13303,1046,13,0,0
13303,1052,14,0,0
13303,1051,15,0,0
13303,7704,16,0,0
13303,11597,17,0,0
13303,1378,18,0,0
13303,1384,19,0,0
13303,1387,20,0,0
13303,1383,21,0,0
13303,1393,22,0,0
13303,1389,23,0,0
13303,1400,24,0,0
13303,1385,25,0,0
13303,9983,26,0,0
13303,1403,27,0,0
13303,1399,28,0,0
13303,11329,29,0,0
13303,9409,30,0,0
13303,16873,31,0,0
13303,13903,32,0,0
13303,13904,33,0,0
13303,14442,34,0,0
13303,14444,35,0,0
13303,14446,36,0,0
13303,14081,37,0,0
13303,14082,38,0,0
13303,14083,39,0,0
13303,14557,40,0,0
13303,13906,41,0,0
13303,14104,42,0,0
13303,13907,43,0,0
13303,14105,44,0,0
13303,14266,45,0,0
13303,14107,46,0,0
13303,14982,47,0,0
13303,14264,48,0,0
13303,14086,49,0,0
13303,14445,50,1,1
13304,14445,1,0,0
13304,14443,2,0,0
13304,1380,3,0,0
13304,1375,4,0,0
13304,9410,5,0,0
13304,11714,6,0,0
13304,1404,7,0,0
13304,1402,8,0,0
13304,1373,9,0,0
13304,1371,10,0,0
13304,1401,11,0,0
13304,1388,12,0,0
13304,1392,13,0,0
13304,9426,14,0,0
13304,1386,15,0,0
13304,1394,16,0,0
13304,1379,17,0,0
13304,11597,18,0,0
13304,7700,19,0,0
13304,7691,20,0,0
13304,1045,21,0,0
13304,1049,22,0,0
13304,1043,23,0,0
13304,7677,24,0,0
13304,7712,25,0,0
13304,7695,26,0,0
13304,14766,27,0,0
13304,1612,28,0,0
13304,16375,29,0,0
13304,16376,30,0,0
13304,16453,31,1,0
13304,16390,32,1,1
13403,14761,1,0,0
13403,16529,2,0,0
13403,11362,3,0,0
13403,12100,4,0,0
13403,13460,5,0,0
13403,4537,6,0,0
13403,4556,7,0,0
13403,4547,8,0,0
13403,11364,9,0,0
13403,6007,10,0,0
13403,15884,11,0,0
13403,12051,12,0,0
13403,12052,13,0,0
13403,12053,14,0,0
13403,12054,15,0,0
13403,7252,16,0,0
13403,4703,17,0,0
13403,4701,18,0,0
13403,4705,19,0,0
13403,4702,20,0,0
13403,4704,21,0,0
13403,4660,22,0,0
13403,4657,23,0,0
13403,11545,24,0,0
13403,11546,25,0,0
13403,11547,26,0,0
13403,75,27,0,0
13403,16368,28,0,0
13403,4664,29,0,0
13403,4662,30,0,0
13403,4659,31,0,0
13403,11548,32,0,0
13403,11549,33,0,0
13403,11550,34,0,0
13403,11551,35,0,0
13403,11552,36,0,0
13403,16022,37,0,0
13403,11554,38,0,0
13403,2562,39,0,0
13403,2526,40,0,0
13403,12603,41,0,0
13403,13629,42,0,0
13403,10845,43,0,0
13403,10846,44,0,0
13403,10847,45,0,0
13403,10849,46,0,0
13403,10850,47,0,0
13403,10851,48,0,0
13403,10844,49,0,0
13403,10841,50,0,0
13403,2561,51,0,0
13403,16369,52,0,0
13403,2484,53,0,0
13403,9327,54,1,1
13403,6146,55,0,0
13403,5849,56,0,0
13403,10290,57,0,0
13403,10291,58,0,0
13403,10292,59,0,0
13403,10293,60,1,1
13404,10293,1,0,0
13404,10724,2,0,0
13404,9327,3,0,0
13404,9328,4,0,0
13404,3459,5,0,0
13404,3461,6,0,0
13404,3458,7,0,0
13404,3460,8,0,0
13404,11548,9,0,0
13404,11549,10,0,0
13404,11550,11,0,0
13404,11551,12,0,0
13404,11552,13,0,0
13404,16022,14,0,0
13404,11554,15,0,0
13404,11555,16,0,0
13404,11556,17,0,0
13404,11557,18,0,0
13404,4661,19,0,0
13404,4665,20,0,0
13404,13376,21,0,0
13404,4707,22,0,0
13404,4706,23,0,0
13404,4709,24,0,0
13404,9965,25,0,0
13404,12055,26,0,0
13404,12056,27,0,0
13404,12057,28,0,0
13404,12058,29,0,0
13404,15885,30,0,0
13404,6008,31,0,0
13404,6005,32,0,0
13404,6006,33,0,0
13404,4538,34,0,0
13404,11365,35,0,0
13404,12099,36,0,0
13404,11366,37,0,0
13404,11367,38,0,0
13404,9608,39,0,0
13404,9609,40,0,0
13404,14761,41,1,1
13501,14739,1,0,0
13501,5532,2,0,0
13501,13923,3,0,0
13501,9682,4,0,0
13501,9683,5,0,0
13501,9685,6,0,0
13501,9686,7,0,0
13501,13474,8,0,0
13501,9688,9,0,0
13501,9689,10,0,0
13501,9690,11,0,0
13501,9691,12,0,0
13501,8572,13,0,0
13501,8553,14,0,0
13501,8555,15,0,0
13501,1623,16,0,0
13501,1625,17,0,0
13501,1622,18,0,0
13501,15013,19,0,0
13501,1626,20,0,0
13501,1621,21,0,0
13501,16641,22,1,1
13502,16641,1,0,0
13502,10604,2,0,0
13502,3162,3,0,0
13502,3160,4,0,0
13502,3164,5,0,0
13502,3163,6,0,0
13502,9905,7,0,0
13502,8554,8,0,0
13502,9692,9,0,0
13502,9693,10,0,0
13502,9694,11,0,0
13502,9695,12,0,0
13502,9696,13,0,0
13502,9697,14,0,0
13502,9698,15,0,0
13502,9699,16,0,0
13502,9701,17,0,0
13502,9702,18,0,0
13502,9703,19,0,0
13502,11826,20,0,0
13502,14739,21,1,1
14503,14717,1,0,0
14503,16241,2,0,0
14503,4291,3,0,0
14503,4382,4,0,0
14503,4338,5,0,0
14503,4314,6,0,0
14503,4294,7,0,0
14503,4391,8,0,0
14503,4298,9,0,0
14503,4364,10,0,0
14503,4283,11,0,0
14503,4345,12,0,0
14503,4357,13,0,0
14503,4358,14,0,0
14503,4335,15,0,0
14503,4304,16,0,0
14503,4389,17,0,0
14503,4328,18,0,0
14503,4316,19,0,0
14503,4387,20,0,0
14503,4324,21,0,0
14503,4349,22,0,0
14503,15236,23,0,0
14503,4303,24,0,0
14503,4333,25,0,0
14503,4376,26,0,0
14503,4318,27,0,0
14503,3335,28,0,0
14503,3342,29,0,0
14503,3322,30,0,0
14503,3340,31,0,0
14503,3338,32,0,0
14503,3328,33,0,0
14503,3334,34,0,0
14503,3329,35,0,0
14503,3331,36,0,0
14503,3325,37,0,0
14503,7527,38,0,0
14503,3300,39,0,0
14503,3297,40,0,0
14503,3482,41,0,0
14503,3480,42,0,0
14503,3477,43,0,0
14503,16902,44,0,0
14503,16903,45,0,0
14503,16904,46,0,0
14503,16892,47,1,1
14504,16892,1,0,0
14504,16899,2,0,0
14504,16900,3,0,0
14504,16901,4,0,0
14504,3479,5,0,0
14504,3481,6,0,0
14504,3478,7,0,0
14504,3323,8,0,0
14504,3326,9,0,0
14504,3332,10,0,0
14504,3330,11,0,0
14504,3333,12,0,0
14504,3327,13,0,0
14504,3337,14,0,0
14504,3339,15,0,0
14504,3341,16,0,0
14504,3343,17,0,0
14504,3336,18,0,0
14504,4372,19,0,0
14504,4375,20,0,0
14504,4334,21,0,0
14504,4302,22,0,0
14504,4320,23,0,0
14504,4336,24,0,0
14504,4325,25,0,0
14504,4388,26,0,0
14504,4317,27,0,0
14504,4300,28,0,0
14504,4390,29,0,0
14504,4305,30,0,0
14504,4337,31,0,0
14504,4359,32,0,0
14504,4356,33,0,0
14504,4346,34,0,0
14504,4284,35,0,0
14504,4365,36,0,0
14504,4299,37,0,0
14504,5134,38,0,0
14504,4295,39,0,0
14504,4315,40,0,0
14504,13447,41,0,0
14504,4383,42,0,0
14504,16020,43,0,0
14504,12130,44,0,0
14504,14717,45,1,1
14901,14719,1,0,0
14901,589,2,0,0
14901,518,3,0,0
14901,527,4,0,0
14901,509,5,0,0
14901,15893,6,0,0
14901,579,7,0,0
14901,570,8,0,0
14901,533,9,0,0
14901,524,10,0,0
14901,16385,11,0,0
14901,555,12,0,0
14901,14700,13,1,1
14902,14700,1,0,0
14902,577,2,0,0
14902,16386,3,0,0
14902,523,4,0,0
14902,16408,5,0,0
14902,16407,6,0,0
14902,16406,7,0,0
14902,15892,8,0,0
14902,487,9,0,0
14902,11999,10,0,0
14902,590,11,0,0
14902,12130,12,0,0
14902,14719,13,1,1
15103,14621,1,0,0
15103,14439,2,0,0
15103,5476,3,0,0
15103,9167,4,0,0
15103,5457,5,0,0
15103,5461,6,0,0
15103,5433,7,0,0
15103,5490,8,0,0
15103,5488,9,0,0
15103,9168,10,0,0
15103,5442,11,0,0
15103,5471,12,0,0
15103,5463,13,0,0
15103,5431,14,0,0
15103,5438,15,0,0
15103,5460,16,0,0
15103,5445,17,0,0
15103,5480,18,0,0
15103,6142,19,0,0
15103,12816,20,0,0
15103,6148,21,0,0
15103,3129,22,0,0
15103,9116,23,1,1
15104,9116,1,0,0
15104,15742,2,0,0
15104,5479,3,0,0
15104,5444,4,0,0
15104,9160,5,0,0
15104,5437,6,0,0
15104,5430,7,0,0
15104,9162,8,0,0
15104,5448,9,0,0
15104,5443,10,0,0
15104,5487,11,0,0
15104,5489,12,0,0
15104,5491,13,0,0
15104,5434,14,0,0
15104,5462,15,0,0
15104,5458,16,0,0
15104,9166,17,0,0
15104,13691,18,0,0
15104,14621,19,1,1
15401,14710,1,0,0
15401,2280,2,0,0
15401,5279,3,0,0
15401,5311,4,0,0
15401,5294,5,0,0
15401,9930,6,0,0
15401,5286,7,0,0
15401,5239,8,0,0
15401,5229,9,0,0
15401,16865,10,0,0
15401,5242,11,0,0
15401,5235,12,0,0
15401,5233,13,0,0
15401,5273,14,0,0
15401,5307,15,0,0
15401,9503,16,0,0
15401,5274,17,0,0
15401,5264,18,0,0
15401,11093,19,0,0
15401,11094,20,0,0
15401,11095,21,0,0
15401,11096,22,0,0
15401,11097,23,0,0
15401,11098,24,0,0
15401,11099,25,0,0
15401,16547,26,0,0
15401,16549,27,0,0
15401,16551,28,0,0
15401,16553,29,0,0
15401,7704,30,0,0
15401,7702,31,0,0
15401,7698,32,0,0
15401,10904,33,0,0
15401,16519,34,0,0
15401,11380,35,0,0
15401,11381,36,0,0
15401,11382,37,0,0
15401,11383,38,0,0
15401,11384,39,1,1
15402,11384,1,0,0
15402,10527,2,0,0
15402,10528,3,0,0
15402,9471,4,0,0
15402,9472,5,0,0
15402,9473,6,0,0
15402,7703,7,0,0
15402,7701,8,0,0
15402,7705,9,0,0
15402,16554,10,0,0
15402,16552,11,0,0
15402,16550,12,0,0
15402,16548,13,0,0
15402,4841,14,0,0
15402,4840,15,0,0
15402,4838,16,0,0
15402,4839,17,0,0
15402,4842,18,0,0
15402,6039,19,0,0
15402,6040,20,0,0
15402,6042,21,0,0
15402,5265,22,0,0
15402,5272,23,0,0
15402,9504,24,0,0
15402,5308,25,0,0
15402,5271,26,0,0
15402,5232,27,0,0
15402,5234,28,0,0
15402,5241,29,0,0
15402,5289,30,0,0
15402,5230,31,0,0
15402,5238,32,0,0
15402,16737,33,0,0
15402,5240,34,0,0
15402,16376,35,0,0
15402,14710,36,1,1
15402,16453,37,1,1
15603,8352,1,0,0
15603,4518,2,0,0
15603,2977,3,0,0
15603,8012,4,0,0
15603,12127,5,0,0
15603,7982,6,0,0
15603,7980,7,0,0
15603,7979,8,0,0
15603,16704,9,0,0
15603,7964,10,0,0
15603,16141,11,0,0
15603,2284,12,0,0
15603,2252,13,0,0
15603,4811,14,0,0
15603,11701,15,0,0
15603,11702,16,1,1
15604,11702,1,0,0
15604,16569,2,0,0
15604,12838,3,0,0
15604,16685,4,1,0
15604,7960,5,0,0
15604,7963,6,0,0
15604,7962,7,0,0
15604,16895,8,0,0
15604,11621,9,0,0
15604,7981,10,0,0
15604,5752,11,0,0
15604,2979,12,0,0
15604,2980,13,0,0
15604,4520,14,0,0
15604,8349,15,0,0
15604,8350,16,0,0
15604,8358,17,0,0
15604,8344,18,0,0
15604,9498,19,0,0
15604,8352,20,1,1
15801,5873,1,0,0
15801,16052,2,0,0
15801,8712,3,0,0
15801,6173,4,0,0
15801,6175,5,0,0
15801,16055,6,0,0
15801,16134,7,0,0
15801,5397,8,0,0
15801,5395,9,0,0
15801,2824,10,0,0
15801,2740,11,0,0
15801,2737,12,0,0
15801,3144,13,0,0
15801,15677,14,0,0
15801,3133,15,0,0
15801,3139,16,0,0
15801,3141,17,0,0
15801,15957,18,0,0
15801,3137,19,0,0
15801,16583,20,1,1
15802,16583,1,0,0
15802,16199,2,0,0
15802,3147,3,0,0
15802,3142,4,0,0
15802,3132,5,0,0
15802,3134,6,0,0
15802,15678,7,0,0
15802,3145,8,0,0
15802,2736,9,0,0
15802,15045,10,0,0
15802,16133,11,0,0
15802,5396,12,0,0
15802,5398,13,0,0
15802,5415,14,0,0
15802,16056,15,0,0
15802,6176,16,0,0
15802,8704,17,0,0
15802,8711,18,0,0
15802,16053,19,0,0
15802,7443,20,0,0
15802,14262,21,0,0
15802,9931,22,0,0
15802,5873,23,1,1
16003,15466,1,0,0
16003,1658,2,0,0
16003,1660,3,0,0
16003,15234,4,0,0
16003,220,5,0,0
16003,15196,6,0,0
16003,188,7,0,0
16003,227,8,0,0
16003,16095,9,0,0
16003,89,10,0,0
16003,174,11,0,0
16003,199,12,0,0
16003,108,13,0,0
16003,226,14,0,0
16003,133,15,0,0
16003,155,16,0,0
16003,205,17,0,0
16003,230,18,0,0
16003,136,19,0,0
16003,85,20,0,0
16003,15813,21,0,0
16003,125,22,0,0
16003,184,23,0,0
16003,122,24,0,0
16003,183,25,0,0
16003,147,26,0,0
16003,9719,27,0,0
16003,206,28,0,0
16003,11872,29,0,0
16003,9525,30,0,0
16003,106,31,0,0
16003,9421,32,0,0
16003,11927,33,0,0
16003,11928,34,0,0
16003,11929,35,0,0
16003,11930,36,0,0
16003,11931,37,0,0
16003,11932,38,0,0
16003,13894,39,0,0
16003,11933,40,0,0
16003,10707,41,0,0
16003,10709,42,0,0
16003,10710,43,0,0
16003,11873,44,0,0
16003,10711,45,0,0
16003,12161,46,0,0
16003,9425,47,0,0
16003,8,48,0,0
16003,10,49,0,0
16003,118,50,0,0
16003,277,51,0,0
16003,259,52,1,1
16004,259,1,0,0
16004,176,2,0,0
16004,9526,3,0,0
16004,11874,4,0,0
16004,208,5,0,0
16004,207,6,0,0
16004,138,7,0,0
16004,86,8,0,0
16004,194,9,0,0
16004,105,10,0,0
16004,123,11,0,0
16004,15812,12,0,0
16004,182,13,0,0
16004,137,14,0,0
16004,229,15,0,0
16004,173,16,0,0
16004,156,17,0,0
16004,104,18,0,0
16004,225,19,0,0
16004,109,20,0,0
16004,200,21,0,0
16004,190,22,0,0
16004,90,23,0,0
16004,116,24,0,0
16004,228,25,0,0
16004,163,26,0,0
16004,170,27,0,0
16004,157,28,0,0
16004,1654,29,0,0
16004,15235,30,0,0
16004,1661,31,0,0
16004,1659,32,0,0
16004,15466,33,1,1
16101,16593,1,0,0
16101,2331,2,0,0
16101,16120,3,0,0
16101,9977,4,0,0
16101,13423,5,0,0
16101,11589,6,0,0
16101,6030,7,0,0
16101,4566,8,0,0
16101,6028,9,0,0
16101,6038,10,0,0
16101,6023,11,0,0
16101,6015,12,0,0
16101,6018,13,0,0
16101,6032,14,0,0
16101,6014,15,0,0
16101,6020,16,0,0
16101,6033,17,0,0
16101,6025,18,0,0
16101,6035,19,0,0
16101,5900,20,0,0
16101,15985,21,0,0
16101,5916,22,0,0
16101,5913,23,0,0
16101,5908,24,0,0
16101,5898,25,0,0
16101,10890,26,0,0
16101,10765,27,0,0
16101,10766,28,0,0
16101,10767,29,0,0
16101,10768,30,0,0
16101,10769,31,0,0
16101,14744,32,1,1
16101,9857,33,1,1
16102,9857,1,0,0
16102,14744,2,0,0
16102,12343,3,0,0
16102,10302,4,0,0
16102,10303,5,0,0
16102,10304,6,0,0
16102,10762,7,0,0
16102,10763,8,0,0
16102,10764,9,0,0
16102,5895,10,0,0
16102,5915,11,0,0
16102,5914,12,0,0
16102,15986,13,0,0
16102,5899,14,0,0
16102,6036,15,0,0
16102,6026,16,0,0
16102,6034,17,0,0
16102,6021,18,0,0
16102,6019,19,0,0
16102,11622,20,0,0
16102,6027,21,0,0
16102,6017,22,0,0
16102,6016,23,0,0
16102,6024,24,0,0
16102,6037,25,0,0
16102,6029,26,0,0
16102,4567,27,0,0
16102,6031,28,0,0
16102,11588,29,0,0
16102,4713,30,0,0
16102,16593,31,1,1
16201,14727,1,0,0
16201,1235,2,0,0
16201,1233,3,0,0
16201,2819,4,0,0
16201,1222,5,0,0
16201,1227,6,0,0
16201,1231,7,0,0
16201,1230,8,0,0
16201,9157,9,0,0
16201,1220,10,0,0
16201,298,11,0,0
16201,3022,12,0,0
16201,9185,13,0,0
16201,3013,14,0,0
16201,3015,15,0,0
16201,3019,16,0,0
16201,2652,17,0,0
16201,2649,18,0,0
16201,2654,19,0,0
16201,1751,20,0,0
16201,1749,21,0,0
16201,1747,22,0,0
16201,1746,23,0,0
16201,2812,24,0,0
16201,2816,25,0,0
16201,5323,26,0,0
16201,16353,27,0,0
16201,5261,28,0,0
16201,14433,29,0,0
16201,16147,30,0,0
16201,16148,31,0,0
16201,16183,32,0,0
16201,16184,33,0,0
16201,16185,34,0,0
16201,16186,35,0,0
16201,4720,36,0,0
16201,4725,37,0,0
16201,16733,38,1,1
16202,2263,1,0,0
16202,16733,2,0,0
16202,16748,3,0,0
16202,9740,4,0,0
16202,9742,5,0,0
16202,9743,6,0,0
16202,9744,7,0,0
16202,16149,8,0,0
16202,1991,9,0,0
16202,1990,10,0,0
16202,2820,11,0,0
16202,2822,12,0,0
16202,2815,13,0,0
16202,2813,14,0,0
16202,16451,15,0,0
16202,16447,16,0,0
16202,1750,17,0,0
16202,1752,18,0,0
16202,2653,19,0,0
16202,9133,20,0,0
16202,2651,21,0,0
16202,3020,22,0,0
16202,3014,23,0,0
16202,3016,24,0,0
16202,3018,25,0,0
16202,3023,26,0,0
16202,299,27,0,0
16202,1219,28,0,0
16202,2817,29,0,0
16202,1229,30,0,0
16202,1232,31,0,0
16202,1228,32,0,0
16202,1226,33,0,0
16202,1221,34,0,0
16202,1234,35,0,0
16202,14727,36,1,1
16401,16591,1,0,0
16401,16747,2,0,0
16401,2331,3,0,0
16401,16631,4,0,0
16401,16579,5,0,0
16401,3955,6,0,0
16401,3966,7,0,0
16401,16114,8,0,0
16401,14868,9,0,0
16401,16112,10,0,0
16401,16110,11,0,0
16401,16108,12,0,0
16401,16632,13,0,0
16401,16104,14,0,0
16401,16102,15,0,0
16401,6551,16,0,0
16401,6558,17,0,0
16401,6547,18,0,0
16401,14682,19,1,1
16402,14682,1,0,0
16402,9895,2,0,0
16402,13440,3,0,0
16402,6557,4,0,0
16402,16099,5,0,0
16402,16101,6,0,0
16402,12289,7,0,0
16402,16105,8,0,0
16402,16107,9,0,0
16402,16109,10,0,0
16402,16111,11,0,0
16402,9869,12,0,0
16402,9870,13,0,0
16402,3998,14,0,0
16402,3970,15,0,0
16402,15994,16,0,0
16402,2330,17,0,0
16402,15964,18,0,0
16402,16746,19,0,0
16402,16591,20,1,1
16501,8006,1,0,0
16501,8702,2,0,0
16501,8738,3,0,0
16501,8692,4,0,0
16501,8721,5,0,0
16501,8772,6,0,0
16501,8722,7,0,0
16501,8742,8,0,0
16501,8729,9,0,0
16501,8732,10,0,0
16501,8710,11,0,0
16501,8699,12,0,0
16501,8773,13,0,0
16501,8708,14,0,0
16501,8767,15,0,0
16501,11717,16,0,0
16501,8691,17,0,0
16501,8736,18,0,0
16501,13467,19,0,0
16501,8697,20,0,0
16501,8724,21,0,0
16501,8761,22,0,0
16501,7481,23,0,0
16501,8525,24,0,0
16501,8526,25,0,0
16501,8886,26,0,0
16501,8845,27,0,0
16501,15756,28,0,0
16501,8878,29,0,0
16501,8861,30,0,0
16501,8855,31,0,0
16501,8887,32,0,0
16501,8860,33,0,0
16501,8880,34,0,0
16501,8865,35,0,0
16501,15136,36,0,0
16501,8868,37,0,0
16501,8848,38,0,0
16501,8873,39,0,0
16501,8875,40,0,0
16501,8877,41,0,0
16501,1662,42,0,0
16501,1657,43,0,0
16501,14817,44,0,0
16501,1658,45,0,0
16501,1660,46,0,0
16501,15234,47,0,0
16501,8839,48,0,0
16501,8847,49,0,0
16501,8882,50,0,0
16501,8837,51,0,0
16501,8842,52,0,0
16501,8889,53,0,0
16501,8892,54,0,0
16501,14808,55,1,1
16502,14808,1,0,0
16502,8891,2,0,0
16502,8890,3,0,0
16502,8841,4,0,0
16502,8838,5,0,0
16502,8883,6,0,0
16502,8846,7,0,0
16502,8840,8,0,0
16502,1654,9,0,0
16502,15235,10,0,0
16502,1661,11,0,0
16502,1659,12,0,0
16502,15318,13,0,0
16502,1666,14,0,0
16502,13470,15,0,0
16502,1656,16,0,0
16502,8870,17,0,0
16502,8857,18,0,0
16502,8876,19,0,0
16502,8843,20,0,0
16502,8851,21,0,0
16502,8869,22,0,0
16502,8833,23,0,0
16502,8866,24,0,0
16502,8881,25,0,0
16502,8872,26,0,0
16502,8888,27,0,0
16502,8856,28,0,0
16502,8862,29,0,0
16502,16830,30,0,0
16502,15755,31,0,0
16502,8844,32,0,0
16502,8854,33,0,0
16502,8885,34,0,0
16502,8524,35,0,0
16502,8777,36,0,0
16502,8727,37,0,0
16502,8771,38,0,0
16502,8693,39,0,0
16502,8737,40,0,0
16502,13467,41,0,0
16502,8690,42,0,0
16502,8745,43,0,0
16502,8766,44,0,0
16502,6174,45,0,0
16502,8698,46,0,0
16502,8709,47,0,0
16502,8731,48,0,0
16502,8728,49,0,0
16502,8688,50,0,0
16502,8741,51,0,0
16502,8723,52,0,0
16502,9104,53,0,0
16502,8720,54,0,0
16502,8739,55,0,0
16502,8701,56,0,0
16502,8753,57,0,0
16502,8726,58,0,0
16502,11875,59,0,0
16502,10651,60,0,0
16502,8316,61,0,0
16502,8297,62,0,0
16502,8288,63,0,0
16502,7512,64,0,0
16502,7510,65,0,0
16502,7511,66,0,0
16502,9316,67,0,0
16502,8005,68,0,0
16502,8006,69,1,1
16601,16508,1,0,0
16601,16507,2,0,0
16601,16506,3,0,0
16601,16509,4,0,0
16601,16496,5,0,0
16601,16494,6,0,0
16601,3848,7,0,0
16601,8284,8,0,0
16601,8272,9,0,0
16601,8271,10,0,0
16601,8276,11,0,0
16601,8313,12,0,0
16601,8260,13,0,0
16601,8289,14,0,0
16601,8281,15,0,0
16601,8315,16,0,0
16601,8306,17,0,0
16601,8301,18,0,0
16601,8259,19,0,0
16601,8294,20,0,0
16601,6144,21,0,0
16601,12088,22,0,0
16601,1592,23,0,0
16601,1601,24,0,0
16601,15581,25,1,1
16601,9170,26,1,1
16602,15581,1,0,0
16602,1602,2,0,0
16602,1593,3,0,0
16602,8286,4,0,0
16602,8253,5,0,0
16602,8295,6,0,0
16602,8296,7,0,0
16602,8302,8,0,0
16602,8307,9,0,0
16602,8316,10,0,0
16602,8297,11,0,0
16602,8288,12,0,0
16602,8303,13,0,0
16602,8312,14,0,0
16602,8277,15,0,0
16602,8298,16,0,0
16602,9170,17,0,0
16602,13518,18,0,0
16602,3803,19,0,0
16602,16493,20,0,0
16602,16495,21,0,0
16602,16498,22,0,0
16602,16499,23,0,0
16602,16500,24,0,0
16602,16501,25,0,0
16602,16502,26,0,0
16602,16503,27,0,0
16602,16504,28,0,0
16602,16505,29,0,0
16602,7761,30,0,0
16602,2608,31,0,0
16602,2620,32,0,0
16602,16508,33,1,1
16602,8722,34,1,1
16703,14629,1,0,0
16703,13705,2,0,0
16703,7190,3,0,0
16703,13683,4,0,0
16703,7476,5,0,0
16703,7475,6,0,0
16703,7477,7,0,0
16703,13684,8,0,0
16703,13685,9,0,0
16703,13686,10,0,0
16703,12352,11,0,0
16703,13687,12,0,0
16703,7412,13,0,0
16703,8497,14,0,0
16703,7175,15,0,0
16703,7244,16,0,0
16703,7250,17,0,0
16703,6745,18,0,0
16703,6730,19,0,0
16703,6712,20,0,0
16703,6744,21,0,0
16703,6680,22,0,0
16703,6737,23,0,0
16703,6703,24,0,0
16703,6702,25,0,0
16703,6711,26,0,0
16703,6731,27,0,0
16703,6669,28,0,0
16703,6726,29,0,0
16703,6732,30,0,0
16703,6661,31,0,0
16703,6762,32,0,0
16703,6707,33,0,0
16703,9440,34,0,0
16703,6754,35,0,0
16703,10722,36,1,1
16704,10722,1,0,0
16704,6753,2,0,0
16704,6763,3,0,0
16704,8034,4,0,0
16704,6708,5,0,0
16704,6733,6,0,0
16704,6662,7,0,0
16704,6668,8,0,0
16704,6727,9,0,0
16704,6675,10,0,0
16704,6679,11,0,0
16704,6676,12,0,0
16704,6704,13,0,0
16704,6683,14,0,0
16704,14060,15,0,0
16704,6743,16,0,0
16704,6713,17,0,0
16704,6663,18,0,0
16704,16681,19,0,0
16704,7251,20,0,0
16704,9513,21,0,0
16704,7245,22,0,0
16704,7425,23,0,0
16704,7413,24,0,0
16704,6324,25,0,0
16704,6323,26,0,0
16704,6321,27,0,0
16704,10252,28,0,0
16704,10253,29,0,0
16704,9515,30,0,0
16704,9516,31,0,0
16704,9517,32,0,0
16704,7161,33,0,0
16704,7191,34,0,0
16704,7226,35,0,0
16704,14629,36,1,1
16803,14662,1,0,0
16803,9855,2,0,0
16803,4648,3,0,0
16803,4654,4,0,0
16803,4655,5,0,0
16803,4646,6,0,0
16803,4650,7,0,0
16803,4645,8,0,0
16803,3472,9,0,0
16803,3467,10,0,0
16803,3471,11,0,0
16803,3469,12,0,0
16803,4509,13,0,0
16803,4502,14,0,0
16803,4510,15,0,0
16803,4506,16,0,0
16803,4505,17,0,0
16803,4567,18,0,0
16803,6031,19,0,0
16803,11588,20,0,0
16803,4713,21,0,0
16803,16329,22,1,1
16803,16588,23,1,1
16804,16588,1,0,0
16804,2331,2,0,0
16804,16120,3,0,0
16804,13423,4,0,0
16804,11589,5,0,0
16804,6030,6,0,0
16804,4566,7,0,0
16804,4504,8,0,0
16804,4507,9,0,0
16804,4511,10,0,0
16804,4503,11,0,0
16804,4508,12,0,0
16804,3468,13,0,0
16804,3470,14,0,0
16804,3466,15,0,0
16804,3473,16,0,0
16804,4653,17,0,0
16804,4651,18,0,0
16804,4647,19,0,0
16804,4656,20,0,0
16804,4652,21,0,0
16804,4649,22,0,0
16804,507,23,0,0
16804,9855,24,1,1
16804,14662,25,1,1
16901,14632,1,0,0
16901,1949,2,0,0
16901,1929,3,0,0
16901,1938,4,0,0
16901,1919,5,0,0
16901,7384,6,0,0
16901,7387,7,0,0
16901,7390,8,0,0
16901,7391,9,0,0
16901,7385,10,0,0
16901,7393,11,0,0
16901,7381,12,0,0
16901,7382,13,0,0
16901,7395,14,0,0
16901,7421,15,0,0
16901,8438,16,0,0
16901,8489,17,0,0
16901,13705,18,0,0
16901,7190,19,0,0
16901,7175,20,0,0
16901,7244,21,0,0
16901,7424,22,0,0
16901,7419,23,0,0
16901,6465,24,0,0
16901,6441,25,0,0
16901,6461,26,0,0
16901,6452,27,0,0
16901,13916,28,0,0
16901,6467,29,0,0
16901,16633,30,0,0
16901,6428,31,0,0
16901,6446,32,0,0
16901,16703,33,0,0
16901,6450,34,0,0
16901,6425,35,0,0
16901,6453,36,0,0
16901,15815,37,0,0
16901,15816,38,0,0
16901,6432,39,0,0
16901,6435,40,0,0
16901,11156,41,0,0
16901,11157,42,0,0
16901,11158,43,0,0
16901,11159,44,0,0
16901,1311,45,0,0
16901,9858,46,0,0
16901,1318,47,0,0
16901,1312,48,0,0
16901,1309,49,0,0
16901,9623,50,0,0
16901,14760,51,1,1
16902,14760,1,0,0
16902,16529,2,0,0
16902,12078,3,0,0
16902,1308,4,0,0
16902,1300,5,0,0
16902,1317,6,0,0
16902,1310,7,0,0
16902,6310,8,0,0
16902,6312,9,0,0
16902,6306,10,0,0
16902,6307,11,0,0
16902,6308,12,0,0
16902,6440,13,0,0
16902,6433,14,0,0
16902,6448,15,0,0
16902,6436,16,0,0
16902,6457,17,0,0
16902,6454,18,0,0
16902,6426,19,0,0
16902,6451,20,0,0
16902,6434,21,0,0
16902,16635,22,0,0
16902,6427,23,0,0
16902,6445,24,0,0
16902,16634,25,0,0
16902,6466,26,0,0
16902,13917,27,0,0
16902,6469,28,0,0
16902,6462,29,0,0
16902,15147,30,0,0
16902,6464,31,0,0
16902,8426,32,0,0
16902,8428,33,0,0
16902,14532,34,0,0
16902,6764,35,0,0
16902,6766,36,0,0
16902,6265,37,0,0
16902,6266,38,0,0
16902,7394,39,0,0
16902,7386,40,0,0
16902,7392,41,0,0
16902,7389,42,0,0
16902,7388,43,0,0
16902,16485,44,0,0
16902,16758,45,0,0
16902,1939,46,0,0
16902,13422,47,0,0
16902,1928,48,0,0
16902,7420,49,0,0
16902,9513,50,0,0
16902,7245,51,0,0
16902,7161,52,0,0
16902,7191,53,0,0
16902,7226,54,0,0
16902,14632,55,1,1
17103,3289,1,0,0
17103,9145,2,0,0
17103,11842,3,0,0
17103,11843,4,0,0
17103,6960,5,0,0
17103,6962,6,0,0
17103,4564,7,0,0
17103,6954,8,0,0
17103,3286,9,0,0
17103,3437,10,0,0
17103,3438,11,0,0
17103,4456,12,0,0
17103,9977,13,0,0
17103,16841,14,0,0
17103,16746,15,0,0
17103,16592,16,0,0
17103,16329,17,0,0
17103,2419,18,0,0
17103,8755,19,0,0
17103,8759,20,0,0
17103,9323,21,0,0
17103,16834,22,1,1
17104,14534,1,0,0
17104,9325,2,0,0
17104,9326,3,0,0
17104,3141,4,0,0
17104,16460,5,0,0
17104,16746,6,0,0
17104,16589,7,0,0
17104,16747,8,0,0
17104,2331,9,0,0
17104,16840,10,0,0
17104,3749,11,0,0
17104,3748,12,0,0
17104,3747,13,0,0
17104,3288,14,0,0
17104,3291,15,0,0
17104,3289,16,1,1
17104,16592,17,1,1
17104,16329,18,1,1
18401,11451,1,0,0
18401,11195,2,0,0
18401,1130,3,0,0
18401,1075,4,0,0
18401,1074,5,0,0
18401,1076,6,0,0
18401,1662,7,0,0
18401,1657,8,0,0
18401,14820,9,1,1
18402,14820,1,0,0
18402,13470,2,0,0
18402,1656,3,0,0
18402,1267,4,0,0
18402,1268,5,0,0
18402,1266,6,0,0
18402,1265,7,0,0
18402,11194,8,0,0
18402,11450,9,0,0
18402,11451,10,1,1
18501,14772,1,0,0
18501,8093,2,0,0
18501,13563,3,0,0
18501,1540,4,0,0
18501,1544,5,0,0
18501,1543,6,0,0
18501,7152,7,0,0
18501,13561,8,0,0
18501,7233,9,0,0
18501,7184,10,0,0
18501,13677,11,0,0
18501,7157,12,0,0
18501,7230,13,0,0
18501,7242,14,0,0
18501,7203,15,0,0
18501,7214,16,0,0
18501,13454,17,0,0
18501,7246,18,0,0
18501,6349,19,0,0
18501,14633,20,1,1
18502,14633,1,0,0
18502,7247,2,0,0
18502,7168,3,0,0
18502,7215,4,0,0
18502,7204,5,0,0
18502,7143,6,0,0
18502,7156,7,0,0
18502,13678,8,0,0
18502,7185,9,0,0
18502,7189,10,0,0
18502,7148,11,0,0
18502,7151,12,0,0
18502,15730,13,0,0
18502,1545,14,0,0
18502,16647,15,0,0
18502,1535,16,0,0
18502,14772,17,1,1
18901,15992,1,0,0
18901,13311,2,0,0
18901,13312,3,0,0
18901,6397,4,0,0
18901,6391,5,0,0
18901,6393,6,0,0
18901,6396,7,0,0
18901,3916,8,0,0
18901,15421,9,0,0
18901,14895,10,0,0
18901,13320,11,0,0
18901,13343,12,0,0
18901,7359,13,0,0
18901,7361,14,0,0
18901,15061,15,0,0
18901,6534,16,1,1
18901,13341,17,0,0
18901,16253,18,0,0
18901,15825,19,0,0
18901,7894,20,0,0
18901,7887,21,0,0
18901,7883,22,0,0
18901,7892,23,0,0
18901,7890,24,0,0
18901,7889,25,0,0
18901,11780,26,0,0
18901,14696,27,1,1
18902,14696,1,0,0
18902,15434,2,0,0
18902,7888,3,0,0
18902,7891,4,0,0
18902,7882,5,0,0
18902,7886,6,0,0
18902,7893,7,0,0
18902,15826,8,0,0
18902,16254,9,0,0
18902,6534,10,0,0
18902,13711,11,0,0
18902,7364,12,0,0
18902,7360,13,0,0
18902,13305,14,0,0
18902,13306,15,0,0
18902,13307,16,0,0
18902,13308,17,0,0
18902,13309,18,0,0
18902,15992,19,1,1
19103,16733,1,0,0
19103,16748,2,0,0
19103,1942,3,0,0
19103,1922,4,0,0
19103,1961,5,0,0
19103,1946,6,0,0
19103,5259,7,0,0
19103,5275,8,0,0
19103,13436,9,0,0
19103,8377,10,0,0
19103,8384,11,0,0
19103,8375,12,0,0
19103,8388,13,0,0
19103,8381,14,0,0
19103,8379,15,0,0
19103,7567,16,0,0
19103,11531,17,0,0
19103,11532,18,0,0
19103,11533,19,0,0
19103,11397,20,0,0
19103,9079,21,1,1
19103,8367,22,0,0
19103,7913,23,0,0
19103,7916,24,0,0
19103,7915,25,0,0
19103,8103,26,0,0
19103,9075,27,0,0
19103,16688,28,1,1
19104,9079,1,0,0
19104,11534,2,0,0
19104,7912,3,0,0
19104,7911,4,0,0
19104,7917,5,0,0
19104,11106,6,0,0
19104,7566,7,0,0
19104,16688,8,0,0
19104,11528,9,0,0
19104,11529,10,0,0
19104,11530,11,0,0
19104,8378,12,0,0
19104,8380,13,0,0
19104,8385,14,0,0
19104,8376,15,0,0
19104,8383,16,0,0
19104,8382,17,0,0
19104,8387,18,0,0
19104,5313,19,1,1
19104,5333,20,0,0
19104,5260,21,0,0
19104,14255,22,0,0
19104,1962,23,0,0
19104,1923,24,0,0
19104,15526,25,0,0
19104,4720,26,0,0
19104,4725,27,0,0
19104,16733,28,1,1
20003,16037,1,0,0
20003,13068,2,0,0
20003,10141,3,0,0
20003,9885,4,0,0
20003,16808,5,0,0
20003,16807,6,0,0
20003,7198,7,0,0
20003,7180,8,0,0
20003,9813,9,0,0
20003,7158,10,0,0
20003,7182,11,0,0
20003,13887,12,0,0
20003,13888,13,0,0
20003,6573,14,0,0
20003,6564,15,0,0
20003,6526,16,1,1
20004,6526,1,0,0
20004,9672,2,0,0
20004,7212,3,0,0
20004,11113,4,0,0
20004,7232,5,0,0
20004,13889,6,0,0
20004,7249,7,0,0
20004,9812,8,0,0
20004,7181,9,0,0
20004,7199,10,0,0
20004,8036,11,0,0
20004,8035,12,0,0
20004,9891,13,0,0
20004,16037,14,1,1
20103,15695,1,0,0
20103,15694,2,0,0
20103,3361,3,0,0
20103,3366,4,0,0
20103,9635,5,0,0
20103,9636,6,0,0
20103,9637,7,0,0
20103,9638,8,0,0
20103,9639,9,0,0
20103,9640,10,0,0
20103,2253,11,1,0
20103,1033,12,0,0
20103,15278,13,0,0
20103,1038,14,0,0
20103,14709,15,1,1
20104,14709,1,0,0
20104,1037,2,0,0
20104,1032,3,0,0
20104,15898,4,0,0
20104,9641,5,0,0
20104,9642,6,0,0
20104,9643,7,0,0
20104,9644,8,0,0
20104,9645,9,0,0
20104,9646,10,0,0
20104,9647,11,0,0
20104,3367,12,0,0
20104,3362,13,0,0
20104,3359,14,0,0
20104,15693,15,0,0
20104,15695,16,1,1
20201,16754,1,0,0
20201,246,2,0,0
20201,254,3,0,0
20201,1465,4,0,0
20201,15087,5,0,0
20201,15320,6,0,0
20201,15514,7,0,0
20201,15513,8,0,0
20201,15068,9,0,0
20201,15510,10,0,0
20201,15511,11,0,0
20201,16433,12,0,0
20201,16435,13,0,0
20201,13934,14,0,0
20201,13936,15,0,0
20201,13937,16,1,1
20202,13937,1,0,0
20202,13945,2,0,0
20202,13933,3,0,0
20202,16434,4,0,0
20202,16432,5,0,0
20202,15246,6,0,0
20202,6604,7,0,0
20202,16193,8,0,0
20202,15512,9,0,0
20202,15515,10,0,0
20202,15129,11,0,0
20202,1466,12,0,0
20202,1467,13,0,0
20202,262,14,0,0
20202,15151,15,0,0
20202,247,16,1,0
20202,16754,17,1,1
20303,6169,1,0,0
20303,4891,2,0,0
20303,4889,3,0,0
20303,15856,4,1,1
20304,15856,1,0,0
20304,6168,2,0,0
20304,6171,3,0,0
20304,6167,4,0,0
20304,6169,5,1,1
30001,14092,1,0,0
30001,14278,2,0,0
30001,2203,3,0,0
30001,16480,4,0,0
30001,2200,5,0,0
30001,2221,6,0,0
30001,15950,7,0,0
30001,594,8,0,0
30001,581,9,0,0
30001,597,10,0,0
30001,488,11,0,0
30001,1200,12,0,0
30001,14093,13,0,0
30001,14723,14,0,0
30001,16015,15,0,0
30001,589,16,0,0
30001,518,17,0,0
30001,527,18,0,0
30001,509,19,0,0
30001,15893,20,0,0
30001,579,21,0,0
30001,570,22,0,0
30001,533,23,0,0
30001,524,24,0,0
30001,16385,25,0,0
30001,555,26,0,0
30001,9952,27,0,0
30001,598,28,0,0
30001,580,29,0,0
30001,501,30,0,0
30001,502,31,0,0
30001,565,32,0,0
30001,525,33,0,0
30001,506,34,0,0
30001,591,35,0,0
30001,535,36,0,0
30001,15321,37,0,0
30001,505,38,0,0
30001,520,39,0,0
30001,503,40,0,0
30001,561,41,0,0
30001,583,42,0,0
30001,554,43,0,0
30001,517,44,0,0
30001,538,45,0,0
30001,563,46,0,0
30001,491,47,0,0
30001,498,48,0,0
30001,585,49,0,0
30001,495,50,0,0
30001,573,51,0,0
30001,16001,52,0,0
30001,11116,53,0,0
30001,478,54,0,0
30001,481,55,0,0
30001,16003,56,0,0
30001,482,57,0,0
30001,15528,58,0,0
30001,870,59,0,0
30001,907,60,0,0
30001,880,61,0,0
30001,876,62,0,0
30001,904,63,0,0
30001,895,64,0,0
30001,13560,65,0,0
30001,892,66,0,0
30001,898,67,0,0
30001,902,68,0,0
30001,882,69,0,0
30001,894,70,0,0
30001,889,71,0,0
30001,885,72,0,0
30001,914,73,0,0
30001,906,74,0,0
30001,912,75,0,0
30001,15923,76,0,0
30001,15924,77,0,0
30001,15925,78,0,0
30001,910,79,0,0
30001,911,80,0,0
30001,16740,81,0,0
30001,872,82,0,0
30001,897,83,0,0
30001,1863,84,0,0
30001,9442,85,0,0
30001,9905,86,0,0
30001,8554,87,0,0
30001,1842,88,1,1
30001,1857,89,0,0
30001,1852,90,0,0
30001,1849,91,0,0
30001,1841,92,0,0
30001,1843,93,0,0
30001,1845,94,0,0
30001,14953,95,0,0
30001,16446,96,0,0
30001,662,97,0,0
30001,4964,98,0,0
30001,16765,99,0,0
30001,4953,100,0,0
30001,4955,101,0,0
30001,4958,102,0,0
30001,4950,103,0,0
30001,4946,104,0,0
30001,4968,105,0,0
30001,15424,106,0,0
30001,2253,107,1,0
30001,1033,108,0,0
30001,15278,109,0,0
30001,1038,110,0,0
30001,16391,111,1,1
30001,11348,112,0,0
30001,14786,113,1,1
30002,16391,1,0,0
30002,3539,2,0,0
30002,1037,3,0,0
30002,1032,4,0,0
30002,15898,5,0,0
30002,9641,6,0,0
30002,4959,7,0,0
30002,16477,8,0,0
30002,15031,9,0,0
30002,4951,10,0,0
30002,4957,11,0,0
30002,4956,12,0,0
30002,4954,13,0,0
30002,4948,14,0,0
30002,4965,15,0,0
30002,1848,16,0,0
30002,1854,17,0,0
30002,15062,18,0,0
30002,1844,19,0,0
30002,16794,20,0,0
30002,16795,21,0,0
30002,1853,22,0,0
30002,1856,23,0,0
30002,9905,24,0,0
30002,8554,25,0,0
30002,1842,26,0,0
30002,1833,27,0,0
30002,16741,28,0,0
30002,1836,29,0,0
30002,1839,30,0,0
30002,14786,31,0,0
30002,14962,32,0,0
30002,4690,33,0,0
30002,1837,34,0,0
30002,15926,35,0,0
30002,13464,36,0,0
30002,9955,37,0,0
30002,913,38,0,0
30002,891,39,0,0
30002,915,40,0,0
30002,917,41,0,0
30002,890,42,0,0
30002,916,43,0,0
30002,920,44,0,0
30002,903,45,0,0
30002,899,46,0,0
30002,893,47,0,0
30002,874,48,0,0
30002,884,49,0,0
30002,896,50,0,0
30002,918,51,0,0
30002,905,52,0,0
30002,877,53,0,0
30002,881,54,0,0
30002,908,55,0,0
30002,871,56,0,0
30002,476,57,0,0
30002,16350,58,1,1
30002,483,59,0,0
30002,485,60,0,0
30002,480,61,0,0
30002,479,62,0,0
30002,486,63,0,0
30002,16002,64,0,0
30002,490,65,0,0
30002,15527,66,0,0
30002,586,67,0,0
30002,499,68,0,0
30002,492,69,0,0
30002,564,70,0,0
30002,539,71,0,0
30002,500,72,0,0
30002,584,73,0,0
30002,562,74,0,0
30002,504,75,0,0
30002,521,76,0,0
30002,473,77,0,0
30002,15322,78,0,0
30002,536,79,0,0
30002,592,80,0,0
30002,507,81,0,0
30002,474,82,0,0
30002,530,83,0,0
30002,15192,84,1,1
30002,522,85,0,0
30002,514,86,0,0
30002,475,87,0,0
30002,599,88,0,0
30002,529,89,0,0
30002,577,90,0,0
30002,16386,91,0,0
30002,523,92,0,0
30002,16408,93,0,0
30002,16407,94,0,0
30002,16406,95,0,0
30002,15892,96,0,0
30002,487,97,0,0
30002,11999,98,0,0
30002,526,99,0,0
30002,590,100,0,0
30002,16016,101,0,0
30002,5128,102,0,0
30002,12130,103,0,0
30002,14719,104,0,0
30002,16482,105,0,0
30002,548,106,0,0
30002,582,107,0,0
30002,537,108,0,0
30002,511,109,0,0
30002,596,110,0,0
30002,8669,111,0,0
30002,8666,112,0,0
30002,8674,113,0,0
30002,9992,114,0,0
30002,8672,115,0,0
30002,8681,116,0,0
30002,8670,117,0,0
30002,2203,118,0,0
30002,16480,119,0,0
30002,2200,120,0,0
30002,2221,121,0,0
30002,15950,122,1,1
30002,4986,123,0,0
30002,15144,124,0,0
30002,14092,125,1,1
30703,12584,1,0,0
30703,1062,2,0,0
30703,16870,3,0,0
30703,15503,4,0,0
30703,15864,5,0,0
30703,15362,6,0,0
30703,15364,7,0,0
30703,15230,8,0,0
30703,15335,9,0,0
30703,126,10,0,0
30703,16454,11,0,0
30703,110,12,0,0
30703,212,13,0,0
30703,148,14,0,0
30703,167,15,0,0
30703,96,16,0,0
30703,14617,17,0,0
30703,92,18,0,0
30703,219,19,0,0
30703,128,20,0,0
30703,153,21,0,0
30703,117,22,0,0
30703,180,23,0,0
30703,9951,24,0,0
30703,211,25,0,0
30703,168,26,0,0
30703,101,27,0,0
30703,132,28,0,0
30703,87,29,0,0
30703,130,30,0,0
30703,214,31,0,0
30703,195,32,0,0
30703,98,33,0,0
30703,171,34,0,0
30703,143,35,0,0
30703,145,36,0,0
30703,197,37,0,0
30703,102,38,0,0
30703,165,39,0,0
30703,124,40,0,0
30703,224,41,0,0
30703,135,42,0,0
30703,175,43,0,0
30703,94,44,0,0
30703,91,45,0,0
30703,158,46,0,0
30703,221,47,0,0
30703,220,48,0,0
30703,15196,49,0,0
30703,188,50,0,0
30703,227,51,0,0
30703,16095,52,0,0
30703,89,53,0,0
30703,174,54,0,0
30703,199,55,0,0
30703,108,56,0,0
30703,226,57,0,0
30703,133,58,0,0
30703,155,59,0,0
30703,205,60,0,0
30703,230,61,0,0
30703,136,62,0,0
30703,85,63,0,0
30703,15813,64,0,0
30703,125,65,0,0
30703,184,66,0,0
30703,122,67,0,0
30703,183,68,0,0
30703,147,69,0,0
30703,1585,70,0,0
30703,1617,71,0,0
30703,1138,72,0,0
30703,1139,73,0,0
30703,1136,74,1,1
30704,1585,1,0,0
30704,1617,2,0,0
30704,1138,3,0,0
30704,1139,4,0,0
30704,1136,5,0,0
30704,138,6,0,0
30704,86,7,0,0
30704,194,8,0,0
30704,105,9,0,0
30704,123,10,0,0
30704,15812,11,0,0
30704,182,12,0,0
30704,137,13,0,0
30704,229,14,0,0
30704,173,15,0,0
30704,156,16,0,0
30704,104,17,0,0
30704,225,18,0,0
30704,109,19,0,0
30704,200,20,0,0
30704,190,21,0,0
30704,90,22,0,0
30704,116,23,0,0
30704,228,24,0,0
30704,163,25,0,0
30704,170,26,0,0
30704,157,27,0,0
30704,222,28,0,0
30704,172,29,0,0
30704,179,30,0,0
30704,95,31,0,0
30704,189,32,0,0
30704,185,33,0,0
30704,196,34,0,0
30704,112,35,0,0
30704,164,36,0,0
30704,119,37,0,0
30704,198,38,0,0
30704,146,39,0,0
30704,144,40,0,0
30704,215,41,0,0
30704,99,42,0,0
30704,134,43,0,0
30704,192,44,0,0
30704,131,45,0,0
30704,15457,46,0,0
30704,216,47,0,0
30704,209,48,0,0
30704,107,49,0,0
30704,210,50,0,0
30704,204,51,0,0
30704,80,52,0,0
30704,7518,53,0,0
30704,154,54,0,0
30704,129,55,0,0
30704,181,56,0,0
30704,15518,57,0,0
30704,15334,58,0,0
30704,149,59,0,0
30704,213,60,0,0
30704,111,61,0,0
30704,178,62,0,0
30704,127,63,0,0
30704,193,64,0,0
30704,187,65,0,0
30704,15365,66,0,0
30704,15226,67,0,0
30704,100,68,0,0
30704,15499,69,0,0
30704,15500,70,0,0
30704,15501,71,0,0
30704,1063,72,0,0
30704,15190,73,1,0
30704,12584,74,1,1
31501,4435,1,0,0
31501,15428,2,0,0
31501,3386,3,0,0
31501,3384,4,0,0
31501,15805,5,0,0
31501,3383,6,0,0
31501,6271,7,0,0
31501,6272,8,0,0
31501,6267,9,0,0
31501,2435,10,0,0
31501,2429,11,0,0
31501,2441,12,0,0
31501,2454,13,0,0
31501,3169,14,0,0
31501,11587,15,0,0
31501,2440,16,0,0
31501,2434,17,0,0
31501,2453,18,0,0
31501,2436,19,0,0
31501,2443,20,0,0
31501,2450,21,0,0
31501,2455,22,0,0
31501,2432,23,0,0
31501,11561,24,0,0
31501,2448,25,0,0
31501,2431,26,0,0
31501,2444,27,0,0
31501,2439,28,0,0
31501,2447,29,0,0
31501,9400,30,0,0
31501,9401,31,0,0
31501,9402,32,0,0
31501,9403,33,0,0
31501,9404,34,0,0
31501,6987,35,0,0
31501,7022,36,0,0
31501,6990,37,0,0
31501,7042,38,0,0
31501,7019,39,0,0
31501,6983,40,0,0
31501,7016,41,0,0
31501,14452,42,0,0
31501,6997,43,0,0
31501,7035,44,0,0
31501,6976,45,1,1
31501,14753,46,1,1
31502,14753,1,0,0
31502,6975,2,0,0
31502,7036,3,0,0
31502,7032,4,0,0
31502,7007,5,0,0
31502,7017,6,0,0
31502,6984,7,0,0
31502,7020,8,0,0
31502,7043,9,0,0
31502,6995,10,0,0
31502,7023,11,0,0
31502,7028,12,0,0
31502,7008,13,0,0
31502,9395,14,0,0
31502,9396,15,0,0
31502,9397,16,0,0
31502,9398,17,0,0
31502,9399,18,0,0
31502,2446,19,0,0
31502,2438,20,0,0
31502,2445,21,0,0
31502,2430,22,0,0
31502,2449,23,0,0
31502,2458,24,0,0
31502,16739,25,0,0
31502,2456,26,0,0
31502,2451,27,0,0
31502,14496,28,0,0
31502,2437,29,0,0
31502,2452,30,0,0
31502,2435,31,0,0
31502,2429,32,0,0
31502,2441,33,0,0
31502,2454,34,0,0
31502,3169,35,0,0
31502,11587,36,0,0
31502,2440,37,0,0
31502,2434,38,0,0
31502,6268,39,0,0
31502,6273,40,0,0
31502,6269,41,0,0
31502,6270,42,0,0
31502,3382,43,0,0
31502,3388,44,0,0
31502,3385,45,0,0
31502,4435,46,1,1
31603,13519,1,0,0
31603,3344,2,0,0
31603,11840,3,0,0
31603,4221,4,0,0
31603,4270,5,0,0
31603,15211,6,0,0
31603,4267,7,0,0
31603,4235,8,0,0
31603,4232,9,0,0
31603,4205,10,0,0
31603,4207,11,0,0
31603,4243,12,0,0
31603,4233,13,0,0
31603,4227,14,0,0
31603,4230,15,0,0
31603,16851,16,0,0
31603,4259,17,0,0
31603,4260,18,0,0
31603,4246,19,0,0
31603,4214,20,0,0
31603,16719,21,0,0
31603,3361,22,0,0
31603,3366,23,0,0
31603,9635,24,0,0
31603,9636,25,0,0
31603,9637,26,0,0
31603,9638,27,0,0
31603,9639,28,0,0
31603,9640,29,0,0
31603,15424,30,0,0
31603,4967,31,0,0
31603,4960,32,0,0
31603,4940,33,0,0
31603,4962,34,0,0
31603,4952,35,0,0
31603,5668,36,0,0
31603,5672,37,0,0
31603,5661,38,0,0
31603,5677,39,0,0
31603,5660,40,0,0
31603,5663,41,0,0
31603,5671,42,0,0
31603,5665,43,0,0
31603,16646,44,0,0
31603,16529,45,0,0
31603,12078,46,0,0
31603,1308,47,0,0
31603,1300,48,0,0
31603,1317,49,0,0
31603,1310,50,0,0
31603,1289,51,0,0
31603,1307,52,0,0
31603,1301,53,0,0
31603,1315,54,0,0
31603,1296,55,0,0
31603,2872,56,0,0
31603,2873,57,0,0
31603,13097,58,0,0
31603,9359,59,0,0
31603,9799,60,0,0
31603,9805,61,0,0
31603,10653,62,0,0
31603,9806,63,0,0
31603,9818,64,0,0
31603,10576,65,0,0
31603,9807,66,0,0
31603,9808,67,1,1
31604,9808,1,0,0
31604,9811,2,0,0
31604,10577,3,0,0
31604,16722,4,0,0
31604,9810,5,0,0
31604,9836,6,0,0
31604,9364,7,0,0
31604,9800,8,0,0
31604,9365,9,0,0
31604,9366,10,0,0
31604,9367,11,0,0
31604,9368,12,0,0
31604,1316,13,0,0
31604,1302,14,0,0
31604,1299,15,0,0
31604,1290,16,0,0
31604,1311,17,0,0
31604,9858,18,0,0
31604,1318,19,0,0
31604,1312,20,0,0
31604,1309,21,0,0
31604,9623,22,0,0
31604,16645,23,0,0
31604,5666,24,0,0
31604,5670,25,0,0
31604,5664,26,0,0
31604,5675,27,0,0
31604,5676,28,0,0
31604,5678,29,0,0
31604,5662,30,0,0
31604,16864,31,0,0
31604,5669,32,0,0
31604,4937,33,0,0
31604,4963,34,0,0
31604,4966,35,0,0
31604,4961,36,0,0
31604,4936,37,0,0
31604,4969,38,0,0
31604,4942,39,0,0
31604,9641,40,0,0
31604,9642,41,0,0
31604,9643,42,0,0
31604,9644,43,0,0
31604,9645,44,0,0
31604,9646,45,0,0
31604,9647,46,0,0
31604,3367,47,0,0
31604,10970,48,0,0
31604,13334,49,0,0
31604,4215,50,0,0
31604,4245,51,0,0
31604,4261,52,0,0
31604,16922,53,0,0
31604,4216,54,0,0
31604,4228,55,0,0
31604,4244,56,0,0
31604,4208,57,0,0
31604,4206,58,0,0
31604,4218,59,0,0
31604,7904,60,0,0
31604,4268,61,0,0
31604,15212,62,0,0
31604,4231,63,0,0
31604,4222,64,0,0
31604,4209,65,0,0
31604,4266,66,0,0
31604,13519,67,1,1
32003,11902,1,0,0
32003,13455,2,0,0
32003,3225,3,0,0
32003,3234,4,0,0
32003,3240,5,0,0
32003,3238,6,0,0
32003,3243,7,0,0
32003,3221,8,0,0
32003,3228,9,0,0
32003,3226,10,0,0
32003,16094,11,0,0
32003,3209,12,0,0
32003,3245,13,0,0
32003,3227,14,0,0
32003,3216,15,0,0
32003,3213,16,0,0
32003,3242,17,0,0
32003,3211,18,0,0
32003,3219,19,0,0
32003,9042,20,0,0
32003,9043,21,0,0
32003,9062,22,0,0
32003,9040,23,0,0
32003,4733,24,0,0
32003,9002,25,0,0
32003,10797,26,0,0
32003,1670,27,0,0
32003,1667,28,0,0
32003,1672,29,0,0
32003,1674,30,0,0
32003,15708,31,0,0
32003,8977,32,0,0
32003,8980,33,0,0
32003,8961,34,0,0
32003,8965,35,0,0
32003,9051,36,0,0
32003,8959,37,0,0
32003,8997,38,0,0
32003,9054,39,0,0
32003,9019,40,0,0
32003,9038,41,0,0
32003,8996,42,0,0
32003,8993,43,0,0
32003,9029,44,0,0
32003,9060,45,0,0
32003,11394,46,0,0
32003,9907,47,1,1
32003,9065,48,0,0
32003,8963,49,0,0
32003,9022,50,0,0
32003,13559,51,0,0
32003,9048,52,0,0
32003,11494,53,0,0
32003,8984,54,0,0
32003,9032,55,0,0
32003,8970,56,0,0
32003,8962,57,0,0
32003,8988,58,0,0
32003,14955,59,1,1
32003,15282,60,0,0
32003,14447,61,0,0
32003,8975,62,0,0
32003,9034,63,0,0
32003,9024,64,0,0
32003,8955,65,0,0
32003,9058,66,0,0
32003,9176,67,1,1
32003,14809,68,1,1
32003,14674,69,1,1
32004,9176,1,0,0
32004,9059,2,0,0
32004,15783,3,0,0
32004,9031,4,0,0
32004,15782,5,0,0
32004,8976,6,0,0
32004,9013,7,0,0
32004,9003,8,0,0
32004,14956,9,0,0
32004,8989,10,0,0
32004,9015,11,0,0
32004,8971,12,0,0
32004,8982,13,0,0
32004,9033,14,0,0
32004,13869,15,0,0
32004,8983,16,0,0
32004,9050,17,0,0
32004,8990,18,0,0
32004,9021,19,0,0
32004,8964,20,0,0
32004,9066,21,0,0
32004,11371,22,0,0
32004,9025,23,0,0
32004,8954,24,0,0
32004,9064,25,0,0
32004,8985,26,0,0
32004,9039,27,0,0
32004,9020,28,0,0
32004,8969,29,0,0
32004,8998,30,0,0
32004,9023,31,0,0
32004,8960,32,0,0
32004,16092,33,0,0
32004,9030,34,0,0
32004,15709,35,0,0
32004,8981,36,0,0
32004,14950,37,0,0
32004,8958,38,0,0
32004,1673,39,0,0
32004,1668,40,0,0
32004,1669,41,0,0
32004,10800,42,0,0
32004,4732,43,0,0
32004,9053,44,0,0
32004,8957,45,0,0
32004,9063,46,0,0
32004,8953,47,0,0
32004,9027,48,0,0
32004,9037,49,0,0
32004,16000,50,0,0
32004,3220,51,0,0
32004,3214,52,0,0
32004,3217,53,0,0
32004,3233,54,0,0
32004,3246,55,0,0
32004,3229,56,0,0
32004,3218,57,0,0
32004,16833,58,0,0
32004,16260,59,0,0
32004,3222,60,0,0
32004,3237,61,0,0
32004,3244,62,0,0
32004,3239,63,0,0
32004,3241,64,0,0
32004,9016,65,0,0
32004,3247,66,0,0
32004,246,67,0,0
32004,254,68,0,0
32004,1465,69,0,0
32004,11902,70,1,1
32201,11925,1,0,0
32201,3369,2,0,0
32201,655,3,0,0
32201,657,4,0,0
32201,650,5,0,0
32201,856,6,0,0
32201,859,7,0,0
32201,854,8,0,0
32201,861,9,0,0
32201,863,10,0,0
32201,15791,11,0,0
32201,9451,12,0,0
32201,9452,13,0,0
32201,9453,14,0,0
32201,9454,15,0,0
32201,4905,16,0,0
32201,4908,17,0,0
32201,4913,18,0,0
32201,4915,19,0,0
32201,4904,20,0,0
32201,1786,21,0,0
32201,1789,22,0,0
32201,1792,23,0,0
32201,14425,24,0,0
32201,1791,25,0,0
32201,15132,26,0,0
32201,1797,27,0,0
32201,1788,28,0,0
32201,1795,29,0,0
32201,11845,30,0,0
32201,11181,31,1,1
32201,13461,32,0,0
32201,2774,33,0,0
32201,16838,34,0,0
32201,2802,35,0,0
32201,2776,36,0,0
32201,2800,37,0,0
32201,2782,38,0,0
32201,2796,39,0,0
32201,2779,40,0,0
32201,2766,41,0,0
32201,2794,42,0,0
32201,2768,43,0,0
32201,2839,44,1,1
32202,2839,1,0,0
32202,1738,2,0,0
32202,2795,3,0,0
32202,2767,4,0,0
32202,15349,5,0,0
32202,2785,6,0,0
32202,2783,7,0,0
32202,2770,8,0,0
32202,2777,9,0,0
32202,15350,10,0,0
32202,2772,11,0,0
32202,2775,12,0,0
32202,14058,13,0,0
32202,11181,14,0,0
32202,11183,15,0,0
32202,1787,16,0,0
32202,1796,17,0,0
32202,1790,18,0,0
32202,1800,19,0,0
32202,1783,20,0,0
32202,1793,21,0,0
32202,16837,22,0,0
32202,1785,23,0,0
32202,4903,24,0,0
32202,4914,25,0,0
32202,4912,26,0,0
32202,4907,27,0,0
32202,4900,28,0,0
32202,852,29,0,0
32202,9465,30,0,0
32202,9466,31,0,0
32202,9467,32,0,0
32202,857,33,0,0
32202,864,34,0,0
32202,862,35,0,0
32202,855,36,0,0
32202,860,37,0,0
32202,653,38,0,0
32202,656,39,0,0
32202,659,40,0,0
32202,651,41,0,0
32202,649,42,0,0
32202,660,43,0,0
32202,11926,44,1,1
32403,13519,1,0,0
32403,4698,2,0,0
32403,4695,3,0,0
32403,4691,4,0,0
32403,4689,5,0,0
32403,11348,6,0,0
32403,11376,7,0,0
32403,8443,8,0,0
32403,8440,9,0,0
32403,8462,10,0,0
32403,8484,11,0,0
32403,8446,12,0,0
32403,8505,13,0,0
32403,8506,14,0,0
32403,8434,15,0,0
32403,8430,16,0,0
32403,8451,17,0,0
32403,8519,18,0,0
32403,8502,19,0,0
32403,8455,20,0,0
32403,6153,21,0,0
32403,6152,22,0,0
32403,8442,23,0,0
32403,8435,24,0,0
32403,8431,25,0,0
32403,8470,26,0,0
32403,8512,27,0,0
32403,8499,28,0,0
32403,8475,29,0,0
32403,8449,30,0,0
32403,8466,31,0,0
32403,14271,32,0,0
32403,8473,33,0,0
32403,8437,34,0,0
32403,8471,35,0,0
32403,8456,36,0,0
32403,7417,37,0,0
32403,7416,38,0,0
32403,7429,39,0,0
32403,8481,40,0,0
32403,7412,41,0,0
32403,8497,42,0,0
32403,7228,43,0,0
32403,7224,44,0,0
32403,12013,45,0,0
32403,8538,46,0,0
32403,8573,47,0,0
32403,8542,48,0,0
32403,8527,49,0,0
32403,8565,50,0,0
32403,14275,51,0,0
32403,8541,52,0,0
32403,8569,53,0,0
32403,8589,54,0,0
32403,8616,55,0,0
32403,8533,56,0,0
32403,10533,57,0,0
32403,10534,58,0,0
32403,10535,59,0,0
32403,13462,60,1,1
32404,13462,1,0,0
32404,10564,2,0,0
32404,10565,3,0,0
32404,10566,4,0,0
32404,9634,5,0,0
32404,8532,6,0,0
32404,8594,7,0,0
32404,8590,8,0,0
32404,8570,9,0,0
32404,8540,10,0,0
32404,14276,11,0,0
32404,8566,12,0,0
32404,8528,13,0,0
32404,8543,14,0,0
32404,8574,15,0,0
32404,8539,16,0,0
32404,8599,17,0,0
32404,16731,18,0,0
32404,7229,19,0,0
32404,7425,20,0,0
32404,7413,21,0,0
32404,7411,22,0,0
32404,7414,23,0,0
32404,8523,24,0,0
32404,7418,25,0,0
32404,8490,26,0,0
32404,8439,27,0,0
32404,10730,28,0,0
32404,8472,29,0,0
32404,14272,30,0,0
32404,8445,31,0,0
32404,8448,32,0,0
32404,8478,33,0,0
32404,8500,34,0,0
32404,8513,35,0,0
32404,8496,36,0,0
32404,8450,37,0,0
32404,8457,38,0,0
32404,8441,39,0,0
32404,8453,40,0,0
32404,8427,41,0,0
32404,16695,42,0,0
32404,8520,43,0,0
32404,8491,44,0,0
32404,8429,45,0,0
32404,8522,46,0,0
32404,8463,47,0,0
32404,8493,48,0,0
32404,8504,49,0,0
32404,8447,50,0,0
32404,8495,51,0,0
32404,16463,52,0,0
32404,15026,53,0,0
32404,14963,54,0,0
32404,14962,55,0,0
32404,4690,56,0,0
32404,4692,57,0,0
32404,4696,58,0,0
32404,9414,59,0,0
32404,9415,60,0,0
32404,13519,61,1,1
32503,851,1,0,0
32503,13536,2,0,0
32503,4853,3,0,0
32503,16283,4,0,0
32503,5058,5,0,0
32503,4858,6,0,0
32503,4851,7,0,0
32503,4854,8,0,0
32503,16924,9,0,0
32503,15444,10,0,0
32503,5991,11,0,0
32503,5982,12,0,0
32503,5993,13,0,0
32503,5986,14,0,0
32503,5983,15,0,0
32503,11846,16,0,0
32503,3004,17,0,0
32503,2999,18,0,0
32503,2993,19,0,0
32503,2991,20,0,0
32503,3008,21,0,0
32503,5989,22,0,0
32503,16697,23,0,0
32503,2979,24,0,0
32503,2980,25,0,0
32503,4520,26,0,0
32503,8349,27,0,0
32503,8350,28,0,0
32503,8358,29,0,0
32503,8344,30,0,0
32503,9498,31,0,0
32503,8352,32,0,0
32503,2987,33,0,0
32503,1936,34,0,0
32503,1934,35,0,0
32503,1972,36,0,0
32503,15731,37,0,0
32503,16117,38,0,0
32503,1977,39,0,0
32503,1942,40,0,0
32503,1922,41,0,0
32503,1961,42,0,0
32503,1946,43,0,0
32503,1920,44,0,0
32503,1913,45,0,0
32503,1948,46,0,0
32503,1930,47,0,0
32503,1944,48,0,0
32503,1957,49,0,0
32503,1979,50,0,0
32503,1955,51,0,0
32503,1940,52,0,0
32503,1941,53,0,0
32503,1959,54,0,0
32503,15988,55,0,0
32503,6349,56,0,0
32503,14625,57,1,1
32503,1949,58,0,0
32503,1929,59,0,0
32503,1938,60,0,0
32503,1919,61,0,0
32503,1975,62,0,0
32503,1967,63,0,0
32503,9140,64,0,0
32503,1966,65,0,0
32503,1952,66,0,0
32503,1956,67,0,0
32503,1917,68,0,0
32503,1915,69,0,0
32503,1933,70,0,0
32503,1974,71,0,0
32503,6148,72,0,0
32503,3129,73,0,0
32503,2646,74,1,1
32504,2646,1,0,0
32504,1916,2,0,0
32504,1918,3,0,0
32504,1960,4,0,0
32504,1953,5,0,0
32504,1965,6,0,0
32504,1932,7,0,0
32504,1968,8,0,0
32504,16485,9,0,0
32504,16758,10,0,0
32504,1939,11,0,0
32504,13422,12,0,0
32504,1928,13,0,0
32504,1950,14,0,0
32504,14623,15,0,0
32504,1970,16,0,0
32504,15989,17,0,0
32504,1943,18,0,0
32504,11485,19,0,0
32504,1924,20,0,0
32504,1954,21,0,0
32504,9107,22,0,0
32504,1907,23,0,0
32504,1945,24,0,0
32504,1951,25,0,0
32504,1912,26,0,0
32504,1914,27,0,0
32504,1921,28,0,0
32504,1947,29,0,0
32504,1962,30,0,0
32504,1923,31,0,0
32504,15526,32,0,0
32504,1978,33,0,0
32504,14258,34,0,0
32504,9126,35,0,0
32504,1973,36,0,0
32504,1935,37,0,0
32504,2978,38,0,0
32504,2986,39,0,0
32504,8361,40,0,0
32504,8362,41,0,0
32504,8345,42,0,0
32504,8357,43,0,0
32504,8347,44,0,0
32504,8348,45,0,0
32504,12127,46,0,0
32504,16696,47,0,0
32504,5988,48,0,0
32504,15149,49,0,0
32504,2994,50,0,0
32504,3000,51,0,0
32504,2989,52,0,0
32504,2990,53,0,0
32504,6628,54,0,0
32504,6629,55,0,0
32504,6631,56,0,0
32504,6627,57,0,0
32504,6952,58,0,0
32504,15881,59,0,0
32504,6289,60,0,0
32504,16671,61,0,0
32504,6287,62,0,0
32504,6284,63,0,0
32504,6292,64,0,0
32504,3062,65,0,0
32504,5984,66,0,0
32504,6291,67,0,0
32504,6290,68,0,0
32504,16619,69,0,0
32504,851,70,1,1
32903,14363,1,0,0
32903,14930,2,0,0
32903,16284,3,0,0
32903,14470,4,0,0
32903,2032,5,0,0
32903,9991,6,0,0
32903,2071,7,0,0
32903,2066,8,0,0
32903,9739,9,0,0
32903,2081,10,0,0
32903,2014,11,0,0
32903,2057,12,0,0
32903,2043,13,0,0
32903,2033,14,0,0
32903,2098,15,0,0
32903,2040,16,0,0
32903,2020,17,0,0
32903,2088,18,0,0
32903,16730,19,0,0
32903,2045,20,0,0
32903,2022,21,0,0
32903,2038,22,0,0
32903,2018,23,0,0
32903,2093,24,0,0
32903,15199,25,0,0
32903,10092,26,0,0
32903,2082,27,0,0
32903,2048,28,0,0
32903,15058,29,0,0
32903,2052,30,0,0
32903,2065,31,0,0
32903,16367,32,0,0
32903,15470,33,0,0
32903,2025,34,0,0
32903,10262,35,0,0
32903,2095,36,0,0
32903,2053,37,0,0
32903,2055,38,0,0
32903,15469,39,0,0
32903,2069,40,0,0
32903,2037,41,0,0
32903,2027,42,0,0
32903,2091,43,0,0
32903,982,44,0,0
32903,985,45,0,0
32903,979,46,0,0
32903,2104,47,0,0
32903,2108,48,0,0
32903,9899,49,1,1
32903,15464,50,0,0
32903,11878,51,0,0
32903,14652,52,1,1
32903,3172,53,0,0
32903,14834,54,0,0
32903,1645,55,0,0
32903,983,56,0,0
32903,11341,57,0,0
32903,14836,58,0,0
32903,7654,59,0,0
32903,7660,60,0,0
32903,7648,61,0,0
32903,15358,62,0,0
32903,14531,63,0,0
32903,8268,64,1,1
32904,8268,1,0,0
32904,7658,2,0,0
32904,7662,3,0,0
32904,7649,4,0,0
32904,7661,5,0,0
32904,7655,6,0,0
32904,978,7,0,0
32904,981,8,0,0
32904,12176,9,0,0
32904,11342,10,0,0
32904,9417,11,0,0
32904,14835,12,0,0
32904,14656,13,0,0
32904,1647,14,0,0
32904,11879,15,0,0
32904,14799,16,0,0
32904,1666,17,0,0
32904,2107,18,0,0
32904,2105,19,0,0
32904,2024,20,0,0
32904,2064,21,0,0
32904,2019,22,0,0
32904,2076,23,0,0
32904,2087,24,0,0
32904,2016,25,0,0
32904,2070,26,0,0
32904,2078,27,0,0
32904,2056,28,0,0
32904,2054,29,0,0
32904,15471,30,0,0
32904,2023,31,0,0
32904,2026,32,0,0
32904,2021,33,0,0
32904,2046,34,0,0
32904,2086,35,0,0
32904,2079,36,0,0
32904,2060,37,0,0
32904,2049,38,0,0
32904,2083,39,0,0
32904,2061,40,0,0
32904,2017,41,0,0
32904,2094,42,0,0
32904,2085,43,0,0
32904,2039,44,0,0
32904,16470,45,0,0
32904,2044,46,0,0
32904,2068,47,0,0
32904,2089,48,0,0
32904,2013,49,0,0
32904,9341,50,0,0
32904,2099,51,0,0
32904,2034,52,0,0
32904,2041,53,0,0
32904,2058,54,0,0
32904,2015,55,0,0
32904,15030,56,0,0
32904,2074,57,0,0
32904,2067,58,0,0
32904,2072,59,0,0
32904,2092,60,0,0
32904,2032,61,1,1
32904,14469,62,0,0
32904,9919,63,0,0
32904,14309,64,0,0
32904,16285,65,0,0
32904,14363,66,1,1
33401,14278,1,0,0
33401,4751,2,0,0
33401,4760,3,0,0
33401,4974,4,0,0
33401,4975,5,0,0
33401,7585,6,0,0
33401,7583,7,0,0
33401,7582,8,0,0
33401,8065,9,0,0
33401,2399,10,0,0
33401,15594,11,0,0
33401,2416,12,0,0
33401,2343,13,0,0
33401,2382,14,0,0
33401,2377,15,0,0
33401,2370,16,0,0
33401,2328,17,0,0
33401,2362,18,0,0
33401,2404,19,0,0
33401,2402,20,0,0
33401,12135,21,0,0
33401,16050,22,0,0
33401,2406,23,0,0
33401,15359,24,0,0
33401,2366,25,0,0
33401,16194,26,0,0
33401,9383,27,0,0
33401,16746,28,0,0
33401,16591,29,0,0
33401,16747,30,0,0
33401,2331,31,0,0
33401,16631,32,0,0
33401,2369,33,0,0
33401,16196,34,0,0
33401,10704,35,0,0
33401,2332,36,0,0
33401,2334,37,0,0
33401,16121,38,0,0
33401,2349,39,0,0
33401,2340,40,0,0
33401,2387,41,0,0
33401,2357,42,0,0
33401,2388,43,0,0
33401,2379,44,0,0
33401,9896,45,0,0
33401,14678,46,0,0
33401,2355,47,0,0
33401,2326,48,0,0
33401,2390,49,0,0
33401,2351,50,0,0
33401,16200,51,0,0
33401,16630,52,0,0
33401,2346,53,0,0
33401,11488,54,0,0
33401,2394,55,0,0
33401,2374,56,0,0
33401,2342,57,0,0
33401,14673,58,0,0
33401,13898,59,0,0
33401,16331,60,0,0
33401,15702,61,0,0
33401,2304,62,0,0
33401,16332,63,0,0
33401,2270,64,0,0
33401,2234,65,0,0
33401,2238,66,0,0
33401,16123,67,0,0
33401,2308,68,0,0
33401,2312,69,0,0
33401,2284,70,0,0
33401,2252,71,0,0
33401,15965,72,0,0
33401,2262,73,0,0
33401,2266,74,0,0
33401,2321,75,0,0
33401,2258,76,0,0
33401,2246,77,0,0
33401,2277,78,0,0
33401,15960,79,0,0
33401,16126,80,0,0
33401,15961,81,0,0
33401,2271,82,0,0
33401,2319,83,0,0
33401,2310,84,0,0
33401,2249,85,0,0
33401,2306,86,0,0
33401,2275,87,0,0
33401,3539,88,0,0
33401,16390,89,0,0
33401,1037,90,0,0
33401,1032,91,0,0
33401,2259,92,0,0
33401,2292,93,0,0
33401,1039,94,0,0
33401,2244,95,0,0
33401,2290,96,0,0
33401,2241,97,0,0
33401,15903,98,0,0
33401,2256,99,0,0
33401,2283,100,0,0
33401,15904,101,0,0
33401,2680,102,0,0
33401,2687,103,0,0
33401,2681,104,0,0
33401,2674,105,0,0
33401,2678,106,0,0
33401,15135,107,0,0
33401,2676,108,0,0
33401,2689,109,0,0
33401,2946,110,0,0
33401,2944,111,0,0
33401,2964,112,0,0
33401,2937,113,0,0
33401,2940,114,0,0
33401,2954,115,0,0
33401,2952,116,0,0
33401,16766,117,0,0
33401,15280,118,0,0
33401,2968,119,0,0
33401,2932,120,0,0
33401,2962,121,0,0
33401,7701,122,0,0
33401,11597,123,0,0
33401,1378,124,0,0
33401,1384,125,0,0
33401,1387,126,0,0
33401,1383,127,0,0
33401,1393,128,0,0
33401,1389,129,0,0
33401,1400,130,0,0
33401,1385,131,0,0
33401,9983,132,0,0
33401,1403,133,0,0
33401,1399,134,0,0
33401,11329,135,0,0
33401,9409,136,0,0
33401,16873,137,0,0
33401,13903,138,0,0
33401,9909,139,0,0
33401,16700,140,0,0
33401,9911,141,0,0
33401,6146,142,0,0
33401,5849,143,1,1
33402,5849,1,0,0
33402,10290,2,0,0
33402,10291,3,0,0
33402,10292,4,0,0
33402,10293,5,0,0
33402,10724,6,0,0
33402,11667,7,0,0
33402,1375,8,0,0
33402,9410,9,0,0
33402,11714,10,0,0
33402,1404,11,0,0
33402,1402,12,0,0
33402,1373,13,0,0
33402,1371,14,0,0
33402,1401,15,0,0
33402,1388,16,0,0
33402,1392,17,0,0
33402,9426,18,0,0
33402,1386,19,0,0
33402,1394,20,0,0
33402,1379,21,0,0
33402,11597,22,0,0
33402,7702,23,0,0
33402,2963,24,0,0
33402,2936,25,0,0
33402,2969,26,0,0
33402,2951,27,0,0
33402,2953,28,0,0
33402,14612,29,0,0
33402,14611,30,0,0
33402,2938,31,0,0
33402,2945,32,0,0
33402,2939,33,0,0
33402,2947,34,0,0
33402,2690,35,0,0
33402,2677,36,0,0
33402,2683,37,0,0
33402,2679,38,0,0
33402,2675,39,0,0
33402,2682,40,0,0
33402,2688,41,0,0
33402,11372,42,0,0
33402,6486,43,0,0
33402,15905,44,0,0
33402,2282,45,0,0
33402,2257,46,0,0
33402,2288,47,0,0
33402,2242,48,0,0
33402,15902,49,0,0
33402,15901,50,0,0
33402,1040,51,0,0
33402,2293,52,0,0
33402,2260,53,0,0
33402,1033,54,0,0
33402,15278,55,0,0
33402,1038,56,0,0
33402,16392,57,0,0
33402,2280,58,0,0
33402,16626,59,0,0
33402,2307,60,0,0
33402,2250,61,0,0
33402,16539,62,0,0
33402,2318,63,0,0
33402,2232,64,0,0
33402,2300,65,0,0
33402,11722,66,0,0
33402,2278,67,0,0
33402,2311,68,0,0
33402,2314,69,0,0
33402,2320,70,0,0
33402,2267,71,0,0
33402,2263,72,0,0
33402,2287,73,0,0
33402,2251,74,0,0
33402,2285,75,0,0
33402,2313,76,0,0
33402,2309,77,0,0
33402,16040,78,0,0
33402,2239,79,0,0
33402,2235,80,0,0
33402,2269,81,0,0
33402,2295,82,0,0
33402,2305,83,0,0
33402,2268,84,0,0
33402,9898,85,0,0
33402,14672,86,0,0
33402,2375,87,0,0
33402,2395,88,0,0
33402,2324,89,0,0
33402,2336,90,0,0
33402,2359,91,0,0
33402,16201,92,0,0
33402,2410,93,0,0
33402,2415,94,0,0
33402,2391,95,0,0
33402,2327,96,0,0
33402,2392,97,0,0
33402,2354,98,0,0
33402,14680,99,0,0
33402,9895,100,0,0
33402,2380,101,0,0
33402,2389,102,0,0
33402,2358,103,0,0
33402,2378,104,0,0
33402,2341,105,0,0
33402,2350,106,0,0
33402,2337,107,0,0
33402,2335,108,0,0
33402,16330,109,0,0
33402,2409,110,0,0
33402,2414,111,0,0
33402,2330,112,0,0
33402,15964,113,0,0
33402,16746,114,0,0
33402,16596,115,0,0
33402,16329,116,0,0
33402,2419,117,0,0
33402,16195,118,0,0
33402,2365,119,0,0
33402,15360,120,0,0
33402,11716,121,0,0
33402,2407,122,0,0
33402,2384,123,0,0
33402,2403,124,0,0
33402,16757,125,0,0
33402,2363,126,0,0
33402,16648,127,0,0
33402,2371,128,0,0
33402,2421,129,0,0
33402,2381,130,0,0
33402,2344,131,0,0
33402,2417,132,0,0
33402,12133,133,0,0
33402,8066,134,0,0
33402,7581,135,0,0
33402,7584,136,0,0
33402,7571,137,0,0
33402,15227,138,0,0
33402,4973,139,0,0
33402,4986,140,0,0
33402,15144,141,0,0
33402,14092,142,1,1
33402,15594,143,1,1
33503,14703,1,0,0
33503,1169,2,0,0
33503,1170,3,0,0
33503,1168,4,0,0
33503,3863,5,0,0
33503,3928,6,0,0
33503,3913,7,0,0
33503,3882,8,0,0
33503,3926,9,0,0
33503,3915,10,0,0
33503,3942,11,0,0
33503,3901,12,0,0
33503,15803,13,0,0
33503,9145,14,0,0
33503,3905,15,0,0
33503,3886,16,0,0
33503,16879,17,0,0
33503,3936,18,0,0
33503,3932,19,0,0
33503,2736,20,0,0
33503,15045,21,0,0
33503,3906,22,0,0
33503,3914,23,0,0
33503,15152,24,0,0
33503,3908,25,0,0
33503,9481,26,0,0
33503,3889,27,0,0
33503,3879,28,0,0
33503,3940,29,0,0
33503,3938,30,0,0
33503,3903,31,0,0
33503,3910,32,0,0
33503,3888,33,0,0
33503,3934,34,0,0
33503,3896,35,0,0
33503,16886,36,0,0
33503,3924,37,0,0
33503,3919,38,0,0
33503,3875,39,0,0
33503,3899,40,0,0
33503,3884,41,0,0
33503,3946,42,0,0
33503,3944,43,0,0
33503,3890,44,0,0
33503,3864,45,0,0
33503,16882,46,0,0
33503,2739,47,0,0
33503,3880,48,0,0
33503,16883,49,0,0
33503,3860,50,0,0
33503,10411,51,0,0
33503,10412,52,0,0
33503,1592,53,0,0
33503,1601,54,0,0
33503,7766,55,0,0
33503,7764,56,0,0
33503,11940,57,1,1
33503,15577,58,1,1
33504,11940,1,0,0
33504,12193,2,0,0
33504,7763,3,0,0
33504,14422,4,0,0
33504,15577,5,0,0
33504,1602,6,0,0
33504,1593,7,0,0
33504,1173,8,0,0
33504,3904,9,0,0
33504,3861,10,0,0
33504,16884,11,0,0
33504,16881,12,0,0
33504,3858,13,0,0
33504,16759,14,0,0
33504,9146,15,0,0
33504,3891,16,0,0
33504,3892,17,0,0
33504,3893,18,0,0
33504,3885,19,0,0
33504,16885,20,0,0
33504,3876,21,0,0
33504,3930,22,0,0
33504,3873,23,0,0
33504,3921,24,0,0
33504,10616,25,0,0
33504,3897,26,0,0
33504,14257,27,0,0
33504,3870,28,0,0
33504,3859,29,0,0
33504,3871,30,0,0
33504,3939,31,0,0
33504,3941,32,0,0
33504,3866,33,0,0
33504,16877,34,0,0
33504,3872,35,0,0
33504,15153,36,0,0
33504,3907,37,0,0
33504,2740,38,0,0
33504,2737,39,0,0
33504,16878,40,0,0
33504,3935,41,0,0
33504,16880,42,0,0
33504,3887,43,0,0
33504,3867,44,0,0
33504,3883,45,0,0
33504,3862,46,0,0
33504,3902,47,0,0
33504,3895,48,0,0
33504,3916,49,0,0
33504,3927,50,0,0
33504,3881,51,0,0
33504,3869,52,0,0
33504,3929,53,0,0
33504,13623,54,0,0
33504,14547,55,0,0
33504,1171,56,0,0
33504,14703,57,1,1
33601,13921,1,0,0
33601,11841,2,0,0
33601,11286,3,0,0
33601,11287,4,0,0
33601,11288,5,0,0
33601,14513,6,0,0
33601,11851,7,0,0
33601,12200,8,0,0
33601,11508,9,0,0
33601,13472,10,0,0
33601,11047,11,0,0
33601,11048,12,0,0
33601,11049,13,0,0
33601,15403,14,0,0
33601,11273,15,0,0
33601,15821,16,0,0
33601,7864,17,0,0
33601,7863,18,0,0
33601,11199,19,0,0
33601,2616,20,0,0
33601,2578,21,0,0
33601,11040,22,0,0
33601,11035,23,0,0
33601,16512,24,0,0
33601,2584,25,0,0
33601,2583,26,0,0
33601,2627,27,0,0
33601,2609,28,0,0
33601,9246,29,0,0
33601,16571,30,0,0
33601,2622,31,0,0
33601,2597,32,0,0
33601,2606,33,0,0
33601,2593,34,0,0
33601,2636,35,0,0
33601,2632,36,0,0
33601,2628,37,0,0
33601,2625,38,0,0
33601,2612,39,0,0
33601,15632,40,0,0
33601,15566,41,0,0
33601,2580,42,0,0
33601,9129,43,0,0
33601,2590,44,0,0
33601,3579,45,0,0
33601,2589,46,0,0
33601,3587,47,0,0
33601,9506,48,0,0
33601,3622,49,0,0
33601,3614,50,0,0
33601,3608,51,0,0
33601,3593,52,0,0
33601,3620,53,0,0
33601,16061,54,0,0
33601,15784,55,0,0
33601,3585,56,0,0
33601,3613,57,0,0
33601,3589,58,0,0
33601,15312,59,0,0
33601,14389,60,0,0
33601,9132,61,0,0
33601,9912,62,1,1
33601,14686,63,1,1
33602,14686,1,0,0
33602,9130,2,0,0
33602,3595,3,0,0
33602,15313,4,0,0
33602,3584,5,0,0
33602,3594,6,0,0
33602,15785,7,0,0
33602,3578,8,0,0
33602,16062,9,0,0
33602,3619,10,0,0
33602,3618,11,0,0
33602,3609,12,0,0
33602,3615,13,0,0
33602,3623,14,0,0
33602,3588,15,0,0
33602,2582,16,0,0
33602,3580,17,0,0
33602,2591,18,0,0
33602,2603,19,0,0
33602,2635,20,0,0
33602,2611,21,0,0
33602,15565,22,0,0
33602,11321,23,0,0
33602,2626,24,0,0
33602,2629,25,0,0
33602,2633,26,0,0
33602,2637,27,0,0
33602,2594,28,0,0
33602,16517,29,0,0
33602,16513,30,0,0
33602,2621,31,0,0
33602,16570,32,0,0
33602,2643,33,0,0
33602,7761,34,0,0
33602,2608,35,0,0
33602,2620,36,0,0
33602,2596,37,0,0
33602,2624,38,0,0
33602,16518,39,0,0
33602,11250,40,0,0
33602,11029,41,0,0
33602,11041,42,0,0
33602,12452,43,0,0
33602,2617,44,0,0
33602,12146,45,0,0
33602,7862,46,0,0
33602,7865,47,0,0
33602,7867,48,0,0
33602,11272,49,0,0
33602,15405,50,0,0
33602,12064,51,0,0
33602,11030,52,0,0
33602,11032,53,0,0
33602,13473,54,0,0
33602,11417,55,0,0
33602,12199,56,0,0
33602,11848,57,0,0
33602,14514,58,0,0
33602,11289,59,0,0
33602,11290,60,0,0
33602,11295,61,0,0
33602,11291,62,0,0
33602,13921,63,1,1
33703,3543,1,0,0
33703,11506,2,0,0
33703,3769,3,0,0
33703,3821,4,0,0
33703,3804,5,0,0
33703,13922,6,0,0
33703,3787,7,0,0
33703,2728,8,0,0
33703,2714,9,0,0
33703,2713,10,0,0
33703,3849,11,0,0
33703,2726,12,0,0
33703,2730,13,0,0
33703,2718,14,0,0
33703,2733,15,0,0
33703,13363,16,0,0
33703,9901,17,0,0
33703,3775,18,0,0
33703,3780,19,0,0
33703,3773,20,0,0
33703,3788,21,0,0
33703,3793,22,0,0
33703,3801,23,0,0
33703,3829,24,0,0
33703,1162,25,0,0
33703,3760,26,0,0
33703,3808,27,0,0
33703,3833,28,0,0
33703,3825,29,0,0
33703,3782,30,0,0
33703,3845,31,0,0
33703,3776,32,0,0
33703,3854,33,0,0
33703,3855,34,0,0
33703,3777,35,0,0
33703,3806,36,0,0
33703,3840,37,0,0
33703,3841,38,0,0
33703,3815,39,0,0
33703,9509,40,0,0
33703,3755,41,0,0
33703,14120,42,0,0
33703,3767,43,0,0
33703,3813,44,0,0
33703,3797,45,0,0
33703,3785,46,0,0
33703,3750,47,0,0
33703,3795,48,0,0
33703,3762,49,0,0
33703,3836,50,0,0
33703,3754,51,0,0
33703,2711,52,0,0
33703,2723,53,0,0
33703,2716,54,0,0
33703,3791,55,0,0
33703,3847,56,0,0
33703,3816,57,0,0
33703,3779,58,0,0
33703,3851,59,0,0
33703,3818,60,0,0
33703,3848,61,0,0
33703,9170,62,0,0
33703,15789,63,1,1
33704,9170,1,0,0
33704,4643,2,0,0
33704,3803,3,0,0
33704,3819,4,0,0
33704,3850,5,0,0
33704,3835,6,0,0
33704,3817,7,0,0
33704,3759,8,0,0
33704,15789,9,0,0
33704,4332,10,0,0
33704,4282,11,0,0
33704,4277,12,0,0
33704,4340,13,0,0
33704,4377,14,0,0
33704,12521,15,0,0
33704,3765,16,0,0
33704,2724,17,0,0
33704,2712,18,0,0
33704,3837,19,0,0
33704,3763,20,0,0
33704,3796,21,0,0
33704,3799,22,0,0
33704,3784,23,0,0
33704,3798,24,0,0
33704,3814,25,0,0
33704,3768,26,0,0
33704,6473,27,0,0
33704,3830,28,0,0
33704,3852,29,0,0
33704,3839,30,0,0
33704,3807,31,0,0
33704,3778,32,0,0
33704,3790,33,0,0
33704,3794,34,0,0
33704,3853,35,0,0
33704,3802,36,0,0
33704,3846,37,0,0
33704,3783,38,0,0
33704,3774,39,0,0
33704,3827,40,0,0
33704,3826,41,0,0
33704,3809,42,0,0
33704,3761,43,0,0
33704,3828,44,0,0
33704,3800,45,0,0
33704,3771,46,0,0
33704,3823,47,0,0
33704,3789,48,0,0
33704,3834,49,0,0
33704,16190,50,0,0
33704,16456,51,0,0
33704,526,52,0,0
33704,2734,53,0,0
33704,13446,54,0,0
33704,2710,55,0,0
33704,2727,56,0,0
33704,2731,57,0,0
33704,2722,58,0,0
33704,2725,59,0,0
33704,2729,60,0,0
33704,3786,61,0,0
33704,3758,62,0,0
33704,3805,63,0,0
33704,3820,64,0,0
33704,3770,65,0,0
33704,3812,66,0,0
33704,3543,67,1,1
33901,9912,1,0,0
33901,2516,2,0,0
33901,2507,3,0,0
33901,2574,4,0,0
33901,2522,5,0,0
33901,2572,6,0,0
33901,2527,7,0,0
33901,2509,8,0,0
33901,2488,9,0,0
33901,2510,10,0,0
33901,2512,11,0,0
33901,2537,12,0,0
33901,2541,13,0,0
33901,2482,14,0,0
33901,11264,15,0,0
33901,2518,16,0,0
33901,2543,17,0,0
33901,2564,18,0,0
33901,2520,19,0,0
33901,2504,20,0,0
33901,2550,21,0,0
33901,2502,22,0,0
33901,2565,23,0,0
33901,2538,24,0,0
33901,2530,25,0,0
33901,2494,26,0,0
33901,2569,27,0,0
33901,2493,28,0,0
33901,2555,29,0,0
33901,2490,30,0,0
33901,2567,31,0,0
33901,2481,32,0,0
33901,2514,33,0,0
33901,10658,34,0,0
33901,2485,35,0,0
33901,2534,36,0,0
33901,2501,37,0,0
33901,2497,38,0,0
33901,2547,39,0,0
33901,1055,40,0,0
33901,2546,41,0,0
33901,2532,42,0,0
33901,2559,43,0,0
33901,11344,44,0,0
33901,2525,45,0,0
33901,2561,46,0,0
33901,16369,47,0,0
33901,2484,48,0,0
33901,11548,49,0,0
33901,11549,50,0,0
33901,11550,51,0,0
33901,11551,52,0,0
33901,11552,53,1,1
33902,1375,1,0,0
33902,868,2,0,0
33902,867,3,0,0
33902,75,4,0,0
33902,11548,5,0,0
33902,11549,6,0,0
33902,11550,7,0,0
33902,11551,8,0,0
33902,11552,9,0,0
33902,16022,10,0,0
33902,11554,11,0,0
33902,2562,12,0,0
33902,2526,13,0,0
33902,11345,14,0,0
33902,2560,15,0,0
33902,2533,16,0,0
33902,2545,17,0,0
33902,2529,18,0,0
33902,2548,19,0,0
33902,11332,20,0,0
33902,2498,21,0,0
33902,2483,22,0,0
33902,2535,23,0,0
33902,2486,24,0,0
33902,10659,25,0,0
33902,2515,26,0,0
33902,2571,27,0,0
33902,2568,28,0,0
33902,2491,29,0,0
33902,2553,30,0,0
33902,2495,31,0,0
33902,2570,32,0,0
33902,2496,33,0,0
33902,2531,34,0,0
33902,2539,35,0,0
33902,2566,36,0,0
33902,2503,37,0,0
33902,2549,38,0,0
33902,2552,39,0,0
33902,9617,40,0,0
33902,2492,41,0,0
33902,2521,42,0,0
33902,2544,43,0,0
33902,2519,44,0,0
33902,2540,45,0,0
33902,2542,46,0,0
33902,2536,47,0,0
33902,2563,48,0,0
33902,2511,49,0,0
33902,9127,50,0,0
33902,2576,51,0,0
33902,2528,52,0,0
33902,2573,53,0,0
33902,2523,54,0,0
33902,2575,55,0,0
33902,2508,56,0,0
33902,2517,57,0,0
33902,9131,58,0,0
33902,9130,59,1,1
34001,5916,1,0,0
34001,8166,2,0,0
34001,8176,3,0,0
34001,8162,4,0,0
34001,9980,5,0,0
34001,8171,6,0,0
34001,11715,7,0,0
34001,8172,8,0,0
34001,8183,9,0,0
34001,8180,10,0,0
34001,8169,11,0,0
34001,13340,12,0,0
34001,13711,13,0,0
34001,7364,14,0,0
34001,7360,15,0,0
34001,13305,16,0,0
34001,13306,17,0,0
34001,13307,18,0,0
34001,9942,19,0,0
34001,5030,20,0,0
34001,5031,21,0,0
34001,15827,22,0,0
34001,3495,23,0,0
34001,15983,24,0,0
34001,3513,25,0,0
34001,3508,26,0,0
34001,3503,27,0,0
34001,3486,28,0,0
34001,3501,29,0,0
34001,3507,30,0,0
34001,14050,31,0,0
34001,3491,32,0,0
34001,9855,33,1,1
34001,14663,34,1,1
34002,14663,1,0,0
34002,9855,2,0,0
34002,3490,3,0,0
34002,3497,4,0,0
34002,3500,5,0,0
34002,3493,6,0,0
34002,3502,7,0,0
34002,3509,8,0,0
34002,3514,9,0,0
34002,15984,10,0,0
34002,3496,11,0,0
34002,3521,12,0,0
34002,4455,13,0,0
34002,3528,14,0,0
34002,3527,15,0,0
34002,3505,16,0,0
34002,15421,17,0,0
34002,14895,18,0,0
34002,13320,19,0,0
34002,13343,20,0,0
34002,7359,21,0,0
34002,7361,22,0,0
34002,15061,23,0,0
34002,13341,24,0,0
34002,7898,25,0,0
34002,8179,26,0,0
34002,8168,27,0,0
34002,8173,28,0,0
34002,8155,29,0,0
34002,11620,30,0,0
34002,9979,31,0,0
34002,8161,32,0,0
34002,8175,33,0,0
34002,8165,34,0,0
34002,14879,35,1,1
34103,14705,1,0,0
34103,15434,2,0,0
34103,7888,3,0,0
34103,7891,4,0,0
34103,7882,5,0,0
34103,7886,6,0,0
34103,7893,7,0,0
34103,7901,8,0,0
34103,7899,9,0,0
34103,4509,10,0,0
34103,4502,11,0,0
34103,4510,12,0,0
34103,4506,13,0,0
34103,4505,14,0,0
34103,4567,15,0,0
34103,4024,16,0,0
34103,3978,17,0,0
34103,4057,18,0,0
34103,15998,19,0,0
34103,3955,20,0,0
34103,3966,21,0,0
34103,4002,22,0,0
34103,3975,23,0,0
34103,15787,24,0,0
34103,15786,25,0,0
34103,4007,26,0,0
34103,15584,27,0,0
34103,4010,28,0,0
34103,4025,29,0,0
34103,3986,30,0,0
34103,3982,31,0,0
34103,9154,32,0,0
34103,16444,33,0,0
34103,4045,34,0,0
34103,4003,35,0,0
34103,4047,36,0,0
34103,3977,37,0,0
34103,4051,38,0,0
34103,7897,39,0,0
34103,7895,40,0,0
34103,3981,41,0,0
34103,9151,42,0,0
34103,13924,43,0,0
34103,3959,44,0,0
34103,4043,45,0,0
34103,9149,46,0,0
34103,15653,47,0,0
34103,14832,48,0,0
34103,14860,49,0,0
34103,13671,50,0,0
34103,14284,51,0,0
34103,7763,52,0,0
34103,14422,53,0,0
34103,7766,54,0,0
34103,7764,55,0,0
34103,11940,56,1,1
34104,11940,1,0,0
34104,12193,2,0,0
34104,7992,3,0,0
34104,15130,4,0,0
34104,14845,5,0,0
34104,14861,6,0,0
34104,16238,7,0,0
34104,3995,8,0,0
34104,11321,9,0,0
34104,10755,10,0,0
34104,9148,11,0,0
34104,4036,12,0,0
34104,3997,13,0,0
34104,7885,14,0,0
34104,9153,15,0,0
34104,4030,16,0,0
34104,4052,17,0,0
34104,3976,18,0,0
34104,16132,19,0,0
34104,3964,20,0,0
34104,9801,21,0,0
34104,9880,22,0,0
34104,4049,23,0,0
34104,3983,24,0,0
34104,3987,25,0,0
34104,4026,26,0,0
34104,4011,27,0,0
34104,4016,28,0,0
34104,9152,29,0,0
34104,3972,30,0,0
34104,3953,31,0,0
34104,3993,32,0,0
34104,3999,33,0,0
34104,3998,34,0,0
34104,3970,35,0,0
34104,15994,36,0,0
34104,4058,37,0,0
34104,3979,38,0,0
34104,14867,39,0,0
34104,11588,40,0,0
34104,14866,41,0,0
34104,8765,42,0,0
34104,8750,43,0,0
34104,8749,44,0,0
34104,11069,45,0,0
34104,14434,46,0,0
34104,15750,47,0,0
34104,7902,48,0,0
34104,7894,49,0,0
34104,7887,50,0,0
34104,7883,51,0,0
34104,7892,52,0,0
34104,7890,53,0,0
34104,7889,54,0,0
34104,15431,55,1,1
34303,16394,1,0,0
34303,2280,2,0,0
34303,4129,3,0,0
34303,4126,4,0,0
34303,4068,5,0,0
34303,4117,6,0,0
34303,4115,7,0,0
34303,4083,8,0,0
34303,4095,9,0,0
34303,16724,10,0,0
34303,4085,11,0,0
34303,4123,12,0,0
34303,4102,13,0,0
34303,4073,14,0,0
34303,16377,15,0,0
34303,4113,16,0,0
34303,4094,17,0,0
34303,4127,18,0,0
34303,4109,19,0,0
34303,4074,20,0,0
34303,4121,21,0,0
34303,4111,22,0,0
34303,16412,23,0,0
34303,4089,24,0,0
34303,4098,25,0,0
34303,4090,26,0,0
34303,4104,27,0,0
34303,4070,28,0,0
34303,4081,29,0,0
34303,4130,30,0,0
34303,4077,31,0,0
34303,4066,32,0,0
34303,10600,33,0,0
34303,11562,34,0,0
34303,14421,35,0,0
34303,4067,36,0,0
34303,10036,37,0,0
34303,10037,38,0,0
34303,10511,39,0,0
34303,14256,40,0,0
34303,10478,41,0,0
34303,9781,42,0,0
34303,11251,43,1,1
34304,11251,1,0,0
34304,10530,2,0,0
34304,5732,3,0,0
34304,11252,4,0,0
34304,11253,5,0,0
34304,11254,6,0,0
34304,12197,7,0,0
34304,11558,8,0,0
34304,4060,9,0,0
34304,10601,10,0,0
34304,4065,11,0,0
34304,4078,12,0,0
34304,4131,13,0,0
34304,4082,14,0,0
34304,4099,15,0,0
34304,4105,16,0,0
34304,4091,17,0,0
34304,4097,18,0,0
34304,13342,19,0,0
34304,16418,20,0,0
34304,16414,21,0,0
34304,4122,22,0,0
34304,4092,23,0,0
34304,4110,24,0,0
34304,4128,25,0,0
34304,4062,26,0,0
34304,4087,27,0,0
34304,4080,28,0,0
34304,4072,29,0,0
34304,4103,30,0,0
34304,4124,31,0,0
34304,4086,32,0,0
34304,4132,33,0,0
34304,4076,34,0,0
34304,4096,35,0,0
34304,4084,36,0,0
34304,4116,37,0,0
34304,4118,38,0,0
34304,4069,39,0,0
34304,13696,40,0,0
34304,4093,41,0,0
34304,3539,42,0,0
34304,16394,43,1,1
34503,4435,1,0,0
34503,15428,2,0,0
34503,5164,3,0,0
34503,5187,4,0,0
34503,5163,5,0,0
34503,5160,6,0,0
34503,5159,7,0,0
34503,5157,8,0,0
34503,5182,9,0,0
34503,12126,10,0,0
34503,12120,11,0,0
34503,12121,12,0,0
34503,12122,13,0,0
34503,4289,14,0,0
34503,4342,15,0,0
34503,4326,16,0,0
34503,4380,17,0,0
34503,4378,18,0,0
34503,4307,19,0,0
34503,4361,20,0,0
34503,4384,21,0,0
34503,4347,22,0,0
34503,4280,23,0,0
34503,4301,24,0,0
34503,4343,25,0,0
34503,4273,26,0,0
34503,4350,27,0,0
34503,4699,28,0,0
34503,16918,29,0,0
34503,5126,30,0,0
34503,4291,31,0,0
34503,4382,32,0,0
34503,4338,33,0,0
34503,4314,34,0,0
34503,4294,35,0,0
34503,4391,36,0,0
34503,4298,37,0,0
34503,4364,38,0,0
34503,4283,39,0,0
34503,4345,40,0,0
34503,4357,41,0,0
34503,4358,42,0,0
34503,4335,43,0,0
34503,4304,44,0,0
34503,4389,45,0,0
34503,4328,46,0,0
34503,4316,47,0,0
34503,4387,48,0,0
34503,4324,49,0,0
34503,4349,50,0,0
34503,15236,51,0,0
34503,4303,52,0,0
34503,4333,53,0,0
34503,4376,54,0,0
34503,4318,55,0,0
34503,4285,56,0,0
34503,4287,57,0,0
34503,4370,58,0,0
34503,4368,59,0,0
34503,15747,60,0,0
34503,4373,61,0,0
34503,4312,62,0,0
34503,4322,63,0,0
34503,4293,64,0,0
34503,15749,65,0,0
34503,4329,66,0,0
34503,4276,67,0,0
34503,4355,68,0,0
34503,11043,69,0,0
34503,4309,70,0,0
34503,4354,71,0,0
34503,16248,72,0,0
34503,4281,73,0,0
34503,4331,74,0,0
34503,9878,75,1,1
34504,15789,1,0,0
34504,4332,2,0,0
34504,4282,3,0,0
34504,4277,4,0,0
34504,4340,5,0,0
34504,4377,6,0,0
34504,11044,7,0,0
34504,4272,8,0,0
34504,4275,9,0,0
34504,4330,10,0,0
34504,4321,11,0,0
34504,4386,12,0,0
34504,4323,13,0,0
34504,4313,14,0,0
34504,4374,15,0,0
34504,15748,16,0,0
34504,14891,17,0,0
34504,4371,18,0,0
34504,4288,19,0,0
34504,4286,20,0,0
34504,4372,21,0,0
34504,4375,22,0,0
34504,4334,23,0,0
34504,4302,24,0,0
34504,4320,25,0,0
34504,4336,26,0,0
34504,4325,27,0,0
34504,4388,28,0,0
34504,4317,29,0,0
34504,4300,30,0,0
34504,4390,31,0,0
34504,4305,32,0,0
34504,4337,33,0,0
34504,4359,34,0,0
34504,4356,35,0,0
34504,4346,36,0,0
34504,4284,37,0,0
34504,4365,38,0,0
34504,4299,39,0,0
34504,5134,40,0,0
34504,4295,41,0,0
34504,4315,42,0,0
34504,13447,43,0,0
34504,4383,44,0,0
34504,16020,45,0,0
34504,16919,46,0,0
34504,4618,47,0,0
34504,4351,48,0,0
34504,4274,49,0,0
34504,4344,50,0,0
34504,4352,51,0,0
34504,4353,52,0,0
34504,4348,53,0,0
34504,4385,54,0,0
34504,4362,55,0,0
34504,4308,56,0,0
34504,4379,57,0,0
34504,4381,58,0,0
34504,4327,59,0,0
34504,4341,60,0,0
34504,12124,61,0,0
34504,12126,62,0,0
34504,12120,63,0,0
34504,12121,64,0,0
34504,16920,65,0,0
34504,5156,66,0,0
34504,5158,67,0,0
34504,5161,68,0,0
34504,5162,69,0,0
34504,5188,70,0,0
34504,5165,71,0,0
34504,13482,72,0,0
34504,4435,73,1,1
35201,14092,1,0,0
35201,14278,2,0,0
35201,4751,3,0,0
35201,4760,4,0,0
35201,4974,5,0,0
35201,4975,6,0,0
35201,5003,7,0,0
35201,4989,8,0,0
35201,4998,9,0,0
35201,4992,10,0,0
35201,4977,11,0,0
35201,4990,12,0,0
35201,13698,13,0,0
35201,5005,14,0,0
35201,4987,15,0,0
35201,4980,16,0,0
35201,4981,17,0,0
35201,4995,18,0,0
35201,7025,19,0,0
35201,5402,20,0,0
35201,5399,21,0,0
35201,5418,22,0,0
35201,5405,23,0,0
35201,6046,24,0,0
35201,5377,25,0,0
35201,5414,26,0,0
35201,5397,27,0,0
35201,5395,28,0,0
35201,2824,29,0,0
35201,5359,30,0,0
35201,5346,31,0,0
35201,5391,32,0,0
35201,5356,33,0,0
35201,5394,34,0,0
35201,5381,35,0,0
35201,5366,36,0,0
35201,5340,37,0,0
35201,5350,38,0,0
35201,5403,39,0,0
35201,5363,40,0,0
35201,5373,41,0,0
35201,5360,42,0,0
35201,15198,43,0,0
35201,5343,44,0,0
35201,5389,45,0,0
35201,12202,46,0,0
35201,5407,47,0,0
35201,5369,48,0,0
35201,5347,49,0,0
35201,5371,50,0,0
35201,5337,51,0,0
35201,5370,52,0,0
35201,5385,53,0,0
35201,5384,54,0,0
35201,5335,55,0,0
35201,5392,56,0,0
35201,5352,57,0,0
35201,5374,58,0,0
35201,5365,59,0,0
35201,5355,60,0,0
35201,1235,61,0,0
35201,1233,62,0,0
35201,2819,63,0,0
35201,1222,64,0,0
35201,1227,65,0,0
35201,1231,66,0,0
35201,1230,67,0,0
35201,9157,68,0,0
35201,1220,69,0,0
35201,1725,70,0,0
35201,1718,71,0,0
35201,11996,72,0,0
35201,1729,73,1,1
35202,1729,1,0,0
35202,11247,2,0,0
35202,14510,3,0,0
35202,9122,4,0,0
35202,1726,5,0,0
35202,2817,6,0,0
35202,1229,7,0,0
35202,1232,8,0,0
35202,1228,9,0,0
35202,1226,10,0,0
35202,1221,11,0,0
35202,1234,12,0,0
35202,5388,13,0,0
35202,5380,14,0,0
35202,5375,15,0,0
35202,5368,16,0,0
35202,5336,17,0,0
35202,5376,18,0,0
35202,5386,19,0,0
35202,5411,20,0,0
35202,5339,21,0,0
35202,5338,22,0,0
35202,5349,23,0,0
35202,5348,24,0,0
35202,5410,25,0,0
35202,5408,26,0,0
35202,12203,27,0,0
35202,5390,28,0,0
35202,5344,29,0,0
35202,5354,30,0,0
35202,5361,31,0,0
35202,5334,32,0,0
35202,5364,33,0,0
35202,5404,34,0,0
35202,5351,35,0,0
35202,5341,36,0,0
35202,5367,37,0,0
35202,5382,38,0,0
35202,5393,39,0,0
35202,5357,40,0,0
35202,5358,41,0,0
35202,5345,42,0,0
35202,5342,43,0,0
35202,5379,44,0,0
35202,5396,45,0,0
35202,5398,46,0,0
35202,5415,47,0,0
35202,5413,48,0,0
35202,5387,49,0,0
35202,5406,50,0,0
35202,5417,51,0,0
35202,5400,52,0,0
35202,5401,53,0,0
35202,7026,54,0,0
35202,4994,55,0,0
35202,4982,56,0,0
35202,4983,57,0,0
35202,4988,58,0,0
35202,4971,59,0,0
35202,13699,60,0,0
35202,4991,61,0,0
35202,4978,62,0,0
35202,4993,63,0,0
35202,4984,64,0,0
35202,4979,65,0,0
35202,4972,66,0,0
35202,4976,67,0,0
35202,4973,68,0,0
35202,4986,69,0,0
35202,15144,70,0,0
35202,14092,71,1,1
35301,9824,1,0,0
35301,9825,2,0,0
35301,9261,3,0,0
35301,9262,4,0,0
35301,9826,5,0,0
35301,10866,6,0,0
35301,4643,7,0,0
35301,8284,8,0,0
35301,8272,9,0,0
35301,8271,10,0,0
35301,8276,11,0,0
35301,8313,12,0,0
35301,8260,13,0,0
35301,8289,14,0,0
35301,8281,15,0,0
35301,8315,16,0,0
35301,8306,17,0,0
35301,8301,18,0,0
35301,8259,19,0,0
35301,8294,20,0,0
35301,6144,21,0,0
35301,12088,22,0,0
35301,1592,23,0,0
35301,1601,24,0,0
35301,15573,25,0,0
35301,1594,26,0,0
35301,1590,27,0,0
35301,1596,28,0,0
35301,1597,29,0,0
35301,8254,30,0,0
35301,8258,31,0,0
35301,8275,32,0,0
35301,8268,33,0,0
35301,8270,34,0,0
35301,8278,35,0,0
35301,8292,36,0,0
35301,8304,37,0,0
35301,8310,38,0,0
35301,8266,39,0,0
35301,1587,40,0,0
35301,1603,41,0,0
35301,8262,42,0,0
35301,8290,43,0,0
35301,8279,44,0,0
35301,8309,45,0,0
35301,8299,46,0,0
35301,8217,47,0,0
35301,8246,48,0,0
35301,8230,49,0,0
35301,8245,50,0,0
35301,15238,51,0,0
35301,15239,52,0,0
35301,8211,53,0,0
35301,8236,54,0,0
35301,8226,55,0,0
35301,8212,56,0,0
35301,8214,57,0,0
35301,8228,58,0,0
35301,6142,59,0,0
35301,12816,60,0,0
35301,8237,61,0,0
35301,13339,62,0,0
35301,8209,63,0,0
35301,8243,64,0,0
35301,8234,65,0,0
35301,8221,66,0,0
35301,16013,67,0,0
35301,9344,68,0,0
35301,9345,69,0,0
35301,9346,70,0,0
35301,9347,71,0,0
35301,9780,72,0,0
35301,14256,73,0,0
35301,10478,74,0,0
35301,9781,75,0,0
35301,16247,76,0,0
35301,9783,77,0,0
35301,9828,78,0,0
35301,9881,79,0,0
35301,9829,80,0,0
35301,9830,81,0,0
35301,10919,82,0,0
35301,12076,83,0,0
35301,11606,84,0,0
35301,14374,85,0,0
35301,11608,86,0,0
35301,14375,87,0,0
35301,14376,88,0,0
35301,14377,89,0,0
35301,14981,90,0,0
35301,16255,91,0,0
35301,14380,92,0,0
35301,14382,93,0,0
35301,14984,94,0,0
35301,14985,95,0,0
35301,14988,96,0,0
35301,14266,97,0,0
35301,14107,98,0,0
35301,14982,99,0,0
35301,14264,100,0,0
35301,14086,101,0,0
35301,14445,102,0,0
35301,14443,103,0,0
35301,14550,104,0,0
35301,16700,105,0,0
35301,9911,106,0,0
35301,6146,107,0,0
35301,5849,108,1,1
35302,5849,1,0,0
35302,10290,2,0,0
35302,10291,3,0,0
35302,10292,4,0,0
35302,10293,5,0,0
35302,10724,6,0,0
35302,14549,7,0,0
35302,14442,8,0,0
35302,14444,9,0,0
35302,14446,10,0,0
35302,15423,11,0,0
35302,15432,12,0,0
35302,14989,13,0,0
35302,14987,14,0,0
35302,14986,15,0,0
35302,14983,16,0,0
35302,14423,17,0,0
35302,14379,18,0,0
35302,11611,19,0,0
35302,14603,20,0,0
35302,11612,21,0,0
35302,11613,22,0,0
35302,11614,23,0,0
35302,11615,24,0,0
35302,12077,25,0,0
35302,16669,26,0,0
35302,9831,27,0,0
35302,9832,28,0,0
35302,9882,29,0,0
35302,9833,30,0,0
35302,16668,31,0,0
35302,9787,32,0,0
35302,4640,33,0,0
35302,10479,34,0,0
35302,13448,35,0,0
35302,9354,36,0,0
35302,9355,37,0,0
35302,9356,38,0,0
35302,9357,39,0,0
35302,10138,40,0,0
35302,8222,41,0,0
35302,8218,42,0,0
35302,8241,43,0,0
35302,8232,44,0,0
35302,8250,45,0,0
35302,8238,46,0,0
35302,8215,47,0,0
35302,15742,48,0,0
35302,8229,49,0,0
35302,8219,50,0,0
35302,8213,51,0,0
35302,8227,52,0,0
35302,8233,53,0,0
35302,8210,54,0,0
35302,8224,55,0,0
35302,8225,56,0,0
35302,8256,57,0,0
35302,8287,58,0,0
35302,8247,59,0,0
35302,8216,60,0,0
35302,8317,61,0,0
35302,8300,62,0,0
35302,8280,63,0,0
35302,8291,64,0,0
35302,8263,65,0,0
35302,8314,66,0,0
35302,8261,67,0,0
35302,8265,68,0,0
35302,8311,69,0,0
35302,8293,70,0,0
35302,8267,71,0,0
35302,8269,72,0,0
35302,8274,73,0,0
35302,8257,74,0,0
35302,8255,75,0,0
35302,16419,76,0,0
35302,8264,77,0,0
35302,1598,78,0,0
35302,1591,79,0,0
35302,1595,80,0,0
35302,1602,81,0,0
35302,1593,82,0,0
35302,8286,83,0,0
35302,8253,84,0,0
35302,8295,85,0,0
35302,8296,86,0,0
35302,8302,87,0,0
35302,8307,88,0,0
35302,8316,89,0,0
35302,8297,90,0,0
35302,8288,91,0,0
35302,8303,92,0,0
35302,8312,93,0,0
35302,8277,94,0,0
35302,8298,95,0,0
35302,8273,96,0,0
35302,8283,97,0,0
35302,8285,98,0,0
35302,9822,99,0,0
35302,9263,100,0,0
35302,9264,101,0,0
35302,9823,102,0,0
35302,9824,103,1,1
35401,14673,1,0,0
35401,13898,2,0,0
35401,16331,3,0,0
35401,15702,4,0,0
35401,2304,5,0,0
35401,16332,6,0,0
35401,2270,7,0,0
35401,2234,8,0,0
35401,2238,9,0,0
35401,16123,10,0,0
35401,2308,11,0,0
35401,2312,12,0,0
35401,2284,13,0,0
35401,2252,14,0,0
35401,15965,15,0,0
35401,16117,16,0,0
35401,1977,17,0,0
35401,16603,18,0,0
35401,1942,19,0,0
35401,1922,20,0,0
35401,1961,21,0,0
35401,1946,22,0,0
35401,5259,23,0,0
35401,5275,24,0,0
35401,5313,25,0,0
35401,5312,26,0,0
35401,5245,27,0,0
35401,5328,28,0,0
35401,16527,29,0,0
35401,5305,30,0,0
35401,16526,31,0,0
35401,5330,32,0,0
35401,5255,33,0,0
35401,5325,34,0,0
35401,11676,35,0,0
35401,16611,36,0,0
35401,5279,37,0,0
35401,5311,38,0,0
35401,5294,39,0,0
35401,9930,40,0,0
35401,5286,41,0,0
35401,5239,42,0,0
35401,5229,43,0,0
35401,16865,44,0,0
35401,5242,45,0,0
35401,5235,46,0,0
35401,5233,47,0,0
35401,5273,48,0,0
35401,5307,49,0,0
35401,9503,50,0,0
35401,5274,51,0,0
35401,5264,52,0,0
35401,5316,53,0,0
35401,5297,54,0,0
35401,5319,55,0,0
35401,5299,56,0,0
35401,5302,57,0,0
35401,5266,58,0,0
35401,5228,59,0,0
35401,5281,60,0,0
35401,4423,61,0,0
35401,4419,62,0,0
35401,4418,63,0,0
35401,5284,64,0,0
35401,4425,65,0,0
35401,4422,66,0,0
35401,11185,67,0,0
35401,4414,68,0,0
35401,4413,69,0,0
35401,5291,70,0,0
35401,5303,71,0,0
35401,5251,72,0,0
35401,16250,73,0,0
35401,5250,74,0,0
35401,5310,75,0,0
35401,6530,76,0,0
35401,9967,77,0,0
35401,9969,78,0,0
35401,9970,79,1,1
35401,16766,80,1,1
35402,9970,1,0,0
35402,9971,2,0,0
35402,9972,3,0,0
35402,13068,4,0,0
35402,5309,5,0,0
35402,5249,6,0,0
35402,5248,7,0,0
35402,16653,8,0,0
35402,5304,9,0,0
35402,5292,10,0,0
35402,4412,11,0,0
35402,4415,12,0,0
35402,4417,13,0,0
35402,13704,14,0,0
35402,5285,15,0,0
35402,4427,16,0,0
35402,5252,17,0,0
35402,4424,18,0,0
35402,5282,19,0,0
35402,5298,20,0,0
35402,5267,21,0,0
35402,5301,22,0,0
35402,5300,23,0,0
35402,5296,24,0,0
35402,5317,25,0,0
35402,5265,26,0,0
35402,5272,27,0,0
35402,9504,28,0,0
35402,5308,29,0,0
35402,5271,30,0,0
35402,5232,31,0,0
35402,5234,32,0,0
35402,5241,33,0,0
35402,5289,34,0,0
35402,5230,35,0,0
35402,5238,36,0,0
35402,16737,37,0,0
35402,5240,38,0,0
35402,5293,39,0,0
35402,5280,40,0,0
35402,5253,41,0,0
35402,15243,42,0,0
35402,5276,43,0,0
35402,5263,44,0,0
35402,5329,45,0,0
35402,16528,46,0,0
35402,5306,47,0,0
35402,5322,48,0,0
35402,5326,49,0,0
35402,5246,50,0,0
35402,5256,51,0,0
35402,5324,52,0,0
35402,5333,53,0,0
35402,5260,54,0,0
35402,14255,55,0,0
35402,1962,56,0,0
35402,1923,57,0,0
35402,15526,58,0,0
35402,1978,59,0,0
35402,14258,60,0,0
35402,2287,61,0,0
35402,2251,62,0,0
35402,2285,63,0,0
35402,2313,64,0,0
35402,2309,65,0,0
35402,16040,66,0,0
35402,2239,67,0,0
35402,2235,68,0,0
35402,2269,69,0,0
35402,2295,70,0,0
35402,2305,71,0,0
35402,2268,72,0,0
35402,9898,73,0,0
35402,14673,74,1,1
36303,12584,1,0,0
36303,11991,2,0,0
36303,16063,3,0,0
36303,11695,4,0,0
36303,6050,5,0,0
36303,6052,6,0,0
36303,5978,7,0,0
36303,15890,8,0,0
36303,5963,9,0,0
36303,5954,10,0,0
36303,5956,11,0,0
36303,5961,12,0,0
36303,5972,13,0,0
36303,5973,14,0,0
36303,8008,15,0,0
36303,5976,16,0,0
36303,5966,17,0,0
36303,5969,18,0,0
36303,5965,19,0,0
36303,5967,20,0,0
36303,5959,21,0,0
36303,949,22,0,0
36303,5895,23,0,0
36303,5915,24,0,0
36303,5914,25,0,0
36303,15986,26,0,0
36303,5899,27,0,0
36303,5911,28,0,0
36303,5909,29,0,0
36303,5917,30,0,0
36303,5896,31,0,0
36303,5903,32,0,0
36303,2379,33,0,0
36303,9896,34,1,1
36303,14676,35,1,1
36304,9895,1,0,0
36304,14676,2,0,0
36304,2380,3,0,0
36304,5904,4,0,0
36304,5897,5,0,0
36304,5905,6,0,0
36304,5910,7,0,0
36304,5912,8,0,0
36304,5900,9,0,0
36304,15985,10,0,0
36304,5916,11,0,0
36304,5913,12,0,0
36304,5908,13,0,0
36304,5898,14,0,0
36304,5958,15,0,0
36304,5968,16,0,0
36304,13895,17,0,0
36304,5970,18,0,0
36304,5977,19,0,0
36304,5975,20,0,0
36304,9857,21,0,0
36304,5974,22,0,0
36304,5971,23,0,0
36304,5960,24,0,0
36304,5957,25,0,0
36304,5955,26,0,0
36304,5962,27,0,0
36304,5952,28,0,0
36304,5979,29,0,0
36304,6051,30,0,0
36304,11691,31,0,0
36304,13624,32,0,0
36304,13625,33,0,0
36304,14536,34,0,0
36304,11992,35,0,0
36304,15190,36,0,0
36304,12584,37,1,1
36503,15128,1,0,0
36503,15513,2,0,0
36503,15068,3,0,0
36503,6639,4,0,0
36503,6645,5,0,0
36503,6643,6,0,0
36503,6646,7,0,0
36503,15218,8,0,0
36503,6642,9,0,0
36503,6637,10,0,0
36503,13463,11,0,0
36503,6653,12,0,0
36503,6651,13,0,0
36503,6648,14,0,0
36503,6633,15,1,1
36504,6638,1,0,0
36504,6649,2,0,0
36504,6652,3,0,0
36504,6654,4,0,0
36504,6634,5,0,0
36504,6650,6,0,0
36504,6641,7,0,0
36504,6635,8,0,0
36504,6647,9,0,0
36504,6644,10,0,0
36504,10229,11,0,0
36504,6632,12,0,0
36504,6640,13,0,0
36504,9535,14,0,0
36504,5996,15,0,0
36504,15512,16,0,0
36504,15515,17,0,0
36504,15128,18,1,1
37303,6976,1,0,0
37303,14753,2,0,0
37303,1513,3,0,0
37303,1520,4,0,0
37303,1515,5,0,0
37303,1521,6,0,0
37303,1511,7,0,0
37303,1518,8,0,0
37303,1510,9,0,0
37303,6971,10,0,0
37303,7024,11,0,0
37303,6996,12,0,0
37303,6981,13,0,0
37303,6985,14,0,0
37303,7018,15,0,0
37303,6970,16,0,0
37303,6993,17,0,0
37303,7002,18,0,0
37303,7029,19,0,0
37303,6979,20,0,0
37303,7034,21,0,0
37303,7038,22,0,0
37303,7040,23,0,0
37303,7005,24,0,0
37303,7026,25,0,0
37303,6991,26,0,0
37303,7365,27,0,0
37303,7368,28,0,0
37303,7443,29,0,0
37303,14262,30,0,0
37303,7445,31,0,0
37303,7446,32,0,0
37303,8777,33,0,0
37303,8727,34,0,0
37303,8771,35,0,0
37303,8693,36,0,0
37303,8737,37,0,0
37303,8690,38,0,0
37303,8745,39,0,0
37303,8766,40,0,0
37303,6174,41,0,0
37303,8698,42,0,0
37303,8709,43,0,0
37303,8731,44,0,0
37303,8728,45,0,0
37303,8688,46,0,0
37303,8741,47,0,0
37303,8723,48,0,0
37303,9104,49,0,0
37303,8720,50,0,0
37303,8739,51,0,0
37303,8701,52,0,0
37303,8753,53,0,0
37303,8726,54,0,0
37303,14064,55,0,0
37303,8297,56,0,0
37303,8288,57,0,0
37303,8303,58,0,0
37303,8312,59,0,0
37303,8277,60,0,0
37303,8298,61,0,0
37303,8273,62,0,0
37303,8283,63,0,0
37303,8285,64,0,0
37303,9822,65,1,1
37304,10866,1,0,0
37304,4643,2,0,0
37304,8284,3,0,0
37304,8272,4,0,0
37304,8271,5,0,0
37304,8276,6,0,0
37304,8313,7,0,0
37304,8260,8,0,0
37304,8289,9,0,0
37304,8281,10,0,0
37304,10700,11,0,0
37304,10701,12,0,0
37304,10702,13,0,0
37304,8702,14,0,0
37304,8738,15,0,0
37304,8692,16,0,0
37304,8721,17,0,0
37304,8772,18,0,0
37304,8722,19,0,0
37304,8742,20,0,0
37304,8729,21,0,0
37304,8732,22,0,0
37304,8710,23,0,0
37304,8699,24,0,0
37304,8773,25,0,0
37304,8708,26,0,0
37304,8767,27,0,0
37304,11717,28,0,0
37304,8691,29,0,0
37304,8736,30,0,0
37304,8697,31,0,0
37304,8724,32,0,0
37304,8761,33,0,0
37304,7439,34,0,0
37304,7442,35,0,0
37304,7441,36,0,0
37304,7444,37,0,0
37304,16052,38,0,0
37304,7366,39,0,0
37304,7369,40,0,0
37304,7025,41,0,0
37304,7037,42,0,0
37304,7041,43,0,0
37304,7039,44,0,0
37304,7033,45,0,0
37304,6980,46,0,0
37304,7030,47,0,0
37304,7003,48,0,0
37304,6994,49,0,0
37304,6969,50,0,0
37304,6992,51,0,0
37304,6986,52,0,0
37304,6982,53,0,0
37304,6988,54,0,0
37304,6999,55,0,0
37304,6972,56,0,0
37304,6974,57,0,0
37304,15958,58,0,0
37304,1512,59,0,0
37304,1516,60,0,0
37304,1517,61,0,0
37304,1514,62,0,0
37304,6975,63,1,1
38401,9170,1,0,0
38401,4643,2,0,0
38401,8284,3,0,0
38401,8272,4,0,0
38401,8271,5,0,0
38401,8276,6,0,0
38401,8313,7,0,0
38401,8260,8,0,0
38401,8289,9,0,0
38401,8281,10,0,0
38401,8315,11,0,0
38401,10701,12,0,0
38401,10702,13,0,0
38401,8702,14,0,0
38401,8738,15,0,0
38401,8692,16,0,0
38401,8721,17,0,0
38401,8772,18,0,0
38401,8722,19,0,0
38401,8742,20,0,0
38401,8729,21,0,0
38401,8732,22,0,0
38401,8710,23,0,0
38401,8699,24,0,0
38401,8773,25,0,0
38401,8708,26,0,0
38401,16510,27,0,0
38401,15386,28,0,0
38401,6060,29,0,0
38401,6084,30,0,0
38401,6078,31,0,0
38401,7260,32,0,0
38401,6067,33,0,0
38401,6069,34,0,0
38401,6081,35,0,0
38401,6082,36,0,0
38401,6062,37,0,0
38401,7291,38,0,0
38401,6090,39,0,0
38401,16240,40,0,0
38401,13437,41,0,0
38401,6074,42,0,0
38401,6070,43,0,0
38401,6089,44,0,0
38401,15631,45,0,0
38401,7271,46,0,0
38401,3109,47,0,0
38401,15435,48,0,0
38401,13151,49,0,0
38401,11876,50,0,0
38401,7299,51,0,0
38401,3114,52,0,0
38401,3110,53,0,0
38401,16732,54,0,0
38401,7284,55,0,0
38401,7304,56,0,0
38401,7263,57,0,0
38401,7264,58,0,0
38401,7261,59,0,0
38401,7272,60,0,0
38401,7276,61,0,0
38401,7296,62,0,0
38401,16232,63,0,0
38401,14774,64,1,1
38401,9050,65,1,1
38402,14774,1,0,0
38402,12192,2,0,0
38402,16233,3,0,0
38402,7295,4,0,0
38402,7269,5,0,0
38402,7273,6,0,0
38402,7292,7,0,0
38402,7265,8,0,0
38402,7266,9,0,0
38402,7285,10,0,0
38402,7270,11,0,0
38402,7290,12,0,0
38402,7282,13,0,0
38402,7298,14,0,0
38402,7300,15,0,0
38402,7262,16,0,0
38402,7275,17,0,0
38402,4598,18,0,0
38402,4596,19,0,0
38402,6076,20,0,0
38402,3108,21,0,0
38402,3106,22,0,0
38402,3113,23,0,0
38402,6071,24,0,0
38402,6072,25,0,0
38402,13438,26,0,0
38402,6087,27,0,0
38402,6064,28,0,0
38402,6058,29,0,0
38402,6063,30,0,0
38402,6092,31,0,0
38402,6080,32,0,0
38402,6068,33,0,0
38402,6057,34,0,0
38402,6079,35,0,0
38402,6085,36,0,0
38402,6059,37,0,0
38402,6086,38,0,0
38402,6091,39,0,0
38402,6174,40,0,0
38402,8698,41,0,0
38402,8709,42,0,0
38402,8731,43,0,0
38402,8728,44,0,0
38402,8688,45,0,0
38402,8741,46,0,0
38402,8723,47,0,0
38402,9104,48,0,0
38402,8720,49,0,0
38402,8739,50,0,0
38402,8701,51,0,0
38402,8753,52,0,0
38402,8726,53,0,0
38402,14064,54,0,0
38402,8297,55,0,0
38402,8288,56,0,0
38402,8303,57,0,0
38402,8312,58,0,0
38402,8277,59,0,0
38402,8298,60,0,0
38402,8273,61,0,0
38402,8283,62,0,0
38402,9170,63,1,1
38402,4807,64,1,1
38501,14772,1,0,0
38501,8093,2,0,0
38501,13563,3,0,0
38501,1540,4,0,0
38501,1544,5,0,0
38501,1543,6,0,0
38501,7152,7,0,0
38501,13561,8,0,0
38501,7233,9,0,0
38501,7184,10,0,0
38501,13677,11,0,0
38501,7157,12,0,0
38501,7230,13,0,0
38501,7242,14,0,0
38501,7203,15,0,0
38501,7214,16,0,0
38501,13454,17,0,0
38501,7246,18,0,0
38501,15163,19,0,0
38501,13705,20,0,0
38501,7190,21,0,0
38501,7175,22,0,0
38501,7244,23,0,0
38501,7250,24,0,0
38501,7228,25,0,0
38501,7224,26,0,0
38501,7254,27,0,0
38501,7146,28,0,0
38501,16770,29,0,0
38501,7154,30,0,0
38501,16769,31,0,0
38501,7196,32,0,0
38501,10480,33,0,0
38501,15017,34,0,0
38501,7217,35,0,0
38501,6053,36,0,0
38501,7186,37,0,0
38501,7163,38,0,0
38501,15734,39,0,0
38501,7210,40,0,0
38501,7192,41,0,0
38501,7188,42,0,0
38501,15732,43,0,0
38501,7240,44,0,0
38501,7206,45,0,0
38501,4591,46,0,0
38501,7252,47,0,0
38501,7202,48,0,0
38501,7133,49,0,0
38501,7222,50,0,0
38501,7221,51,0,0
38501,7253,52,0,0
38501,7159,53,0,0
38501,13901,54,0,0
38501,7219,55,0,0
38501,9778,56,0,0
38501,7238,57,0,0
38501,7173,58,0,0
38501,7237,59,0,0
38501,14122,60,0,0
38501,7177,61,0,0
38501,7194,62,0,0
38501,11669,63,0,0
38501,7212,64,0,0
38501,11113,65,0,0
38501,7232,66,0,0
38501,13889,67,0,0
38501,7249,68,0,0
38501,9812,69,0,0
38501,7181,70,0,0
38501,7199,71,0,0
38501,6471,72,0,0
38501,6470,73,0,0
38501,5039,74,0,0
38501,5036,75,0,0
38501,5042,76,0,0
38501,5035,77,0,0
38501,5037,78,0,0
38501,5032,79,0,0
38501,5519,80,1,1
38501,9343,81,1,1
38502,5519,1,0,0
38502,13068,2,0,0
38502,5043,3,0,0
38502,6357,4,0,0
38502,6355,5,0,0
38502,6354,6,0,0
38502,5041,7,0,0
38502,5038,8,0,0
38502,5123,9,0,0
38502,14357,10,0,0
38502,6472,11,0,0
38502,7198,12,0,0
38502,7180,13,0,0
38502,9813,14,0,0
38502,7158,15,0,0
38502,7182,16,0,0
38502,13887,17,0,0
38502,13888,18,0,0
38502,7213,19,0,0
38502,9343,20,0,0
38502,11670,21,0,0
38502,7195,22,0,0
38502,7176,23,0,0
38502,14123,24,0,0
38502,7236,25,0,0
38502,15245,26,0,0
38502,7239,27,0,0
38502,9779,28,0,0
38502,10676,29,0,0
38502,9319,30,0,0
38502,13902,31,0,0
38502,7160,32,0,0
38502,7134,33,0,0
38502,7137,34,0,0
38502,7223,35,0,0
38502,7135,36,0,0
38502,7138,37,0,0
38502,7256,38,0,0
38502,9965,39,0,0
38502,4592,40,0,0
38502,7207,41,0,0
38502,9859,42,0,0
38502,11258,43,0,0
38502,7208,44,0,0
38502,7248,45,0,0
38502,7193,46,0,0
38502,7211,47,0,0
38502,7166,48,0,0
38502,7164,49,0,0
38502,7187,50,0,0
38502,6054,51,0,0
38502,7218,52,0,0
38502,15244,53,0,0
38502,14974,54,0,0
38502,15018,55,0,0
38502,7197,56,0,0
38502,16768,57,0,0
38502,7155,58,0,0
38502,16771,59,0,0
38502,7149,60,0,0
38502,7255,61,0,0
38502,16731,62,0,0
38502,7229,63,0,0
38502,7251,64,0,0
38502,9513,65,0,0
38502,7245,66,0,0
38502,7161,67,0,0
38502,7191,68,0,0
38502,7226,69,0,0
38502,7178,70,0,0
38502,7247,71,0,0
38502,7168,72,0,0
38502,7215,73,0,0
38502,7204,74,0,0
38502,7143,75,0,0
38502,7156,76,0,0
38502,13678,77,0,0
38502,7185,78,0,0
38502,7189,79,0,0
38502,7148,80,0,0
38502,7151,81,0,0
38502,15730,82,0,0
38502,1545,83,0,0
38502,16647,84,0,0
38502,1535,85,0,0
38502,7258,86,0,0
38502,14772,87,1,1
38601,16390,1,0,0
38601,3539,2,0,0
38601,1037,3,0,0
38601,1032,4,0,0
38601,2259,5,0,0
38601,2292,6,0,0
38601,1039,7,0,0
38601,2244,8,0,0
38601,2290,9,0,0
38601,2241,10,0,0
38601,15903,11,0,0
38601,2256,12,0,0
38601,2283,13,0,0
38601,15904,14,0,0
38601,4229,15,0,0
38601,15906,16,0,0
38601,15908,17,0,0
38601,4255,18,0,0
38601,6488,19,0,0
38601,6494,20,0,0
38601,13466,21,0,0
38601,6490,22,0,0
38601,6483,23,0,0
38601,6492,24,0,0
38601,6489,25,0,0
38601,6625,26,0,0
38601,14441,27,0,0
38601,6571,28,0,0
38601,6565,29,0,0
38601,14316,30,0,0
38601,6569,31,0,0
38601,11668,32,0,0
38601,6573,33,1,1
38601,9343,34,1,1
38602,9343,1,0,0
38602,6575,2,0,0
38602,6578,3,0,0
38602,6568,4,0,0
38602,6566,5,0,0
38602,6570,6,0,0
38602,10914,7,0,0
38602,16341,8,0,0
38602,6620,9,0,0
38602,6493,10,0,0
38602,6484,11,0,0
38602,6491,12,0,0
38602,13694,13,0,0
38602,6495,14,0,0
38602,15911,15,0,0
38602,15910,16,0,0
38602,15909,17,0,0
38602,15907,18,0,0
38602,6486,19,0,0
38602,15905,20,0,0
38602,2282,21,0,0
38602,2257,22,0,0
38602,2288,23,0,0
38602,2242,24,0,0
38602,15902,25,0,0
38602,15901,26,0,0
38602,1040,27,0,0
38602,2293,28,0,0
38602,2260,29,0,0
38602,1033,30,0,0
38602,15278,31,0,0
38602,1038,32,0,0
38602,16390,33,1,1
39501,11333,1,0,0
39501,3260,2,0,0
39501,3262,3,0,0
39501,3254,4,0,0
39501,3252,5,0,0
39501,3257,6,0,0
39501,3259,7,0,0
39501,9188,8,0,0
39501,7468,9,0,0
39501,7472,10,0,0
39501,7467,11,0,0
39501,7465,12,0,0
39501,9076,13,0,0
39501,9084,14,0,0
39501,9086,15,0,0
39501,9070,16,0,0
39501,9085,17,0,0
39501,9075,18,0,0
39501,16688,19,0,0
39501,9072,20,0,0
39501,8025,21,0,0
39501,8028,22,0,0
39501,8027,23,0,0
39501,6371,24,0,0
39501,6368,25,0,0
39501,7687,26,0,0
39501,7690,27,0,0
39501,7719,28,0,0
39501,7673,29,0,0
39501,7715,30,0,0
39501,7678,31,0,0
39501,14317,32,0,0
39501,7721,33,0,0
39501,7693,34,0,0
39501,9621,35,0,0
39501,9622,36,0,0
39501,7696,37,0,0
39501,7706,38,0,0
39501,7680,39,0,0
39501,7688,40,0,0
39501,7684,41,0,0
39501,7709,42,0,0
39501,7683,43,0,0
39501,7717,44,0,0
39501,7694,45,0,0
39501,9604,46,0,0
39501,7711,47,0,0
39501,7676,48,0,0
39501,1044,49,0,0
39501,1048,50,0,0
39501,1046,51,0,0
39501,1052,52,0,0
39501,1051,53,0,0
39501,7704,54,0,0
39501,7702,55,0,0
39501,7698,56,0,0
39501,9468,57,0,0
39501,9469,58,0,0
39501,10514,59,0,0
39501,10515,60,0,0
39501,10516,61,0,0
39501,10517,62,0,0
39501,10518,63,0,0
39501,10519,64,0,0
39501,10520,65,0,0
39501,12544,66,0,0
39501,16023,67,0,0
39501,16804,68,0,0
39501,12748,69,0,0
39501,8036,70,0,0
39501,8035,71,0,0
39501,9891,72,0,0
39501,16037,73,1,1
39501,7198,74,0,0
39501,16127,75,0,0
39501,16128,76,0,0
39502,16037,1,0,0
39502,13068,2,0,0
39502,10141,3,0,0
39502,9885,4,0,0
39502,16808,5,0,0
39502,16807,6,0,0
39502,16805,7,0,0
39502,16806,8,0,0
39502,12748,9,0,0
39502,12545,10,0,0
39502,10522,11,0,0
39502,10523,12,0,0
39502,10524,13,0,0
39502,10525,14,0,0
39502,10526,15,0,0
39502,10527,16,0,0
39502,10528,17,0,0
39502,9471,18,0,0
39502,9472,19,0,0
39502,9473,20,0,0
39502,7699,21,0,0
39502,7703,22,0,0
39502,7701,23,0,0
39502,7705,24,0,0
39502,7700,25,0,0
39502,7691,26,0,0
39502,1045,27,0,0
39502,1049,28,0,0
39502,1043,29,0,0
39502,7677,30,0,0
39502,7712,31,0,0
39502,7695,32,0,0
39502,7682,33,0,0
39502,7710,34,0,0
39502,7685,35,0,0
39502,7672,36,0,0
39502,7681,37,0,0
39502,7707,38,0,0
39502,7697,39,0,0
39502,9619,40,0,0
39502,9620,41,0,0
39502,7692,42,0,0
39502,7722,43,0,0
39502,14329,44,0,0
39502,7679,45,0,0
39502,11859,46,0,0
39502,7708,47,0,0
39502,7720,48,0,0
39502,7689,49,0,0
39502,7686,50,0,0
39502,7714,51,0,0
39502,6372,52,0,0
39502,8026,53,0,0
39502,8029,54,0,0
39502,16689,55,0,0
39502,9073,56,0,0
39502,9083,57,0,0
39502,11397,58,0,0
39502,9079,59,0,0
39502,9087,60,0,0
39502,9071,61,0,0
39502,10605,62,0,0
39502,9078,63,0,0
39502,16654,64,0,0
39502,9077,65,0,0
39502,7466,66,0,0
39502,7464,67,0,0
39502,7473,68,0,0
39502,7469,69,0,0
39502,9069,70,0,0
39502,3258,71,0,0
39502,16701,72,0,0
39502,3255,73,0,0
39502,7474,74,0,0
39502,9074,75,0,0
39502,3265,76,0,0
39502,11334,77,1,1
39601,9824,1,0,0
39601,9825,2,0,0
39601,9724,3,0,0
39601,9266,4,0,0
39601,5643,5,0,0
39601,5647,6,0,0
39601,5595,7,0,0
39601,5603,8,0,0
39601,5624,9,0,0
39601,5589,10,0,0
39601,15882,11,0,0
39601,5615,12,0,0
39601,5636,13,0,0
39601,5621,14,0,0
39601,5629,15,0,0
39601,8657,16,0,0
39601,8653,17,0,0
39601,8655,18,0,0
39601,8656,19,0,0
39601,7568,20,0,0
39601,7728,21,0,0
39601,7821,22,0,0
39601,7822,23,0,0
39601,7726,24,0,0
39601,7725,25,0,0
39601,7731,26,0,0
39601,7734,27,0,0
39601,7724,28,0,0
39601,6224,29,0,0
39601,6230,30,0,0
39601,6216,31,0,0
39601,7481,32,0,0
39601,8525,33,0,0
39601,8526,34,0,0
39601,8886,35,0,0
39601,8845,36,0,0
39601,15756,37,0,0
39601,8878,38,0,0
39601,8861,39,0,0
39601,8855,40,0,0
39601,8887,41,0,0
39601,8860,42,0,0
39601,8880,43,0,0
39601,8865,44,0,0
39601,15136,45,0,0
39601,8868,46,0,0
39601,8848,47,0,0
39601,8873,48,0,0
39601,8875,49,0,0
39601,8877,50,0,0
39601,1662,51,0,0
39601,1657,52,0,0
39601,9899,53,0,0
39601,1658,54,0,0
39601,1660,55,0,0
39601,15234,56,0,0
39601,8839,57,0,0
39601,8847,58,0,0
39601,8882,59,0,0
39601,8837,60,0,0
39601,8842,61,0,0
39601,8889,62,0,0
39601,8892,63,0,0
39601,9907,64,1,1
39602,14807,1,0,0
39602,9906,2,0,0
39602,8891,3,0,0
39602,8890,4,0,0
39602,8841,5,0,0
39602,8838,6,0,0
39602,8883,7,0,0
39602,8846,8,0,0
39602,8840,9,0,0
39602,1654,10,0,0
39602,15235,11,0,0
39602,1661,12,0,0
39602,1659,13,0,0
39602,1666,14,0,0
39602,13470,15,0,0
39602,1656,16,0,0
39602,8870,17,0,0
39602,8857,18,0,0
39602,8876,19,0,0
39602,8843,20,0,0
39602,8851,21,0,0
39602,8869,22,0,0
39602,8833,23,0,0
39602,8866,24,0,0
39602,8881,25,0,0
39602,8872,26,0,0
39602,8888,27,0,0
39602,8856,28,0,0
39602,8862,29,0,0
39602,16830,30,0,0
39602,15755,31,0,0
39602,8844,32,0,0
39602,8854,33,0,0
39602,8885,34,0,0
39602,8524,35,0,0
39602,6233,36,0,0
39602,6217,37,0,0
39602,14315,38,0,0
39602,6225,39,0,0
39602,7723,40,0,0
39602,7735,41,0,0
39602,7732,42,0,0
39602,3548,43,0,0
39602,3546,44,0,0
39602,7727,45,0,0
39602,7730,46,0,0
39602,7823,47,0,0
39602,7820,48,0,0
39602,7729,49,0,0
39602,7569,50,0,0
39602,8654,51,0,0
39602,8658,52,0,0
39602,7957,53,0,0
39602,5628,54,0,0
39602,5620,55,0,0
39602,5635,56,0,0
39602,5616,57,0,0
39602,15883,58,0,0
39602,5590,59,0,0
39602,5617,60,0,0
39602,5602,61,0,0
39602,5648,62,0,0
39602,5646,63,0,0
39602,9258,64,0,0
39602,9259,65,0,0
39602,9726,66,0,0
39602,9835,67,0,0
39602,9824,68,1,1
40001,15547,1,0,0
40001,15601,2,0,0
40001,15589,3,0,0
40001,4011,4,0,0
40001,4016,5,0,0
40001,5381,6,0,0
40001,15602,7,0,0
40001,5340,8,0,0
40001,5350,9,0,0
40001,5403,10,0,0
40001,5363,11,0,0
40001,5373,12,0,0
40001,5360,13,0,0
40001,15603,14,0,0
40001,15604,15,0,0
40001,15605,16,0,0
40001,15198,17,0,0
40001,5343,18,0,0
40001,5389,19,0,0
40001,14731,20,0,0
40001,11637,21,0,0
40001,13622,22,0,0
40001,16005,23,0,0
40001,6385,24,0,0
40001,6389,25,0,0
40001,7397,26,0,0
40001,7405,27,0,0
40001,5347,28,0,0
40001,11638,29,0,0
40001,5349,30,0,0
40001,15606,31,0,0
40001,135,32,0,0
40001,175,33,0,0
40001,15607,34,0,0
40001,11641,35,0,0
40001,91,36,0,0
40001,6421,37,0,0
40001,6422,38,0,0
40001,6618,39,0,0
40001,6611,40,0,0
40001,11640,41,0,0
40001,6616,42,0,0
40001,6617,43,0,0
40001,7435,44,0,0
40001,7434,45,0,0
40001,6613,46,0,0
40001,158,47,0,0
40001,221,48,0,0
40001,14507,49,1,1
40002,14507,1,0,0
40002,222,2,0,0
40002,172,3,0,0
40002,6421,4,0,0
40002,6422,5,0,0
40002,6618,6,0,0
40002,6611,7,0,0
40002,11640,8,0,0
40002,6616,9,0,0
40002,6617,10,0,0
40002,7435,11,0,0
40002,7434,12,0,0
40002,6613,13,0,0
40002,95,14,0,0
40002,15607,15,0,0
40002,11641,16,0,0
40002,189,17,0,0
40002,185,18,0,0
40002,196,19,0,0
40002,13478,20,0,0
40002,112,21,0,0
40002,11638,22,0,0
40002,5349,23,0,0
40002,5348,24,0,0
40002,7404,25,0,0
40002,7406,26,0,0
40002,7403,27,0,0
40002,6386,28,0,0
40002,16005,29,0,0
40002,6380,30,0,0
40002,11637,31,0,0
40002,14731,32,0,0
40002,5344,33,0,0
40002,5354,34,0,0
40002,15603,35,0,0
40002,15604,36,0,0
40002,15605,37,0,0
40002,5334,38,0,0
40002,5364,39,0,0
40002,5404,40,0,0
40002,5351,41,0,0
40002,5341,42,0,0
40002,15602,43,0,0
40002,5382,44,0,0
40002,4007,45,0,0
40002,15584,46,0,0
40002,4010,47,0,0
40002,4025,48,0,0
40002,15601,49,0,0
40002,15589,50,0,0
40002,3986,51,0,0
40002,15547,52,1,1
40203,11635,1,0,0
40203,11723,2,0,0
40203,6842,3,0,0
40203,6852,4,0,0
40203,6857,5,0,0
40203,6849,6,0,0
40203,13479,7,0,0
40203,16429,8,0,0
40203,15341,9,0,0
40203,10152,10,0,0
40203,5527,11,0,0
40203,5528,12,0,0
40203,5204,13,0,0
40203,5220,14,0,0
40203,990,15,0,0
40203,988,16,0,0
40203,986,17,0,0
40203,2182,18,0,0
40203,14663,19,0,0
40203,4648,20,0,0
40203,11631,21,0,0
40203,535,22,0,0
40203,15321,23,0,0
40203,505,24,0,0
40203,11630,25,1,1
40204,11630,1,0,0
40204,16006,2,0,0
40204,15322,3,0,0
40204,536,4,0,0
40204,592,5,0,0
40204,4648,6,0,0
40204,11631,7,0,0
40204,4649,8,0,0
40204,507,9,0,0
40204,14663,10,0,0
40204,9856,11,0,0
40204,2181,12,0,0
40204,2167,13,0,0
40204,987,14,0,0
40204,991,15,0,0
40204,2170,16,0,0
40204,11632,17,0,0
40204,5219,18,0,0
40204,5205,19,0,0
40204,5221,20,0,0
40204,5218,21,0,0
40204,6852,22,0,0
40204,6857,23,0,0
40204,6849,24,0,0
40204,13479,25,0,0
40204,16429,26,0,0
40204,15341,27,0,0
40204,10152,28,0,0
40204,11723,29,0,0
40204,6840,30,0,0
40204,6835,31,0,0
40204,4186,32,0,0
40204,11635,33,1,1
40303,11651,1,0,0
40303,8349,2,0,0
40303,8350,3,0,0
40303,8358,4,0,0
40303,8344,5,0,0
40303,9498,6,0,0
40303,8352,7,0,0
40303,2987,8,0,0
40303,3635,9,0,0
40303,9507,10,0,0
40303,3636,11,0,0
40303,11653,12,0,0
40303,15674,13,0,0
40303,3476,14,0,0
40303,43264,15,0,0
40303,43263,16,0,0
40303,15731,17,0,0
40303,1977,18,0,0
40303,1942,19,0,0
40303,16370,20,0,0
40303,16411,21,0,0
40303,11654,22,0,0
40303,43261,23,0,0
40303,14433,24,0,0
40303,11655,25,0,0
40303,11656,26,1,1
40304,11656,1,0,0
40304,11655,2,0,0
40304,1991,3,0,0
40304,1990,4,0,0
40304,43259,5,0,0
40304,5259,6,0,0
40304,1981,7,0,0
40304,1983,8,0,0
40304,16370,9,0,0
40304,16411,10,0,0
40304,15526,11,0,0
40304,1978,12,0,0
40304,9126,13,0,0
40304,43262,14,0,0
40304,43260,15,0,0
40304,43258,16,0,0
40304,3475,17,0,0
40304,15674,18,0,0
40304,11653,19,0,0
40304,3634,20,0,0
40304,9508,21,0,0
40304,3689,22,0,0
40304,2978,23,0,0
40304,2986,24,0,0
40304,8361,25,0,0
40304,8362,26,0,0
40304,8345,27,0,0
40304,8357,28,0,0
40304,8347,29,0,0
40304,8348,30,0,0
40304,11651,31,1,1
40401,14859,1,0,0
40401,4903,2,0,0
40401,4914,3,0,0
40401,4912,4,0,0
40401,11657,5,0,0
40401,4907,6,0,0
40401,5785,7,0,0
40401,5779,8,0,0
40401,5796,9,0,0
40401,3196,10,0,0
40401,3198,11,0,0
40401,8908,12,0,0
40401,13476,13,0,0
40401,1779,14,0,0
40401,11659,15,0,0
40401,1781,16,0,0
40401,3167,17,0,0
40401,5521,18,0,0
40401,5056,19,0,0
40401,5057,20,0,0
40401,1894,21,0,0
40401,11660,22,0,0
40401,11255,23,0,0
40401,1898,24,0,0
40401,13621,25,0,0
40401,15608,26,0,0
40401,15585,27,0,0
40401,1892,28,0,0
40401,1885,29,0,0
40401,1897,30,0,0
40401,1891,31,0,0
40401,13346,32,0,0
40401,14295,33,0,0
40401,14787,34,0,0
40401,14962,35,0,0
40401,4690,36,0,0
40401,11662,37,0,0
40401,15609,38,0,0
40401,4696,39,0,0
40401,9414,40,0,0
40401,9415,41,0,0
40401,2795,42,0,0
40401,2767,43,0,0
40401,16007,44,0,0
40401,2779,45,0,0
40401,2766,46,0,0
40401,2794,47,0,0
40401,2768,48,0,0
40401,43257,49,0,0
40401,16008,50,1,1
40402,16008,1,0,0
40402,4698,2,0,0
40402,4695,3,0,0
40402,15609,4,0,0
40402,11662,5,0,0
40402,11348,6,0,0
40402,14787,7,0,0
40402,14296,8,0,0
40402,1898,9,0,0
40402,13621,10,0,0
40402,15608,11,0,0
40402,15585,12,0,0
40402,1892,13,0,0
40402,1885,14,0,0
40402,1897,15,0,0
40402,1891,16,0,0
40402,13346,17,0,0
40402,11660,18,0,0
40402,1895,19,0,0
40402,1901,20,0,0
40402,9459,21,0,0
40402,9460,22,0,0
40402,9461,23,0,0
40402,1782,24,0,0
40402,11659,25,0,0
40402,1780,26,0,0
40402,1778,27,0,0
40402,13477,28,0,0
40402,8929,29,0,0
40402,8913,30,0,0
40402,3197,31,0,0
40402,3202,32,0,0
40402,5794,33,0,0
40402,5797,34,0,0
40402,5780,35,0,0
40402,5778,36,0,0
40402,15590,37,0,0
40402,4913,38,0,0
40402,4915,39,0,0
40402,4904,40,0,0
40402,14859,41,1,1
40501,14302,1,0,0
40501,15273,2,0,0
40501,14304,3,0,0
40501,2370,4,0,0
40501,2328,5,0,0
40501,14301,6,0,0
40501,3845,7,0,0
40501,3776,8,0,0
40501,3854,9,0,0
40501,3855,10,0,0
40501,16009,11,0,0
40501,4980,12,0,0
40501,4981,13,0,0
40501,4995,14,0,0
40501,7025,15,0,0
40501,7037,16,0,0
40501,7041,17,0,0
40501,7039,18,0,0
40501,14300,19,0,0
40501,7033,20,0,0
40501,6980,21,0,0
40501,14307,22,0,0
40501,14597,23,0,0
40501,12170,24,0,0
40501,14299,25,0,0
40501,12172,26,0,0
40501,12173,27,0,0
40501,12174,28,0,0
40501,7100,29,0,0
40501,14298,30,0,0
40501,15272,31,0,0
40501,15271,32,0,0
40501,16050,33,0,0
40501,2406,34,0,0
40501,2426,35,0,0
40501,2424,36,0,0
40501,2423,37,0,0
40501,16011,38,0,0
40501,16010,39,1,1
40502,16010,1,0,0
40502,11716,2,0,0
40502,2407,3,0,0
40502,14298,4,0,0
40502,14299,5,0,0
40502,14307,6,0,0
40502,7029,7,0,0
40502,6979,8,0,0
40502,7034,9,0,0
40502,14300,10,0,0
40502,7038,11,0,0
40502,7040,12,0,0
40502,7005,13,0,0
40502,7026,14,0,0
40502,4994,15,0,0
40502,4982,16,0,0
40502,4983,17,0,0
40502,16009,18,0,0
40502,3853,19,0,0
40502,3802,20,0,0
40502,3846,21,0,0
40502,3783,22,0,0
40502,14301,23,0,0
40502,16648,24,0,0
40502,2371,25,0,0
40502,14304,26,0,0
40502,15273,27,0,0
40502,14303,28,0,0
40502,14302,29,1,1
40603,16714,1,0,0
40603,16713,2,0,0
40603,11372,3,0,0
40603,16715,4,0,0
40603,16712,5,0,0
40603,16711,6,0,0
40603,11093,7,0,0
40603,16710,8,0,0
40603,11094,9,0,0
40603,11095,10,0,0
40603,16799,11,0,0
40603,16801,12,0,0
40603,16165,13,0,0
40603,16803,14,0,0
40603,16169,15,0,0
40603,16175,16,0,0
40603,5671,17,0,0
40603,16709,18,0,0
40603,15723,19,0,0
40603,16708,20,0,0
40603,14769,21,1,1
40604,14769,1,0,0
40604,16708,2,0,0
40604,15723,3,0,0
40604,16645,4,0,0
40604,16709,5,0,0
40604,5666,6,0,0
40604,5670,7,0,0
40604,16170,8,0,0
40604,16802,9,0,0
40604,16166,10,0,0
40604,16800,11,0,0
40604,16798,12,0,0
40604,6039,13,0,0
40604,16710,14,0,0
40604,6042,15,0,0
40604,16711,16,0,0
40604,16715,17,0,0
40604,16712,18,0,0
40604,2680,19,0,0
40604,16713,20,0,0
40604,16714,21,1,1
83003,15816,1,0,0
83003,6432,2,0,0
83003,6435,3,0,0
83003,6599,4,0,0
83003,6583,5,0,0
83003,6601,6,0,0
83003,13896,7,0,0
83003,6585,8,0,0
83003,15539,9,0,0
83003,6597,10,0,0
83003,6589,11,0,0
83003,6587,12,0,0
83003,6595,13,0,0
83003,10238,14,0,0
83003,10239,15,0,0
83003,16422,16,0,0
83003,11605,17,0,0
83003,10921,18,0,0
83003,10920,19,1,1
83004,10920,1,0,0
83004,10923,2,0,0
83004,16423,3,0,0
83004,10242,4,0,0
83004,10243,5,0,0
83004,6596,6,0,0
83004,6588,7,0,0
83004,6590,8,0,0
83004,6598,9,0,0
83004,6581,10,0,0
83004,6586,11,0,0
83004,6593,12,0,0
83004,6600,13,0,0
83004,15538,14,0,0
83004,6602,15,0,0
83004,6440,16,0,0
83004,6433,17,0,0
83004,6448,18,1,1
90003,14719,1,0,0
90003,2149,2,0,0
90003,15144,3,0,0
90003,14092,4,1,1
90004,14092,1,0,0
90004,14278,2,0,0
90004,2148,3,0,0
90004,14719,4,1,1
90203,16898,1,0,0
90203,6103,2,0,0
90203,4623,3,0,0
90203,1569,4,0,0
90203,4622,5,0,0
90203,4626,6,0,0
90203,4211,7,0,0
90203,4250,8,0,0
90203,2860,9,0,0
90203,4466,10,0,0
90203,5552,11,0,0
90203,5569,12,0,0
90203,5576,13,0,0
90203,5554,14,0,0
90203,5561,15,0,0
90203,5580,16,0,0
90203,15886,17,0,0
90203,10749,18,0,0
90203,4471,19,0,0
90203,5573,20,0,0
90203,9333,21,0,0
90203,12603,22,0,0
90203,13629,23,0,0
90203,13631,24,0,0
90203,13632,25,0,0
90203,16252,26,1,1
90204,16252,1,0,0
90204,13668,2,0,0
90204,13669,3,0,0
90204,12602,4,0,0
90204,10841,5,0,0
90204,5562,6,0,0
90204,5574,7,0,0
90204,5583,8,0,0
90204,16347,9,0,0
90204,15887,10,0,0
90204,5579,11,0,0
90204,5560,12,0,0
90204,5555,13,0,0
90204,5575,14,0,0
90204,5568,15,0,0
90204,5553,16,0,0
90204,5559,17,0,0
90204,5567,18,0,0
90204,4251,19,0,0
90204,4240,20,0,0
90204,1565,21,0,0
90204,1555,22,0,0
90204,16797,23,0,0
90204,1558,24,0,0
90204,1554,25,0,0
90204,16898,26,1,1
90303,16381,1,0,0
90303,16373,2,0,0
90303,4079,3,0,0
90303,16374,4,0,0
90303,1613,5,0,0
90303,14761,6,0,0
90303,12100,7,0,0
90303,11364,8,0,0
90303,15886,9,1,1
90303,14766,10,1,1
90304,15886,1,0,0
90304,6005,2,0,0
90304,12099,3,0,0
90304,9609,4,0,0
90304,14766,5,0,0
90304,1612,6,0,0
90304,16375,7,0,0
90304,16376,8,0,0
90304,16453,9,1,0
90304,16381,10,1,1
90403,16381,1,0,0
90403,16373,2,0,0
90403,4079,3,0,0
90403,16374,4,0,0
90403,1613,5,0,0
90403,16333,6,0,0
90403,1612,7,0,0
90403,15244,8,0,0
90403,15018,9,0,0
90403,7197,10,0,0
90403,16768,11,0,0
90403,7155,12,0,0
90403,7255,13,0,0
90403,7229,14,0,0
90403,9513,15,0,0
90403,7161,16,0,0
90403,14630,17,1,1
90404,14630,1,0,0
90404,7175,2,0,0
90404,13918,3,0,0
90404,7228,4,0,0
90404,7254,5,0,0
90404,7154,6,0,0
90404,16769,7,0,0
90404,7196,8,0,0
90404,10480,9,0,0
90404,7217,10,0,0
90404,1613,11,0,0
90404,14766,12,0,0
90404,1612,13,0,0
90404,16375,14,0,0
90404,16376,15,0,0
90404,16453,16,1,0
90404,16381,17,1,1
90501,14711,1,0,0
90501,2259,2,0,0
90501,2244,3,0,0
90501,15903,4,0,0
90501,4229,5,0,0
90501,15906,6,0,0
90501,15908,7,0,0
90501,6488,8,0,0
90501,15280,9,0,0
90501,2932,10,0,0
90501,2942,11,0,0
90501,7698,12,0,0
90501,15116,13,1,1
90502,15116,1,0,0
90502,15281,2,0,0
90502,11415,3,0,0
90502,2943,4,0,0
90502,2936,5,0,0
90502,2951,6,0,0
90502,15911,7,0,0
90502,15909,8,0,0
90502,15907,9,0,0
90502,6486,10,0,0
90502,2288,11,0,0
90502,15901,12,0,0
90502,2260,13,0,0
90502,14711,14,1,1
90603,16760,1,0,0
90603,16694,2,0,0
90603,4751,3,0,0
90603,4975,4,0,0
90603,5003,5,0,0
90603,11504,6,0,0
90603,11272,7,0,0
90603,15406,8,0,0
90603,12064,9,0,0
90603,11030,10,0,0
90603,11032,11,0,0
90603,13473,12,0,0
90603,11417,13,0,0
90603,12199,14,0,0
90603,11848,15,0,0
90603,14514,16,0,0
90603,11289,17,1,1
90604,11289,1,0,0
90604,14513,2,0,0
90604,11851,3,0,0
90604,12200,4,0,0
90604,11508,5,0,0
90604,13472,6,0,0
90604,11047,7,0,0
90604,11048,8,0,0
90604,11049,9,0,0
90604,15404,10,0,0
90604,11273,11,0,0
90604,11505,12,0,0
90604,4972,13,0,0
90604,4976,14,0,0
90604,4753,15,0,0
90604,16693,16,0,0
90604,16760,17,1,1
92403,14976,1,0,0
92403,8505,2,0,0
92403,8455,3,0,0
92403,6152,4,0,0
92403,8475,5,0,0
92403,14271,6,0,0
92403,8456,7,0,0
92403,7416,8,0,0
92403,8481,9,0,0
92403,8497,10,0,0
92403,8460,11,0,0
92403,8480,12,0,0
92403,8464,13,0,0
92403,8511,14,0,0
92403,7946,15,1,1
92404,7946,1,0,0
92404,8510,2,0,0
92404,8465,3,0,0
92404,8479,4,0,0
92404,8461,5,0,0
92404,7426,6,0,0
92404,7411,7,0,0
92404,8523,8,0,0
92404,8490,9,0,0
92404,14272,10,0,0
92404,8478,11,0,0
92404,8453,12,0,0
92404,8427,13,0,0
92404,8504,14,0,0
92404,14976,15,1,1
92503,14636,1,0,0
92503,652,2,0,0
92503,4520,3,0,0
92503,8011,4,0,0
92503,1936,5,0,0
92503,1972,6,0,0
92503,15731,7,0,0
92503,1942,8,0,0
92503,1946,9,0,0
92503,1979,10,0,0
92503,1940,11,0,0
92503,1959,12,0,0
92503,14626,13,0,0
92503,1938,14,0,0
92503,1975,15,0,0
92503,9140,16,0,0
92503,1952,17,0,0
92503,1974,18,0,0
92503,2646,19,1,1
92504,2646,1,0,0
92504,1953,2,0,0
92504,1932,3,0,0
92504,16485,4,0,0
92504,13422,5,0,0
92504,1970,6,0,0
92504,14624,7,0,0
92504,1943,8,0,0
92504,1924,9,0,0
92504,9107,10,0,0
92504,1947,11,0,0
92504,15526,12,0,0
92504,9126,13,0,0
92504,1973,14,0,0
92504,2978,15,0,0
92504,4518,16,0,0
92504,8012,17,0,0
92504,653,18,0,0
92504,14636,19,1,1
92703,15052,1,0,0
92703,2149,2,0,0
92703,4972,3,0,0
92703,9302,4,0,0
92703,9303,5,0,0
92703,11196,6,0,0
92703,16650,7,0,0
92703,3323,8,0,0
92703,3326,9,0,0
92703,11504,10,0,0
92703,12132,11,0,0
92703,12039,12,0,0
92703,11272,13,0,0
92703,15404,14,0,0
92703,15406,15,0,0
92703,7860,16,0,0
92703,14254,17,0,0
92703,2600,18,0,0
92703,11292,19,0,0
92703,2640,20,0,0
92703,2610,21,0,0
92703,11331,22,0,0
92703,15883,23,0,0
92703,5590,24,0,0
92703,5617,25,0,0
92703,5602,26,0,0
92703,5648,27,0,0
92703,5646,28,0,0
92703,9258,29,0,0
92703,9259,30,0,0
92703,9726,31,0,0
92703,9835,32,0,0
92703,9824,33,1,1
92703,10854,34,0,0
92703,10855,35,0,0
92703,11518,36,0,0
92703,11519,37,0,0
92703,11520,38,0,0
92703,10856,39,0,0
92703,10857,40,0,0
92703,10858,41,0,0
92703,10859,42,0,0
92703,10860,43,1,1
92704,10860,1,0,0
92704,10861,2,0,0
92704,10862,3,0,0
92704,10863,4,0,0
92704,10864,5,0,0
92704,9824,6,0,0
92704,9825,7,0,0
92704,9724,8,0,0
92704,9266,9,0,0
92704,5643,10,0,0
92704,11524,11,0,0
92704,11525,12,0,0
92704,11526,13,0,0
92704,5647,14,0,0
92704,5595,15,0,0
92704,5603,16,0,0
92704,5624,17,0,0
92704,5589,18,0,0
92704,15882,19,0,0
92704,16511,20,0,0
92704,2631,21,0,0
92704,16516,22,0,0
92704,11293,23,0,0
92704,2644,24,0,0
92704,7857,25,0,0
92704,12196,26,0,0
92704,15404,27,0,0
92704,11273,28,0,0
92704,11505,29,0,0
92704,3325,30,0,0
92704,7527,31,0,0
92704,3299,32,0,0
92704,9304,33,0,0
92704,11202,34,0,0
92704,2148,35,0,0
92704,15052,36,1,1
92903,2032,1,0,0
92903,9991,2,0,0
92903,2071,3,0,0
92903,2066,4,0,0
92903,2081,5,0,0
92903,2043,6,0,0
92903,2033,7,0,0
92903,2098,8,0,0
92903,2040,9,0,0
92903,2020,10,0,0
92903,2045,11,0,0
92903,2038,12,0,0
92903,2093,13,0,0
92903,2082,14,0,0
92903,16367,15,0,0
92903,2025,16,0,0
92903,2053,17,0,0
92903,2069,18,0,0
92903,2091,19,0,0
92903,985,20,0,0
92903,2108,21,0,0
92903,14799,22,1,1
92904,14799,1,0,0
92904,2107,2,0,0
92904,2064,3,0,0
92904,2076,4,0,0
92904,2070,5,0,0
92904,2054,6,0,0
92904,2026,7,0,0
92904,2046,8,0,0
92904,2083,9,0,0
92904,2094,10,0,0
92904,2039,11,0,0
92904,2044,12,0,0
92904,2013,13,0,0
92904,9341,14,0,0
92904,2099,15,0,0
92904,2034,16,0,0
92904,2041,17,0,0
92904,15030,18,0,0
92904,2067,19,0,0
92904,2072,20,0,0
92904,2092,21,1,0
92904,2032,22,1,1
93503,14702,1,0,0
93503,1169,2,0,0
93503,3882,3,0,0
93503,3942,4,0,0
93503,15803,5,0,0
93503,3886,6,0,0
93503,3936,7,0,0
93503,3932,8,0,0
93503,3906,9,0,0
93503,3908,10,0,0
93503,3889,11,0,0
93503,3940,12,0,0
93503,3888,13,0,0
93503,16886,14,0,0
93503,3899,15,0,0
93503,3890,16,0,0
93503,16883,17,0,0
93503,10412,18,0,0
93503,15578,19,1,1
93504,15578,1,0,0
93504,1602,2,0,0
93504,1173,3,0,0
93504,16884,4,0,0
93504,3891,5,0,0
93504,16885,6,0,0
93504,3921,7,0,0
93504,3870,8,0,0
93504,3941,9,0,0
93504,16877,10,0,0
93504,3872,11,0,0
93504,3907,12,0,0
93504,16878,13,0,0
93504,3935,14,0,0
93504,3887,15,0,0
93504,3862,16,0,0
93504,3895,17,0,0
93504,3881,18,0,0
93504,14702,19,1,1
93703,16046,1,0,0
93703,9901,2,0,0
93703,3780,3,0,0
93703,3829,4,0,0
93703,3782,5,0,0
93703,3854,6,0,0
93703,3777,7,0,0
93703,3815,8,0,0
93703,14120,9,0,0
93703,3767,10,0,0
93703,3813,11,0,0
93703,3797,12,0,0
93703,3785,13,0,0
93703,3750,14,0,0
93703,3795,15,0,0
93703,3762,16,0,0
93703,3836,17,0,0
93703,3754,18,0,0
93703,2711,19,0,0
93703,2723,20,0,0
93703,2716,21,0,0
93703,3791,22,0,0
93703,3847,23,0,0
93703,3816,24,0,0
93703,3779,25,0,0
93703,3851,26,0,0
93703,3818,27,0,0
93703,3848,28,0,0
93703,9170,29,1,1
93704,9170,1,0,0
93704,4643,2,0,0
93704,3803,3,0,0
93704,3819,4,0,0
93704,3850,5,0,0
93704,3835,6,0,0
93704,3817,7,0,0
93704,3759,8,0,0
93704,12521,9,0,0
93704,3765,10,0,0
93704,2724,11,0,0
93704,2712,12,0,0
93704,3837,13,0,0
93704,3763,14,0,0
93704,3796,15,0,0
93704,3799,16,0,0
93704,3784,17,0,0
93704,3798,18,0,0
93704,3814,19,0,0
93704,3768,20,0,0
93704,6473,21,0,0
93704,3852,22,0,0
93704,3778,23,0,0
93704,3853,24,0,0
93704,3783,25,0,0
93704,3828,26,0,0
93704,16190,27,0,0
93704,16670,28,1,0
93704,16046,29,1,1
93801,16390,1,0,0
93801,16373,2,0,0
93801,4079,3,0,0
93801,16374,4,0,0
93801,1613,5,0,0
93801,16335,6,0,0
93801,1048,7,0,0
93801,7704,8,0,0
93801,7702,9,0,0
93801,7698,10,0,0
93801,15114,11,1,1
93802,15114,1,0,0
93802,7699,2,0,0
93802,7703,3,0,0
93802,7705,4,0,0
93802,1049,5,0,0
93802,14766,6,0,0
93802,1612,7,0,0
93802,16375,8,0,0
93802,16376,9,0,0
93802,16453,10,1,0
93802,16390,11,1,1
93901,15567,1,0,0
93901,3587,2,0,0
93901,3593,3,0,0
93901,16061,4,0,0
93901,3613,5,0,0
93901,14692,6,0,0
93901,2574,7,0,0
93901,2488,8,0,0
93901,2518,9,0,0
93901,2506,10,0,0
93901,2550,11,0,0
93901,2565,12,0,0
93901,2538,13,0,0
93901,2569,14,0,0
93901,2490,15,0,0
93901,2514,16,0,0
93901,2534,17,0,0
93901,2497,18,0,0
93901,1055,19,0,0
93901,2546,20,0,0
93901,2532,21,0,0
93901,2559,22,0,0
93901,11344,23,0,0
93901,2525,24,0,0
93901,2561,25,0,0
93901,16369,26,0,0
93901,16699,27,0,0
93901,14549,28,0,0
93901,14442,29,0,0
93901,14444,30,0,0
93901,14446,31,0,0
93901,14081,32,0,0
93901,14082,33,0,0
93901,14083,34,0,0
93901,14557,35,0,0
93901,13906,36,1,1
93901,1318,37,0,0
93901,14766,38,0,0
93901,1612,39,0,0
93901,16375,40,0,0
93901,16376,41,0,0
93901,16453,42,1,0
93901,16381,43,1,1
93902,16381,1,0,0
93902,16373,2,0,0
93902,4079,3,0,0
93902,16374,4,0,0
93902,1613,5,0,0
93902,14763,6,0,0
93902,1317,7,0,0
93902,13906,8,0,0
93902,14104,9,0,0
93902,13907,10,0,0
93902,14105,11,0,0
93902,14266,12,0,0
93902,14107,13,0,0
93902,14982,14,0,0
93902,14264,15,0,0
93902,14086,16,0,0
93902,14445,17,0,0
93902,14443,18,0,0
93902,14550,19,0,0
93902,16700,20,0,0
93902,16368,21,0,0
93902,2562,22,0,0
93902,2526,23,0,0
93902,11345,24,0,0
93902,2560,25,0,0
93902,2533,26,0,0
93902,2545,27,0,0
93902,14968,28,0,0
93902,2498,29,0,0
93902,2535,30,0,0
93902,2515,31,0,0
93902,2491,32,0,0
93902,2570,33,0,0
93902,2539,34,0,0
93902,2566,35,0,0
93902,2549,36,0,0
93902,9617,37,0,0
93902,2519,38,0,0
93902,9127,39,0,0
93902,2575,40,0,0
93902,14685,41,0,0
93902,3594,42,0,0
93902,16062,43,0,0
93902,3618,44,0,0
93902,3588,45,0,0
93902,15567,46,1,1
93902,14692,47,1,1
94103,14705,1,0,0
94103,7886,2,0,0
94103,7899,3,0,0
94103,4509,4,0,0
94103,4024,5,0,0
94103,3978,6,0,0
94103,15998,7,0,0
94103,16581,8,0,0
94103,4002,9,0,0
94103,4007,10,0,0
94103,3986,11,0,0
94103,9154,12,0,0
94103,4047,13,0,0
94103,7897,14,0,0
94103,13924,15,0,0
94103,9149,16,0,0
94103,15653,17,1,1
94104,11321,1,0,0
94104,4036,2,0,0
94104,4030,3,0,0
94104,16132,4,0,0
94104,4049,5,0,0
94104,3987,6,0,0
94104,9152,7,0,0
94104,3999,8,0,0
94104,15994,9,0,0
94104,3979,10,0,0
94104,14867,11,0,0
94104,14866,12,0,0
94104,15750,13,0,0
94104,7887,14,0,0
94104,14705,15,1,1
94403,12120,1,0,0
94403,12121,2,0,0
94403,12122,3,0,0
94403,4289,4,0,0
94403,4326,5,0,0
94403,4307,6,0,0
94403,4361,7,0,0
94403,14723,8,1,1
94404,14723,1,0,0
94404,4362,2,0,0
94404,4308,3,0,0
94404,4327,4,0,0
94404,4290,5,0,0
94404,12124,6,0,0
94404,12126,7,0,0
94404,12120,8,1,1
94503,14718,1,0,0
94503,4294,2,0,0
94503,4364,3,0,0
94503,4304,4,0,0
94503,4387,5,0,0
94503,4303,6,0,0
94503,4285,7,0,0
94503,4287,8,0,0
94503,4370,9,0,0
94503,4368,10,0,0
94503,15747,11,0,0
94503,4373,12,0,0
94503,4312,13,0,0
94503,4322,14,0,0
94503,4293,15,0,0
94503,15749,16,0,0
94503,4329,17,0,0
94503,4276,18,0,0
94503,4355,19,0,0
94503,11043,20,0,0
94503,4309,21,0,0
94503,4354,22,0,0
94503,16248,23,0,0
94503,4281,24,0,0
94503,4331,25,0,0
94503,9878,26,1,1
94504,15789,1,0,0
94504,4332,2,0,0
94504,4282,3,0,0
94504,4277,4,0,0
94504,4340,5,0,0
94504,4377,6,0,0
94504,11044,7,0,0
94504,4272,8,0,0
94504,4275,9,0,0
94504,4330,10,0,0
94504,4321,11,0,0
94504,4386,12,0,0
94504,4323,13,0,0
94504,4313,14,0,0
94504,4374,15,0,0
94504,15748,16,0,0
94504,14891,17,0,0
94504,4371,18,0,0
94504,4288,19,0,0
94504,4286,20,0,0
94504,4302,21,0,0
94504,4388,22,0,0
94504,4305,23,0,0
94504,4365,24,0,0
94504,4295,25,0,0
94504,14718,26,1,1
95201,14092,1,0,0
95201,14278,2,0,0
95201,4751,3,0,0
95201,4975,4,0,0
95201,5003,5,0,0
95201,4992,6,0,0
95201,4990,7,0,0
95201,4987,8,0,0
95201,5001,9,0,0
95201,6046,10,0,0
95201,5414,11,0,0
95201,5395,12,0,0
95201,2824,13,0,0
95201,5356,14,0,0
95201,5381,15,0,0
95201,5340,16,0,0
95201,5350,17,0,0
95201,5360,18,0,0
95201,12202,19,0,0
95201,5337,20,0,0
95201,5335,21,0,0
95201,15184,22,1,1
95202,15184,1,0,0
95202,5336,2,0,0
95202,5339,3,0,0
95202,14733,4,0,0
95202,5361,5,0,0
95202,5351,6,0,0
95202,5341,7,0,0
95202,5382,8,0,0
95202,5357,9,0,0
95202,5379,10,0,0
95202,5396,11,0,0
95202,5413,12,0,0
95202,5406,13,0,0
95202,5004,14,0,0
95202,4988,15,0,0
95202,4991,16,0,0
95202,4993,17,0,0
95202,4972,18,0,0
95202,4976,19,0,0
95202,15144,20,0,0
95202,14092,21,1,1
95301,14683,1,0,0
95301,9058,2,0,0
95301,8211,3,0,0
95301,8228,4,0,0
95301,12816,5,0,0
95301,13339,6,0,0
95301,8243,7,0,0
95301,8234,8,0,0
95301,9344,9,0,0
95301,9346,10,0,0
95301,9780,11,0,0
95301,10478,12,0,0
95301,16247,13,0,0
95301,9828,14,0,0
95301,10919,15,0,0
95301,12076,16,0,0
95301,11606,17,0,0
95301,14374,18,0,0
95301,11608,19,0,0
95301,14375,20,0,0
95301,14376,21,0,0
95301,14377,22,0,0
95301,14981,23,0,0
95301,15193,24,0,0
95301,16256,25,0,0
95301,16252,26,0,0
95301,14380,27,0,0
95301,14382,28,0,0
95301,14984,29,0,0
95301,14985,30,0,0
95301,14988,31,0,0
95301,14266,32,0,0
95301,14107,33,0,0
95301,14982,34,0,0
95301,14264,35,0,0
95301,14086,36,0,0
95301,14990,37,1,1
95302,14990,1,0,0
95302,14991,2,0,0
95302,13906,3,0,0
95302,14104,4,0,0
95302,13907,5,0,0
95302,14105,6,0,0
95302,14989,7,0,0
95302,14987,8,0,0
95302,14986,9,0,0
95302,14983,10,0,0
95302,14423,11,0,0
95302,14379,12,0,0
95302,15193,13,0,0
95302,16256,14,0,0
95302,16252,15,0,0
95302,11611,16,0,0
95302,14603,17,0,0
95302,11612,18,0,0
95302,11613,19,0,0
95302,11614,20,0,0
95302,11615,21,0,0
95302,12077,22,0,0
95302,16669,23,0,0
95302,9833,24,0,0
95302,9787,25,0,0
95302,10479,26,0,0
95302,13448,27,0,0
95302,9355,28,0,0
95302,9357,29,0,0
95302,8218,30,0,0
95302,8241,31,0,0
95302,8250,32,0,0
95302,8215,33,0,0
95302,8229,34,0,0
95302,1254,35,0,0
95302,8210,36,0,0
95302,9059,37,0,0
95302,14683,38,1,1
95401,16603,1,0,0
95401,1942,2,0,0
95401,1946,3,0,0
95401,5259,4,0,0
95401,5313,5,0,0
95401,5328,6,0,0
95401,5305,7,0,0
95401,5330,8,0,0
95401,11676,9,0,0
95401,5279,10,0,0
95401,5294,11,0,0
95401,16865,12,0,0
95401,9503,13,0,0
95401,5274,14,0,0
95401,5264,15,0,0
95401,5316,16,0,0
95401,5299,17,0,0
95401,5266,18,0,0
95401,5281,19,0,0
95401,4423,20,0,0
95401,4419,21,0,0
95401,4418,22,0,0
95401,5284,23,0,0
95401,4425,24,0,0
95401,4422,25,0,0
95401,11185,26,0,0
95401,4414,27,0,0
95401,4413,28,0,0
95401,5291,29,0,0
95401,5303,30,0,0
95401,5251,31,0,0
95401,16250,32,0,0
95401,5250,33,0,0
95401,5310,34,0,0
95401,6530,35,0,0
95401,9967,36,0,0
95401,9969,37,0,0
95401,9970,38,1,1
95402,9970,1,0,0
95402,9971,2,0,0
95402,9972,3,0,0
95402,13068,4,0,0
95402,5309,5,0,0
95402,5249,6,0,0
95402,5248,7,0,0
95402,16653,8,0,0
95402,5304,9,0,0
95402,5292,10,0,0
95402,4412,11,0,0
95402,4415,12,0,0
95402,4417,13,0,0
95402,13704,14,0,0
95402,5285,15,0,0
95402,4427,16,0,0
95402,5252,17,0,0
95402,4424,18,0,0
95402,5282,19,0,0
95402,5267,20,0,0
95402,5300,21,0,0
95402,5317,22,0,0
95402,5265,23,0,0
95402,5272,24,0,0
95402,9504,25,0,0
95402,5289,26,0,0
95402,5240,27,0,0
95402,5293,28,0,0
95402,5280,29,0,0
95402,15243,30,0,0
95402,5329,31,0,0
95402,5306,32,0,0
95402,5326,33,0,0
95402,5324,34,0,0
95402,5260,35,0,0
95402,14255,36,0,0
95402,15526,37,0,0
95402,16603,38,1,1
96001,10860,1,0,0
96001,10861,2,0,0
96001,10862,3,0,0
96001,10863,4,0,0
96001,10864,5,0,0
96001,9824,6,0,0
96001,9825,7,0,0
96001,9261,8,0,0
96001,9262,9,0,0
96001,9826,10,0,0
96001,10866,11,0,0
96001,4643,12,0,0
96001,8284,13,0,0
96001,8272,14,0,0
96001,8271,15,0,0
96001,8276,16,0,0
96001,8313,17,0,0
96001,8260,18,0,0
96001,8289,19,0,0
96001,8281,20,0,0
96001,8315,21,0,0
96001,8306,22,0,0
96001,8301,23,0,0
96001,8259,24,0,0
96001,8294,25,0,0
96001,6144,26,0,0
96001,12088,27,0,0
96001,1592,28,0,0
96001,1601,29,0,0
96001,15574,30,0,0
96001,1590,31,0,0
96001,1596,32,0,0
96001,8254,33,0,0
96001,8270,34,0,0
96001,8278,35,0,0
96001,8310,36,0,0
96001,8266,37,0,0
96001,1587,38,0,0
96001,8279,39,0,0
96001,9059,40,0,0
96001,14687,41,1,1
96002,14687,1,0,0
96002,8317,2,0,0
96002,8280,3,0,0
96002,8261,4,0,0
96002,8265,5,0,0
96002,8311,6,0,0
96002,8267,7,0,0
96002,8269,8,0,0
96002,8255,9,0,0
96002,1598,10,0,0
96002,1591,11,0,0
96002,15579,12,0,0
96002,1602,13,0,0
96002,1593,14,0,0
96002,8286,15,0,0
96002,8253,16,0,0
96002,8295,17,0,0
96002,8296,18,0,0
96002,8302,19,0,0
96002,8307,20,0,0
96002,8316,21,0,0
96002,8297,22,0,0
96002,8288,23,0,0
96002,8303,24,0,0
96002,8312,25,0,0
96002,8277,26,0,0
96002,8298,27,0,0
96002,8273,28,0,0
96002,8283,29,0,0
96002,8285,30,0,0
96002,9822,31,0,0
96002,9263,32,0,0
96002,9264,33,0,0
96002,9823,34,0,0
96002,9824,35,1,1
96002,10854,36,0,0
96002,10855,37,0,0
96002,10856,38,0,0
96002,10857,39,0,0
96002,10858,40,0,0
96002,10859,41,0,0
96002,10860,42,1,1
96803,16643,1,0,0
96803,8563,2,0,0
96803,8551,3,0,0
96803,8557,4,0,0
96803,8530,5,0,0
96803,8581,6,0,0
96803,8560,7,0,0
96803,8598,8,0,0
96803,8565,9,0,0
96803,8589,10,0,0
96803,10535,11,0,0
96803,13462,12,1,1
96804,13462,1,0,0
96804,10564,2,0,0
96804,8590,3,0,0
96804,8566,4,0,0
96804,8599,5,0,0
96804,8561,6,0,0
96804,8582,7,0,0
96804,8531,8,0,0
96804,8558,9,0,0
96804,8552,10,0,0
96804,8564,11,0,0
96804,16643,12,1,1
98401,4807,1,0,0
98401,15386,2,0,0
98401,6067,3,0,0
98401,6069,4,0,0
98401,7291,5,0,0
98401,16240,6,0,0
98401,6074,7,0,0
98401,15631,8,0,0
98401,14654,9,0,0
98401,7299,10,0,0
98401,3110,11,0,0
98401,7264,12,0,0
98401,7276,13,0,0
98401,14775,14,1,1
98402,14775,1,0,0
98402,7269,2,0,0
98402,7266,3,0,0
98402,7298,4,0,0
98402,7300,5,0,0
98402,14658,6,0,0
98402,3106,7,0,0
98402,6072,8,0,0
98402,6087,9,0,0
98402,6058,10,0,0
98402,6068,11,0,0
98402,6086,12,0,0
98402,6091,13,0,0
98402,4807,14,0,0
98402,15386,15,1,1
98501,14630,1,0,0
98501,7175,2,0,0
98501,13918,3,0,0
98501,7228,4,0,0
98501,7254,5,0,0
98501,7154,6,0,0
98501,16769,7,0,0
98501,7196,8,0,0
98501,10480,9,0,0
98501,7217,10,0,0
98501,7163,11,0,0
98501,7210,12,0,0
98501,7188,13,0,0
98501,7206,14,0,0
98501,4591,15,0,0
98501,7202,16,0,0
98501,7222,17,0,0
98501,7159,18,0,0
98501,7219,19,0,0
98501,9778,20,0,0
98501,7238,21,0,0
98501,7173,22,0,0
98501,7237,23,0,0
98501,14122,24,0,0
98501,7177,25,0,0
98501,7194,26,0,0
98501,9343,27,1,1
98502,9343,1,0,0
98502,11670,2,0,0
98502,7195,3,0,0
98502,7176,4,0,0
98502,14123,5,0,0
98502,7236,6,0,0
98502,15245,7,0,0
98502,7239,8,0,0
98502,9779,9,0,0
98502,10676,10,0,0
98502,9319,11,0,0
98502,7160,12,0,0
98502,7223,13,0,0
98502,7256,14,0,0
98502,4592,15,0,0
98502,9859,16,0,0
98502,7248,17,0,0
98502,7211,18,0,0
98502,7164,19,0,0
98502,15244,20,0,0
98502,15018,21,0,0
98502,7197,22,0,0
98502,16768,23,0,0
98502,7155,24,0,0
98502,7255,25,0,0
98502,7229,26,0,0
98502,9513,27,0,0
98502,7161,28,0,0
98502,14630,29,1,1
98601,14711,1,0,0
98601,15903,2,0,0
98601,15906,3,0,0
98601,15908,4,0,0
98601,4255,5,0,0
98601,6488,6,0,0
98601,6494,7,0,0
98601,13466,8,0,0
98601,6490,9,0,0
98601,6483,10,0,0
98601,6492,11,0,0
98601,6489,12,0,0
98601,6625,13,0,0
98601,14441,14,0,0
98601,6571,15,0,0
98601,6565,16,0,0
98601,14316,17,0,0
98601,6569,18,0,0
98601,11668,19,0,0
98601,9343,20,1,1
98602,9343,1,0,0
98602,6575,2,0,0
98602,6578,3,0,0
98602,6568,4,0,0
98602,6566,5,0,0
98602,6570,6,0,0
98602,10914,7,0,0
98602,16341,8,0,0
98602,6620,9,0,0
98602,6493,10,0,0
98602,6484,11,0,0
98602,6491,12,0,0
98602,13694,13,0,0
98602,6495,14,0,0
98602,15911,15,0,0
98602,15910,16,0,0
98602,15909,17,0,0
98602,15907,18,0,0
98602,2288,19,0,0
98602,14711,20,1,1
98903,14706,1,0,0
98903,7886,2,0,0
98903,11689,3,0,0
98903,8763,4,0,0
98903,16595,5,0,0
98903,2419,6,0,0
98903,8759,7,0,0
98903,8733,8,0,0
98903,16058,9,0,0
98903,8704,10,0,0
98903,7443,11,0,0
98903,7446,12,0,0
98903,8737,13,0,0
98903,8766,14,0,0
98903,8698,15,0,0
98903,8741,16,0,0
98903,8723,17,0,0
98903,8753,18,0,0
98903,11875,19,0,0
98903,10651,20,1,1
98904,10651,1,0,0
98904,10700,2,0,0
98904,10702,3,0,0
98904,8722,4,0,0
98904,8742,5,0,0
98904,8699,6,0,0
98904,8767,7,0,0
98904,8736,8,0,0
98904,7439,9,0,0
98904,7444,10,0,0
98904,6173,11,0,0
98904,16057,12,0,0
98904,8734,13,0,0
98904,8760,14,0,0
98904,16672,15,0,0
98904,16587,16,0,0
98904,8762,17,0,0
98904,15750,18,0,0
98904,7887,19,0,0
98904,14706,20,1,1
99501,14813,1,0,0
99501,9188,2,0,0
99501,7467,3,0,0
99501,9076,4,0,0
99501,9070,5,0,0
99501,16688,6,0,0
99501,8025,7,0,0
99501,6371,8,0,0
99501,6368,9,0,0
99501,7719,10,0,0
99501,7678,11,0,0
99501,7693,12,0,0
99501,7696,13,0,0
99501,7684,14,0,0
99501,7694,15,0,0
99501,7676,16,0,0
99501,1048,17,0,0
99501,1046,18,0,0
99501,1052,19,0,0
99501,1051,20,0,0
99501,7704,21,0,0
99501,7702,22,0,0
99501,7698,23,0,0
99501,15116,24,1,1
99502,15116,1,0,0
99502,7977,2,0,0
99502,7699,3,0,0
99502,7703,4,0,0
99502,7701,5,0,0
99502,7705,6,0,0
99502,7700,7,0,0
99502,7691,8,0,0
99502,1045,9,0,0
99502,1049,10,0,0
99502,7677,11,0,0
99502,7695,12,0,0
99502,7685,13,0,0
99502,7697,14,0,0
99502,7692,15,0,0
99502,7679,16,0,0
99502,7720,17,0,0
99502,7714,18,0,0
99502,6372,19,0,0
99502,16689,20,0,0
99502,9083,21,0,0
99502,9071,22,0,0
99502,9077,23,0,0
99502,7464,24,0,0
99502,9069,25,0,0
99502,14813,26,1,1
99601,11289,1,0,0
99601,14513,2,0,0
99601,11851,3,0,0
99601,12200,4,0,0
99601,11508,5,0,0
99601,13472,6,0,0
99601,11047,7,0,0
99601,11048,8,0,0
99601,11049,9,0,0
99601,15403,10,0,0
99601,11273,11,0,0
99601,15821,12,0,0
99601,7876,13,0,0
99601,8657,14,0,0
99601,8656,15,0,0
99601,7731,16,0,0
99601,7724,17,0,0
99601,6216,18,0,0
99601,7481,19,0,0
99601,8525,20,0,0
99601,8845,21,0,0
99601,8861,22,0,0
99601,8865,23,0,0
99601,8868,24,0,0
99601,8848,25,0,0
99601,1657,26,0,0
99601,14820,27,0,0
99601,9899,28,0,0
99601,8839,29,0,0
99601,8837,30,0,0
99601,9907,31,0,0
99601,14814,32,0,0
99601,9188,33,0,0
99601,7467,34,0,0
99601,9076,35,0,0
99601,9070,36,0,0
99601,16688,37,0,0
99601,8025,38,0,0
99601,6371,39,0,0
99601,6368,40,0,0
99601,7719,41,0,0
99601,7678,42,0,0
99601,7693,43,0,0
99601,7696,44,0,0
99601,1613,45,0,0
99601,14759,46,1,1
99602,14759,1,0,0
99602,1612,2,0,0
99602,7697,3,0,0
99602,7692,4,0,0
99602,7679,5,0,0
99602,7720,6,0,0
99602,7714,7,0,0
99602,6372,8,0,0
99602,16689,9,0,0
99602,9083,10,0,0
99602,9071,11,0,0
99602,9077,12,0,0
99602,7464,13,0,0
99602,9069,14,0,0
99602,14806,15,0,0
99602,8838,16,0,0
99602,1654,17,0,0
99602,15317,18,0,0
99602,1656,19,0,0
99602,8851,20,0,0
99602,8869,21,0,0
99602,8866,22,0,0
99602,8862,23,0,0
99602,8844,24,0,0
99602,8524,25,0,0
99602,6233,26,0,0
99602,6217,27,0,0
99602,7723,28,0,0
99602,7732,29,0,0
99602,7569,30,0,0
99602,7957,31,0,0
99602,7875,32,0,0
99602,7867,33,0,0
99602,11272,34,0,0
99602,15405,35,0,0
99602,12064,36,0,0
99602,11030,37,0,0
99602,11032,38,0,0
99602,13473,39,0,0
99602,11417,40,0,0
99602,12199,41,0,0
99602,11848,42,0,0
99602,14514,43,0,0
99602,11289,44,1,1
