2703,'1',537,,613555,18,0,52 53 8,1,14,,558284,18,0,52 53 8,1,51,,613569,18,0,52 53 8,1,10,,613547,18,0,52 53 8,1,10,,613604,18,0,52 53 8,1,10,,533978,18,0,52 53 8,1,10,,613613,18,0,52 53 8,1,10,,613563,18,0,52 53 8,1,50,,613551,18,0,52 53 8,1,12,,613557,18,0,52 53 8,1,11,,613603,18,0,52 53 8,1,10,,613527,18,0,52 53 8,1,10,,613589,18,0,52 53 8,1,10,,613571,18,0,52 53 8,1,50,,613522,18,0,52 53 8,1,10,,401976,18,0,52 53 8,1,10,,515936,18,0,52 53 8,1,10,,613605,18,0,52 53 8,1,10,,551213,18,0,52 53 8,1,10,,613607,18,0,52 53 8,1,50,,613586,18,0,52 53 8,1,9,,613544,18,0,52 53 8,1,10,,613539,18,0,52 53 8,1,10,,613593,18,0,52 53 8,1,10,,613538,18,0,52 53 8,1,10,,613599,18,0,52 53 8,1,50,,613580,18,0,52 53 8,1,10,,613611,18,0,52 53 8,1,10,,613585,18,0,52 53 8,1,10,,613543,18,0,52 53 8,1,10,,497455,18,0,52 53 8,1,10,,613596,18,0,52 53 8,1,50,,514897,18,0,52 53 8,1,10,,604067,18,0,52 53 8,1,10,,613581,18,0,52 53 8,1,10,,613568,18,0,52 53 8,1,10,,613558,18,0,52 53 8,1,10,,613598,18,0,52 53 8,1,50,,613562,18,0,52 53 8,1,11,,613570,18,0,52 53 8,1,11,,565274,18,0,52 53 8,1,10,,613597,18,0,52 53 8,1,10,,613565,18,0,52 53 8,1,10,,613540,18,0,52 53 8,1,50,,613564,18,0,52 53 8,1,10,,613577,18,0,52 53 8,1,10,,590548,18,0,52 53 8,1,10,,613572,18,0,52 53 8,1,10,,613529,18,0,52 53 8,1,10,,613521,18,0,52 53 8,1,53,,613559,18,0,52 53 8,1,12,,613548,18,0,52 53 8,1,12,,613526,18,0,52 53 8,1,10,,613541,18,0,52 53 8,1,10,,613608,18,0,52 53 8,1,50,,613590,18,0,52 53 8,1,10,,613545,18,0,52 53 8,1,10,,613579,18,0,52 53 8,1,10,,613533,18,0,52 53 8,1,10,,613517,18,0,52 53 8,1,10,,613550,18,0,52 53 8,1,50,,613601,18,0,52 53 8,1,10,,613566,18,0,52 53 8,1,10,,613549,18,0,52 53 8,1,10,,613531,18,0,52 53 8,1,10,,613523,18,0,52 53 8,1,10,,613524,18,0,52 53 8,1,50,,531287,18,0,52 53 8,1,7,,613606,18,0,52 53 8,1,10,,528656,18,0,52 53 8,1,10,,554003,18,0,52 53 8,1,10,,613583,18,0,52 53 8,1,10,,421237,18,0,52 53 8,1,50,,613532,18,0,52 53 8,1,10,,529356,18,0,52 53 8,1,10,,613573,18,0,52 53 8,1,10,,567971,18,0,52 53 8,1,10,,520251,18,0,52 53 8,1,10,,544833,18,0,52 53 8,1,50,,613552,18,0,52 53 8,1,9,,564396,18,0,52 53 8,1,6,,613537,18,0,52 53 8,1,10,,613600,18,0,52 53 8,1,10,,613595,18,0,52 53 8,1,10,,613553,18,0,52 53 8,1,10,,602240,18,0,52 53 8,1,50,,613519,18,0,52 53 8,1,10,,613546,18,0,52 53 8,1,10,,613542,18,0,52 53 8,1,10,,613574,18,0,52 53 8,1,10,,601791,18,0,52 53 8,1,10,,613578,18,0,52 53 8,1,50,,613592,18,0,52 53 8,1,10,,558828,18,0,52 53 8,1,10,,527641,18,0,52 53 8,1,10,,613554,18,0,52 53 8,1,10,,613528,18,0,52 53 8,1,10,,613518,18,0,52 53 8,1,50,,613584,18,0,52 53 8,1,8,,613582,18,0,52 53 8,1,10,,613567,18,0,52 53 8,1,10,,545163,18,0,52 53 8,1,5,,613602,18,0,52 53 8,1,5,,613535,18,0,52 53 8,1,5,,525726,18,0,52 53 8,1,5,,582896,18,0,52 53 8,1,5,,613561,18,0,52 53 8,1,45,,613525,18,0,52 53 8,1,5,,613591,18,0,52 53 8,1,5,,613516,18,0,52 53 8,1,10,,613587,18,0,52 53 8,1,10,,496449,18,0,52 53 8,1,5,,516266,18,0,52 53 8,1,5,,546807,18,0,52 53 8,1,10,,613520,18,0,52 53 8,1,50,,613556,18,0,52 53 8,1,10,,613588,18,0,52 53 8,1,10,,613530,18,0,52 53 8,1,10,,526540,18,0,52 53 8,1,5,,613612,18,0,52 53 8,1,5,,613536,18,0,52 53 8,1,5,,613610,18,0,52 53 8,1,5,,613560,18,0,52 53 8,1,50,,613609,18,0,52 53 8,1,10,,553537,18,0,52 53 8,1,14,,481246,18,0,52 53 8,1,12,,613576,18,0,52 53 8,1,15,,613534,18,0,52 53 8,1,55,,613575,18,0,52 53 8,1
2703,'2',553,,589557,18,0,52 53 8,1,54,,613696,18,0,52 53 8,1,10,,613618,18,0,52 53 8,1,10,,613651,18,0,52 53 8,1,10,,613712,18,0,52 53 8,1,10,,613677,18,0,52 53 8,1,10,,383047,18,0,52 53 8,1,50,,613693,18,0,52 53 8,1,10,,564903,18,0,52 53 8,1,10,,613680,18,0,52 53 8,1,10,,598175,18,0,52 53 8,1,10,,613647,18,0,52 53 8,1,10,,613656,18,0,52 53 8,1,50,,613710,18,0,52 53 8,1,13,,613695,18,0,52 53 8,1,13,,613705,18,0,52 53 8,1,12,,613646,18,0,52 53 8,1,10,,613649,18,0,52 53 8,1,50,,613662,18,0,52 53 8,1,10,,613666,18,0,52 53 8,1,11,,613638,18,0,52 53 8,1,10,,613706,18,0,52 53 8,1,10,,613642,18,0,52 53 8,1,10,,613620,18,0,52 53 8,1,50,,613641,18,0,52 53 8,1,10,,613652,18,0,52 53 8,1,10,,613644,18,0,52 53 8,1,10,,613709,18,0,52 53 8,1,10,,599161,18,0,52 53 8,1,10,,613654,18,0,52 53 8,1,50,,569014,18,0,52 53 8,1,10,,410684,18,0,52 53 8,1,10,,613698,18,0,52 53 8,1,10,,613636,18,0,52 53 8,1,10,,613659,18,0,52 53 8,1,10,,613688,18,0,52 53 8,1,50,,613700,18,0,52 53 8,1,13,,613637,18,0,52 53 8,1,12,,565973,18,0,52 53 8,1,12,,613632,18,0,52 53 8,1,10,,613660,18,0,52 53 8,1,50,,481122,18,0,52 53 8,1,5,,613704,18,0,52 53 8,1,5,,613691,18,0,52 53 8,1,5,,613661,18,0,52 53 8,1,5,,613619,18,0,52 53 8,1,10,,613675,18,0,52 53 8,1,10,,613707,18,0,52 53 8,1,10,,613702,18,0,52 53 8,1,50,,479481,18,0,52 53 8,1,5,,522528,18,0,52 53 8,1,5,,613667,18,0,52 53 8,1,10,,613679,18,0,52 53 8,1,5,,613692,18,0,52 53 8,1,5,,613668,18,0,52 53 8,1,9,,460042,18,0,52 53 8,1,8,,613633,18,0,52 53 8,1,8,,613670,18,0,52 53 8,1,49,,613682,18,0,52 53 8,1,10,,502807,18,0,52 53 8,1,10,,613701,18,0,52 53 8,1,10,,613643,18,0,52 53 8,1,10,,613622,18,0,52 53 8,1,10,,613634,18,0,52 53 8,1,50,,549903,18,0,52 53 8,1,10,,566559,18,0,52 53 8,1,10,,613648,18,0,52 53 8,1,10,,613621,18,0,52 53 8,1,10,,613685,18,0,52 53 8,1,10,,613669,18,0,52 53 8,1,50,,471592,18,0,52 53 8,1,10,,613617,18,0,52 53 8,1,10,,613614,18,0,52 53 8,1,10,,613623,18,0,52 53 8,1,10,,590368,18,0,52 53 8,1,10,,613672,18,0,52 53 8,1,50,,613615,18,0,52 53 8,1,10,,562231,18,0,52 53 8,1,10,,552232,18,0,52 53 8,1,10,,613689,18,0,52 53 8,1,10,,613650,18,0,52 53 8,1,10,,613626,18,0,52 53 8,1,48,,554914,18,0,52 53 8,1,9,,613681,18,0,52 53 8,1,8,,613673,18,0,52 53 8,1,10,,613683,18,0,52 53 8,1,10,,613694,18,0,52 53 8,1,10,,613678,18,0,52 53 8,1,50,,613713,18,0,52 53 8,1,10,,613703,18,0,52 53 8,1,10,,613635,18,0,52 53 8,1,10,,613664,18,0,52 53 8,1,10,,613639,18,0,52 53 8,1,10,,613665,18,0,52 53 8,1,50,,592699,18,0,52 53 8,1,10,,613655,18,0,52 53 8,1,10,,613671,18,0,52 53 8,1,10,,597453,18,0,52 53 8,1,10,,548271,18,0,52 53 8,1,10,,613687,18,0,52 53 8,1,50,,613684,18,0,52 53 8,1,9,,518811,18,0,52 53 8,1,10,,613624,18,0,52 53 8,1,10,,613699,18,0,52 53 8,1,5,,561380,18,0,52 53 8,1,5,,613631,18,0,52 53 8,1,5,,578198,18,0,52 53 8,1,5,,541915,18,0,52 53 8,1,5,,613676,18,0,52 53 8,1,45,,613630,18,0,52 53 8,1,5,,613640,18,0,52 53 8,1,5,,613686,18,0,52 53 8,1,10,,596410,18,0,52 53 8,1,10,,613697,18,0,52 53 8,1,5,,613628,18,0,52 53 8,1,5,,597424,18,0,52 53 8,1,10,,613627,18,0,52 53 8,1,50,,613674,18,0,52 53 8,1,10,,613708,18,0,52 53 8,1,10,,613690,18,0,52 53 8,1,10,,613657,18,0,52 53 8,1,5,,558920,18,0,52 53 8,1,5,,613663,18,0,52 53 8,1,5,,613625,18,0,52 53 8,1,5,,613645,18,0,52 53 8,1,50,,613653,18,0,52 53 8,1,10,,580751,18,0,52 53 8,1,14,,613629,18,0,52 53 8,1,14,,613616,18,0,52 53 8,1,15,,537444,18,0,52 53 8,1,55,,613658,18,0,52 53 8,1
2703,'3',730,,613802,18,0,52 53 8,1,11,,613743,18,0,52 53 8,1,11,,613728,18,0,52 53 8,1,51,,613735,18,0,52 53 8,1,10,,613714,18,0,52 53 8,1,10,,434884,18,0,52 53 8,1,10,,613798,18,0,52 53 8,1,10,,613768,18,0,52 53 8,1,10,,613803,18,0,52 53 8,1,50,,613784,18,0,52 53 8,1,10,,613722,18,0,52 53 8,1,10,,613772,18,0,52 53 8,1,10,,613807,18,0,52 53 8,1,10,,613781,18,0,52 53 8,1,10,,613751,18,0,52 53 8,1,50,,534239,18,0,52 53 8,1,10,,613788,18,0,52 53 8,1,10,,613774,18,0,52 53 8,1,10,,613785,18,0,52 53 8,1,10,,613733,18,0,52 53 8,1,10,,613793,18,0,52 53 8,1,50,,613717,18,0,52 53 8,1,10,,613724,18,0,52 53 8,1,10,,613764,18,0,52 53 8,1,10,,613794,18,0,52 53 8,1,10,,613744,18,0,52 53 8,1,10,,613738,18,0,52 53 8,1,52,,613812,18,0,52 53 8,1,10,,613727,18,0,52 53 8,1,10,,613758,18,0,52 53 8,1,10,,576485,18,0,52 53 8,1,5,,548427,18,0,52 53 8,1,5,,613789,18,0,52 53 8,1,5,,613791,18,0,52 53 8,1,5,,613718,18,0,52 53 8,1,50,,613778,18,0,52 53 8,1,10,,613804,18,0,52 53 8,1,10,,613780,18,0,52 53 8,1,5,,613753,18,0,52 53 8,1,5,,613773,18,0,52 53 8,1,5,,613755,18,0,52 53 8,1,5,,568268,18,0,52 53 8,1,10,,613766,18,0,52 53 8,1,50,,613763,18,0,52 53 8,1,10,,613732,18,0,52 53 8,1,5,,613736,18,0,52 53 8,1,5,,613759,18,0,52 53 8,1,5,,565874,18,0,52 53 8,1,5,,613811,18,0,52 53 8,1,10,,613775,18,0,52 53 8,1,10,,547472,18,0,52 53 8,1,50,,613777,18,0,52 53 8,1,10,,613737,18,0,52 53 8,1,10,,613746,18,0,52 53 8,1,10,,552519,18,0,52 53 8,1,10,,514571,18,0,52 53 8,1,10,,580786,18,0,52 53 8,1,50,,613786,18,0,52 53 8,1,10,,613750,18,0,52 53 8,1,10,,613810,18,0,52 53 8,1,10,,613761,18,0,52 53 8,1,10,,613783,18,0,52 53 8,1,10,,613749,18,0,52 53 8,1,50,,613797,18,0,52 53 8,1,10,,613754,18,0,52 53 8,1,11,,613760,18,0,52 53 8,1,10,,540682,18,0,52 53 8,1,10,,613801,18,0,52 53 8,1,10,,613720,18,0,52 53 8,1,50,,613747,18,0,52 53 8,1,10,,536170,18,0,52 53 8,1,10,,613776,18,0,52 53 8,1,10,,613767,18,0,52 53 8,1,10,,613757,18,0,52 53 8,1,10,,613762,18,0,52 53 8,1,48,,613756,18,0,52 53 8,1,10,,537658,18,0,52 53 8,1,10,,613742,18,0,52 53 8,1,10,,524004,18,0,52 53 8,1,10,,613792,18,0,52 53 8,1,10,,613805,18,0,52 53 8,1,50,,613799,18,0,52 53 8,1,10,,613741,18,0,52 53 8,1,10,,572311,18,0,52 53 8,1,10,,613725,18,0,52 53 8,1,10,,613719,18,0,52 53 8,1,10,,613745,18,0,52 53 8,1,50,,613806,18,0,52 53 8,1,10,,613715,18,0,52 53 8,1,10,,613716,18,0,52 53 8,1,10,,613771,18,0,52 53 8,1,10,,613787,18,0,52 53 8,1,10,,613765,18,0,52 53 8,1,49,,613734,18,0,52 53 8,1,8,,536612,18,0,52 53 8,1,10,,613739,18,0,52 53 8,1,10,,384633,18,0,52 53 8,1,5,,613721,18,0,52 53 8,1,5,,613740,18,0,52 53 8,1,5,,613731,18,0,52 53 8,1,5,,547446,18,0,52 53 8,1,5,,613808,18,0,52 53 8,1,45,,613790,18,0,52 53 8,1,5,,613769,18,0,52 53 8,1,5,,544921,18,0,52 53 8,1,10,,613730,18,0,52 53 8,1,10,,613726,18,0,52 53 8,1,10,,613723,18,0,52 53 8,1,5,,613800,18,0,52 53 8,1,5,,613729,18,0,52 53 8,1,50,,592126,18,0,52 53 8,1,10,,613779,18,0,52 53 8,1,10,,564644,18,0,52 53 8,1,10,,613770,18,0,52 53 8,1,5,,530220,18,0,52 53 8,1,5,,586510,18,0,52 53 8,1,5,,613748,18,0,52 53 8,1,5,,613796,18,0,52 53 8,1,50,,613795,18,0,52 53 8,1,10,,557515,18,0,52 53 8,1,14,,517920,18,0,52 53 8,1,14,,613813,18,0,52 53 8,1,15,,613782,18,0,52 53 8,1,55,,613809,18,0,52 53 8,1
2703,'5',553,,613915,18,0,52 53 8,1,50,,613825,18,0,52 53 8,1,10,,551895,18,0,52 53 8,1,10,,613908,18,0,52 53 8,1,10,,613902,18,0,52 53 8,1,10,,613821,18,0,52 53 8,1,10,,613842,18,0,52 53 8,1,50,,613916,18,0,52 53 8,1,10,,543062,18,0,52 53 8,1,10,,613914,18,0,52 53 8,1,10,,613898,18,0,52 53 8,1,10,,576326,18,0,52 53 8,1,10,,613855,18,0,52 53 8,1,50,,613876,18,0,52 53 8,1,10,,613833,18,0,52 53 8,1,10,,613909,18,0,52 53 8,1,10,,613847,18,0,52 53 8,1,10,,613851,18,0,52 53 8,1,10,,613884,18,0,52 53 8,1,50,,613862,18,0,52 53 8,1,10,,613816,18,0,52 53 8,1,10,,613859,18,0,52 53 8,1,10,,613891,18,0,52 53 8,1,10,,613834,18,0,52 53 8,1,10,,613897,18,0,52 53 8,1,50,,613845,18,0,52 53 8,1,10,,613906,18,0,52 53 8,1,10,,613860,18,0,52 53 8,1,10,,600002,18,0,52 53 8,1,10,,613828,18,0,52 53 8,1,10,,514273,18,0,52 53 8,1,50,,613864,18,0,52 53 8,1,10,,613827,18,0,52 53 8,1,10,,613878,18,0,52 53 8,1,10,,539010,18,0,52 53 8,1,10,,613879,18,0,52 53 8,1,10,,613892,18,0,52 53 8,1,52,,593886,18,0,52 53 8,1,10,,613850,18,0,52 53 8,1,10,,613852,18,0,52 53 8,1,10,,613894,18,0,52 53 8,1,5,,572462,18,0,52 53 8,1,5,,613901,18,0,52 53 8,1,5,,613903,18,0,52 53 8,1,5,,595867,18,0,52 53 8,1,50,,567371,18,0,52 53 8,1,10,,613870,18,0,52 53 8,1,10,,613880,18,0,52 53 8,1,5,,613869,18,0,52 53 8,1,5,,613904,18,0,52 53 8,1,5,,613817,18,0,52 53 8,1,5,,613913,18,0,52 53 8,1,10,,556483,18,0,52 53 8,1,50,,613912,18,0,52 53 8,1,10,,613840,18,0,52 53 8,1,5,,613886,18,0,52 53 8,1,5,,613865,18,0,52 53 8,1,5,,613854,18,0,52 53 8,1,5,,516239,18,0,52 53 8,1,10,,533143,18,0,52 53 8,1,10,,613900,18,0,52 53 8,1,50,,613887,18,0,52 53 8,1,10,,613832,18,0,52 53 8,1,10,,613838,18,0,52 53 8,1,10,,613907,18,0,52 53 8,1,10,,613893,18,0,52 53 8,1,10,,613824,18,0,52 53 8,1,50,,613861,18,0,52 53 8,1,10,,561105,18,0,52 53 8,1,10,,613883,18,0,52 53 8,1,10,,613831,18,0,52 53 8,1,10,,613917,18,0,52 53 8,1,10,,613843,18,0,52 53 8,1,50,,525697,18,0,52 53 8,1,10,,613818,18,0,52 53 8,1,11,,613820,18,0,52 53 8,1,10,,613871,18,0,52 53 8,1,10,,613822,18,0,52 53 8,1,10,,518328,18,0,52 53 8,1,50,,613873,18,0,52 53 8,1,10,,574200,18,0,52 53 8,1,10,,613890,18,0,52 53 8,1,10,,613874,18,0,52 53 8,1,10,,613866,18,0,52 53 8,1,10,,613837,18,0,52 53 8,1,48,,613858,18,0,52 53 8,1,10,,613846,18,0,52 53 8,1,10,,613815,18,0,52 53 8,1,10,,613826,18,0,52 53 8,1,10,,520082,18,0,52 53 8,1,10,,613844,18,0,52 53 8,1,50,,613888,18,0,52 53 8,1,10,,613841,18,0,52 53 8,1,10,,613819,18,0,52 53 8,1,10,,613896,18,0,52 53 8,1,10,,602424,18,0,52 53 8,1,10,,580381,18,0,52 53 8,1,50,,613814,18,0,52 53 8,1,10,,552065,18,0,52 53 8,1,10,,555553,18,0,52 53 8,1,10,,613839,18,0,52 53 8,1,10,,613867,18,0,52 53 8,1,10,,613905,18,0,52 53 8,1,49,,613856,18,0,52 53 8,1,8,,613829,18,0,52 53 8,1,10,,613911,18,0,52 53 8,1,10,,613872,18,0,52 53 8,1,5,,613910,18,0,52 53 8,1,5,,569472,18,0,52 53 8,1,5,,613919,18,0,52 53 8,1,5,,544034,18,0,52 53 8,1,5,,578940,18,0,52 53 8,1,45,,613849,18,0,52 53 8,1,5,,613868,18,0,52 53 8,1,5,,554679,18,0,52 53 8,1,10,,613830,18,0,52 53 8,1,10,,613882,18,0,52 53 8,1,10,,552331,18,0,52 53 8,1,5,,613875,18,0,52 53 8,1,5,,613920,18,0,52 53 8,1,50,,613857,18,0,52 53 8,1,10,,613853,18,0,52 53 8,1,10,,613863,18,0,52 53 8,1,10,,613918,18,0,52 53 8,1,5,,613895,18,0,52 53 8,1,5,,613848,18,0,52 53 8,1,5,,613899,18,0,52 53 8,1,5,,613823,18,0,52 53 8,1,50,,613877,18,0,52 53 8,1,10,,613836,18,0,52 53 8,1,14,,613889,18,0,52 53 8,1,14,,613835,18,0,52 53 8,1,15,,613921,18,0,52 53 8,1,55,,613881,18,0,52 53 8,1
3201,'1',546,,568967,18,0,52 53 8,1,12,,616520,18,0,52 53 8,1,50,,616558,18,0,52 53 8,1,10,,531360,18,0,52 53 8,1,10,,616538,18,0,52 53 8,1,8,,616573,18,0,52 53 8,1,8,,616511,18,0,52 53 8,1,7,,616525,18,0,52 53 8,1,8,,616519,18,0,52 53 8,1,48,,616544,18,0,52 53 8,1,9,,616548,18,0,52 53 8,1,8,,616530,18,0,52 53 8,1,9,,616526,18,0,52 53 8,1,7,,616563,18,0,52 53 8,1,8,,616541,18,0,52 53 8,1,7,,616555,18,0,52 53 8,1,48,,616514,18,0,52 53 8,1,7,,616521,18,0,52 53 8,1,8,,616497,18,0,52 53 8,1,7,,616531,18,0,52 53 8,1,8,,597320,18,0,52 53 8,1,7,,616489,18,0,52 53 8,1,8,,548085,18,0,52 53 8,1,7,,616547,18,0,52 53 8,1,48,,584150,18,0,52 53 8,1,7,,616490,18,0,52 53 8,1,8,,593521,18,0,52 53 8,1,7,,616545,18,0,52 53 8,1,8,,616509,18,0,52 53 8,1,7,,599121,18,0,52 53 8,1,7,,397522,18,0,52 53 8,1,6,,616527,18,0,52 53 8,1,47,,616517,18,0,52 53 8,1,7,,616560,18,0,52 53 8,1,8,,616534,18,0,52 53 8,1,7,,616568,18,0,52 53 8,1,8,,616529,18,0,52 53 8,1,8,,616503,18,0,52 53 8,1,10,,616506,18,0,52 53 8,1,10,,616540,18,0,52 53 8,1,50,,550117,18,0,52 53 8,1,10,,616491,18,0,52 53 8,1,10,,616571,18,0,52 53 8,1,10,,616557,18,0,52 53 8,1,10,,616498,18,0,52 53 8,1,10,,616551,18,0,52 53 8,1,50,,616524,18,0,52 53 8,1,10,,616552,18,0,52 53 8,1,10,,616550,18,0,52 53 8,1,10,,566093,18,0,52 53 8,1,10,,616518,18,0,52 53 8,1,10,,616553,18,0,52 53 8,1,50,,560307,18,0,52 53 8,1,10,,616567,18,0,52 53 8,1,10,,616499,18,0,52 53 8,1,10,,616554,18,0,52 53 8,1,10,,616535,18,0,52 53 8,1,10,,616561,18,0,52 53 8,1,49,,616516,18,0,52 53 8,1,10,,616502,18,0,52 53 8,1,10,,616508,18,0,52 53 8,1,10,,616500,18,0,52 53 8,1,10,,578018,18,0,52 53 8,1,10,,616570,18,0,52 53 8,1,50,,514824,18,0,52 53 8,1,10,,568969,18,0,52 53 8,1,10,,492737,18,0,52 53 8,1,10,,616564,18,0,52 53 8,1,10,,580466,18,0,52 53 8,1,10,,616533,18,0,52 53 8,1,50,,616572,18,0,52 53 8,1,10,,580593,18,0,52 53 8,1,10,,616574,18,0,52 53 8,1,10,,616536,18,0,52 53 8,1,10,,616542,18,0,52 53 8,1,10,,616539,18,0,52 53 8,1,48,,546937,18,0,52 53 8,1,9,,616507,18,0,52 53 8,1,10,,616522,18,0,52 53 8,1,10,,616566,18,0,52 53 8,1,10,,616488,18,0,52 53 8,1,10,,616493,18,0,52 53 8,1,50,,616504,18,0,52 53 8,1,10,,616496,18,0,52 53 8,1,10,,616537,18,0,52 53 8,1,10,,616495,18,0,52 53 8,1,10,,616505,18,0,52 53 8,1,10,,616510,18,0,52 53 8,1,49,,616515,18,0,52 53 8,1,7,,616487,18,0,52 53 8,1,8,,524272,18,0,52 53 8,1,8,,616528,18,0,52 53 8,1,10,,616492,18,0,52 53 8,1,10,,616562,18,0,52 53 8,1,10,,616559,18,0,52 53 8,1,53,,616556,18,0,52 53 8,1,15,,616512,18,0,52 53 8,1,15,,616543,18,0,52 53 8,1,15,,616485,18,0,52 53 8,1,55,,459143,18,0,52 53 8,1,15,,616513,18,0,52 53 8,1,15,,616532,18,0,52 53 8,1,15,,616549,18,0,52 53 8,1,55,,420450,18,0,52 53 8,1,14,,616494,18,0,52 53 8,1,10,,616546,18,0,52 53 8,1,10,,575351,18,0,52 53 8,1,15,,616501,18,0,52 53 8,1,55,,616569,18,0,52 53 8,1,15,,548955,18,0,52 53 8,1,15,,533199,18,0,52 53 8,1,15,,616565,18,0,52 53 8,1,55,,535955,18,0,52 53 8,1,15,,579608,18,0,52 53 8,1,15,,616523,18,0,52 53 8,1,15,,574737,18,0,52 53 8,1,55,,616486,18,0,52 53 8,1
3201,'2',652,,616624,18,0,52 53 8,1,55,,575976,18,0,52 53 8,1,15,,616575,18,0,52 53 8,1,15,,537374,18,0,52 53 8,1,15,,616629,18,0,52 53 8,1,54,,616625,18,0,52 53 8,1,15,,616590,18,0,52 53 8,1,15,,616604,18,0,52 53 8,1,15,,616615,18,0,52 53 8,1,55,,572130,18,0,52 53 8,1,15,,616592,18,0,52 53 8,1,15,,548192,18,0,52 53 8,1,15,,616627,18,0,52 53 8,1,55,,616613,18,0,52 53 8,1,15,,616594,18,0,52 53 8,1,15,,564916,18,0,52 53 8,1,15,,616608,18,0,52 53 8,1,55,,521992,18,0,52 53 8,1,15,,546246,18,0,52 53 8,1,15,,616584,18,0,52 53 8,1,15,,616632,18,0,52 53 8,1,55,,616645,18,0,52 53 8,1,15,,616614,18,0,52 53 8,1,15,,616602,18,0,52 53 8,1,15,,616582,18,0,52 53 8,1,50,,616642,18,0,52 53 8,1,10,,616639,18,0,52 53 8,1,10,,616607,18,0,52 53 8,1,10,,616635,18,0,52 53 8,1,10,,616606,18,0,52 53 8,1,10,,616631,18,0,52 53 8,1,50,,616598,18,0,52 53 8,1,10,,513486,18,0,52 53 8,1,10,,616609,18,0,52 53 8,1,10,,584726,18,0,52 53 8,1,10,,594630,18,0,52 53 8,1,10,,616583,18,0,52 53 8,1,50,,616623,18,0,52 53 8,1,10,,616616,18,0,52 53 8,1,10,,616588,18,0,52 53 8,1,10,,616638,18,0,52 53 8,1,10,,616579,18,0,52 53 8,1,10,,616634,18,0,52 53 8,1,50,,616644,18,0,52 53 8,1,10,,616600,18,0,52 53 8,1,10,,474784,18,0,52 53 8,1,10,,616586,18,0,52 53 8,1,10,,549010,18,0,52 53 8,1,10,,616617,18,0,52 53 8,1,50,,616611,18,0,52 53 8,1,10,,616578,18,0,52 53 8,1,10,,616633,18,0,52 53 8,1,10,,616591,18,0,52 53 8,1,10,,616585,18,0,52 53 8,1,10,,527770,18,0,52 53 8,1,50,,616576,18,0,52 53 8,1,10,,616628,18,0,52 53 8,1,10,,616597,18,0,52 53 8,1,10,,616622,18,0,52 53 8,1,10,,616619,18,0,52 53 8,1,10,,616587,18,0,52 53 8,1,50,,616630,18,0,52 53 8,1,6,,616605,18,0,52 53 8,1,10,,572108,18,0,52 53 8,1,10,,616636,18,0,52 53 8,1,10,,616610,18,0,52 53 8,1,10,,616601,18,0,52 53 8,1,10,,616626,18,0,52 53 8,1,53,,616596,18,0,52 53 8,1,15,,616641,18,0,52 53 8,1,15,,616581,18,0,52 53 8,1,15,,616603,18,0,52 53 8,1,55,,536459,18,0,52 53 8,1,15,,589577,18,0,52 53 8,1,15,,616640,18,0,52 53 8,1,15,,616589,18,0,52 53 8,1,54,,563075,18,0,52 53 8,1,13,,616620,18,0,52 53 8,1,10,,616599,18,0,52 53 8,1,10,,616612,18,0,52 53 8,1,15,,616595,18,0,52 53 8,1,55,,515792,18,0,52 53 8,1,15,,616577,18,0,52 53 8,1,15,,616637,18,0,52 53 8,1,15,,616643,18,0,52 53 8,1,55,,616580,18,0,52 53 8,1,15,,616618,18,0,52 53 8,1,15,,616593,18,0,52 53 8,1,15,,574472,18,0,52 53 8,1,55,,616621,18,0,52 53 8,1
3201,'3',729,,616701,18,0,52 53 8,1,16,,616673,18,0,52 53 8,1,55,,476479,18,0,52 53 8,1,18,,616651,18,0,52 53 8,1,16,,616672,18,0,52 53 8,1,15,,476970,18,0,52 53 8,1,55,,616670,18,0,52 53 8,1,15,,616687,18,0,52 53 8,1,15,,451131,18,0,52 53 8,1,15,,616657,18,0,52 53 8,1,55,,616675,18,0,52 53 8,1,15,,616662,18,0,52 53 8,1,15,,616650,18,0,52 53 8,1,15,,616648,18,0,52 53 8,1,55,,616652,18,0,52 53 8,1,15,,590204,18,0,52 53 8,1,15,,616659,18,0,52 53 8,1,15,,616693,18,0,52 53 8,1,57,,598510,18,0,52 53 8,1,14,,616646,18,0,52 53 8,1,15,,616702,18,0,52 53 8,1,15,,591072,18,0,52 53 8,1,50,,616690,18,0,52 53 8,1,10,,586184,18,0,52 53 8,1,10,,616663,18,0,52 53 8,1,10,,616674,18,0,52 53 8,1,10,,616686,18,0,52 53 8,1,10,,528379,18,0,52 53 8,1,50,,616682,18,0,52 53 8,1,10,,616653,18,0,52 53 8,1,10,,616689,18,0,52 53 8,1,10,,616681,18,0,52 53 8,1,10,,616698,18,0,52 53 8,1,10,,616694,18,0,52 53 8,1,50,,546473,18,0,52 53 8,1,10,,616680,18,0,52 53 8,1,10,,616661,18,0,52 53 8,1,10,,616655,18,0,52 53 8,1,10,,616649,18,0,52 53 8,1,10,,616679,18,0,52 53 8,1,50,,616695,18,0,52 53 8,1,10,,578309,18,0,52 53 8,1,10,,597751,18,0,52 53 8,1,10,,616696,18,0,52 53 8,1,10,,616671,18,0,52 53 8,1,10,,616668,18,0,52 53 8,1,50,,616697,18,0,52 53 8,1,10,,616678,18,0,52 53 8,1,10,,616706,18,0,52 53 8,1,10,,616667,18,0,52 53 8,1,10,,616647,18,0,52 53 8,1,10,,551638,18,0,52 53 8,1,50,,477613,18,0,52 53 8,1,10,,571707,18,0,52 53 8,1,10,,616707,18,0,52 53 8,1,10,,616665,18,0,52 53 8,1,10,,616660,18,0,52 53 8,1,10,,515574,18,0,52 53 8,1,50,,616677,18,0,52 53 8,1,7,,383153,18,0,52 53 8,1,10,,586183,18,0,52 53 8,1,10,,616705,18,0,52 53 8,1,13,,616676,18,0,52 53 8,1,15,,616704,18,0,52 53 8,1,55,,552533,18,0,52 53 8,1,15,,616699,18,0,52 53 8,1,15,,581285,18,0,52 53 8,1,15,,616666,18,0,52 53 8,1,55,,616684,18,0,52 53 8,1,15,,514995,18,0,52 53 8,1,15,,616700,18,0,52 53 8,1,15,,616692,18,0,52 53 8,1,54,,468550,18,0,52 53 8,1,13,,616683,18,0,52 53 8,1,10,,616658,18,0,52 53 8,1,10,,616654,18,0,52 53 8,1,15,,616656,18,0,52 53 8,1,55,,616688,18,0,52 53 8,1,15,,616703,18,0,52 53 8,1,15,,616669,18,0,52 53 8,1,15,,616691,18,0,52 53 8,1,55,,616664,18,0,52 53 8,1,15,,569362,18,0,52 53 8,1,15,,552512,18,0,52 53 8,1,15,,616708,18,0,52 53 8,1,55,,616685,18,0,52 53 8,1
3201,'5',649,,616729,18,0,52 53 8,1,55,,616756,18,0,52 53 8,1,15,,616722,18,0,52 53 8,1,15,,616776,18,0,52 53 8,1,15,,567317,18,0,52 53 8,1,54,,544361,18,0,52 53 8,1,16,,616731,18,0,52 53 8,1,15,,616711,18,0,52 53 8,1,15,,616715,18,0,52 53 8,1,55,,616742,18,0,52 53 8,1,15,,616745,18,0,52 53 8,1,15,,616739,18,0,52 53 8,1,15,,616765,18,0,52 53 8,1,55,,616723,18,0,52 53 8,1,15,,616761,18,0,52 53 8,1,15,,616733,18,0,52 53 8,1,15,,616716,18,0,52 53 8,1,55,,616767,18,0,52 53 8,1,15,,616719,18,0,52 53 8,1,15,,616741,18,0,52 53 8,1,15,,616712,18,0,52 53 8,1,57,,525509,18,0,52 53 8,1,14,,603199,18,0,52 53 8,1,15,,616709,18,0,52 53 8,1,15,,616759,18,0,52 53 8,1,50,,538815,18,0,52 53 8,1,10,,616727,18,0,52 53 8,1,10,,616755,18,0,52 53 8,1,10,,616768,18,0,52 53 8,1,10,,552366,18,0,52 53 8,1,10,,616774,18,0,52 53 8,1,50,,616738,18,0,52 53 8,1,10,,616718,18,0,52 53 8,1,10,,616766,18,0,52 53 8,1,10,,616717,18,0,52 53 8,1,10,,575564,18,0,52 53 8,1,10,,616750,18,0,52 53 8,1,50,,581930,18,0,52 53 8,1,10,,565092,18,0,52 53 8,1,10,,514793,18,0,52 53 8,1,10,,616726,18,0,52 53 8,1,10,,616749,18,0,52 53 8,1,10,,616778,18,0,52 53 8,1,50,,545875,18,0,52 53 8,1,10,,526750,18,0,52 53 8,1,10,,569424,18,0,52 53 8,1,10,,616753,18,0,52 53 8,1,10,,616743,18,0,52 53 8,1,10,,616713,18,0,52 53 8,1,50,,616736,18,0,52 53 8,1,10,,616777,18,0,52 53 8,1,10,,616773,18,0,52 53 8,1,10,,616746,18,0,52 53 8,1,10,,576308,18,0,52 53 8,1,10,,616725,18,0,52 53 8,1,50,,616775,18,0,52 53 8,1,10,,520503,18,0,52 53 8,1,10,,616720,18,0,52 53 8,1,10,,616710,18,0,52 53 8,1,10,,616732,18,0,52 53 8,1,10,,616734,18,0,52 53 8,1,50,,616740,18,0,52 53 8,1,7,,616752,18,0,52 53 8,1,10,,616728,18,0,52 53 8,1,10,,616772,18,0,52 53 8,1,13,,616760,18,0,52 53 8,1,15,,616758,18,0,52 53 8,1,55,,616754,18,0,52 53 8,1,15,,514289,18,0,52 53 8,1,15,,616714,18,0,52 53 8,1,15,,616730,18,0,52 53 8,1,55,,616737,18,0,52 53 8,1,15,,616771,18,0,52 53 8,1,15,,570212,18,0,52 53 8,1,15,,616763,18,0,52 53 8,1,54,,593470,18,0,52 53 8,1,13,,616721,18,0,52 53 8,1,10,,616744,18,0,52 53 8,1,10,,616751,18,0,52 53 8,1,15,,616735,18,0,52 53 8,1,55,,616724,18,0,52 53 8,1,15,,616747,18,0,52 53 8,1,15,,616764,18,0,52 53 8,1,15,,515413,18,0,52 53 8,1,55,,616757,18,0,52 53 8,1,15,,616762,18,0,52 53 8,1,15,,616769,18,0,52 53 8,1,15,,616748,18,0,52 53 8,1,55,,616770,18,0,52 53 8,1
3402,'1',656,,617551,56,0,52 53 8,1,60,,617548,56,0,52 53 8,1,20,,513075,56,0,52 53 8,1,20,,617578,56,0,52 53 8,1,60,,617583,56,0,52 53 8,1,20,,617580,56,0,52 53 8,1,20,,542326,56,0,52 53 8,1,60,,541029,56,0,52 53 8,1,20,,617566,56,0,52 53 8,1,20,,617550,56,0,52 53 8,1,60,,617562,56,0,52 53 8,1,19,,400428,56,0,52 53 8,1,20,,617561,56,0,52 53 8,1,60,,617556,56,0,52 53 8,1,20,,598904,56,0,52 53 8,1,20,,617547,56,0,52 53 8,1,60,,617572,56,0,52 53 8,1,20,,617591,56,0,52 53 8,1,20,,617586,56,0,52 53 8,1,60,,510637,56,0,52 53 8,1,20,,617589,56,0,52 53 8,1,10,,617575,56,0,52 53 8,1,10,,617557,56,0,52 53 8,1,63,,602985,56,0,52 53 8,1,18,,617573,56,0,52 53 8,1,17,,617558,56,0,52 53 8,1,60,,617582,56,0,52 53 8,1,20,,551955,56,0,52 53 8,1,20,,617570,56,0,52 53 8,1,60,,617581,56,0,52 53 8,1,20,,617549,56,0,52 53 8,1,20,,617560,56,0,52 53 8,1,60,,527150,56,0,52 53 8,1,19,,617574,56,0,52 53 8,1,16,,617579,56,0,52 53 8,1,60,,617559,56,0,52 53 8,1,17,,588739,56,0,52 53 8,1,17,,617553,56,0,52 53 8,1,60,,483851,56,0,52 53 8,1,15,,617568,56,0,52 53 8,1,16,,617585,56,0,52 53 8,1,12,,548922,56,0,52 53 8,1,14,,617576,56,0,52 53 8,1,64,,477694,56,0,52 53 8,1,20,,617584,56,0,52 53 8,1,60,,593355,56,0,52 53 8,1,20,,537120,56,0,52 53 8,1,20,,617567,56,0,52 53 8,1,59,,593946,56,0,52 53 8,1,19,,617554,56,0,52 53 8,1,14,,617571,56,0,52 53 8,1,16,,617565,56,0,52 53 8,1,58,,617555,56,0,52 53 8,1,20,,545634,56,0,52 53 8,1,20,,617563,56,0,52 53 8,1,60,,617588,56,0,52 53 8,1,20,,617590,56,0,52 53 8,1,20,,617569,56,0,52 53 8,1,60,,617564,56,0,52 53 8,1,20,,617587,56,0,52 53 8,1,14,,617577,56,0,52 53 8,1,60,,617552,56,0,52 53 8,1
3402,'2',647,,617627,56,0,52 53 8,1,60,,617629,56,0,52 53 8,1,20,,488667,56,0,52 53 8,1,20,,617613,56,0,52 53 8,1,60,,541935,56,0,52 53 8,1,20,,617603,56,0,52 53 8,1,20,,617607,56,0,52 53 8,1,60,,617594,56,0,52 53 8,1,20,,617622,56,0,52 53 8,1,20,,617628,56,0,52 53 8,1,10,,617598,56,0,52 53 8,1,50,,617602,56,0,52 53 8,1,20,,596336,56,0,52 53 8,1,20,,617612,56,0,52 53 8,1,54,,617599,56,0,52 53 8,1,20,,617619,56,0,52 53 8,1,20,,617609,56,0,52 53 8,1,60,,515258,56,0,52 53 8,1,20,,617595,56,0,52 53 8,1,20,,530463,56,0,52 53 8,1,60,,617614,56,0,52 53 8,1,20,,617611,56,0,52 53 8,1,20,,617617,56,0,52 53 8,1,60,,617632,56,0,52 53 8,1,20,,617593,56,0,52 53 8,1,20,,617633,56,0,52 53 8,1,60,,617625,56,0,52 53 8,1,20,,566647,56,0,52 53 8,1,20,,617605,56,0,52 53 8,1,60,,617608,56,0,52 53 8,1,20,,617618,56,0,52 53 8,1,20,,564445,56,0,52 53 8,1,60,,617596,56,0,52 53 8,1,19,,557239,56,0,52 53 8,1,17,,568105,56,0,52 53 8,1,19,,617616,56,0,52 53 8,1,55,,617631,56,0,52 53 8,1,19,,617620,56,0,52 53 8,1,20,,617592,56,0,52 53 8,1,60,,617600,56,0,52 53 8,1,20,,617615,56,0,52 53 8,1,20,,617623,56,0,52 53 8,1,59,,408484,56,0,52 53 8,1,19,,557255,56,0,52 53 8,1,16,,617604,56,0,52 53 8,1,56,,617637,56,0,52 53 8,1,17,,617621,56,0,52 53 8,1,20,,617634,56,0,52 53 8,1,20,,617630,56,0,52 53 8,1,60,,617638,56,0,52 53 8,1,20,,617610,56,0,52 53 8,1,20,,617624,56,0,52 53 8,1,59,,617626,56,0,52 53 8,1,14,,617636,56,0,52 53 8,1,17,,617597,56,0,52 53 8,1,59,,617601,56,0,52 53 8,1,20,,617635,56,0,52 53 8,1,20,,548284,56,0,52 53 8,1,60,,536809,56,0,52 53 8,1,20,,617606,56,0,52 53 8,1,16,,555738,56,0,52 53 8,1,61,,542907,56,0,52 53 8,1
3402,'3',840,,617644,56,0,52 53 8,1,60,,617675,56,0,52 53 8,1,20,,617641,56,0,52 53 8,1,20,,617680,56,0,52 53 8,1,60,,617646,56,0,52 53 8,1,20,,560481,56,0,52 53 8,1,17,,617640,56,0,52 53 8,1,17,,541247,56,0,52 53 8,1,60,,617655,56,0,52 53 8,1,18,,617661,56,0,52 53 8,1,20,,617674,56,0,52 53 8,1,60,,617642,56,0,52 53 8,1,20,,617669,56,0,52 53 8,1,20,,617671,56,0,52 53 8,1,60,,485135,56,0,52 53 8,1,20,,617670,56,0,52 53 8,1,20,,617651,56,0,52 53 8,1,60,,563913,56,0,52 53 8,1,20,,617676,56,0,52 53 8,1,20,,514407,56,0,52 53 8,1,60,,617665,56,0,52 53 8,1,20,,617672,56,0,52 53 8,1,20,,617654,56,0,52 53 8,1,60,,617645,56,0,52 53 8,1,20,,554203,56,0,52 53 8,1,20,,617656,56,0,52 53 8,1,60,,617650,56,0,52 53 8,1,20,,617648,56,0,52 53 8,1,20,,517306,56,0,52 53 8,1,60,,617652,56,0,52 53 8,1,18,,617681,56,0,52 53 8,1,16,,617660,56,0,52 53 8,1,57,,617643,56,0,52 53 8,1,17,,617668,56,0,52 53 8,1,20,,617647,56,0,52 53 8,1,60,,617662,56,0,52 53 8,1,21,,565565,56,0,52 53 8,1,18,,617664,56,0,52 53 8,1,16,,617673,56,0,52 53 8,1,59,,617657,56,0,52 53 8,1,20,,617678,56,0,52 53 8,1,20,,617682,56,0,52 53 8,1,60,,617653,56,0,52 53 8,1,20,,549387,56,0,52 53 8,1,20,,529780,56,0,52 53 8,1,57,,617666,56,0,52 53 8,1,17,,523337,56,0,52 53 8,1,17,,617649,56,0,52 53 8,1,59,,617659,56,0,52 53 8,1,20,,617677,56,0,52 53 8,1,20,,617639,56,0,52 53 8,1,60,,617658,56,0,52 53 8,1,20,,617679,56,0,52 53 8,1,18,,617663,56,0,52 53 8,1,61,,617667,56,0,52 53 8,1
3402,'5',639,,617734,56,0,52 53 8,1,20,,617685,56,0,52 53 8,1,60,,617720,56,0,52 53 8,1,20,,617716,56,0,52 53 8,1,20,,617687,56,0,52 53 8,1,62,,617729,56,0,52 53 8,1,19,,617704,56,0,52 53 8,1,60,,617725,56,0,52 53 8,1,20,,617692,56,0,52 53 8,1,20,,617697,56,0,52 53 8,1,60,,617722,56,0,52 53 8,1,20,,617703,56,0,52 53 8,1,17,,536283,56,0,52 53 8,1,17,,617732,56,0,52 53 8,1,60,,617719,56,0,52 53 8,1,18,,617717,56,0,52 53 8,1,20,,617735,56,0,52 53 8,1,60,,617711,56,0,52 53 8,1,20,,617724,56,0,52 53 8,1,20,,617718,56,0,52 53 8,1,60,,617727,56,0,52 53 8,1,20,,617702,56,0,52 53 8,1,20,,617712,56,0,52 53 8,1,60,,617713,56,0,52 53 8,1,20,,617707,56,0,52 53 8,1,20,,617684,56,0,52 53 8,1,60,,617726,56,0,52 53 8,1,20,,531613,56,0,52 53 8,1,20,,552988,56,0,52 53 8,1,60,,617700,56,0,52 53 8,1,20,,617701,56,0,52 53 8,1,20,,524039,56,0,52 53 8,1,60,,617695,56,0,52 53 8,1,20,,617709,56,0,52 53 8,1,20,,617696,56,0,52 53 8,1,60,,617715,56,0,52 53 8,1,18,,571810,56,0,52 53 8,1,16,,617721,56,0,52 53 8,1,57,,617694,56,0,52 53 8,1,17,,617686,56,0,52 53 8,1,20,,617688,56,0,52 53 8,1,60,,617730,56,0,52 53 8,1,21,,617683,56,0,52 53 8,1,18,,617699,56,0,52 53 8,1,16,,617706,56,0,52 53 8,1,59,,617714,56,0,52 53 8,1,20,,617698,56,0,52 53 8,1,20,,617723,56,0,52 53 8,1,60,,617691,56,0,52 53 8,1,20,,535328,56,0,52 53 8,1,20,,569614,56,0,52 53 8,1,57,,617710,56,0,52 53 8,1,17,,617705,56,0,52 53 8,1,17,,617731,56,0,52 53 8,1,59,,617733,56,0,52 53 8,1,20,,574341,56,0,52 53 8,1,20,,617690,56,0,52 53 8,1,60,,617708,56,0,52 53 8,1,20,,617728,56,0,52 53 8,1,18,,617689,56,0,52 53 8,1,61,,617693,56,0,52 53 8,1
3504,'1',537,,618373,47,0,34 52 53 8,1,6,,618240,41,0,5 52 53 8,1,8,,584616,47,0,34 52 53 8,1,5,,568948,41,0,5 52 53 8,1,46,,618254,47,0,34 52 53 8,1,6,,618297,41,0,5 52 53 8,1,5,,618340,47,0,34 52 53 8,1,6,,618324,41,0,5 52 53 8,1,6,,618368,47,0,34 52 53 8,1,6,,544657,42,0,5 52 53 8,1,6,,580658,48,0,34 52 53 8,1,6,,561192,42,0,5 52 53 8,1,6,,618290,48,0,34 52 53 8,1,6,,618345,42,0,5 52 53 8,1,46,,618251,48,0,34 52 53 8,1,7,,618360,42,0,5 52 53 8,1,8,,618252,48,0,34 52 53 8,1,10,,618267,42,0,5 52 53 8,1,8,,618247,48,0,34 52 53 8,1,6,,618362,42,0,5 52 53 8,1,8,,618275,48,0,34 52 53 8,1,7,,618261,42,0,5 52 53 8,1,48,,618332,48,0,34 52 53 8,1,7,,618354,42,0,5 52 53 8,1,8,,490908,48,0,34 52 53 8,1,7,,618298,42,0,5 52 53 8,1,8,,618299,48,0,34 52 53 8,1,7,,618273,42,0,5 52 53 8,1,8,,618264,48,0,34 52 53 8,1,7,,618268,42,0,5 52 53 8,1,48,,618338,48,0,34 52 53 8,1,7,,618330,42,0,5 52 53 8,1,6,,618342,48,0,34 52 53 8,1,6,,618361,42,0,5 52 53 8,1,8,,618313,48,0,34 52 53 8,1,7,,618276,42,0,5 52 53 8,1,5,,618367,48,0,34 52 53 8,1,6,,618256,42,0,5 52 53 8,1,9,,618365,48,0,34 52 53 8,1,48,,538269,42,0,5 52 53 8,1,9,,618343,48,0,34 52 53 8,1,8,,618274,42,0,5 52 53 8,1,9,,618286,48,0,34 52 53 8,1,8,,618243,42,0,5 52 53 8,1,9,,618303,48,0,34 52 53 8,1,8,,618309,42,0,5 52 53 8,1,49,,618280,48,0,34 52 53 8,1,8,,601476,42,0,5 52 53 8,1,9,,467264,48,0,34 52 53 8,1,8,,618374,42,0,5 52 53 8,1,9,,618246,48,0,34 52 53 8,1,8,,618371,42,0,5 52 53 8,1,9,,545190,48,0,34 52 53 8,1,48,,618259,42,0,5 52 53 8,1,10,,618272,48,0,34 52 53 8,1,10,,618305,42,0,5 52 53 8,1,10,,568974,48,0,34 52 53 8,1,8,,564129,42,0,5 52 53 8,1,9,,618339,48,0,34 52 53 8,1,8,,618379,42,0,5 52 53 8,1,49,,618239,48,0,34 52 53 8,1,8,,618352,42,0,5 52 53 8,1,9,,618302,48,0,34 52 53 8,1,8,,618260,42,0,5 52 53 8,1,8,,618249,48,0,34 52 53 8,1,9,,618346,42,0,5 52 53 8,1,8,,537152,48,0,34 52 53 8,1,49,,618291,42,0,5 52 53 8,1,8,,618357,48,0,34 52 53 8,1,9,,550114,42,0,5 52 53 8,1,8,,618335,48,0,34 52 53 8,1,8,,618292,42,0,5 52 53 8,1,8,,618350,48,0,34 52 53 8,1,9,,573247,42,0,5 52 53 8,1,48,,618300,48,0,34 52 53 8,1,9,,618245,42,0,5 52 53 8,1,7,,618308,48,0,34 52 53 8,1,9,,618321,42,0,5 52 53 8,1,7,,618316,48,0,34 52 53 8,1,8,,618348,42,0,5 52 53 8,1,7,,601500,48,0,34 52 53 8,1,48,,556064,42,0,5 52 53 8,1,7,,618334,48,0,34 52 53 8,1,8,,618349,42,0,5 52 53 8,1,7,,618320,48,0,34 52 53 8,1,8,,618279,42,0,5 52 53 8,1,7,,618323,48,0,34 52 53 8,1,8,,618306,42,0,5 52 53 8,1,7,,505078,48,0,34 52 53 8,1,48,,618294,42,0,5 52 53 8,1,5,,618325,48,0,34 52 53 8,1,8,,618250,42,0,5 52 53 8,1,7,,618329,48,0,34 52 53 8,1,4,,618336,42,0,5 52 53 8,1,7,,618269,48,0,34 52 53 8,1,7,,618353,42,0,5 52 53 8,1,7,,618328,48,0,34 52 53 8,1,7,,618262,42,0,5 52 53 8,1,3,,618284,42,0,5 52 53 8,1,4,,618372,48,0,34 52 53 8,1,48,,618366,42,0,5 52 53 8,1,7,,618310,48,0,34 52 53 8,1,8,,618351,42,0,5 52 53 8,1,7,,618376,48,0,34 52 53 8,1,8,,618317,42,0,5 52 53 8,1,7,,618370,48,0,34 52 53 8,1,4,,599622,42,0,5 52 53 8,1,4,,618311,42,0,5 52 53 8,1,7,,561775,48,0,34 52 53 8,1,47,,618289,42,0,5 52 53 8,1,6,,618304,48,0,34 52 53 8,1,3,,597364,42,0,5 52 53 8,1,1,,575292,42,0,5 52 53 8,1,1,,618278,42,0,5 52 53 8,1,4,,618293,48,0,34 52 53 8,1,2,,618285,42,0,5 52 53 8,1,4,,514835,42,0,5 52 53 8,1,7,,618347,48,0,34 52 53 8,1,6,,618359,42,0,5 52 53 8,1,9,,618327,48,0,34 52 53 8,1,4,,618358,42,0,5 52 53 8,1,4,,618296,42,0,5 52 53 8,1,49,,618333,48,0,34 52 53 8,1,8,,618375,42,0,5 52 53 8,1,9,,618318,48,0,34 52 53 8,1,4,,585525,42,0,5 52 53 8,1,4,,618344,42,0,5 52 53 8,1,9,,618283,48,0,34 52 53 8,1,4,,618295,42,0,5 52 53 8,1,4,,618287,42,0,5 52 53 8,1,4,,618312,42,0,5 52 53 8,1,5,,618248,48,0,34 52 53 8,1,44,,618258,42,0,5 52 53 8,1,4,,618282,42,0,5 52 53 8,1,9,,533985,48,0,34 52 53 8,1,8,,618326,42,0,5 52 53 8,1,9,,618378,48,0,34 52 53 8,1,4,,618301,42,0,5 52 53 8,1,4,,544256,42,0,5 52 53 8,1,9,,618271,48,0,34 52 53 8,1,7,,618315,42,0,5 52 53 8,1,45,,618369,42,0,5 52 53 8,1,5,,618277,48,0,34 52 53 8,1,6,,618331,42,0,5 52 53 8,1,2,,618319,42,0,5 52 53 8,1,4,,618241,48,0,34 52 53 8,1,4,,514828,42,0,5 52 53 8,1,6,,618364,42,0,5 52 53 8,1,4,,618257,42,0,5 52 53 8,1,5,,618337,48,0,34 52 53 8,1,10,,546968,42,0,5 52 53 8,1,10,,490566,48,0,34 52 53 8,1,45,,618266,42,0,5 52 53 8,1,5,,491999,42,0,5 52 53 8,1,10,,618270,48,0,34 52 53 8,1,10,,618356,42,0,5 52 53 8,1,10,,618341,48,0,34 52 53 8,1,10,,618281,42,0,5 52 53 8,1,10,,618380,48,0,34 52 53 8,1,45,,602169,42,0,5 52 53 8,1,5,,618307,42,0,5 52 53 8,1,5,,618377,42,0,5 52 53 8,1,5,,618244,48,0,34 52 53 8,1,5,,618314,42,0,5 52 53 8,1,5,,618322,42,0,5 52 53 8,1,5,,618263,42,0,5 52 53 8,1,5,,540150,48,0,34 52 53 8,1,10,,486811,42,0,5 52 53 8,1,10,,525586,48,0,34 52 53 8,1,44,,618253,42,0,5 52 53 8,1,5,,618355,42,0,5 52 53 8,1,11,,618288,48,0,34 52 53 8,1,10,,547990,42,0,5 52 53 8,1,9,,384014,48,0,34 52 53 8,1,9,,618265,42,0,5 52 53 8,1,14,,618363,42,0,5 52 53 8,1,54,,618242,42,0,5 52 53 8,1
3504,'2',552,,400996,47,0,34 52 53 8,1,49,,618468,41,0,5 52 53 8,1,11,,618489,47,0,34 52 53 8,1,9,,618428,41,0,5 52 53 8,1,10,,618463,48,0,34 52 53 8,1,10,,618381,42,0,5 52 53 8,1,10,,618393,48,0,34 52 53 8,1,50,,618506,42,0,5 52 53 8,1,10,,618476,48,0,34 52 53 8,1,10,,618493,42,0,5 52 53 8,1,10,,618442,48,0,34 52 53 8,1,12,,618505,42,0,5 52 53 8,1,10,,575050,48,0,34 52 53 8,1,49,,560392,42,0,5 52 53 8,1,10,,542423,48,0,34 52 53 8,1,10,,618501,42,0,5 52 53 8,1,10,,618427,48,0,34 52 53 8,1,10,,589090,42,0,5 52 53 8,1,10,,618509,48,0,34 52 53 8,1,50,,474640,42,0,5 52 53 8,1,10,,618413,48,0,34 52 53 8,1,10,,618444,42,0,5 52 53 8,1,10,,463203,48,0,34 52 53 8,1,10,,618420,42,0,5 52 53 8,1,10,,600790,48,0,34 52 53 8,1,50,,618490,42,0,5 52 53 8,1,10,,618409,48,0,34 52 53 8,1,10,,618416,42,0,5 52 53 8,1,10,,618473,48,0,34 52 53 8,1,10,,508162,42,0,5 52 53 8,1,10,,562811,48,0,34 52 53 8,1,50,,555437,42,0,5 52 53 8,1,10,,618459,48,0,34 52 53 8,1,10,,618500,42,0,5 52 53 8,1,10,,618418,48,0,34 52 53 8,1,10,,618503,42,0,5 52 53 8,1,10,,516754,48,0,34 52 53 8,1,50,,618485,42,0,5 52 53 8,1,4,,618439,42,0,5 52 53 8,1,6,,618437,48,0,34 52 53 8,1,10,,618391,42,0,5 52 53 8,1,10,,618496,48,0,34 52 53 8,1,10,,618487,42,0,5 52 53 8,1,11,,618440,48,0,34 52 53 8,1,6,,618408,42,0,5 52 53 8,1,46,,618443,48,0,34 52 53 8,1,3,,618511,42,0,5 52 53 8,1,4,,618447,42,0,5 52 53 8,1,8,,618392,48,0,34 52 53 8,1,3,,618450,42,0,5 52 53 8,1,4,,618452,42,0,5 52 53 8,1,8,,618457,48,0,34 52 53 8,1,7,,618488,42,0,5 52 53 8,1,8,,618421,48,0,34 52 53 8,1,7,,477261,42,0,5 52 53 8,1,44,,618429,42,0,5 52 53 8,1,4,,594078,48,0,34 52 53 8,1,7,,618402,42,0,5 52 53 8,1,8,,618433,48,0,34 52 53 8,1,7,,618510,42,0,5 52 53 8,1,8,,618382,48,0,34 52 53 8,1,7,,618448,42,0,5 52 53 8,1,8,,618482,48,0,34 52 53 8,1,7,,618483,42,0,5 52 53 8,1,48,,406432,48,0,34 52 53 8,1,7,,618460,42,0,5 52 53 8,1,8,,590051,48,0,34 52 53 8,1,7,,618445,42,0,5 52 53 8,1,8,,618508,48,0,34 52 53 8,1,7,,618386,42,0,5 52 53 8,1,8,,618432,48,0,34 52 53 8,1,7,,618422,42,0,5 52 53 8,1,48,,618479,48,0,34 52 53 8,1,7,,618423,42,0,5 52 53 8,1,8,,493154,48,0,34 52 53 8,1,7,,416846,42,0,5 52 53 8,1,8,,618394,48,0,34 52 53 8,1,7,,401011,42,0,5 52 53 8,1,8,,618385,48,0,34 52 53 8,1,7,,618497,42,0,5 52 53 8,1,48,,618405,48,0,34 52 53 8,1,7,,618389,42,0,5 52 53 8,1,8,,576995,48,0,34 52 53 8,1,7,,618507,42,0,5 52 53 8,1,9,,618431,48,0,34 52 53 8,1,9,,618465,42,0,5 52 53 8,1,4,,618397,42,0,5 52 53 8,1,5,,618472,48,0,34 52 53 8,1,49,,618461,42,0,5 52 53 8,1,8,,618434,48,0,34 52 53 8,1,9,,618504,42,0,5 52 53 8,1,8,,618424,48,0,34 52 53 8,1,9,,618449,42,0,5 52 53 8,1,2,,618466,42,0,5 52 53 8,1,6,,564446,48,0,34 52 53 8,1,9,,618491,42,0,5 52 53 8,1,2,,618430,42,0,5 52 53 8,1,46,,531902,48,0,34 52 53 8,1,3,,618462,42,0,5 52 53 8,1,4,,548224,42,0,5 52 53 8,1,2,,618407,42,0,5 52 53 8,1,5,,618455,48,0,34 52 53 8,1,9,,618396,42,0,5 52 53 8,1,7,,618514,48,0,34 52 53 8,1,8,,618417,42,0,5 52 53 8,1,7,,618471,48,0,34 52 53 8,1,4,,618410,42,0,5 52 53 8,1,4,,618474,42,0,5 52 53 8,1,47,,618399,48,0,34 52 53 8,1,8,,574475,42,0,5 52 53 8,1,10,,473736,48,0,34 52 53 8,1,4,,618475,42,0,5 52 53 8,1,6,,618406,42,0,5 52 53 8,1,4,,618411,42,0,5 52 53 8,1,6,,618456,48,0,34 52 53 8,1,4,,618383,42,0,5 52 53 8,1,6,,618512,42,0,5 52 53 8,1,4,,618404,42,0,5 52 53 8,1,46,,559375,48,0,34 52 53 8,1,10,,618492,42,0,5 52 53 8,1,10,,618451,48,0,34 52 53 8,1,10,,618454,42,0,5 52 53 8,1,4,,618400,42,0,5 52 53 8,1,6,,618477,48,0,34 52 53 8,1,10,,618469,42,0,5 52 53 8,1,50,,618441,48,0,34 52 53 8,1,3,,618484,42,0,5 52 53 8,1,5,,618395,42,0,5 52 53 8,1,1,,618458,42,0,5 52 53 8,1,8,,618453,48,0,34 52 53 8,1,1,,618384,42,0,5 52 53 8,1,6,,618438,42,0,5 52 53 8,1,3,,618502,42,0,5 52 53 8,1,7,,618513,48,0,34 52 53 8,1,10,,618425,42,0,5 52 53 8,1,10,,618403,48,0,34 52 53 8,1,4,,516756,42,0,5 52 53 8,1,46,,618481,42,0,5 52 53 8,1,10,,618388,48,0,34 52 53 8,1,10,,618390,42,0,5 52 53 8,1,10,,618470,48,0,34 52 53 8,1,10,,618426,42,0,5 52 53 8,1,10,,618446,48,0,34 52 53 8,1,4,,618495,42,0,5 52 53 8,1,46,,618464,42,0,5 52 53 8,1,4,,618419,42,0,5 52 53 8,1,6,,618498,48,0,34 52 53 8,1,4,,618387,42,0,5 52 53 8,1,6,,618494,42,0,5 52 53 8,1,4,,618414,42,0,5 52 53 8,1,6,,430149,48,0,34 52 53 8,1,10,,618401,42,0,5 52 53 8,1,10,,618436,48,0,34 52 53 8,1,4,,618415,42,0,5 52 53 8,1,46,,618467,42,0,5 52 53 8,1,10,,618435,48,0,34 52 53 8,1,10,,618499,42,0,5 52 53 8,1,10,,618398,48,0,34 52 53 8,1,10,,618412,42,0,5 52 53 8,1,13,,618486,42,0,5 52 53 8,1,55,,618478,42,0,5 52 53 8,1
3504,'3',730,,618558,41,0,5 52 53 8,1,10,,618575,47,0,34 52 53 8,1,10,,618515,41,0,5 52 53 8,1,50,,618617,47,0,34 52 53 8,1,11,,618546,41,0,5 52 53 8,1,11,,618520,47,0,34 52 53 8,1,11,,618613,42,0,5 52 53 8,1,10,,618555,48,0,34 52 53 8,1,10,,618586,42,0,5 52 53 8,1,50,,424803,48,0,34 52 53 8,1,10,,532380,42,0,5 52 53 8,1,10,,618545,48,0,34 52 53 8,1,10,,559067,42,0,5 52 53 8,1,10,,618547,48,0,34 52 53 8,1,10,,544155,42,0,5 52 53 8,1,50,,618578,48,0,34 52 53 8,1,10,,527851,42,0,5 52 53 8,1,10,,618557,48,0,34 52 53 8,1,10,,618596,42,0,5 52 53 8,1,10,,518846,48,0,34 52 53 8,1,10,,618594,42,0,5 52 53 8,1,50,,618570,48,0,34 52 53 8,1,10,,618583,42,0,5 52 53 8,1,10,,618577,48,0,34 52 53 8,1,10,,376780,42,0,5 52 53 8,1,10,,576482,48,0,34 52 53 8,1,10,,618551,42,0,5 52 53 8,1,49,,618517,48,0,34 52 53 8,1,2,,493713,42,0,5 52 53 8,1,8,,618606,42,0,5 52 53 8,1,10,,618519,48,0,34 52 53 8,1,8,,618614,42,0,5 52 53 8,1,9,,618554,48,0,34 52 53 8,1,8,,618573,42,0,5 52 53 8,1,9,,618530,48,0,34 52 53 8,1,3,,618620,42,0,5 52 53 8,1,46,,618604,42,0,5 52 53 8,1,9,,434204,48,0,34 52 53 8,1,3,,618592,42,0,5 52 53 8,1,6,,618568,42,0,5 52 53 8,1,9,,618603,48,0,34 52 53 8,1,9,,618591,42,0,5 52 53 8,1,9,,490475,48,0,34 52 53 8,1,3,,618597,42,0,5 52 53 8,1,6,,525648,42,0,5 52 53 8,1,49,,618552,48,0,34 52 53 8,1,9,,618576,42,0,5 52 53 8,1,9,,618528,48,0,34 52 53 8,1,9,,618616,42,0,5 52 53 8,1,9,,618562,48,0,34 52 53 8,1,9,,618534,42,0,5 52 53 8,1,49,,558410,48,0,34 52 53 8,1,9,,552281,42,0,5 52 53 8,1,9,,618609,48,0,34 52 53 8,1,9,,618533,42,0,5 52 53 8,1,9,,618599,48,0,34 52 53 8,1,9,,618626,42,0,5 52 53 8,1,9,,513510,48,0,34 52 53 8,1,49,,618561,42,0,5 52 53 8,1,9,,618524,48,0,34 52 53 8,1,9,,618518,42,0,5 52 53 8,1,9,,618593,48,0,34 52 53 8,1,9,,618605,42,0,5 52 53 8,1,9,,618621,48,0,34 52 53 8,1,9,,618574,42,0,5 52 53 8,1,49,,618553,48,0,34 52 53 8,1,8,,618580,42,0,5 52 53 8,1,8,,618627,48,0,34 52 53 8,1,8,,618619,42,0,5 52 53 8,1,9,,561024,48,0,34 52 53 8,1,9,,575762,42,0,5 52 53 8,1,50,,581267,48,0,34 52 53 8,1,4,,618549,42,0,5 52 53 8,1,6,,618602,42,0,5 52 53 8,1,10,,618523,48,0,34 52 53 8,1,10,,552762,42,0,5 52 53 8,1,6,,618536,42,0,5 52 53 8,1,4,,618618,48,0,34 52 53 8,1,10,,618556,42,0,5 52 53 8,1,3,,618542,42,0,5 52 53 8,1,47,,618548,48,0,34 52 53 8,1,1,,618566,42,0,5 52 53 8,1,8,,618601,42,0,5 52 53 8,1,10,,618565,48,0,34 52 53 8,1,10,,618579,42,0,5 52 53 8,1,10,,540668,48,0,34 52 53 8,1,10,,618564,42,0,5 52 53 8,1,4,,529677,42,0,5 52 53 8,1,6,,415440,48,0,34 52 53 8,1,50,,618623,42,0,5 52 53 8,1,10,,618625,48,0,34 52 53 8,1,3,,618539,42,0,5 52 53 8,1,7,,618538,42,0,5 52 53 8,1,3,,618529,42,0,5 52 53 8,1,7,,537698,48,0,34 52 53 8,1,3,,618589,42,0,5 52 53 8,1,7,,618584,42,0,5 52 53 8,1,3,,618537,42,0,5 52 53 8,1,7,,618615,48,0,34 52 53 8,1,50,,618610,42,0,5 52 53 8,1,10,,618569,48,0,34 52 53 8,1,10,,618550,42,0,5 52 53 8,1,10,,618540,48,0,34 52 53 8,1,3,,618612,42,0,5 52 53 8,1,7,,618590,42,0,5 52 53 8,1,10,,618582,48,0,34 52 53 8,1,42,,618567,42,0,5 52 53 8,1,5,,618560,42,0,5 52 53 8,1,1,,618587,42,0,5 52 53 8,1,9,,532061,42,0,5 52 53 8,1,7,,529053,42,0,5 52 53 8,1,2,,618588,42,0,5 52 53 8,1,8,,618572,48,0,34 52 53 8,1,10,,618608,42,0,5 52 53 8,1,10,,618563,48,0,34 52 53 8,1,50,,618544,42,0,5 52 53 8,1,5,,618516,42,0,5 52 53 8,1,5,,618571,48,0,34 52 53 8,1,10,,618622,42,0,5 52 53 8,1,10,,618525,48,0,34 52 53 8,1,10,,618581,42,0,5 52 53 8,1,10,,618531,48,0,34 52 53 8,1,5,,618611,42,0,5 52 53 8,1,45,,618559,42,0,5 52 53 8,1,5,,618522,42,0,5 52 53 8,1,5,,618585,48,0,34 52 53 8,1,5,,618535,42,0,5 52 53 8,1,5,,618600,42,0,5 52 53 8,1,5,,618526,42,0,5 52 53 8,1,5,,547294,48,0,34 52 53 8,1,10,,618624,42,0,5 52 53 8,1,10,,618521,48,0,34 52 53 8,1,5,,618532,42,0,5 52 53 8,1,45,,533019,42,0,5 52 53 8,1,10,,587068,48,0,34 52 53 8,1,10,,618598,42,0,5 52 53 8,1,10,,618607,48,0,34 52 53 8,1,10,,618541,42,0,5 52 53 8,1,14,,618595,42,0,5 52 53 8,1,55,,595245,42,0,5 52 53 8,1
3504,'5',553,,618722,47,0,34 52 53 8,1,55,,618670,41,0,5 52 53 8,1,15,,586566,47,0,34 52 53 8,1,9,,618631,42,0,5 52 53 8,1,10,,618700,48,0,34 52 53 8,1,10,,618744,42,0,5 52 53 8,1,50,,618643,48,0,34 52 53 8,1,10,,618749,42,0,5 52 53 8,1,10,,618637,48,0,34 52 53 8,1,10,,618632,42,0,5 52 53 8,1,10,,618649,48,0,34 52 53 8,1,10,,618635,42,0,5 52 53 8,1,50,,618747,48,0,34 52 53 8,1,11,,618638,42,0,5 52 53 8,1,10,,618661,48,0,34 52 53 8,1,10,,618646,42,0,5 52 53 8,1,10,,618716,48,0,34 52 53 8,1,10,,618734,42,0,5 52 53 8,1,50,,618688,48,0,34 52 53 8,1,10,,618671,42,0,5 52 53 8,1,10,,618658,48,0,34 52 53 8,1,10,,618720,42,0,5 52 53 8,1,10,,618707,48,0,34 52 53 8,1,10,,618691,42,0,5 52 53 8,1,50,,618660,48,0,34 52 53 8,1,10,,618729,42,0,5 52 53 8,1,10,,584050,48,0,34 52 53 8,1,10,,618751,42,0,5 52 53 8,1,10,,618714,48,0,34 52 53 8,1,10,,618730,42,0,5 52 53 8,1,50,,618736,48,0,34 52 53 8,1,10,,618630,42,0,5 52 53 8,1,10,,618699,48,0,34 52 53 8,1,10,,618647,42,0,5 52 53 8,1,10,,618652,48,0,34 52 53 8,1,10,,618692,42,0,5 52 53 8,1,49,,618682,48,0,34 52 53 8,1,2,,618733,42,0,5 52 53 8,1,8,,618706,42,0,5 52 53 8,1,10,,521302,48,0,34 52 53 8,1,8,,618758,42,0,5 52 53 8,1,9,,618676,48,0,34 52 53 8,1,8,,618663,42,0,5 52 53 8,1,9,,618650,48,0,34 52 53 8,1,3,,539008,42,0,5 52 53 8,1,46,,618681,42,0,5 52 53 8,1,9,,618701,48,0,34 52 53 8,1,3,,561157,42,0,5 52 53 8,1,6,,618715,42,0,5 52 53 8,1,9,,618697,48,0,34 52 53 8,1,9,,618673,42,0,5 52 53 8,1,9,,618639,48,0,34 52 53 8,1,3,,618748,42,0,5 52 53 8,1,6,,618705,42,0,5 52 53 8,1,49,,618644,48,0,34 52 53 8,1,9,,618711,42,0,5 52 53 8,1,9,,618718,48,0,34 52 53 8,1,9,,618717,42,0,5 52 53 8,1,9,,618719,48,0,34 52 53 8,1,9,,618703,42,0,5 52 53 8,1,49,,618731,48,0,34 52 53 8,1,9,,618662,42,0,5 52 53 8,1,9,,618654,48,0,34 52 53 8,1,9,,549759,42,0,5 52 53 8,1,9,,618732,48,0,34 52 53 8,1,9,,618680,42,0,5 52 53 8,1,9,,583521,48,0,34 52 53 8,1,49,,618746,42,0,5 52 53 8,1,9,,618687,48,0,34 52 53 8,1,9,,618737,42,0,5 52 53 8,1,9,,618743,48,0,34 52 53 8,1,9,,618672,42,0,5 52 53 8,1,9,,618642,48,0,34 52 53 8,1,9,,591993,42,0,5 52 53 8,1,49,,618713,48,0,34 52 53 8,1,8,,618738,42,0,5 52 53 8,1,8,,618675,48,0,34 52 53 8,1,8,,549153,42,0,5 52 53 8,1,9,,618665,48,0,34 52 53 8,1,9,,618633,42,0,5 52 53 8,1,50,,618725,48,0,34 52 53 8,1,4,,618689,42,0,5 52 53 8,1,6,,618666,42,0,5 52 53 8,1,10,,575267,48,0,34 52 53 8,1,10,,618756,42,0,5 52 53 8,1,6,,563710,42,0,5 52 53 8,1,4,,618679,48,0,34 52 53 8,1,10,,618655,42,0,5 52 53 8,1,3,,618656,42,0,5 52 53 8,1,47,,618641,48,0,34 52 53 8,1,1,,572442,42,0,5 52 53 8,1,8,,618629,42,0,5 52 53 8,1,10,,618742,48,0,34 52 53 8,1,10,,618667,42,0,5 52 53 8,1,10,,597225,48,0,34 52 53 8,1,10,,618678,42,0,5 52 53 8,1,4,,618636,42,0,5 52 53 8,1,6,,618664,48,0,34 52 53 8,1,50,,618704,42,0,5 52 53 8,1,10,,618739,48,0,34 52 53 8,1,3,,618648,42,0,5 52 53 8,1,7,,618727,42,0,5 52 53 8,1,3,,618710,42,0,5 52 53 8,1,7,,618653,48,0,34 52 53 8,1,3,,618709,42,0,5 52 53 8,1,7,,545492,42,0,5 52 53 8,1,3,,618753,42,0,5 52 53 8,1,7,,618634,48,0,34 52 53 8,1,50,,554249,42,0,5 52 53 8,1,10,,618724,48,0,34 52 53 8,1,10,,618686,42,0,5 52 53 8,1,10,,561711,48,0,34 52 53 8,1,3,,618695,42,0,5 52 53 8,1,7,,618712,42,0,5 52 53 8,1,10,,618669,48,0,34 52 53 8,1,42,,618755,42,0,5 52 53 8,1,5,,618702,42,0,5 52 53 8,1,1,,618651,42,0,5 52 53 8,1,9,,618693,42,0,5 52 53 8,1,7,,618726,42,0,5 52 53 8,1,2,,618684,42,0,5 52 53 8,1,8,,618677,48,0,34 52 53 8,1,10,,618685,42,0,5 52 53 8,1,10,,618754,48,0,34 52 53 8,1,50,,593317,42,0,5 52 53 8,1,5,,618741,42,0,5 52 53 8,1,5,,618683,48,0,34 52 53 8,1,10,,618728,42,0,5 52 53 8,1,10,,618640,48,0,34 52 53 8,1,10,,618698,42,0,5 52 53 8,1,10,,515371,48,0,34 52 53 8,1,5,,618645,42,0,5 52 53 8,1,45,,618659,42,0,5 52 53 8,1,5,,571939,42,0,5 52 53 8,1,5,,618750,48,0,34 52 53 8,1,5,,618757,42,0,5 52 53 8,1,5,,618723,42,0,5 52 53 8,1,5,,618690,42,0,5 52 53 8,1,5,,618657,48,0,34 52 53 8,1,10,,618674,42,0,5 52 53 8,1,10,,582336,48,0,34 52 53 8,1,5,,618752,42,0,5 52 53 8,1,45,,618694,42,0,5 52 53 8,1,10,,618740,48,0,34 52 53 8,1,10,,618721,42,0,5 52 53 8,1,10,,618696,48,0,34 52 53 8,1,10,,618628,42,0,5 52 53 8,1,14,,618708,42,0,5 52 53 8,1,55,,572463,42,0,5 52 53 8,1
7103,'1',538,,641710,25,0,190 6,1,20,,641653,25,0,190 6,1,57,,641668,25,0,190 6,1,12,,641698,25,0,190 6,1,12,,641704,25,0,190 6,1,12,,641705,25,0,190 6,1,52,,641699,25,0,190 6,1,12,,641708,25,0,190 6,1,12,,641682,25,0,190 6,1,14,,641701,25,0,190 6,1,13,,641689,25,0,190 6,1,52,,582669,25,0,190 6,1,12,,641711,25,0,190 6,1,11,,641690,25,0,190 6,1,13,,641696,25,0,190 6,1,12,,641671,25,0,190 6,1,54,,641669,25,0,190 6,1,11,,411518,25,0,190 6,1,10,,537156,25,0,190 6,1,8,,641652,25,0,190 6,1,10,,641663,25,0,190 6,1,55,,641691,25,0,190 6,1,15,,641665,25,0,190 6,1,15,,641687,25,0,190 6,1,15,,641677,25,0,190 6,1,55,,641651,25,0,190 6,1,15,,641676,25,0,190 6,1,15,,641685,25,0,190 6,1,15,,641692,25,0,190 6,1,55,,641684,25,0,190 6,1,15,,532937,25,0,190 6,1,15,,641661,25,0,190 6,1,15,,598011,25,0,190 6,1,55,,641656,25,0,190 6,1,15,,641703,25,0,190 6,1,15,,525397,25,0,190 6,1,15,,641688,25,0,190 6,1,55,,641673,25,0,190 6,1,15,,641649,25,0,190 6,1,15,,641666,25,0,190 6,1,15,,641678,25,0,190 6,1,55,,641667,25,0,190 6,1,19,,538323,25,0,190 6,1,12,,641707,25,0,190 6,1,12,,583893,25,0,190 6,1,12,,641660,25,0,190 6,1,52,,641686,25,0,190 6,1,12,,641655,25,0,190 6,1,12,,641694,25,0,190 6,1,12,,641648,25,0,190 6,1,12,,641683,25,0,190 6,1,52,,641681,25,0,190 6,1,12,,641695,25,0,190 6,1,12,,641713,25,0,190 6,1,12,,641706,25,0,190 6,1,12,,487872,25,0,190 6,1,52,,641662,25,0,190 6,1,12,,641679,25,0,190 6,1,12,,641675,25,0,190 6,1,9,,641693,25,0,190 6,1,7,,641659,25,0,190 6,1,10,,641657,25,0,190 6,1,49,,558740,25,0,190 6,1,9,,547010,25,0,190 6,1,11,,585725,25,0,190 6,1,15,,533750,25,0,190 6,1,15,,641672,25,0,190 6,1,55,,641654,25,0,190 6,1,15,,641702,25,0,190 6,1,15,,641650,25,0,190 6,1,15,,641714,25,0,190 6,1,55,,641709,25,0,190 6,1,15,,641680,25,0,190 6,1,15,,519347,25,0,190 6,1,15,,641712,25,0,190 6,1,52,,641715,25,0,190 6,1,13,,641658,25,0,190 6,1,14,,641674,25,0,190 6,1,18,,641670,25,0,190 6,1,60,,588408,25,0,190 6,1,20,,641700,25,0,190 6,1,20,,641664,25,0,190 6,1,60,,641647,25,0,190 6,1,20,,641697,25,0,190 6,1,20,,430095,25,0,190 6,1,60,,498124,25,0,190 6,1
7103,'2',553,,641734,25,0,190 6,1,60,,641758,25,0,190 6,1,20,,641741,25,0,190 6,1,20,,596589,25,0,190 6,1,60,,641754,25,0,190 6,1,20,,641755,25,0,190 6,1,20,,585369,25,0,190 6,1,61,,641724,25,0,190 6,1,24,,641735,25,0,190 6,1,20,,641718,25,0,190 6,1,60,,641759,25,0,190 6,1,20,,641722,25,0,190 6,1,20,,641747,25,0,190 6,1,60,,641744,25,0,190 6,1,20,,641760,25,0,190 6,1,20,,527784,25,0,190 6,1,60,,641762,25,0,190 6,1,20,,641731,25,0,190 6,1,20,,641743,25,0,190 6,1,62,,641748,25,0,190 6,1,21,,536081,25,0,190 6,1,60,,641742,25,0,190 6,1,20,,641719,25,0,190 6,1,20,,641725,25,0,190 6,1,60,,527776,25,0,190 6,1,20,,641746,25,0,190 6,1,20,,641753,25,0,190 6,1,60,,479468,25,0,190 6,1,20,,641761,25,0,190 6,1,20,,527181,25,0,190 6,1,60,,641730,25,0,190 6,1,20,,641717,25,0,190 6,1,20,,641733,25,0,190 6,1,60,,641729,25,0,190 6,1,20,,641723,25,0,190 6,1,20,,641745,25,0,190 6,1,60,,579199,25,0,190 6,1,20,,641728,25,0,190 6,1,20,,641737,25,0,190 6,1,60,,641752,25,0,190 6,1,16,,559883,25,0,190 6,1,15,,641727,25,0,190 6,1,18,,641751,25,0,190 6,1,60,,641720,25,0,190 6,1,20,,641732,25,0,190 6,1,20,,641721,25,0,190 6,1,60,,641756,25,0,190 6,1,20,,641736,25,0,190 6,1,20,,641740,25,0,190 6,1,61,,641726,25,0,190 6,1,18,,641738,25,0,190 6,1,18,,641757,25,0,190 6,1,68,,641749,25,0,190 6,1,30,,641750,25,0,190 6,1,70,,641716,25,0,190 6,1,28,,641739,25,0,190 6,1,72,,576640,25,0,190 6,1
7103,'3',730,,579236,25,0,190 6,1,26,,641792,25,0,190 6,1,60,,641799,25,0,190 6,1,20,,641772,25,0,190 6,1,22,,641794,25,0,190 6,1,62,,641774,25,0,190 6,1,22,,575235,25,0,190 6,1,62,,524034,25,0,190 6,1,22,,641765,25,0,190 6,1,22,,641770,25,0,190 6,1,62,,641791,25,0,190 6,1,22,,641771,25,0,190 6,1,22,,641795,25,0,190 6,1,65,,527833,25,0,190 6,1,21,,641781,25,0,190 6,1,60,,641789,25,0,190 6,1,20,,641775,25,0,190 6,1,20,,641797,25,0,190 6,1,60,,641764,25,0,190 6,1,20,,641793,25,0,190 6,1,20,,641773,25,0,190 6,1,60,,535285,25,0,190 6,1,20,,641786,25,0,190 6,1,20,,641766,25,0,190 6,1,60,,641788,25,0,190 6,1,20,,552270,25,0,190 6,1,20,,641783,25,0,190 6,1,60,,500712,25,0,190 6,1,20,,641784,25,0,190 6,1,20,,641779,25,0,190 6,1,60,,641763,25,0,190 6,1,20,,593711,25,0,190 6,1,20,,641776,25,0,190 6,1,60,,641777,25,0,190 6,1,21,,641778,25,0,190 6,1,22,,596266,25,0,190 6,1,62,,641796,25,0,190 6,1,22,,641769,25,0,190 6,1,22,,496042,25,0,190 6,1,62,,641798,25,0,190 6,1,21,,551849,25,0,190 6,1,23,,641768,25,0,190 6,1,58,,641787,25,0,190 6,1,30,,641790,25,0,190 6,1,70,,572666,25,0,190 6,1,30,,641780,25,0,190 6,1,70,,641767,25,0,190 6,1,28,,641785,25,0,190 6,1,72,,641782,25,0,190 6,1
7103,'5',553,,641812,25,0,190 6,1,60,,641828,25,0,190 6,1,20,,641814,25,0,190 6,1,20,,641804,25,0,190 6,1,60,,641830,25,0,190 6,1,20,,641806,25,0,190 6,1,20,,641840,25,0,190 6,1,60,,641825,25,0,190 6,1,23,,641802,25,0,190 6,1,22,,641847,25,0,190 6,1,62,,641811,25,0,190 6,1,22,,641829,25,0,190 6,1,62,,641834,25,0,190 6,1,22,,546752,25,0,190 6,1,22,,537905,25,0,190 6,1,62,,641846,25,0,190 6,1,22,,641807,25,0,190 6,1,22,,641809,25,0,190 6,1,65,,641839,25,0,190 6,1,21,,641808,25,0,190 6,1,60,,641821,25,0,190 6,1,20,,641820,25,0,190 6,1,20,,641815,25,0,190 6,1,60,,641822,25,0,190 6,1,20,,574027,25,0,190 6,1,20,,641818,25,0,190 6,1,60,,641843,25,0,190 6,1,20,,641824,25,0,190 6,1,20,,641842,25,0,190 6,1,60,,641816,25,0,190 6,1,20,,641823,25,0,190 6,1,20,,641803,25,0,190 6,1,60,,641831,25,0,190 6,1,20,,641841,25,0,190 6,1,20,,641817,25,0,190 6,1,60,,641845,25,0,190 6,1,20,,641827,25,0,190 6,1,20,,641810,25,0,190 6,1,60,,641801,25,0,190 6,1,21,,641844,25,0,190 6,1,22,,577638,25,0,190 6,1,62,,641836,25,0,190 6,1,22,,641819,25,0,190 6,1,22,,641838,25,0,190 6,1,62,,641835,25,0,190 6,1,21,,641805,25,0,190 6,1,23,,641813,25,0,190 6,1,58,,641833,25,0,190 6,1,30,,589801,25,0,190 6,1,70,,641837,25,0,190 6,1,30,,641832,25,0,190 6,1,70,,597204,25,0,190 6,1,28,,641800,25,0,190 6,1,72,,641826,25,0,190 6,1
7104,'1',520,,641910,7,0,116 8,1,15,,503727,7,0,116 8,1,8,,641865,7,0,116 8,1,64,,641900,7,0,116 8,1,24,,641863,7,0,116 8,1,12,,641906,7,0,116 8,1,13,,641856,7,0,116 8,1,51,,588949,7,0,116 8,1,12,,641868,7,0,116 8,1,11,,527571,7,0,116 8,1,11,,641877,7,0,116 8,1,9,,641887,7,0,116 8,1,52,,641870,7,0,116 8,1,12,,495343,7,0,116 8,1,12,,641875,7,0,116 8,1,12,,523532,7,0,116 8,1,12,,641869,7,0,116 8,1,52,,641855,7,0,116 8,1,11,,641894,7,0,116 8,1,15,,641881,7,0,116 8,1,16,,641882,7,0,116 8,1,56,,641909,7,0,116 8,1,15,,641912,7,0,116 8,1,15,,641866,7,0,116 8,1,15,,641852,7,0,116 8,1,55,,641916,7,0,116 8,1,15,,483267,7,0,116 8,1,15,,641907,7,0,116 8,1,15,,641889,7,0,116 8,1,55,,520944,7,0,116 8,1,15,,641871,7,0,116 8,1,15,,641901,7,0,116 8,1,15,,595019,7,0,116 8,1,55,,641849,7,0,116 8,1,15,,641904,7,0,116 8,1,15,,580279,7,0,116 8,1,15,,641899,7,0,116 8,1,55,,401740,7,0,116 8,1,15,,641893,7,0,116 8,1,15,,641891,7,0,116 8,1,12,,641848,7,0,116 8,1,11,,538326,7,0,116 8,1,50,,641903,7,0,116 8,1,12,,641908,7,0,116 8,1,12,,523124,7,0,116 8,1,12,,641872,7,0,116 8,1,12,,641897,7,0,116 8,1,52,,519798,7,0,116 8,1,12,,641874,7,0,116 8,1,12,,641888,7,0,116 8,1,12,,641853,7,0,116 8,1,12,,641914,7,0,116 8,1,52,,641859,7,0,116 8,1,12,,641858,7,0,116 8,1,12,,641892,7,0,116 8,1,12,,641902,7,0,116 8,1,12,,441268,7,0,116 8,1,52,,641873,7,0,116 8,1,12,,641867,7,0,116 8,1,12,,641884,7,0,116 8,1,11,,641890,7,0,116 8,1,11,,641851,7,0,116 8,1,52,,641915,7,0,116 8,1,14,,641857,7,0,116 8,1,15,,557985,7,0,116 8,1,15,,641878,7,0,116 8,1,55,,553077,7,0,116 8,1,15,,641854,7,0,116 8,1,15,,641905,7,0,116 8,1,15,,641862,7,0,116 8,1,55,,641898,7,0,116 8,1,15,,574101,7,0,116 8,1,15,,641911,7,0,116 8,1,15,,641850,7,0,116 8,1,55,,641876,7,0,116 8,1,18,,641896,7,0,116 8,1,20,,641883,7,0,116 8,1,20,,641880,7,0,116 8,1,60,,641895,7,0,116 8,1,20,,641879,7,0,116 8,1,20,,641864,7,0,116 8,1,60,,641886,7,0,116 8,1,20,,641913,7,0,116 8,1,20,,641860,7,0,116 8,1,85,,560700,7,0,17 52 53 8,1
7104,'2',553,,641960,7,0,116 8,1,60,,641934,7,0,116 8,1,20,,641941,7,0,116 8,1,20,,641936,7,0,116 8,1,60,,641933,7,0,116 8,1,20,,557865,7,0,116 8,1,20,,641950,7,0,116 8,1,59,,641921,7,0,116 8,1,20,,530830,7,0,116 8,1,20,,454846,7,0,116 8,1,60,,641952,7,0,116 8,1,20,,582908,7,0,116 8,1,20,,641927,7,0,116 8,1,60,,641940,7,0,116 8,1,20,,641926,7,0,116 8,1,20,,641928,7,0,116 8,1,60,,641947,7,0,116 8,1,20,,641929,7,0,116 8,1,20,,641918,7,0,116 8,1,60,,641955,7,0,116 8,1,20,,641917,7,0,116 8,1,20,,641959,7,0,116 8,1,60,,641922,7,0,116 8,1,20,,641938,7,0,116 8,1,20,,641953,7,0,116 8,1,60,,408241,7,0,116 8,1,20,,554472,7,0,116 8,1,20,,641943,7,0,116 8,1,60,,641925,7,0,116 8,1,20,,557872,7,0,116 8,1,20,,524461,7,0,116 8,1,60,,641919,7,0,116 8,1,20,,641930,7,0,116 8,1,20,,641939,7,0,116 8,1,60,,641949,7,0,116 8,1,20,,641954,7,0,116 8,1,20,,641946,7,0,116 8,1,60,,641920,7,0,116 8,1,20,,641924,7,0,116 8,1,20,,587061,7,0,116 8,1,59,,416326,7,0,116 8,1,20,,597562,7,0,116 8,1,20,,641958,7,0,116 8,1,60,,641942,7,0,116 8,1,20,,536478,7,0,116 8,1,20,,641932,7,0,116 8,1,60,,641931,7,0,116 8,1,20,,641944,7,0,116 8,1,20,,641937,7,0,116 8,1,60,,554502,7,0,116 8,1,27,,641951,7,0,116 8,1,70,,641956,7,0,116 8,1,30,,641935,7,0,116 8,1,70,,641948,7,0,116 8,1,30,,574789,7,0,116 8,1,20,,641923,7,0,116 8,1,85,,641957,7,0,17 52 53 8,1
7104,'3',739,,641985,7,0,116 8,1,19,,544549,7,0,116 8,1,60,,641967,7,0,116 8,1,22,,641978,7,0,116 8,1,62,,567764,7,0,116 8,1,22,,641982,7,0,116 8,1,21,,545089,7,0,116 8,1,63,,641981,7,0,116 8,1,22,,562627,7,0,116 8,1,22,,641991,7,0,116 8,1,62,,641988,7,0,116 8,1,22,,641977,7,0,116 8,1,20,,641961,7,0,116 8,1,58,,641990,7,0,116 8,1,18,,641989,7,0,116 8,1,20,,641966,7,0,116 8,1,60,,537024,7,0,116 8,1,20,,641963,7,0,116 8,1,20,,641975,7,0,116 8,1,60,,528946,7,0,116 8,1,20,,641996,7,0,116 8,1,20,,550015,7,0,116 8,1,60,,641998,7,0,116 8,1,20,,514221,7,0,116 8,1,20,,641983,7,0,116 8,1,60,,641973,7,0,116 8,1,20,,641976,7,0,116 8,1,20,,641964,7,0,116 8,1,60,,641969,7,0,116 8,1,20,,641995,7,0,116 8,1,20,,641970,7,0,116 8,1,60,,641972,7,0,116 8,1,20,,641968,7,0,116 8,1,26,,540326,7,0,116 8,1,65,,641984,7,0,116 8,1,23,,535723,7,0,116 8,1,62,,641980,7,0,116 8,1,22,,641971,7,0,116 8,1,22,,641992,7,0,116 8,1,62,,641965,7,0,116 8,1,26,,641987,7,0,116 8,1,70,,641986,7,0,116 8,1,28,,641974,7,0,116 8,1,70,,641997,7,0,116 8,1,30,,641993,7,0,116 8,1,70,,484998,7,0,116 8,1,30,,641994,7,0,116 8,1,20,,641962,7,0,116 8,1,85,,641979,7,0,17 52 53 8,1
7104,'5',553,,641999,7,0,116 8,1,60,,568878,7,0,116 8,1,20,,642027,7,0,116 8,1,20,,537927,7,0,116 8,1,60,,642041,7,0,116 8,1,20,,642001,7,0,116 8,1,23,,546714,7,0,116 8,1,62,,642000,7,0,116 8,1,22,,642011,7,0,116 8,1,62,,642003,7,0,116 8,1,22,,557339,7,0,116 8,1,21,,642038,7,0,116 8,1,63,,642021,7,0,116 8,1,22,,642007,7,0,116 8,1,22,,536288,7,0,116 8,1,62,,642031,7,0,116 8,1,22,,595716,7,0,116 8,1,20,,642035,7,0,116 8,1,58,,642014,7,0,116 8,1,18,,642024,7,0,116 8,1,20,,642029,7,0,116 8,1,60,,642002,7,0,116 8,1,20,,642043,7,0,116 8,1,20,,522224,7,0,116 8,1,60,,642036,7,0,116 8,1,20,,642030,7,0,116 8,1,20,,642015,7,0,116 8,1,60,,581333,7,0,116 8,1,20,,642037,7,0,116 8,1,20,,642032,7,0,116 8,1,60,,642028,7,0,116 8,1,20,,642012,7,0,116 8,1,20,,642042,7,0,116 8,1,60,,642026,7,0,116 8,1,20,,642009,7,0,116 8,1,20,,642033,7,0,116 8,1,60,,642005,7,0,116 8,1,20,,642039,7,0,116 8,1,26,,642010,7,0,116 8,1,65,,642019,7,0,116 8,1,23,,642017,7,0,116 8,1,62,,642013,7,0,116 8,1,22,,642008,7,0,116 8,1,22,,642020,7,0,116 8,1,62,,642022,7,0,116 8,1,26,,642025,7,0,116 8,1,70,,642034,7,0,116 8,1,28,,642016,7,0,116 8,1,70,,642023,7,0,116 8,1,30,,642006,7,0,116 8,1,70,,642018,7,0,116 8,1,30,,566418,7,0,116 8,1,20,,642004,7,0,116 8,1,85,,642040,7,0,17 52 53 8,1
7303,'1',537,,643003,31,0,34 52 53 8,1,66,,642978,31,0,34 52 53 8,1,19,,642964,31,0,34 52 53 8,1,22,,642994,31,0,34 52 53 8,1,62,,642989,31,0,34 52 53 8,1,29,,643007,31,0,34 52 53 8,1,24,,642934,31,0,34 52 53 8,1,64,,566472,31,0,34 52 53 8,1,24,,494685,31,0,34 52 53 8,1,64,,642987,31,0,34 52 53 8,1,21,,642962,31,0,34 52 53 8,1,21,,458005,31,0,34 52 53 8,1,62,,643005,31,0,34 52 53 8,1,24,,642938,31,0,34 52 53 8,1,64,,642969,31,0,34 52 53 8,1,24,,642951,31,0,34 52 53 8,1,24,,642941,31,0,34 52 53 8,1,64,,642997,31,0,34 52 53 8,1,24,,529342,31,0,34 52 53 8,1,64,,642970,31,0,34 52 53 8,1,24,,642913,31,0,34 52 53 8,1,24,,642971,31,0,34 52 53 8,1,64,,643000,31,0,34 52 53 8,1,20,,642990,31,0,34 52 53 8,1,22,,642933,31,0,34 52 53 8,1,65,,642968,31,0,34 52 53 8,1,22,,642919,31,0,34 52 53 8,1,64,,516281,31,0,34 52 53 8,1,24,,642914,31,0,34 52 53 8,1,24,,642988,31,0,34 52 53 8,1,64,,555680,31,0,34 52 53 8,1,24,,642917,31,0,34 52 53 8,1,64,,642993,31,0,34 52 53 8,1,24,,545657,31,0,34 52 53 8,1,24,,642940,31,0,34 52 53 8,1,64,,430316,31,0,34 52 53 8,1,11,,642996,31,0,34 52 53 8,1,18,,642960,31,0,34 52 53 8,1,64,,643008,31,0,34 52 53 8,1,24,,642928,31,0,34 52 53 8,1,64,,521840,31,0,34 52 53 8,1,24,,603423,31,0,34 52 53 8,1,24,,642915,31,0,34 52 53 8,1,64,,642930,31,0,34 52 53 8,1,17,,642939,31,0,34 52 53 8,1,24,,642925,31,0,34 52 53 8,1,64,,579812,31,0,34 52 53 8,1,24,,553976,31,0,34 52 53 8,1,64,,642975,31,0,34 52 53 8,1,24,,643002,31,0,34 52 53 8,1,24,,642953,31,0,34 52 53 8,1,69,,642949,31,0,34 52 53 8,1
7303,'2',551,,643016,31,0,34 52 53 8,1,63,,643067,31,0,34 52 53 8,1,24,,643091,31,0,34 52 53 8,1,64,,643059,31,0,34 52 53 8,1,24,,643010,31,0,34 52 53 8,1,24,,643015,31,0,34 52 53 8,1,64,,643090,31,0,34 52 53 8,1,25,,643046,31,0,34 52 53 8,1,64,,643071,31,0,34 52 53 8,1,24,,643032,31,0,34 52 53 8,1,24,,643026,31,0,34 52 53 8,1,64,,643040,31,0,34 52 53 8,1,25,,643064,31,0,34 52 53 8,1,60,,515216,31,0,34 52 53 8,1,24,,576229,31,0,34 52 53 8,1,24,,643084,31,0,34 52 53 8,1,62,,643081,31,0,34 52 53 8,1,22,,526882,31,0,34 52 53 8,1,22,,643030,31,0,34 52 53 8,1,62,,566600,31,0,34 52 53 8,1,22,,643021,31,0,34 52 53 8,1,62,,643063,31,0,34 52 53 8,1,22,,643076,31,0,34 52 53 8,1,22,,643052,31,0,34 52 53 8,1,62,,643022,31,0,34 52 53 8,1,22,,511476,31,0,34 52 53 8,1,22,,542857,31,0,34 52 53 8,1,62,,547250,31,0,34 52 53 8,1,22,,643077,31,0,34 52 53 8,1,22,,508485,31,0,34 52 53 8,1,62,,643036,31,0,34 52 53 8,1,22,,643013,31,0,34 52 53 8,1,62,,643083,31,0,34 52 53 8,1,22,,643023,31,0,34 52 53 8,1,22,,643055,31,0,34 52 53 8,1,62,,518981,31,0,34 52 53 8,1,20,,643037,31,0,34 52 53 8,1,18,,601930,31,0,34 52 53 8,1,64,,643049,31,0,34 52 53 8,1,24,,643042,31,0,34 52 53 8,1,24,,643069,31,0,34 52 53 8,1,64,,643012,31,0,34 52 53 8,1,24,,643027,31,0,34 52 53 8,1,64,,643043,31,0,34 52 53 8,1,15,,643018,31,0,34 52 53 8,1,24,,643020,31,0,34 52 53 8,1,64,,643073,31,0,34 52 53 8,1,24,,433397,31,0,34 52 53 8,1,64,,643024,31,0,34 52 53 8,1,24,,643047,31,0,34 52 53 8,1,24,,643058,31,0,34 52 53 8,1,69,,643039,31,0,34 52 53 8,1
7303,'3',728,,643147,31,0,34 52 53 8,1,24,,455898,31,0,34 52 53 8,1,64,,643094,31,0,34 52 53 8,1,26,,643108,31,0,34 52 53 8,1,62,,643164,31,0,34 52 53 8,1,22,,643153,31,0,34 52 53 8,1,22,,643129,31,0,34 52 53 8,1,62,,643120,31,0,34 52 53 8,1,23,,643148,31,0,34 52 53 8,1,12,,643122,31,0,34 52 53 8,1,64,,643133,31,0,34 52 53 8,1,24,,643112,31,0,34 52 53 8,1,24,,567135,31,0,34 52 53 8,1,64,,643115,31,0,34 52 53 8,1,24,,643102,31,0,34 52 53 8,1,64,,643151,31,0,34 52 53 8,1,24,,643140,31,0,34 52 53 8,1,24,,603124,31,0,34 52 53 8,1,64,,643141,31,0,34 52 53 8,1,24,,643163,31,0,34 52 53 8,1,64,,387843,31,0,34 52 53 8,1,24,,643130,31,0,34 52 53 8,1,24,,643172,31,0,34 52 53 8,1,64,,643160,31,0,34 52 53 8,1,24,,643135,31,0,34 52 53 8,1,64,,643118,31,0,34 52 53 8,1,24,,643134,31,0,34 52 53 8,1,24,,643149,31,0,34 52 53 8,1,64,,643167,31,0,34 52 53 8,1,24,,643157,31,0,34 52 53 8,1,64,,643150,31,0,34 52 53 8,1,18,,643095,31,0,34 52 53 8,1,18,,643113,31,0,34 52 53 8,1,64,,543879,31,0,34 52 53 8,1,24,,643175,31,0,34 52 53 8,1,24,,643161,31,0,34 52 53 8,1,64,,643170,31,0,34 52 53 8,1,24,,643132,31,0,34 52 53 8,1,64,,643101,31,0,34 52 53 8,1,16,,592129,31,0,34 52 53 8,1,24,,643116,31,0,34 52 53 8,1,64,,643103,31,0,34 52 53 8,1,24,,643174,31,0,34 52 53 8,1,64,,643169,31,0,34 52 53 8,1,24,,524587,31,0,34 52 53 8,1,24,,643117,31,0,34 52 53 8,1,69,,643104,31,0,34 52 53 8,1
7303,'5',622,,643205,31,0,34 52 53 8,1,24,,643190,31,0,34 52 53 8,1,64,,643246,31,0,34 52 53 8,1,24,,643250,31,0,34 52 53 8,1,24,,552797,31,0,34 52 53 8,1,60,,542596,31,0,34 52 53 8,1,24,,514467,31,0,34 52 53 8,1,62,,643210,31,0,34 52 53 8,1,22,,580926,31,0,34 52 53 8,1,22,,549746,31,0,34 52 53 8,1,62,,578930,31,0,34 52 53 8,1,23,,599607,31,0,34 52 53 8,1,12,,643200,31,0,34 52 53 8,1,64,,643191,31,0,34 52 53 8,1,24,,643229,31,0,34 52 53 8,1,24,,643218,31,0,34 52 53 8,1,64,,643243,31,0,34 52 53 8,1,24,,643257,31,0,34 52 53 8,1,64,,534839,31,0,34 52 53 8,1,24,,643182,31,0,34 52 53 8,1,24,,643206,31,0,34 52 53 8,1,64,,643194,31,0,34 52 53 8,1,24,,643219,31,0,34 52 53 8,1,64,,643214,31,0,34 52 53 8,1,24,,643245,31,0,34 52 53 8,1,24,,534961,31,0,34 52 53 8,1,64,,590956,31,0,34 52 53 8,1,24,,643187,31,0,34 52 53 8,1,64,,643236,31,0,34 52 53 8,1,24,,643241,31,0,34 52 53 8,1,24,,643188,31,0,34 52 53 8,1,64,,643227,31,0,34 52 53 8,1,24,,643249,31,0,34 52 53 8,1,64,,643239,31,0,34 52 53 8,1,18,,643192,31,0,34 52 53 8,1,18,,643248,31,0,34 52 53 8,1,64,,595883,31,0,34 52 53 8,1,24,,643223,31,0,34 52 53 8,1,24,,585263,31,0,34 52 53 8,1,64,,643201,31,0,34 52 53 8,1,24,,581960,31,0,34 52 53 8,1,64,,643240,31,0,34 52 53 8,1,16,,643195,31,0,34 52 53 8,1,24,,643231,31,0,34 52 53 8,1,64,,643184,31,0,34 52 53 8,1,24,,573845,31,0,34 52 53 8,1,64,,643238,31,0,34 52 53 8,1,24,,643258,31,0,34 52 53 8,1,24,,643211,31,0,34 52 53 8,1,69,,643207,31,0,34 52 53 8,1
8903,'1',455,,651538,21,0,95 63,1,64,,651565,21,0,95 63,1,18,,603312,21,0,95 63,1,17,,651554,20,0,95 63,1,50,,651559,20,0,95 63,1,10,,651536,20,0,95 63,1,10,,651503,20,0,95 63,1,10,,651520,20,0,95 63,1,10,,651535,20,0,95 63,1,10,,651537,20,0,95 63,1,50,,651511,20,0,95 63,1,10,,651514,20,0,95 63,1,10,,651533,20,0,95 63,1,11,,542266,20,0,95 63,1,12,,651509,20,0,95 63,1,10,,651519,20,0,95 63,1,50,,651557,20,0,95 63,1,10,,651486,20,0,95 63,1,10,,651541,20,0,95 63,1,10,,651490,20,0,95 63,1,10,,416585,20,0,95 63,1,10,,651501,20,0,95 63,1,50,,651470,20,0,95 63,1,10,,651497,20,0,95 63,1,10,,651479,20,0,95 63,1,11,,544838,20,0,95 63,1,10,,651527,20,0,95 63,1,10,,651566,20,0,95 63,1,50,,651492,20,0,95 63,1,10,,651516,20,0,95 63,1,10,,521902,20,0,95 63,1,10,,651546,20,0,95 63,1,10,,651545,20,0,95 63,1,10,,597308,20,0,95 63,1,50,,651560,20,0,95 63,1,10,,651532,20,0,95 63,1,10,,651517,20,0,95 63,1,10,,651568,20,0,95 63,1,10,,651507,20,0,95 63,1,10,,651548,20,0,95 63,1,50,,599457,20,0,95 63,1,10,,532886,20,0,95 63,1,10,,651505,20,0,95 63,1,10,,651491,20,0,95 63,1,10,,651512,20,0,95 63,1,10,,651495,20,0,95 63,1,50,,651477,20,0,95 63,1,10,,488393,20,0,95 63,1,10,,651488,20,0,95 63,1,10,,651524,20,0,95 63,1,10,,651510,20,0,95 63,1,10,,651474,20,0,95 63,1,51,,651539,20,0,95 63,1,14,,651518,20,0,95 63,1,10,,394757,20,0,95 63,1,10,,651528,20,0,95 63,1,10,,491991,20,0,95 63,1,50,,651468,20,0,95 63,1,10,,651549,20,0,95 63,1,10,,651471,20,0,95 63,1,10,,570305,20,0,95 63,1,10,,651515,20,0,95 63,1,10,,651476,20,0,95 63,1,50,,651563,20,0,95 63,1,10,,585342,20,0,95 63,1,10,,651531,20,0,95 63,1,10,,651480,20,0,95 63,1,10,,549216,20,0,95 63,1,10,,651466,20,0,95 63,1,50,,651544,20,0,95 63,1,10,,651485,20,0,95 63,1,10,,509028,20,0,95 63,1,10,,483676,20,0,95 63,1,10,,651498,20,0,95 63,1,10,,651564,20,0,95 63,1,50,,576598,20,0,95 63,1,10,,651558,20,0,95 63,1,10,,651493,20,0,95 63,1,10,,651494,20,0,95 63,1,10,,651529,20,0,95 63,1,10,,651543,20,0,95 63,1,50,,651496,20,0,95 63,1,7,,651552,20,0,95 63,1,6,,651489,20,0,95 63,1,10,,651467,20,0,95 63,1,10,,651499,20,0,95 63,1,10,,651542,20,0,95 63,1,10,,651472,20,0,95 63,1,50,,651540,20,0,95 63,1,10,,539075,20,0,95 63,1,10,,651521,20,0,95 63,1,10,,421163,20,0,95 63,1,10,,651482,20,0,95 63,1,10,,651506,20,0,95 63,1,50,,651567,20,0,95 63,1,10,,651534,20,0,95 63,1,10,,651484,20,0,95 63,1,10,,651508,20,0,95 63,1,10,,651504,20,0,95 63,1,10,,651522,20,0,95 63,1,49,,543183,20,0,95 63,1,6,,651473,20,0,95 63,1,10,,651481,20,0,95 63,1,10,,595051,20,0,95 63,1,10,,651551,20,0,95 63,1,10,,651561,20,0,95 63,1,50,,651555,20,0,95 63,1,10,,651523,20,0,95 63,1,10,,651500,20,0,95 63,1,10,,651478,20,0,95 63,1,10,,651553,20,0,95 63,1,10,,651469,20,0,95 63,1,50,,651502,20,0,95 63,1,10,,651562,20,0,95 63,1,10,,651487,20,0,95 63,1,10,,651556,20,0,95 63,1,10,,651483,20,0,95 63,1,10,,572053,20,0,95 63,1,50,,651475,20,0,95 63,1,10,,651550,20,0,95 63,1,10,,651530,20,0,95 63,1,13,,651547,20,0,95 63,1,15,,651525,20,0,95 63,1,55,,651526,20,0,95 63,1,15,,651513,20,0,95 63,1
8903,'2',552,,651612,21,0,95 63,1,50,,651618,20,0,95 63,1,11,,651583,20,0,95 63,1,10,,651654,20,0,95 63,1,10,,651667,20,0,95 63,1,10,,651588,20,0,95 63,1,10,,651610,20,0,95 63,1,50,,651635,20,0,95 63,1,10,,564466,20,0,95 63,1,10,,567564,20,0,95 63,1,10,,651616,20,0,95 63,1,10,,651577,20,0,95 63,1,10,,651587,20,0,95 63,1,55,,651666,20,0,95 63,1,10,,651639,20,0,95 63,1,9,,552941,20,0,95 63,1,10,,651662,20,0,95 63,1,10,,651656,20,0,95 63,1,10,,651607,20,0,95 63,1,50,,651579,20,0,95 63,1,10,,651620,20,0,95 63,1,10,,651576,20,0,95 63,1,10,,651615,20,0,95 63,1,10,,651585,20,0,95 63,1,10,,651674,20,0,95 63,1,50,,502430,20,0,95 63,1,10,,651614,20,0,95 63,1,10,,651637,20,0,95 63,1,10,,651644,20,0,95 63,1,11,,541099,20,0,95 63,1,10,,651591,20,0,95 63,1,52,,651625,20,0,95 63,1,13,,651671,20,0,95 63,1,10,,651627,20,0,95 63,1,10,,651669,20,0,95 63,1,10,,651573,20,0,95 63,1,50,,583404,20,0,95 63,1,10,,651643,20,0,95 63,1,10,,651621,20,0,95 63,1,10,,651611,20,0,95 63,1,10,,651657,20,0,95 63,1,10,,651673,20,0,95 63,1,50,,651603,20,0,95 63,1,10,,651636,20,0,95 63,1,10,,651600,20,0,95 63,1,10,,651653,20,0,95 63,1,10,,651652,20,0,95 63,1,10,,651670,20,0,95 63,1,50,,651604,20,0,95 63,1,10,,651634,20,0,95 63,1,10,,553736,20,0,95 63,1,10,,651601,20,0,95 63,1,10,,651622,20,0,95 63,1,10,,651641,20,0,95 63,1,50,,490371,20,0,95 63,1,10,,651572,20,0,95 63,1,10,,651672,20,0,95 63,1,10,,651574,20,0,95 63,1,10,,651619,20,0,95 63,1,10,,651602,20,0,95 63,1,50,,651640,20,0,95 63,1,10,,651580,20,0,95 63,1,10,,651584,20,0,95 63,1,10,,651596,20,0,95 63,1,10,,651597,20,0,95 63,1,10,,651593,20,0,95 63,1,50,,651605,20,0,95 63,1,10,,651598,20,0,95 63,1,10,,589108,20,0,95 63,1,10,,551286,20,0,95 63,1,10,,651650,20,0,95 63,1,10,,651569,20,0,95 63,1,50,,651658,20,0,95 63,1,10,,651624,20,0,95 63,1,10,,651626,20,0,95 63,1,10,,651623,20,0,95 63,1,10,,651595,20,0,95 63,1,7,,651661,20,0,95 63,1,8,,651642,20,0,95 63,1,50,,651663,20,0,95 63,1,7,,651659,20,0,95 63,1,10,,651630,20,0,95 63,1,10,,651629,20,0,95 63,1,10,,651592,20,0,95 63,1,10,,651664,20,0,95 63,1,50,,651668,20,0,95 63,1,10,,651648,20,0,95 63,1,10,,651631,20,0,95 63,1,10,,651586,20,0,95 63,1,10,,651575,20,0,95 63,1,10,,651570,20,0,95 63,1,50,,483138,20,0,95 63,1,10,,651589,20,0,95 63,1,10,,651647,20,0,95 63,1,10,,651594,20,0,95 63,1,10,,651649,20,0,95 63,1,9,,535158,20,0,95 63,1,49,,651582,20,0,95 63,1,8,,651646,20,0,95 63,1,10,,651660,20,0,95 63,1,10,,651578,20,0,95 63,1,10,,651590,20,0,95 63,1,10,,651571,20,0,95 63,1,50,,651613,20,0,95 63,1,10,,419262,20,0,95 63,1,10,,602312,20,0,95 63,1,10,,651632,20,0,95 63,1,10,,651617,20,0,95 63,1,10,,516735,20,0,95 63,1,50,,651655,20,0,95 63,1,10,,651581,20,0,95 63,1,10,,651651,20,0,95 63,1,10,,651638,20,0,95 63,1,10,,651606,20,0,95 63,1,10,,651665,20,0,95 63,1,50,,651599,20,0,95 63,1,10,,651645,20,0,95 63,1,9,,651633,20,0,95 63,1,14,,651628,20,0,95 63,1,15,,594557,20,0,95 63,1,55,,651609,20,0,95 63,1,15,,651608,20,0,95 63,1
8903,'3',552,,547390,21,0,95 63,1,55,,651701,21,0,95 63,1,15,,651686,21,0,95 63,1,15,,651696,21,0,95 63,1,15,,651740,21,0,95 63,1,55,,651739,21,0,95 63,1,15,,651762,21,0,95 63,1,15,,547433,21,0,95 63,1,12,,651703,21,0,95 63,1,53,,651689,21,0,95 63,1,15,,651718,20,0,95 63,1,10,,651702,20,0,95 63,1,10,,472619,20,0,95 63,1,10,,651768,20,0,95 63,1,10,,651706,20,0,95 63,1,50,,651704,20,0,95 63,1,10,,651721,20,0,95 63,1,10,,651771,20,0,95 63,1,10,,523293,20,0,95 63,1,10,,565884,20,0,95 63,1,10,,651694,20,0,95 63,1,50,,651716,20,0,95 63,1,10,,651755,20,0,95 63,1,10,,596117,20,0,95 63,1,10,,651747,20,0,95 63,1,10,,651710,20,0,95 63,1,10,,651770,20,0,95 63,1,50,,651751,20,0,95 63,1,10,,651754,20,0,95 63,1,10,,651765,20,0,95 63,1,10,,651764,20,0,95 63,1,10,,651760,20,0,95 63,1,10,,651752,20,0,95 63,1,51,,574570,20,0,95 63,1,13,,651763,20,0,95 63,1,10,,651677,20,0,95 63,1,10,,651685,20,0,95 63,1,10,,651746,20,0,95 63,1,50,,651767,20,0,95 63,1,10,,651743,20,0,95 63,1,10,,651714,20,0,95 63,1,10,,595910,20,0,95 63,1,10,,651705,20,0,95 63,1,10,,651766,20,0,95 63,1,50,,651731,20,0,95 63,1,10,,581506,20,0,95 63,1,10,,651759,20,0,95 63,1,10,,593857,20,0,95 63,1,10,,651735,20,0,95 63,1,10,,443957,20,0,95 63,1,50,,651698,20,0,95 63,1,10,,651720,20,0,95 63,1,10,,651708,20,0,95 63,1,10,,651758,20,0,95 63,1,10,,651711,20,0,95 63,1,10,,651728,20,0,95 63,1,50,,562325,20,0,95 63,1,10,,651737,20,0,95 63,1,10,,651688,20,0,95 63,1,10,,651675,20,0,95 63,1,10,,651727,20,0,95 63,1,10,,551072,20,0,95 63,1,50,,651725,20,0,95 63,1,10,,651691,20,0,95 63,1,10,,651742,20,0,95 63,1,10,,651744,20,0,95 63,1,10,,651717,20,0,95 63,1,10,,651722,20,0,95 63,1,50,,651693,20,0,95 63,1,10,,651713,20,0,95 63,1,10,,651699,20,0,95 63,1,10,,651773,20,0,95 63,1,10,,651726,20,0,95 63,1,10,,651681,20,0,95 63,1,50,,651730,20,0,95 63,1,8,,651774,20,0,95 63,1,7,,651678,20,0,95 63,1,10,,651732,20,0,95 63,1,10,,651680,20,0,95 63,1,10,,651729,20,0,95 63,1,10,,651734,20,0,95 63,1,50,,651679,20,0,95 63,1,10,,651676,20,0,95 63,1,10,,651757,20,0,95 63,1,10,,651753,20,0,95 63,1,10,,651736,20,0,95 63,1,10,,589665,20,0,95 63,1,50,,651756,20,0,95 63,1,10,,651738,20,0,95 63,1,10,,651719,20,0,95 63,1,10,,651697,20,0,95 63,1,10,,651682,20,0,95 63,1,10,,651683,20,0,95 63,1,48,,651687,20,0,95 63,1,6,,559031,20,0,95 63,1,10,,651715,20,0,95 63,1,10,,651741,20,0,95 63,1,10,,651761,20,0,95 63,1,10,,651700,20,0,95 63,1,50,,651684,20,0,95 63,1,10,,651772,20,0,95 63,1,10,,651745,20,0,95 63,1,10,,574513,20,0,95 63,1,10,,516333,20,0,95 63,1,10,,580507,20,0,95 63,1,50,,651748,20,0,95 63,1,10,,651724,20,0,95 63,1,10,,651750,20,0,95 63,1,10,,651712,20,0,95 63,1,10,,651692,20,0,95 63,1,10,,651749,20,0,95 63,1,50,,651709,20,0,95 63,1,10,,597647,20,0,95 63,1,10,,651733,20,0,95 63,1,14,,651707,20,0,95 63,1,15,,651695,20,0,95 63,1,55,,651690,20,0,95 63,1,15,,651769,20,0,95 63,1
8903,'5',552,,651864,21,0,95 63,1,50,,651791,20,0,95 63,1,10,,651795,20,0,95 63,1,10,,651799,20,0,95 63,1,10,,580072,20,0,95 63,1,10,,651789,20,0,95 63,1,10,,651852,20,0,95 63,1,50,,651779,20,0,95 63,1,10,,651823,20,0,95 63,1,10,,651872,20,0,95 63,1,10,,601744,20,0,95 63,1,10,,651862,20,0,95 63,1,10,,651786,20,0,95 63,1,50,,651822,20,0,95 63,1,15,,651870,20,0,95 63,1,10,,651839,20,0,95 63,1,10,,569192,20,0,95 63,1,10,,651803,20,0,95 63,1,10,,651841,20,0,95 63,1,50,,576114,20,0,95 63,1,10,,529093,20,0,95 63,1,10,,651828,20,0,95 63,1,10,,651838,20,0,95 63,1,10,,651818,20,0,95 63,1,10,,651787,20,0,95 63,1,50,,651814,20,0,95 63,1,10,,651848,20,0,95 63,1,10,,651827,20,0,95 63,1,10,,651796,20,0,95 63,1,10,,651785,20,0,95 63,1,10,,651853,20,0,95 63,1,50,,651804,20,0,95 63,1,10,,547775,20,0,95 63,1,10,,651834,20,0,95 63,1,10,,651790,20,0,95 63,1,10,,651842,20,0,95 63,1,10,,587578,20,0,95 63,1,51,,651860,20,0,95 63,1,13,,651815,20,0,95 63,1,10,,651783,20,0,95 63,1,10,,651856,20,0,95 63,1,10,,651797,20,0,95 63,1,50,,567354,20,0,95 63,1,10,,651807,20,0,95 63,1,10,,651776,20,0,95 63,1,10,,651845,20,0,95 63,1,10,,527996,20,0,95 63,1,10,,651830,20,0,95 63,1,50,,651782,20,0,95 63,1,10,,651812,20,0,95 63,1,10,,651806,20,0,95 63,1,10,,651781,20,0,95 63,1,10,,651866,20,0,95 63,1,10,,651824,20,0,95 63,1,50,,651780,20,0,95 63,1,10,,587143,20,0,95 63,1,10,,601096,20,0,95 63,1,10,,651851,20,0,95 63,1,10,,651840,20,0,95 63,1,10,,593741,20,0,95 63,1,50,,591323,20,0,95 63,1,10,,651847,20,0,95 63,1,10,,651800,20,0,95 63,1,10,,651871,20,0,95 63,1,10,,651793,20,0,95 63,1,10,,651825,20,0,95 63,1,50,,651854,20,0,95 63,1,10,,651865,20,0,95 63,1,10,,651826,20,0,95 63,1,10,,651849,20,0,95 63,1,10,,651855,20,0,95 63,1,10,,562468,20,0,95 63,1,50,,651835,20,0,95 63,1,10,,559190,20,0,95 63,1,10,,651808,20,0,95 63,1,10,,651820,20,0,95 63,1,10,,651867,20,0,95 63,1,10,,651836,20,0,95 63,1,50,,651846,20,0,95 63,1,8,,651792,20,0,95 63,1,7,,562680,20,0,95 63,1,10,,651798,20,0,95 63,1,10,,651832,20,0,95 63,1,10,,651801,20,0,95 63,1,10,,651858,20,0,95 63,1,50,,651829,20,0,95 63,1,10,,651778,20,0,95 63,1,10,,651869,20,0,95 63,1,10,,651843,20,0,95 63,1,10,,651873,20,0,95 63,1,10,,651809,20,0,95 63,1,50,,651831,20,0,95 63,1,10,,651775,20,0,95 63,1,10,,530295,20,0,95 63,1,10,,651810,20,0,95 63,1,10,,651868,20,0,95 63,1,10,,525382,20,0,95 63,1,48,,651833,20,0,95 63,1,6,,651794,20,0,95 63,1,10,,543942,20,0,95 63,1,10,,553951,20,0,95 63,1,10,,651819,20,0,95 63,1,10,,651821,20,0,95 63,1,50,,651816,20,0,95 63,1,10,,651837,20,0,95 63,1,10,,651811,20,0,95 63,1,10,,651813,20,0,95 63,1,10,,651861,20,0,95 63,1,10,,530934,20,0,95 63,1,50,,532822,20,0,95 63,1,10,,651784,20,0,95 63,1,10,,651777,20,0,95 63,1,10,,524078,20,0,95 63,1,10,,651857,20,0,95 63,1,10,,651850,20,0,95 63,1,50,,651844,20,0,95 63,1,10,,651859,20,0,95 63,1,10,,651802,20,0,95 63,1,14,,651805,20,0,95 63,1,15,,651788,20,0,95 63,1,55,,517389,20,0,95 63,1,15,,651863,20,0,95 63,1
8904,'1',454,,514799,22,0,51,1,65,,651921,22,0,68 8,1,19,,651949,22,0,68 8,1,12,,651903,22,0,68 8,1,50,,504006,22,0,68 8,1,10,,651957,22,0,68 8,1,10,,651882,22,0,68 8,1,10,,651900,22,0,68 8,1,10,,651877,22,0,68 8,1,10,,651886,22,0,68 8,1,50,,651878,22,0,68 8,1,10,,651894,22,0,68 8,1,9,,568478,22,0,68 8,1,8,,651942,22,0,68 8,1,9,,651958,22,0,68 8,1,10,,651955,22,0,68 8,1,10,,651913,22,0,68 8,1,50,,651891,22,0,68 8,1,10,,603458,22,0,68 8,1,10,,651930,22,0,68 8,1,10,,558506,22,0,68 8,1,10,,651884,22,0,68 8,1,10,,562113,22,0,68 8,1,50,,651947,22,0,68 8,1,10,,651959,22,0,68 8,1,10,,651920,22,0,68 8,1,10,,577448,22,0,68 8,1,10,,537243,22,0,68 8,1,10,,651951,22,0,68 8,1,50,,529340,22,0,68 8,1,10,,651881,22,0,68 8,1,10,,651948,22,0,68 8,1,10,,566917,22,0,68 8,1,10,,651938,22,0,68 8,1,10,,651883,22,0,68 8,1,50,,651876,22,0,68 8,1,10,,651895,22,0,68 8,1,10,,651964,22,0,68 8,1,10,,651874,22,0,68 8,1,10,,651961,22,0,68 8,1,10,,651943,22,0,68 8,1,50,,651910,22,0,68 8,1,10,,651944,22,0,68 8,1,10,,462385,22,0,68 8,1,10,,397079,22,0,68 8,1,10,,651897,22,0,68 8,1,10,,651896,22,0,68 8,1,50,,651926,22,0,68 8,1,10,,470414,22,0,68 8,1,10,,651905,22,0,68 8,1,10,,581804,22,0,68 8,1,9,,651932,22,0,68 8,1,9,,569238,22,0,68 8,1,47,,651901,22,0,68 8,1,9,,651931,22,0,68 8,1,10,,651939,22,0,68 8,1,10,,651962,22,0,68 8,1,10,,560256,22,0,68 8,1,10,,423592,22,0,68 8,1,50,,651906,22,0,68 8,1,10,,651936,22,0,68 8,1,10,,651925,22,0,68 8,1,10,,556095,22,0,68 8,1,10,,651904,22,0,68 8,1,10,,651885,22,0,68 8,1,50,,571246,22,0,68 8,1,10,,410520,22,0,68 8,1,10,,651893,22,0,68 8,1,10,,651907,22,0,68 8,1,10,,651919,22,0,68 8,1,10,,651889,22,0,68 8,1,50,,651912,22,0,68 8,1,10,,651965,22,0,68 8,1,10,,651888,22,0,68 8,1,10,,651875,22,0,68 8,1,10,,651908,22,0,68 8,1,10,,548003,22,0,68 8,1,50,,651879,22,0,68 8,1,10,,568450,22,0,68 8,1,10,,651937,22,0,68 8,1,10,,651966,22,0,68 8,1,10,,651914,22,0,68 8,1,10,,651945,22,0,68 8,1,50,,651909,22,0,68 8,1,9,,386588,22,0,68 8,1,10,,568476,22,0,68 8,1,10,,651892,22,0,68 8,1,10,,651918,22,0,68 8,1,10,,651946,22,0,68 8,1,10,,651890,22,0,68 8,1,50,,651923,22,0,68 8,1,10,,651899,22,0,68 8,1,10,,522764,22,0,68 8,1,10,,651928,22,0,68 8,1,10,,651898,22,0,68 8,1,10,,651953,22,0,68 8,1,50,,558764,22,0,68 8,1,10,,651915,22,0,68 8,1,10,,651952,22,0,68 8,1,10,,651902,22,0,68 8,1,10,,570357,22,0,68 8,1,10,,651924,22,0,68 8,1,48,,651960,22,0,68 8,1,7,,593524,22,0,68 8,1,10,,651880,22,0,68 8,1,10,,651933,22,0,68 8,1,10,,651922,22,0,68 8,1,10,,651956,22,0,68 8,1,50,,651929,22,0,68 8,1,10,,526260,22,0,68 8,1,10,,651940,22,0,68 8,1,10,,572046,22,0,68 8,1,10,,651963,22,0,68 8,1,10,,651935,22,0,68 8,1,50,,651934,22,0,68 8,1,10,,651887,22,0,68 8,1,10,,651941,22,0,68 8,1,10,,651927,22,0,68 8,1,10,,395733,22,0,68 8,1,10,,571138,22,0,68 8,1,50,,487104,22,0,68 8,1,10,,541640,22,0,68 8,1,10,,651954,22,0,68 8,1,10,,651950,22,0,68 8,1,15,,651917,22,0,68 8,1,53,,651916,22,0,51,1,15,,651911,22,0,51,1
8904,'2',553,,652025,22,0,68 8,1,54,,652063,22,0,68 8,1,16,,652029,22,0,68 8,1,10,,652049,22,0,68 8,1,10,,651979,22,0,68 8,1,10,,652067,22,0,68 8,1,50,,572196,22,0,68 8,1,10,,591739,22,0,68 8,1,10,,652008,22,0,68 8,1,10,,585106,22,0,68 8,1,10,,652014,22,0,68 8,1,11,,651972,22,0,68 8,1,50,,494376,22,0,68 8,1,10,,652052,22,0,68 8,1,11,,651983,22,0,68 8,1,10,,651967,22,0,68 8,1,10,,652059,22,0,68 8,1,10,,652030,22,0,68 8,1,50,,652006,22,0,68 8,1,10,,548977,22,0,68 8,1,10,,535176,22,0,68 8,1,10,,652065,22,0,68 8,1,10,,652036,22,0,68 8,1,10,,652053,22,0,68 8,1,50,,652000,22,0,68 8,1,10,,651994,22,0,68 8,1,10,,652019,22,0,68 8,1,10,,652001,22,0,68 8,1,10,,652068,22,0,68 8,1,11,,652018,22,0,68 8,1,50,,603531,22,0,68 8,1,4,,652048,22,0,68 8,1,13,,652023,22,0,68 8,1,10,,651992,22,0,68 8,1,10,,651997,22,0,68 8,1,10,,652045,22,0,68 8,1,50,,651968,22,0,68 8,1,10,,652033,22,0,68 8,1,10,,652069,22,0,68 8,1,10,,652044,22,0,68 8,1,10,,651993,22,0,68 8,1,10,,652047,22,0,68 8,1,50,,652012,22,0,68 8,1,10,,652051,22,0,68 8,1,10,,652032,22,0,68 8,1,10,,652038,22,0,68 8,1,10,,651999,22,0,68 8,1,10,,652002,22,0,68 8,1,50,,651978,22,0,68 8,1,10,,651995,22,0,68 8,1,10,,651974,22,0,68 8,1,10,,652011,22,0,68 8,1,10,,651998,22,0,68 8,1,10,,652035,22,0,68 8,1,50,,652016,22,0,68 8,1,10,,652057,22,0,68 8,1,10,,578694,22,0,68 8,1,10,,652028,22,0,68 8,1,10,,652021,22,0,68 8,1,10,,652003,22,0,68 8,1,50,,652020,22,0,68 8,1,10,,652037,22,0,68 8,1,10,,528783,22,0,68 8,1,10,,652050,22,0,68 8,1,10,,651971,22,0,68 8,1,10,,553695,22,0,68 8,1,50,,652054,22,0,68 8,1,10,,651976,22,0,68 8,1,10,,553183,22,0,68 8,1,10,,652024,22,0,68 8,1,10,,652039,22,0,68 8,1,10,,573120,22,0,68 8,1,50,,652064,22,0,68 8,1,10,,651989,22,0,68 8,1,10,,652070,22,0,68 8,1,10,,651981,22,0,68 8,1,10,,652015,22,0,68 8,1,6,,652034,22,0,68 8,1,10,,521985,22,0,68 8,1,50,,652055,22,0,68 8,1,7,,652046,22,0,68 8,1,11,,651970,22,0,68 8,1,10,,651991,22,0,68 8,1,10,,652041,22,0,68 8,1,10,,652056,22,0,68 8,1,50,,651977,22,0,68 8,1,10,,651990,22,0,68 8,1,10,,651985,22,0,68 8,1,10,,652066,22,0,68 8,1,10,,414507,22,0,68 8,1,10,,652058,22,0,68 8,1,50,,651987,22,0,68 8,1,10,,505411,22,0,68 8,1,10,,593198,22,0,68 8,1,10,,652017,22,0,68 8,1,10,,652004,22,0,68 8,1,10,,651984,22,0,68 8,1,50,,652071,22,0,68 8,1,6,,652061,22,0,68 8,1,10,,578663,22,0,68 8,1,10,,652062,22,0,68 8,1,10,,651982,22,0,68 8,1,10,,652040,22,0,68 8,1,50,,652026,22,0,68 8,1,10,,652060,22,0,68 8,1,10,,652013,22,0,68 8,1,10,,652031,22,0,68 8,1,10,,651975,22,0,68 8,1,10,,652043,22,0,68 8,1,50,,651996,22,0,68 8,1,10,,651980,22,0,68 8,1,10,,652027,22,0,68 8,1,10,,652042,22,0,68 8,1,10,,652005,22,0,68 8,1,10,,652022,22,0,68 8,1,50,,651973,22,0,68 8,1,10,,538405,22,0,68 8,1,10,,651988,22,0,68 8,1,12,,579207,22,0,68 8,1,14,,652010,22,0,68 8,1,53,,651986,22,0,51,1,15,,651969,22,0,51,1
8904,'3',551,,652127,22,0,51,1,55,,652165,22,0,51,1,15,,652091,22,0,51,1,15,,652100,22,0,51,1,15,,652116,22,0,51,1,55,,567133,22,0,51,1,15,,652154,22,0,51,1,16,,652150,22,0,68 8,1,13,,652131,22,0,68 8,1,53,,652152,22,0,68 8,1,13,,652101,22,0,68 8,1,12,,652153,22,0,68 8,1,10,,652147,22,0,68 8,1,10,,652099,22,0,68 8,1,10,,652126,22,0,68 8,1,50,,555220,22,0,68 8,1,10,,652079,22,0,68 8,1,10,,598979,22,0,68 8,1,10,,652073,22,0,68 8,1,10,,652097,22,0,68 8,1,10,,652125,22,0,68 8,1,50,,652123,22,0,68 8,1,10,,652134,22,0,68 8,1,10,,652114,22,0,68 8,1,10,,652142,22,0,68 8,1,10,,652106,22,0,68 8,1,10,,541403,22,0,68 8,1,50,,652132,22,0,68 8,1,10,,652096,22,0,68 8,1,10,,652140,22,0,68 8,1,10,,652136,22,0,68 8,1,9,,506025,22,0,68 8,1,9,,652129,22,0,68 8,1,50,,652155,22,0,68 8,1,10,,652144,22,0,68 8,1,10,,565016,22,0,68 8,1,10,,652148,22,0,68 8,1,10,,652072,22,0,68 8,1,10,,652117,22,0,68 8,1,50,,652107,22,0,68 8,1,10,,652094,22,0,68 8,1,10,,652112,22,0,68 8,1,10,,652146,22,0,68 8,1,10,,652164,22,0,68 8,1,10,,563574,22,0,68 8,1,50,,652158,22,0,68 8,1,10,,652081,22,0,68 8,1,10,,420097,22,0,68 8,1,10,,652124,22,0,68 8,1,10,,652133,22,0,68 8,1,10,,652104,22,0,68 8,1,50,,553334,22,0,68 8,1,10,,652085,22,0,68 8,1,10,,652163,22,0,68 8,1,10,,652102,22,0,68 8,1,10,,501112,22,0,68 8,1,10,,652105,22,0,68 8,1,50,,652111,22,0,68 8,1,10,,525862,22,0,68 8,1,10,,652093,22,0,68 8,1,10,,652167,22,0,68 8,1,10,,652149,22,0,68 8,1,10,,652080,22,0,68 8,1,50,,652077,22,0,68 8,1,10,,652095,22,0,68 8,1,10,,598739,22,0,68 8,1,10,,580522,22,0,68 8,1,10,,571316,22,0,68 8,1,10,,652089,22,0,68 8,1,50,,652138,22,0,68 8,1,10,,652151,22,0,68 8,1,10,,652083,22,0,68 8,1,10,,652092,22,0,68 8,1,10,,652139,22,0,68 8,1,10,,652074,22,0,68 8,1,49,,652137,22,0,68 8,1,9,,547470,22,0,68 8,1,8,,652128,22,0,68 8,1,10,,472669,22,0,68 8,1,10,,510574,22,0,68 8,1,10,,652156,22,0,68 8,1,50,,652098,22,0,68 8,1,10,,652113,22,0,68 8,1,10,,652087,22,0,68 8,1,10,,652108,22,0,68 8,1,10,,652119,22,0,68 8,1,10,,652109,22,0,68 8,1,50,,566660,22,0,68 8,1,10,,652122,22,0,68 8,1,10,,652088,22,0,68 8,1,10,,652118,22,0,68 8,1,10,,652135,22,0,68 8,1,10,,652157,22,0,68 8,1,50,,652143,22,0,68 8,1,7,,564264,22,0,68 8,1,7,,652086,22,0,68 8,1,10,,652130,22,0,68 8,1,10,,652082,22,0,68 8,1,10,,652160,22,0,68 8,1,10,,652145,22,0,68 8,1,50,,652078,22,0,68 8,1,10,,652075,22,0,68 8,1,10,,652115,22,0,68 8,1,10,,652121,22,0,68 8,1,10,,652076,22,0,68 8,1,10,,652161,22,0,68 8,1,50,,652090,22,0,68 8,1,10,,652084,22,0,68 8,1,10,,602393,22,0,68 8,1,10,,560537,22,0,68 8,1,10,,652162,22,0,68 8,1,10,,652166,22,0,68 8,1,50,,652141,22,0,68 8,1,10,,598522,22,0,68 8,1,10,,652120,22,0,68 8,1,10,,652110,22,0,68 8,1,13,,549383,22,0,68 8,1,53,,652159,22,0,51,1,15,,652168,22,0,51,1
8904,'5',553,,652243,22,0,68 8,1,55,,652241,22,0,68 8,1,14,,652274,22,0,68 8,1,10,,652195,22,0,68 8,1,10,,652249,22,0,68 8,1,10,,652209,22,0,68 8,1,50,,652200,22,0,68 8,1,10,,652271,22,0,68 8,1,10,,652266,22,0,68 8,1,10,,652221,22,0,68 8,1,10,,652220,22,0,68 8,1,7,,652227,22,0,68 8,1,8,,652214,22,0,68 8,1,51,,652253,22,0,68 8,1,11,,652172,22,0,68 8,1,9,,652232,22,0,68 8,1,10,,652175,22,0,68 8,1,10,,652260,22,0,68 8,1,10,,652244,22,0,68 8,1,50,,652186,22,0,68 8,1,10,,652255,22,0,68 8,1,10,,652201,22,0,68 8,1,10,,652196,22,0,68 8,1,10,,652237,22,0,68 8,1,10,,652181,22,0,68 8,1,50,,652180,22,0,68 8,1,10,,652177,22,0,68 8,1,10,,652261,22,0,68 8,1,10,,652250,22,0,68 8,1,10,,652248,22,0,68 8,1,10,,652245,22,0,68 8,1,50,,652192,22,0,68 8,1,10,,652210,22,0,68 8,1,10,,652173,22,0,68 8,1,10,,652189,22,0,68 8,1,9,,652206,22,0,68 8,1,9,,513622,22,0,68 8,1,50,,652270,22,0,68 8,1,10,,652239,22,0,68 8,1,10,,652257,22,0,68 8,1,10,,652215,22,0,68 8,1,10,,547567,22,0,68 8,1,10,,541409,22,0,68 8,1,50,,652198,22,0,68 8,1,10,,652234,22,0,68 8,1,10,,652187,22,0,68 8,1,10,,652264,22,0,68 8,1,10,,652228,22,0,68 8,1,10,,652171,22,0,68 8,1,50,,652236,22,0,68 8,1,10,,652207,22,0,68 8,1,10,,652202,22,0,68 8,1,10,,652217,22,0,68 8,1,10,,652208,22,0,68 8,1,10,,652226,22,0,68 8,1,50,,596304,22,0,68 8,1,10,,652176,22,0,68 8,1,10,,652258,22,0,68 8,1,10,,652223,22,0,68 8,1,10,,652170,22,0,68 8,1,10,,652254,22,0,68 8,1,50,,652188,22,0,68 8,1,10,,652219,22,0,68 8,1,10,,540761,22,0,68 8,1,10,,652263,22,0,68 8,1,10,,652191,22,0,68 8,1,10,,573822,22,0,68 8,1,50,,652224,22,0,68 8,1,10,,652212,22,0,68 8,1,10,,652199,22,0,68 8,1,10,,579599,22,0,68 8,1,10,,652235,22,0,68 8,1,10,,652211,22,0,68 8,1,50,,652216,22,0,68 8,1,10,,652231,22,0,68 8,1,10,,652222,22,0,68 8,1,10,,560552,22,0,68 8,1,10,,652197,22,0,68 8,1,10,,652246,22,0,68 8,1,49,,652178,22,0,68 8,1,9,,652272,22,0,68 8,1,8,,652247,22,0,68 8,1,10,,652251,22,0,68 8,1,10,,652204,22,0,68 8,1,10,,652238,22,0,68 8,1,50,,598580,22,0,68 8,1,10,,652268,22,0,68 8,1,10,,652225,22,0,68 8,1,10,,584456,22,0,68 8,1,10,,652229,22,0,68 8,1,10,,652179,22,0,68 8,1,50,,652174,22,0,68 8,1,10,,652194,22,0,68 8,1,10,,652205,22,0,68 8,1,10,,652184,22,0,68 8,1,10,,652273,22,0,68 8,1,10,,652267,22,0,68 8,1,50,,652193,22,0,68 8,1,7,,517961,22,0,68 8,1,7,,597169,22,0,68 8,1,10,,652259,22,0,68 8,1,10,,544796,22,0,68 8,1,10,,652252,22,0,68 8,1,10,,652256,22,0,68 8,1,50,,514442,22,0,68 8,1,10,,652182,22,0,68 8,1,10,,652242,22,0,68 8,1,10,,652262,22,0,68 8,1,10,,652230,22,0,68 8,1,10,,588344,22,0,68 8,1,50,,569164,22,0,68 8,1,10,,652233,22,0,68 8,1,10,,652169,22,0,68 8,1,10,,530328,22,0,68 8,1,10,,652240,22,0,68 8,1,10,,652183,22,0,68 8,1,50,,652203,22,0,68 8,1,10,,652269,22,0,68 8,1,10,,652218,22,0,68 8,1,10,,652190,22,0,68 8,1,13,,550688,22,0,68 8,1,53,,652265,22,0,51,1,15,,564541,22,0,51,1
16402,'1',538,,676044,18,0,52 53 8,1,76,,676027,18,0,52 53 8,1,31,,676045,18,0,52 53 8,1,75,,676048,18,0,52 53 8,1,27,,676046,18,0,52 53 8,1,62,,676024,18,0,52 53 8,1,22,,676029,18,0,52 53 8,1,22,,554382,18,0,52 53 8,1,63,,676026,18,0,52 53 8,1,16,,676015,18,0,52 53 8,1,22,,676025,18,0,52 53 8,1,70,,676020,18,0,52 53 8,1,30,,566902,18,0,52 53 8,1,70,,676031,18,0,52 53 8,1,30,,676028,18,0,52 53 8,1,70,,387241,18,0,52 53 8,1,30,,541724,18,0,52 53 8,1,70,,676013,18,0,52 53 8,1,30,,676017,18,0,52 53 8,1,70,,536429,18,0,52 53 8,1,30,,598131,18,0,52 53 8,1,76,,676050,18,0,52 53 8,1,25,,676049,18,0,52 53 8,1,65,,676040,18,0,52 53 8,1,25,,676032,18,0,52 53 8,1,65,,676022,18,0,52 53 8,1,25,,676030,18,0,52 53 8,1,65,,676037,18,0,52 53 8,1,25,,676036,18,0,52 53 8,1,25,,676041,18,0,52 53 8,1,63,,676023,18,0,52 53 8,1,22,,529399,18,0,52 53 8,1,65,,676042,18,0,52 53 8,1,25,,676039,18,0,52 53 8,1,30,,676047,18,0,52 53 8,1,70,,676034,18,0,52 53 8,1,30,,676035,18,0,52 53 8,1,67,,676019,18,0,52 53 8,1,30,,676038,18,0,52 53 8,1,65,,676033,18,0,52 53 8,1,25,,676014,18,0,52 53 8,1,65,,676043,18,0,52 53 8,1,25,,676021,18,0,52 53 8,1,25,,676018,18,0,52 53 8,1,65,,676016,18,0,52 53 8,1
16402,'2',553,,676061,18,0,52 53 8,1,72,,676065,18,0,52 53 8,1,30,,676063,18,0,52 53 8,1,70,,583370,18,0,52 53 8,1,30,,676064,18,0,52 53 8,1,70,,676076,18,0,52 53 8,1,30,,676055,18,0,52 53 8,1,70,,676051,18,0,52 53 8,1,30,,676074,18,0,52 53 8,1,70,,588528,18,0,52 53 8,1,30,,676067,18,0,52 53 8,1,70,,676057,18,0,52 53 8,1,30,,676059,18,0,52 53 8,1,69,,676080,18,0,52 53 8,1,30,,676068,18,0,52 53 8,1,70,,676056,18,0,52 53 8,1,30,,676071,18,0,52 53 8,1,70,,676058,18,0,52 53 8,1,30,,676082,18,0,52 53 8,1,70,,676053,18,0,52 53 8,1,30,,511405,18,0,52 53 8,1,70,,676069,18,0,52 53 8,1,30,,676060,18,0,52 53 8,1,70,,676078,18,0,52 53 8,1,30,,676070,18,0,52 53 8,1,70,,676084,18,0,52 53 8,1,30,,467422,18,0,52 53 8,1,70,,676072,18,0,52 53 8,1,30,,676077,18,0,52 53 8,1,70,,676075,18,0,52 53 8,1,30,,676052,18,0,52 53 8,1,70,,563513,18,0,52 53 8,1,30,,676081,18,0,52 53 8,1,69,,676066,18,0,52 53 8,1,30,,676054,18,0,52 53 8,1,65,,676062,18,0,52 53 8,1,25,,676079,18,0,52 53 8,1,65,,601217,18,0,52 53 8,1,25,,499319,18,0,52 53 8,1,25,,676083,18,0,52 53 8,1,65,,676073,18,0,52 53 8,1
16402,'3',729,,676097,18,0,52 53 8,1,18,,676104,18,0,52 53 8,1,66,,676114,18,0,52 53 8,1,25,,676093,18,0,52 53 8,1,65,,676113,18,0,52 53 8,1,25,,676105,18,0,52 53 8,1,25,,676089,18,0,52 53 8,1,65,,561986,18,0,52 53 8,1,25,,676096,18,0,52 53 8,1,65,,676099,18,0,52 53 8,1,25,,676115,18,0,52 53 8,1,25,,676106,18,0,52 53 8,1,66,,676086,18,0,52 53 8,1,30,,564949,18,0,52 53 8,1,70,,676088,18,0,52 53 8,1,30,,421839,18,0,52 53 8,1,70,,676117,18,0,52 53 8,1,30,,676092,18,0,52 53 8,1,70,,676087,18,0,52 53 8,1,30,,676103,18,0,52 53 8,1,70,,676100,18,0,52 53 8,1,30,,676102,18,0,52 53 8,1,70,,676107,18,0,52 53 8,1,30,,676110,18,0,52 53 8,1,70,,676098,18,0,52 53 8,1,30,,676116,18,0,52 53 8,1,69,,676091,18,0,52 53 8,1,30,,516639,18,0,52 53 8,1,70,,583481,18,0,52 53 8,1,25,,676112,18,0,52 53 8,1,65,,676085,18,0,52 53 8,1,25,,676090,18,0,52 53 8,1,65,,676101,18,0,52 53 8,1,24,,676118,18,0,52 53 8,1,25,,536587,18,0,52 53 8,1,65,,676095,18,0,52 53 8,1,25,,676109,18,0,52 53 8,1,65,,676094,18,0,52 53 8,1,25,,676119,18,0,52 53 8,1,25,,676111,18,0,52 53 8,1,65,,676108,18,0,52 53 8,1
16402,'5',553,,597186,18,0,52 53 8,1,70,,676122,18,0,52 53 8,1,30,,676132,18,0,52 53 8,1,70,,558260,18,0,52 53 8,1,25,,586740,18,0,52 53 8,1,65,,676135,18,0,52 53 8,1,25,,676152,18,0,52 53 8,1,65,,676133,18,0,52 53 8,1,25,,676127,18,0,52 53 8,1,25,,676139,18,0,52 53 8,1,65,,676121,18,0,52 53 8,1,25,,676134,18,0,52 53 8,1,65,,676140,18,0,52 53 8,1,25,,566066,18,0,52 53 8,1,25,,676120,18,0,52 53 8,1,66,,567297,18,0,52 53 8,1,30,,676147,18,0,52 53 8,1,70,,676142,18,0,52 53 8,1,30,,676145,18,0,52 53 8,1,70,,676128,18,0,52 53 8,1,30,,676138,18,0,52 53 8,1,70,,676151,18,0,52 53 8,1,30,,527976,18,0,52 53 8,1,70,,676136,18,0,52 53 8,1,30,,676149,18,0,52 53 8,1,70,,574633,18,0,52 53 8,1,30,,676131,18,0,52 53 8,1,70,,585257,18,0,52 53 8,1,30,,676123,18,0,52 53 8,1,69,,592495,18,0,52 53 8,1,30,,676130,18,0,52 53 8,1,70,,676144,18,0,52 53 8,1,25,,676125,18,0,52 53 8,1,65,,544012,18,0,52 53 8,1,25,,676148,18,0,52 53 8,1,65,,676137,18,0,52 53 8,1,24,,676124,18,0,52 53 8,1,25,,519655,18,0,52 53 8,1,65,,676143,18,0,52 53 8,1,25,,676141,18,0,52 53 8,1,65,,676129,18,0,52 53 8,1,25,,676126,18,0,52 53 8,1,25,,676150,18,0,52 53 8,1,65,,676146,18,0,52 53 8,1
17103,'1',537,,677966,15,0,5 190 6,1,17,,594320,15,0,5 190 6,1,60,,677976,15,0,5 190 6,1,20,,588934,15,0,5 190 6,1,20,,677967,15,0,5 190 6,1,65,,677984,15,0,5 190 6,1,25,,677942,15,0,5 190 6,1,65,,677948,15,0,5 190 6,1,25,,677952,15,0,5 190 6,1,25,,385455,15,0,5 190 6,1,64,,677953,15,0,5 190 6,1,25,,677944,15,0,5 190 6,1,65,,677962,15,0,5 190 6,1,25,,677968,15,0,5 190 6,1,65,,677979,15,0,5 190 6,1,25,,677975,15,0,5 190 6,1,25,,677973,15,0,5 190 6,1,65,,677978,15,0,5 190 6,1,25,,677946,15,0,5 190 6,1,65,,434321,15,0,5 190 6,1,25,,677957,15,0,5 190 6,1,25,,677956,15,0,5 190 6,1,68,,677955,15,0,5 190 6,1,30,,677977,15,0,5 190 6,1,70,,677949,15,0,5 190 6,1,30,,677941,15,0,5 190 6,1,70,,677951,15,0,5 190 6,1,30,,677963,15,0,5 190 6,1,70,,677945,15,0,5 190 6,1,30,,677980,15,0,5 190 6,1,70,,677961,15,0,5 190 6,1,30,,590064,15,0,5 190 6,1,64,,677969,15,0,5 190 6,1,19,,677950,15,0,5 190 6,1,20,,677974,15,0,5 190 6,1,60,,677954,15,0,5 190 6,1,20,,677958,15,0,5 190 6,1,20,,573074,15,0,5 190 6,1,60,,518587,15,0,5 190 6,1,20,,389716,15,0,5 190 6,1,20,,677943,15,0,5 190 6,1,58,,677982,15,0,5 190 6,1,20,,677983,15,0,5 190 6,1,20,,677981,15,0,5 190 6,1,60,,677960,15,0,5 190 6,1,20,,677985,15,0,5 190 6,1,20,,677959,15,0,5 190 6,1,60,,677972,15,0,5 190 6,1,20,,544082,15,0,5 190 6,1,20,,542790,15,0,5 190 6,1,56,,677947,15,0,5 190 6,1
17103,'2',552,,570407,15,0,5 190 6,1,56,,603790,15,0,5 190 6,1,20,,582264,15,0,5 190 6,1,20,,405246,15,0,5 190 6,1,60,,678035,15,0,5 190 6,1,20,,431886,15,0,5 190 6,1,20,,601593,15,0,5 190 6,1,61,,678005,15,0,5 190 6,1,21,,678002,15,0,5 190 6,1,20,,678004,15,0,5 190 6,1,60,,519919,15,0,5 190 6,1,20,,677997,15,0,5 190 6,1,20,,678016,15,0,5 190 6,1,60,,678033,15,0,5 190 6,1,20,,677993,15,0,5 190 6,1,20,,678020,15,0,5 190 6,1,60,,678000,15,0,5 190 6,1,20,,678014,15,0,5 190 6,1,20,,677994,15,0,5 190 6,1,60,,677999,15,0,5 190 6,1,21,,677990,15,0,5 190 6,1,22,,448052,15,0,5 190 6,1,62,,678003,15,0,5 190 6,1,22,,678015,15,0,5 190 6,1,22,,677998,15,0,5 190 6,1,62,,677996,15,0,5 190 6,1,22,,677995,15,0,5 190 6,1,62,,485838,15,0,5 190 6,1,22,,469824,15,0,5 190 6,1,22,,678009,15,0,5 190 6,1,62,,677992,15,0,5 190 6,1,22,,678024,15,0,5 190 6,1,22,,677987,15,0,5 190 6,1,62,,678028,15,0,5 190 6,1,22,,678025,15,0,5 190 6,1,62,,678034,15,0,5 190 6,1,22,,678019,15,0,5 190 6,1,22,,678012,15,0,5 190 6,1,61,,678010,15,0,5 190 6,1,13,,678026,15,0,5 190 6,1,19,,678027,15,0,5 190 6,1,20,,678032,15,0,5 190 6,1,60,,677988,15,0,5 190 6,1,20,,678006,15,0,5 190 6,1,20,,678013,15,0,5 190 6,1,60,,678008,15,0,5 190 6,1,20,,677989,15,0,5 190 6,1,20,,678021,15,0,5 190 6,1,59,,678036,15,0,5 190 6,1,20,,678029,15,0,5 190 6,1,20,,678001,15,0,5 190 6,1,60,,678030,15,0,5 190 6,1,20,,602744,15,0,5 190 6,1,20,,678018,15,0,5 190 6,1,60,,678023,15,0,5 190 6,1,20,,677986,15,0,5 190 6,1,20,,500705,15,0,5 190 6,1,56,,678007,15,0,5 190 6,1
17103,'3',552,,678074,15,0,5 190 6,1,56,,678065,15,0,5 190 6,1,20,,678072,15,0,5 190 6,1,20,,678092,15,0,5 190 6,1,60,,678048,15,0,5 190 6,1,21,,678041,15,0,5 190 6,1,21,,561541,15,0,5 190 6,1,60,,678088,15,0,5 190 6,1,20,,678084,15,0,5 190 6,1,20,,678083,15,0,5 190 6,1,60,,678043,15,0,5 190 6,1,20,,678075,15,0,5 190 6,1,20,,678052,15,0,5 190 6,1,60,,678062,15,0,5 190 6,1,20,,678042,15,0,5 190 6,1,20,,678039,15,0,5 190 6,1,60,,678081,15,0,5 190 6,1,20,,678091,15,0,5 190 6,1,20,,678051,15,0,5 190 6,1,59,,678089,15,0,5 190 6,1,21,,543849,15,0,5 190 6,1,20,,678047,15,0,5 190 6,1,60,,678045,15,0,5 190 6,1,20,,678073,15,0,5 190 6,1,20,,678054,15,0,5 190 6,1,60,,678061,15,0,5 190 6,1,20,,678068,15,0,5 190 6,1,20,,678066,15,0,5 190 6,1,60,,678078,15,0,5 190 6,1,20,,678079,15,0,5 190 6,1,20,,678038,15,0,5 190 6,1,60,,678077,15,0,5 190 6,1,20,,678067,15,0,5 190 6,1,20,,678046,15,0,5 190 6,1,60,,678090,15,0,5 190 6,1,20,,678085,15,0,5 190 6,1,20,,678071,15,0,5 190 6,1,60,,678044,15,0,5 190 6,1,20,,678057,15,0,5 190 6,1,20,,590600,15,0,5 190 6,1,59,,678056,15,0,5 190 6,1,15,,678086,15,0,5 190 6,1,16,,678082,15,0,5 190 6,1,18,,467465,15,0,5 190 6,1,60,,678058,15,0,5 190 6,1,20,,678070,15,0,5 190 6,1,20,,678080,15,0,5 190 6,1,60,,493369,15,0,5 190 6,1,20,,678064,15,0,5 190 6,1,20,,678063,15,0,5 190 6,1,59,,568716,15,0,5 190 6,1,20,,570505,15,0,5 190 6,1,20,,678087,15,0,5 190 6,1,60,,678076,15,0,5 190 6,1,20,,678060,15,0,5 190 6,1,20,,678037,15,0,5 190 6,1,60,,567145,15,0,5 190 6,1,20,,678053,15,0,5 190 6,1,20,,678059,15,0,5 190 6,1,56,,678050,15,0,5 190 6,1
17103,'5',552,,678106,15,0,5 190 6,1,56,,678108,15,0,5 190 6,1,20,,678114,15,0,5 190 6,1,20,,551673,15,0,5 190 6,1,60,,678107,15,0,5 190 6,1,14,,678113,15,0,5 190 6,1,16,,584479,15,0,5 190 6,1,19,,678116,15,0,5 190 6,1,57,,678133,15,0,5 190 6,1,16,,678094,15,0,5 190 6,1,20,,678124,15,0,5 190 6,1,60,,533889,15,0,5 190 6,1,20,,678118,15,0,5 190 6,1,20,,678148,15,0,5 190 6,1,60,,678099,15,0,5 190 6,1,20,,580896,15,0,5 190 6,1,20,,555958,15,0,5 190 6,1,60,,678138,15,0,5 190 6,1,20,,520508,15,0,5 190 6,1,20,,570199,15,0,5 190 6,1,59,,678109,15,0,5 190 6,1,21,,678095,15,0,5 190 6,1,20,,678115,15,0,5 190 6,1,60,,678147,15,0,5 190 6,1,20,,678122,15,0,5 190 6,1,20,,678101,15,0,5 190 6,1,60,,678126,15,0,5 190 6,1,20,,678136,15,0,5 190 6,1,20,,678097,15,0,5 190 6,1,60,,678139,15,0,5 190 6,1,20,,678102,15,0,5 190 6,1,20,,678135,15,0,5 190 6,1,60,,678125,15,0,5 190 6,1,20,,678123,15,0,5 190 6,1,20,,678132,15,0,5 190 6,1,60,,678137,15,0,5 190 6,1,20,,539883,15,0,5 190 6,1,20,,678096,15,0,5 190 6,1,60,,678134,15,0,5 190 6,1,20,,678142,15,0,5 190 6,1,20,,678100,15,0,5 190 6,1,59,,678140,15,0,5 190 6,1,15,,678112,15,0,5 190 6,1,16,,602486,15,0,5 190 6,1,18,,678131,15,0,5 190 6,1,60,,678127,15,0,5 190 6,1,20,,678145,15,0,5 190 6,1,20,,678144,15,0,5 190 6,1,60,,556555,15,0,5 190 6,1,20,,678121,15,0,5 190 6,1,20,,678146,15,0,5 190 6,1,59,,678117,15,0,5 190 6,1,20,,678128,15,0,5 190 6,1,20,,678120,15,0,5 190 6,1,60,,678141,15,0,5 190 6,1,20,,678104,15,0,5 190 6,1,20,,678143,15,0,5 190 6,1,60,,514022,15,0,5 190 6,1,20,,678105,15,0,5 190 6,1,20,,678103,15,0,5 190 6,1,56,,550090,15,0,5 190 6,1
17104,'1',457,,678150,7,0,17,1,60,,441813,7,0,17,1,20,,678177,7,0,5 75 6,1,20,,678170,7,0,5 75 6,1,60,,678154,7,0,5 75 6,1,20,,678176,7,0,5 75 6,1,20,,386201,7,0,5 75 6,1,65,,579668,7,0,5 75 6,1,25,,510997,7,0,5 75 6,1,65,,678179,7,0,5 75 6,1,25,,567416,7,0,5 75 6,1,65,,571994,7,0,5 75 6,1,25,,678151,7,0,5 75 6,1,25,,559350,7,0,5 75 6,1,65,,678174,7,0,5 75 6,1,25,,678157,7,0,5 75 6,1,65,,678161,7,0,5 75 6,1,25,,678182,7,0,5 75 6,1,25,,678162,7,0,5 75 6,1,65,,678164,7,0,5 75 6,1,25,,678159,7,0,5 75 6,1,65,,678175,7,0,5 75 6,1,25,,678173,7,0,5 75 6,1,66,,678186,7,0,5 75 6,1,30,,541028,7,0,5 75 6,1,70,,678167,7,0,5 75 6,1,30,,678171,7,0,5 75 6,1,70,,678163,7,0,5 75 6,1,30,,518053,7,0,5 75 6,1,70,,678168,7,0,5 75 6,1,30,,503738,7,0,5 75 6,1,70,,678180,7,0,5 75 6,1,30,,549201,7,0,5 75 6,1,70,,573649,7,0,5 75 6,1,19,,596467,7,0,5 75 6,1,20,,678153,7,0,5 75 6,1,60,,678158,7,0,5 75 6,1,20,,678165,7,0,5 75 6,1,20,,504303,7,0,5 75 6,1,60,,678183,7,0,5 75 6,1,20,,678185,7,0,5 75 6,1,20,,678169,7,0,5 75 6,1,60,,678184,7,0,5 75 6,1,19,,678166,7,0,5 75 6,1,20,,678187,7,0,5 75 6,1,60,,553550,7,0,5 75 6,1,20,,678152,7,0,5 75 6,1,20,,678160,7,0,5 75 6,1,60,,678178,7,0,5 75 6,1,20,,678172,7,0,5 75 6,1,20,,678155,7,0,5 75 6,1,16,,678156,7,0,5 75 6,1
17104,'2',552,,678197,7,0,5 75 6,1,60,,560371,7,0,5 75 6,1,20,,678191,7,0,5 75 6,1,20,,678232,7,0,5 75 6,1,60,,678200,7,0,5 75 6,1,20,,678218,7,0,5 75 6,1,20,,595792,7,0,5 75 6,1,61,,678198,7,0,5 75 6,1,20,,678220,7,0,5 75 6,1,20,,678219,7,0,5 75 6,1,60,,678231,7,0,5 75 6,1,20,,535593,7,0,5 75 6,1,20,,678235,7,0,5 75 6,1,60,,678199,7,0,5 75 6,1,20,,538547,7,0,5 75 6,1,20,,678209,7,0,5 75 6,1,60,,678225,7,0,5 75 6,1,20,,678207,7,0,5 75 6,1,20,,678208,7,0,5 75 6,1,60,,678201,7,0,5 75 6,1,22,,678203,7,0,5 75 6,1,22,,678196,7,0,5 75 6,1,62,,678223,7,0,5 75 6,1,22,,678194,7,0,5 75 6,1,62,,678228,7,0,5 75 6,1,22,,678192,7,0,5 75 6,1,22,,534109,7,0,5 75 6,1,62,,678226,7,0,5 75 6,1,22,,678234,7,0,5 75 6,1,22,,678188,7,0,5 75 6,1,62,,678216,7,0,5 75 6,1,22,,678215,7,0,5 75 6,1,22,,678189,7,0,5 75 6,1,62,,678233,7,0,5 75 6,1,22,,678204,7,0,5 75 6,1,62,,536032,7,0,5 75 6,1,22,,678217,7,0,5 75 6,1,21,,678224,7,0,5 75 6,1,56,,678212,7,0,5 75 6,1,19,,678229,7,0,5 75 6,1,19,,678222,7,0,5 75 6,1,60,,583331,7,0,5 75 6,1,20,,566650,7,0,5 75 6,1,20,,678195,7,0,5 75 6,1,60,,410230,7,0,5 75 6,1,20,,678190,7,0,5 75 6,1,20,,678230,7,0,5 75 6,1,60,,418957,7,0,5 75 6,1,19,,678206,7,0,5 75 6,1,20,,678205,7,0,5 75 6,1,60,,678214,7,0,5 75 6,1,20,,678227,7,0,5 75 6,1,20,,678213,7,0,5 75 6,1,60,,678202,7,0,5 75 6,1,20,,524139,7,0,5 75 6,1,20,,678221,7,0,5 75 6,1,16,,678193,7,0,5 75 6,1
17104,'3',552,,678263,7,0,5 75 6,1,60,,678245,7,0,5 75 6,1,20,,547445,7,0,5 75 6,1,20,,678243,7,0,5 75 6,1,60,,678238,7,0,5 75 6,1,20,,678249,7,0,5 75 6,1,20,,678253,7,0,5 75 6,1,61,,678269,7,0,5 75 6,1,20,,678272,7,0,5 75 6,1,20,,678258,7,0,5 75 6,1,60,,678275,7,0,5 75 6,1,20,,535754,7,0,5 75 6,1,20,,519515,7,0,5 75 6,1,60,,678267,7,0,5 75 6,1,20,,678279,7,0,5 75 6,1,20,,678244,7,0,5 75 6,1,60,,459316,7,0,5 75 6,1,20,,678288,7,0,5 75 6,1,20,,539314,7,0,5 75 6,1,60,,678261,7,0,5 75 6,1,20,,678271,7,0,5 75 6,1,20,,678265,7,0,5 75 6,1,60,,678268,7,0,5 75 6,1,20,,678286,7,0,5 75 6,1,20,,678281,7,0,5 75 6,1,60,,678257,7,0,5 75 6,1,20,,678242,7,0,5 75 6,1,20,,678248,7,0,5 75 6,1,60,,678273,7,0,5 75 6,1,20,,678274,7,0,5 75 6,1,20,,678255,7,0,5 75 6,1,60,,678252,7,0,5 75 6,1,20,,678264,7,0,5 75 6,1,20,,678266,7,0,5 75 6,1,60,,678236,7,0,5 75 6,1,20,,678280,7,0,5 75 6,1,20,,678259,7,0,5 75 6,1,60,,678276,7,0,5 75 6,1,20,,678260,7,0,5 75 6,1,19,,678270,7,0,5 75 6,1,55,,678287,7,0,5 75 6,1,17,,678282,7,0,5 75 6,1,17,,678237,7,0,5 75 6,1,60,,523329,7,0,5 75 6,1,20,,678278,7,0,5 75 6,1,20,,678250,7,0,5 75 6,1,60,,678239,7,0,5 75 6,1,20,,678284,7,0,5 75 6,1,20,,678251,7,0,5 75 6,1,60,,678246,7,0,5 75 6,1,20,,678256,7,0,5 75 6,1,20,,678289,7,0,5 75 6,1,60,,596346,7,0,5 75 6,1,20,,678247,7,0,5 75 6,1,20,,678285,7,0,5 75 6,1,60,,528427,7,0,5 75 6,1,20,,678277,7,0,5 75 6,1,20,,678241,7,0,5 75 6,1,16,,678283,7,0,5 75 6,1
17104,'5',552,,678304,7,0,5 75 6,1,60,,678296,7,0,5 75 6,1,20,,678319,7,0,5 75 6,1,20,,678334,7,0,5 75 6,1,55,,678342,7,0,5 75 6,1,15,,678324,7,0,5 75 6,1,20,,678332,7,0,5 75 6,1,16,,678295,7,0,5 75 6,1,55,,678305,7,0,5 75 6,1,20,,678291,7,0,5 75 6,1,20,,678326,7,0,5 75 6,1,60,,678331,7,0,5 75 6,1,20,,678345,7,0,5 75 6,1,20,,557130,7,0,5 75 6,1,60,,678344,7,0,5 75 6,1,20,,678299,7,0,5 75 6,1,20,,678308,7,0,5 75 6,1,60,,678314,7,0,5 75 6,1,20,,533700,7,0,5 75 6,1,20,,678313,7,0,5 75 6,1,60,,678307,7,0,5 75 6,1,20,,553963,7,0,5 75 6,1,20,,678327,7,0,5 75 6,1,60,,678315,7,0,5 75 6,1,20,,678322,7,0,5 75 6,1,20,,678302,7,0,5 75 6,1,60,,552364,7,0,5 75 6,1,20,,566741,7,0,5 75 6,1,20,,678330,7,0,5 75 6,1,60,,678328,7,0,5 75 6,1,20,,678320,7,0,5 75 6,1,20,,678318,7,0,5 75 6,1,60,,678301,7,0,5 75 6,1,20,,678290,7,0,5 75 6,1,20,,678298,7,0,5 75 6,1,60,,678311,7,0,5 75 6,1,20,,678325,7,0,5 75 6,1,20,,678317,7,0,5 75 6,1,60,,678333,7,0,5 75 6,1,20,,678293,7,0,5 75 6,1,19,,678303,7,0,5 75 6,1,55,,678340,7,0,5 75 6,1,17,,678337,7,0,5 75 6,1,17,,678310,7,0,5 75 6,1,60,,678316,7,0,5 75 6,1,20,,678341,7,0,5 75 6,1,20,,678292,7,0,5 75 6,1,60,,678306,7,0,5 75 6,1,20,,678297,7,0,5 75 6,1,20,,567372,7,0,5 75 6,1,60,,678323,7,0,5 75 6,1,20,,678339,7,0,5 75 6,1,20,,678329,7,0,5 75 6,1,60,,678294,7,0,5 75 6,1,20,,678338,7,0,5 75 6,1,20,,570987,7,0,5 75 6,1,60,,678312,7,0,5 75 6,1,20,,578422,7,0,5 75 6,1,20,,678336,7,0,5 75 6,1,16,,678300,7,0,5 75 6,1
33401,'1',505,,681843,27,0,5 55 8,1,32,,681839,27,0,17 52 53 8,1,1992,,681837,18,0,5 55 8,1,71,,681848,27,0,5 55 8,1
33401,'2',552,,541819,18,0,17 52 53 8,1,55,,681869,27,0,17 52 53 8,1,15,,681867,18,0,17 52 53 8,1,15,,681854,27,0,17 52 53 8,1,1892,,681861,18,0,5 55 8,1,71,,681852,27,0,5 55 8,1
33401,'3',554,,681900,27,0,5 55 8,1,60,,681891,27,0,5 55 8,1,20,,526126,27,0,5 55 8,1,20,,559008,18,0,5 55 8,1,60,,681879,18,0,5 55 8,1,1815,,681877,18,0,5 55 8,1,71,,583694,27,0,5 55 8,1
33401,'5',553,,681920,18,0,17 52 53 8,1,52,,681911,27,0,17 52 53 8,1,15,,681925,18,0,17 52 53 8,1,15,,681905,27,0,17 52 53 8,1,1894,,531680,18,0,5 55 8,1,71,,681907,27,0,5 55 8,1
33402,'1',459,,681935,112,0,17 154 8,1,55,,681945,56,0,17 154 8,1,15,,566142,112,0,17 154 8,1,15,,681931,56,0,17 154 8,1,11,,681929,56,0,17 154 8,1,48,,681940,28,0,17 154 8,1,8,,681949,113,0,17 154 8,1,8,,681930,28,0,17 154 8,1,8,,681933,57,0,17 154 8,1,8,,681941,57,0,17 154 8,1,1983,,681932,57,0,5 132 133,1
33402,'2',559,,681968,112,0,17 154 8,1,55,,681967,57,0,17 154 8,1,12,,681972,57,0,17 154 8,1,1992,,681953,57,0,5 132 133,1
33402,'3',559,,681987,112,0,34 52 53 8,1,52,,681979,56,0,17 154 8,1,15,,682006,112,0,34 52 53 8,1,10,,575756,56,0,17 154 8,1,10,,682010,112,0,34 52 53 8,1,10,,591966,56,0,17 154 8,1,50,,682007,112,0,34 52 53 8,1,10,,681997,56,0,17 154 8,1,10,,681980,112,0,34 52 53 8,1,10,,681986,56,0,17 154 8,1,10,,681998,112,0,34 52 53 8,1,10,,682002,56,0,17 154 8,1,51,,529728,112,0,17 154 8,1,14,,681989,57,0,17 154 8,1,1797,,681976,57,0,5 132 133,1
33402,'5',559,,682021,112,0,17 154 8,1,51,,682023,57,0,17 154 8,1,10,,571960,57,0,17 154 8,1,1998,,588713,57,0,5 132 133,1
