2703,'1',537,,700637,18,0,52 53 8,1,14,,700663,18,0,52 53 8,1,51,,700669,18,0,52 53 8,1,10,,700636,18,0,52 53 8,1,10,,527540,18,0,52 53 8,1,10,,700702,18,0,52 53 8,1,10,,700671,18,0,52 53 8,1,10,,700616,18,0,52 53 8,1,50,,700639,18,0,52 53 8,1,12,,465227,18,0,52 53 8,1,11,,646693,18,0,52 53 8,1,10,,700696,18,0,52 53 8,1,10,,607042,18,0,52 53 8,1,10,,700631,18,0,52 53 8,1,50,,700618,18,0,52 53 8,1,10,,700649,18,0,52 53 8,1,10,,700675,18,0,52 53 8,1,10,,700688,18,0,52 53 8,1,10,,700658,18,0,52 53 8,1,10,,700681,18,0,52 53 8,1,50,,700629,18,0,52 53 8,1,9,,700710,18,0,52 53 8,1,10,,700674,18,0,52 53 8,1,10,,700632,18,0,52 53 8,1,10,,700648,18,0,52 53 8,1,10,,700685,18,0,52 53 8,1,50,,700619,18,0,52 53 8,1,10,,700670,18,0,52 53 8,1,10,,700695,18,0,52 53 8,1,10,,648465,18,0,52 53 8,1,10,,700640,18,0,52 53 8,1,10,,605113,18,0,52 53 8,1,50,,700638,18,0,52 53 8,1,10,,635027,18,0,52 53 8,1,10,,700706,18,0,52 53 8,1,10,,616513,18,0,52 53 8,1,10,,700656,18,0,52 53 8,1,10,,700627,18,0,52 53 8,1,50,,700625,18,0,52 53 8,1,11,,700705,18,0,52 53 8,1,11,,700652,18,0,52 53 8,1,10,,609736,18,0,52 53 8,1,10,,700686,18,0,52 53 8,1,10,,607189,18,0,52 53 8,1,50,,700668,18,0,52 53 8,1,10,,700698,18,0,52 53 8,1,10,,700692,18,0,52 53 8,1,10,,636259,18,0,52 53 8,1,10,,700633,18,0,52 53 8,1,10,,700701,18,0,52 53 8,1,53,,582824,18,0,52 53 8,1,12,,700614,18,0,52 53 8,1,12,,700643,18,0,52 53 8,1,10,,700646,18,0,52 53 8,1,10,,700684,18,0,52 53 8,1,50,,700615,18,0,52 53 8,1,10,,634554,18,0,52 53 8,1,10,,617393,18,0,52 53 8,1,10,,565350,18,0,52 53 8,1,10,,684487,18,0,52 53 8,1,10,,700707,18,0,52 53 8,1,50,,700653,18,0,52 53 8,1,10,,700624,18,0,52 53 8,1,10,,700659,18,0,52 53 8,1,10,,700650,18,0,52 53 8,1,10,,700657,18,0,52 53 8,1,10,,700682,18,0,52 53 8,1,50,,700704,18,0,52 53 8,1,7,,669761,18,0,52 53 8,1,10,,700634,18,0,52 53 8,1,10,,700694,18,0,52 53 8,1,10,,700622,18,0,52 53 8,1,10,,700621,18,0,52 53 8,1,50,,700626,18,0,52 53 8,1,10,,700708,18,0,52 53 8,1,10,,700683,18,0,52 53 8,1,10,,700690,18,0,52 53 8,1,10,,700689,18,0,52 53 8,1,10,,688893,18,0,52 53 8,1,50,,700693,18,0,52 53 8,1,9,,700647,18,0,52 53 8,1,6,,700664,18,0,52 53 8,1,10,,700700,18,0,52 53 8,1,10,,700667,18,0,52 53 8,1,10,,700709,18,0,52 53 8,1,10,,640320,18,0,52 53 8,1,50,,700645,18,0,52 53 8,1,10,,700651,18,0,52 53 8,1,10,,700635,18,0,52 53 8,1,10,,700672,18,0,52 53 8,1,10,,690343,18,0,52 53 8,1,10,,638144,18,0,52 53 8,1,50,,700666,18,0,52 53 8,1,10,,700641,18,0,52 53 8,1,10,,700676,18,0,52 53 8,1,10,,700677,18,0,52 53 8,1,10,,657210,18,0,52 53 8,1,10,,700623,18,0,52 53 8,1,50,,700680,18,0,52 53 8,1,8,,700661,18,0,52 53 8,1,10,,700691,18,0,52 53 8,1,10,,700697,18,0,52 53 8,1,10,,700630,18,0,52 53 8,1,10,,700678,18,0,52 53 8,1,50,,700642,18,0,52 53 8,1,10,,700644,18,0,52 53 8,1,10,,700665,18,0,52 53 8,1,10,,700655,18,0,52 53 8,1,10,,641437,18,0,52 53 8,1,10,,700654,18,0,52 53 8,1,50,,700699,18,0,52 53 8,1,10,,700620,18,0,52 53 8,1,10,,700673,18,0,52 53 8,1,10,,689753,18,0,52 53 8,1,10,,700679,18,0,52 53 8,1,10,,700617,18,0,52 53 8,1,50,,585010,18,0,52 53 8,1,10,,700687,18,0,52 53 8,1,14,,700703,18,0,52 53 8,1,12,,700662,18,0,52 53 8,1,15,,700660,18,0,52 53 8,1,55,,624406,18,0,52 53 8,1
2703,'2',553,,700764,18,0,52 53 8,1,54,,700736,18,0,52 53 8,1,10,,700713,18,0,52 53 8,1,10,,700762,18,0,52 53 8,1,10,,700796,18,0,52 53 8,1,10,,700711,18,0,52 53 8,1,10,,700742,18,0,52 53 8,1,50,,611270,18,0,52 53 8,1,10,,700786,18,0,52 53 8,1,10,,700731,18,0,52 53 8,1,10,,700758,18,0,52 53 8,1,10,,700768,18,0,52 53 8,1,10,,700755,18,0,52 53 8,1,50,,700802,18,0,52 53 8,1,13,,700757,18,0,52 53 8,1,13,,700769,18,0,52 53 8,1,12,,700734,18,0,52 53 8,1,10,,608153,18,0,52 53 8,1,50,,700795,18,0,52 53 8,1,10,,700811,18,0,52 53 8,1,11,,700766,18,0,52 53 8,1,10,,700767,18,0,52 53 8,1,10,,700790,18,0,52 53 8,1,10,,700781,18,0,52 53 8,1,50,,700772,18,0,52 53 8,1,10,,700737,18,0,52 53 8,1,10,,632395,18,0,52 53 8,1,10,,700745,18,0,52 53 8,1,10,,700770,18,0,52 53 8,1,10,,700746,18,0,52 53 8,1,50,,700765,18,0,52 53 8,1,10,,606444,18,0,52 53 8,1,10,,700721,18,0,52 53 8,1,10,,700783,18,0,52 53 8,1,10,,700805,18,0,52 53 8,1,10,,619021,18,0,52 53 8,1,50,,700729,18,0,52 53 8,1,13,,700761,18,0,52 53 8,1,12,,700716,18,0,52 53 8,1,12,,700712,18,0,52 53 8,1,10,,700785,18,0,52 53 8,1,50,,700780,18,0,52 53 8,1,10,,700800,18,0,52 53 8,1,10,,700735,18,0,52 53 8,1,10,,700732,18,0,52 53 8,1,10,,562251,18,0,52 53 8,1,10,,700754,18,0,52 53 8,1,50,,700776,18,0,52 53 8,1,10,,700775,18,0,52 53 8,1,10,,700727,18,0,52 53 8,1,10,,700804,18,0,52 53 8,1,9,,700794,18,0,52 53 8,1,8,,700730,18,0,52 53 8,1,8,,700723,18,0,52 53 8,1,49,,700798,18,0,52 53 8,1,10,,700740,18,0,52 53 8,1,10,,700777,18,0,52 53 8,1,10,,700722,18,0,52 53 8,1,10,,700744,18,0,52 53 8,1,10,,630691,18,0,52 53 8,1,50,,700728,18,0,52 53 8,1,10,,700741,18,0,52 53 8,1,10,,700778,18,0,52 53 8,1,10,,700719,18,0,52 53 8,1,10,,700760,18,0,52 53 8,1,10,,700801,18,0,52 53 8,1,50,,700759,18,0,52 53 8,1,10,,689797,18,0,52 53 8,1,10,,700773,18,0,52 53 8,1,10,,677202,18,0,52 53 8,1,10,,660189,18,0,52 53 8,1,10,,700756,18,0,52 53 8,1,50,,415912,18,0,52 53 8,1,10,,670860,18,0,52 53 8,1,10,,700789,18,0,52 53 8,1,10,,700733,18,0,52 53 8,1,10,,700763,18,0,52 53 8,1,10,,700714,18,0,52 53 8,1,48,,700784,18,0,52 53 8,1,9,,700771,18,0,52 53 8,1,8,,700793,18,0,52 53 8,1,10,,700720,18,0,52 53 8,1,10,,700748,18,0,52 53 8,1,10,,646404,18,0,52 53 8,1,50,,700787,18,0,52 53 8,1,10,,700807,18,0,52 53 8,1,10,,700809,18,0,52 53 8,1,10,,700751,18,0,52 53 8,1,10,,700791,18,0,52 53 8,1,10,,700749,18,0,52 53 8,1,50,,700797,18,0,52 53 8,1,10,,657235,18,0,52 53 8,1,10,,700743,18,0,52 53 8,1,10,,635068,18,0,52 53 8,1,10,,700779,18,0,52 53 8,1,10,,556254,18,0,52 53 8,1,50,,605366,18,0,52 53 8,1,9,,700715,18,0,52 53 8,1,10,,700747,18,0,52 53 8,1,10,,558948,18,0,52 53 8,1,10,,700753,18,0,52 53 8,1,10,,700788,18,0,52 53 8,1,50,,700810,18,0,52 53 8,1,10,,700752,18,0,52 53 8,1,10,,700717,18,0,52 53 8,1,10,,700803,18,0,52 53 8,1,10,,700738,18,0,52 53 8,1,10,,700739,18,0,52 53 8,1,50,,628226,18,0,52 53 8,1,10,,700799,18,0,52 53 8,1,10,,700808,18,0,52 53 8,1,10,,700726,18,0,52 53 8,1,10,,700792,18,0,52 53 8,1,10,,700774,18,0,52 53 8,1,50,,700750,18,0,52 53 8,1,10,,700724,18,0,52 53 8,1,14,,700718,18,0,52 53 8,1,14,,700806,18,0,52 53 8,1,15,,543723,18,0,52 53 8,1,55,,700782,18,0,52 53 8,1
2703,'3',730,,700833,18,0,52 53 8,1,11,,700823,18,0,52 53 8,1,11,,700842,18,0,52 53 8,1,51,,700855,18,0,52 53 8,1,10,,700831,18,0,52 53 8,1,10,,700838,18,0,52 53 8,1,10,,700894,18,0,52 53 8,1,10,,700897,18,0,52 53 8,1,10,,660329,18,0,52 53 8,1,50,,700834,18,0,52 53 8,1,10,,700817,18,0,52 53 8,1,10,,624181,18,0,52 53 8,1,10,,652119,18,0,52 53 8,1,10,,700856,18,0,52 53 8,1,10,,700863,18,0,52 53 8,1,50,,700871,18,0,52 53 8,1,10,,700853,18,0,52 53 8,1,10,,700878,18,0,52 53 8,1,10,,638808,18,0,52 53 8,1,10,,700887,18,0,52 53 8,1,10,,615464,18,0,52 53 8,1,50,,646467,18,0,52 53 8,1,10,,700822,18,0,52 53 8,1,10,,700861,18,0,52 53 8,1,10,,678930,18,0,52 53 8,1,10,,700847,18,0,52 53 8,1,10,,614188,18,0,52 53 8,1,52,,700867,18,0,52 53 8,1,10,,662231,18,0,52 53 8,1,10,,700883,18,0,52 53 8,1,10,,700864,18,0,52 53 8,1,10,,700837,18,0,52 53 8,1,10,,700818,18,0,52 53 8,1,50,,700852,18,0,52 53 8,1,10,,700859,18,0,52 53 8,1,10,,700866,18,0,52 53 8,1,10,,700874,18,0,52 53 8,1,10,,700840,18,0,52 53 8,1,10,,700826,18,0,52 53 8,1,50,,659852,18,0,52 53 8,1,10,,700890,18,0,52 53 8,1,10,,700880,18,0,52 53 8,1,10,,700841,18,0,52 53 8,1,10,,700884,18,0,52 53 8,1,10,,700893,18,0,52 53 8,1,50,,700888,18,0,52 53 8,1,10,,673748,18,0,52 53 8,1,10,,700860,18,0,52 53 8,1,10,,700882,18,0,52 53 8,1,10,,608430,18,0,52 53 8,1,10,,700898,18,0,52 53 8,1,50,,700876,18,0,52 53 8,1,10,,614131,18,0,52 53 8,1,10,,700836,18,0,52 53 8,1,10,,646912,18,0,52 53 8,1,10,,661529,18,0,52 53 8,1,10,,700868,18,0,52 53 8,1,50,,700885,18,0,52 53 8,1,10,,700816,18,0,52 53 8,1,11,,700845,18,0,52 53 8,1,10,,700835,18,0,52 53 8,1,10,,700849,18,0,52 53 8,1,10,,700828,18,0,52 53 8,1,50,,700824,18,0,52 53 8,1,10,,700889,18,0,52 53 8,1,10,,700844,18,0,52 53 8,1,10,,700862,18,0,52 53 8,1,10,,700850,18,0,52 53 8,1,10,,647735,18,0,52 53 8,1,48,,662460,18,0,52 53 8,1,10,,700899,18,0,52 53 8,1,10,,700879,18,0,52 53 8,1,10,,700821,18,0,52 53 8,1,10,,650484,18,0,52 53 8,1,10,,678578,18,0,52 53 8,1,50,,700829,18,0,52 53 8,1,10,,571193,18,0,52 53 8,1,10,,700857,18,0,52 53 8,1,10,,700846,18,0,52 53 8,1,10,,528316,18,0,52 53 8,1,10,,700825,18,0,52 53 8,1,50,,700891,18,0,52 53 8,1,10,,700881,18,0,52 53 8,1,10,,700848,18,0,52 53 8,1,10,,700870,18,0,52 53 8,1,10,,700813,18,0,52 53 8,1,10,,700865,18,0,52 53 8,1,49,,700851,18,0,52 53 8,1,8,,700827,18,0,52 53 8,1,10,,616163,18,0,52 53 8,1,10,,700873,18,0,52 53 8,1,10,,700839,18,0,52 53 8,1,10,,700814,18,0,52 53 8,1,50,,700869,18,0,52 53 8,1,10,,643443,18,0,52 53 8,1,10,,700858,18,0,52 53 8,1,10,,700819,18,0,52 53 8,1,10,,700812,18,0,52 53 8,1,10,,700854,18,0,52 53 8,1,50,,700872,18,0,52 53 8,1,10,,700843,18,0,52 53 8,1,10,,700892,18,0,52 53 8,1,10,,700830,18,0,52 53 8,1,10,,700875,18,0,52 53 8,1,10,,700832,18,0,52 53 8,1,50,,643143,18,0,52 53 8,1,10,,700820,18,0,52 53 8,1,14,,700877,18,0,52 53 8,1,14,,700896,18,0,52 53 8,1,15,,700895,18,0,52 53 8,1,55,,700886,18,0,52 53 8,1
2703,'5',553,,700993,18,0,52 53 8,1,50,,700948,18,0,52 53 8,1,10,,700969,18,0,52 53 8,1,10,,609023,18,0,52 53 8,1,10,,700933,18,0,52 53 8,1,10,,700915,18,0,52 53 8,1,10,,700929,18,0,52 53 8,1,50,,700913,18,0,52 53 8,1,10,,682177,18,0,52 53 8,1,10,,700925,18,0,52 53 8,1,10,,700955,18,0,52 53 8,1,10,,700935,18,0,52 53 8,1,10,,700978,18,0,52 53 8,1,50,,700954,18,0,52 53 8,1,10,,700909,18,0,52 53 8,1,10,,700970,18,0,52 53 8,1,10,,552612,18,0,52 53 8,1,10,,700930,18,0,52 53 8,1,10,,700941,18,0,52 53 8,1,50,,700903,18,0,52 53 8,1,10,,700937,18,0,52 53 8,1,10,,700920,18,0,52 53 8,1,10,,700959,18,0,52 53 8,1,10,,673495,18,0,52 53 8,1,10,,700901,18,0,52 53 8,1,50,,700983,18,0,52 53 8,1,10,,700982,18,0,52 53 8,1,10,,700906,18,0,52 53 8,1,10,,700975,18,0,52 53 8,1,10,,700966,18,0,52 53 8,1,10,,700946,18,0,52 53 8,1,50,,700916,18,0,52 53 8,1,10,,700914,18,0,52 53 8,1,10,,700927,18,0,52 53 8,1,10,,700900,18,0,52 53 8,1,10,,701001,18,0,52 53 8,1,10,,700957,18,0,52 53 8,1,52,,700912,18,0,52 53 8,1,10,,700986,18,0,52 53 8,1,10,,606022,18,0,52 53 8,1,10,,700944,18,0,52 53 8,1,10,,700952,18,0,52 53 8,1,10,,700999,18,0,52 53 8,1,50,,700962,18,0,52 53 8,1,10,,700965,18,0,52 53 8,1,10,,700958,18,0,52 53 8,1,10,,700926,18,0,52 53 8,1,10,,700951,18,0,52 53 8,1,10,,700974,18,0,52 53 8,1,50,,700934,18,0,52 53 8,1,10,,700991,18,0,52 53 8,1,10,,700995,18,0,52 53 8,1,10,,700968,18,0,52 53 8,1,10,,700919,18,0,52 53 8,1,10,,700911,18,0,52 53 8,1,50,,674478,18,0,52 53 8,1,10,,654076,18,0,52 53 8,1,10,,700980,18,0,52 53 8,1,10,,700940,18,0,52 53 8,1,10,,700931,18,0,52 53 8,1,10,,700987,18,0,52 53 8,1,50,,700939,18,0,52 53 8,1,10,,690125,18,0,52 53 8,1,10,,700924,18,0,52 53 8,1,10,,700910,18,0,52 53 8,1,10,,599432,18,0,52 53 8,1,10,,700923,18,0,52 53 8,1,50,,700918,18,0,52 53 8,1,10,,700956,18,0,52 53 8,1,11,,700907,18,0,52 53 8,1,10,,700928,18,0,52 53 8,1,10,,700989,18,0,52 53 8,1,10,,700998,18,0,52 53 8,1,50,,700945,18,0,52 53 8,1,10,,700917,18,0,52 53 8,1,10,,700992,18,0,52 53 8,1,10,,700977,18,0,52 53 8,1,10,,700996,18,0,52 53 8,1,10,,700979,18,0,52 53 8,1,48,,700964,18,0,52 53 8,1,10,,609513,18,0,52 53 8,1,10,,700984,18,0,52 53 8,1,10,,619432,18,0,52 53 8,1,10,,700904,18,0,52 53 8,1,10,,647136,18,0,52 53 8,1,50,,618746,18,0,52 53 8,1,10,,700921,18,0,52 53 8,1,10,,657411,18,0,52 53 8,1,10,,700936,18,0,52 53 8,1,10,,700976,18,0,52 53 8,1,10,,700972,18,0,52 53 8,1,50,,675198,18,0,52 53 8,1,10,,700922,18,0,52 53 8,1,10,,700994,18,0,52 53 8,1,10,,700981,18,0,52 53 8,1,10,,700902,18,0,52 53 8,1,10,,660002,18,0,52 53 8,1,49,,700988,18,0,52 53 8,1,8,,700938,18,0,52 53 8,1,10,,700973,18,0,52 53 8,1,10,,700985,18,0,52 53 8,1,10,,700950,18,0,52 53 8,1,10,,700960,18,0,52 53 8,1,50,,700953,18,0,52 53 8,1,10,,700908,18,0,52 53 8,1,10,,700971,18,0,52 53 8,1,10,,700947,18,0,52 53 8,1,10,,701000,18,0,52 53 8,1,10,,700932,18,0,52 53 8,1,50,,700997,18,0,52 53 8,1,10,,675651,18,0,52 53 8,1,10,,620412,18,0,52 53 8,1,10,,610399,18,0,52 53 8,1,10,,700949,18,0,52 53 8,1,10,,700943,18,0,52 53 8,1,50,,671030,18,0,52 53 8,1,10,,700963,18,0,52 53 8,1,14,,700967,18,0,52 53 8,1,14,,700961,18,0,52 53 8,1,15,,700942,18,0,52 53 8,1,55,,700905,18,0,52 53 8,1
3201,'1',546,,703572,18,0,52 53 8,1,12,,635384,18,0,52 53 8,1,50,,678163,18,0,52 53 8,1,10,,703523,18,0,52 53 8,1,10,,703491,18,0,52 53 8,1,8,,703557,18,0,52 53 8,1,8,,703484,18,0,52 53 8,1,7,,703517,18,0,52 53 8,1,8,,703538,18,0,52 53 8,1,48,,651517,18,0,52 53 8,1,9,,703533,18,0,52 53 8,1,8,,703541,18,0,52 53 8,1,9,,703493,18,0,52 53 8,1,7,,669313,18,0,52 53 8,1,8,,703537,18,0,52 53 8,1,7,,703507,18,0,52 53 8,1,48,,703563,18,0,52 53 8,1,7,,703569,18,0,52 53 8,1,8,,703535,18,0,52 53 8,1,7,,703521,18,0,52 53 8,1,8,,703565,18,0,52 53 8,1,7,,703498,18,0,52 53 8,1,8,,703554,18,0,52 53 8,1,7,,689594,18,0,52 53 8,1,48,,703573,18,0,52 53 8,1,7,,703482,18,0,52 53 8,1,8,,703551,18,0,52 53 8,1,7,,703550,18,0,52 53 8,1,8,,526241,18,0,52 53 8,1,7,,703536,18,0,52 53 8,1,7,,703486,18,0,52 53 8,1,6,,634030,18,0,52 53 8,1,47,,683437,18,0,52 53 8,1,7,,703512,18,0,52 53 8,1,8,,690385,18,0,52 53 8,1,7,,703504,18,0,52 53 8,1,8,,703545,18,0,52 53 8,1,8,,703499,18,0,52 53 8,1,10,,703495,18,0,52 53 8,1,10,,616270,18,0,52 53 8,1,50,,703490,18,0,52 53 8,1,10,,703525,18,0,52 53 8,1,10,,703514,18,0,52 53 8,1,10,,703531,18,0,52 53 8,1,10,,703503,18,0,52 53 8,1,10,,686259,18,0,52 53 8,1,50,,703571,18,0,52 53 8,1,10,,703547,18,0,52 53 8,1,10,,703487,18,0,52 53 8,1,10,,703574,18,0,52 53 8,1,10,,703500,18,0,52 53 8,1,10,,703561,18,0,52 53 8,1,50,,703543,18,0,52 53 8,1,10,,703518,18,0,52 53 8,1,10,,703570,18,0,52 53 8,1,10,,703513,18,0,52 53 8,1,10,,703542,18,0,52 53 8,1,10,,471125,18,0,52 53 8,1,49,,663524,18,0,52 53 8,1,10,,703568,18,0,52 53 8,1,10,,703558,18,0,52 53 8,1,10,,703489,18,0,52 53 8,1,10,,608336,18,0,52 53 8,1,10,,703566,18,0,52 53 8,1,43,,618350,19,0,52 53 8,1,5,,593781,19,0,52 53 8,1,2,,703510,18,0,52 53 8,1,3,,687599,19,0,52 53 8,1,7,,703527,18,0,52 53 8,1,10,,703540,18,0,52 53 8,1,10,,703534,18,0,52 53 8,1,10,,703555,18,0,52 53 8,1,10,,703526,18,0,52 53 8,1,50,,703528,18,0,52 53 8,1,10,,703530,18,0,52 53 8,1,10,,703508,18,0,52 53 8,1,10,,606374,18,0,52 53 8,1,10,,703506,18,0,52 53 8,1,10,,703494,18,0,52 53 8,1,48,,703546,18,0,52 53 8,1,9,,689684,18,0,52 53 8,1,10,,703539,18,0,52 53 8,1,10,,703532,18,0,52 53 8,1,10,,703556,18,0,52 53 8,1,10,,703515,18,0,52 53 8,1,50,,703549,18,0,52 53 8,1,10,,703485,18,0,52 53 8,1,10,,703496,18,0,52 53 8,1,10,,703497,18,0,52 53 8,1,10,,703559,18,0,52 53 8,1,10,,661407,18,0,52 53 8,1,49,,703505,18,0,52 53 8,1,7,,703511,18,0,52 53 8,1,8,,703544,18,0,52 53 8,1,8,,703562,18,0,52 53 8,1,10,,703492,18,0,52 53 8,1,10,,703553,18,0,52 53 8,1,10,,501650,18,0,52 53 8,1,53,,536786,18,0,52 53 8,1,15,,703522,18,0,52 53 8,1,15,,703548,18,0,52 53 8,1,15,,703516,18,0,52 53 8,1,55,,703483,18,0,52 53 8,1,15,,703529,18,0,52 53 8,1,15,,703567,18,0,52 53 8,1,15,,669597,18,0,52 53 8,1,55,,538096,18,0,52 53 8,1,14,,703552,18,0,52 53 8,1,10,,703520,18,0,52 53 8,1,10,,632690,18,0,52 53 8,1,15,,703481,18,0,52 53 8,1,55,,703501,18,0,52 53 8,1,15,,703509,18,0,52 53 8,1,15,,605837,18,0,52 53 8,1,15,,703502,18,0,52 53 8,1,55,,703560,18,0,52 53 8,1,15,,703519,18,0,52 53 8,1,15,,703488,18,0,52 53 8,1,15,,703524,18,0,52 53 8,1,55,,703564,18,0,52 53 8,1
3201,'2',652,,624057,18,0,52 53 8,1,55,,555742,18,0,52 53 8,1,15,,703618,18,0,52 53 8,1,15,,703590,18,0,52 53 8,1,15,,703620,18,0,52 53 8,1,54,,703593,18,0,52 53 8,1,15,,703619,18,0,52 53 8,1,15,,703587,18,0,52 53 8,1,15,,703628,18,0,52 53 8,1,55,,703586,18,0,52 53 8,1,15,,703637,18,0,52 53 8,1,15,,703605,18,0,52 53 8,1,15,,703604,18,0,52 53 8,1,55,,703610,18,0,52 53 8,1,15,,703631,18,0,52 53 8,1,15,,622012,18,0,52 53 8,1,15,,703583,18,0,52 53 8,1,55,,703632,18,0,52 53 8,1,15,,703600,18,0,52 53 8,1,15,,703591,18,0,52 53 8,1,15,,703601,18,0,52 53 8,1,55,,651615,18,0,52 53 8,1,15,,703633,18,0,52 53 8,1,15,,703643,18,0,52 53 8,1,15,,703589,18,0,52 53 8,1,50,,703612,18,0,52 53 8,1,10,,703599,18,0,52 53 8,1,10,,703595,18,0,52 53 8,1,10,,703575,18,0,52 53 8,1,10,,703638,18,0,52 53 8,1,10,,624051,18,0,52 53 8,1,50,,703622,18,0,52 53 8,1,10,,678400,18,0,52 53 8,1,10,,703579,18,0,52 53 8,1,10,,703617,18,0,52 53 8,1,10,,703584,18,0,52 53 8,1,10,,703636,18,0,52 53 8,1,50,,703639,18,0,52 53 8,1,10,,703626,18,0,52 53 8,1,10,,703602,18,0,52 53 8,1,10,,664862,18,0,52 53 8,1,10,,703594,18,0,52 53 8,1,10,,703582,18,0,52 53 8,1,50,,703623,18,0,52 53 8,1,10,,703624,18,0,52 53 8,1,10,,703588,18,0,52 53 8,1,10,,703578,18,0,52 53 8,1,10,,703615,18,0,52 53 8,1,10,,703581,18,0,52 53 8,1,50,,703627,18,0,52 53 8,1,10,,703576,18,0,52 53 8,1,10,,703609,18,0,52 53 8,1,10,,703603,18,0,52 53 8,1,10,,649034,18,0,52 53 8,1,10,,660254,18,0,52 53 8,1,50,,703577,18,0,52 53 8,1,10,,549930,18,0,52 53 8,1,10,,703625,18,0,52 53 8,1,10,,624572,18,0,52 53 8,1,10,,614824,18,0,52 53 8,1,10,,703635,18,0,52 53 8,1,50,,703606,18,0,52 53 8,1,6,,703621,18,0,52 53 8,1,10,,672227,18,0,52 53 8,1,10,,703592,18,0,52 53 8,1,10,,703634,18,0,52 53 8,1,10,,703630,18,0,52 53 8,1,10,,703629,18,0,52 53 8,1,53,,703613,18,0,52 53 8,1,15,,703614,18,0,52 53 8,1,15,,703598,18,0,52 53 8,1,15,,703616,18,0,52 53 8,1,55,,703607,18,0,52 53 8,1,15,,703608,18,0,52 53 8,1,15,,515516,18,0,52 53 8,1,15,,703642,18,0,52 53 8,1,54,,662959,18,0,52 53 8,1,13,,703597,18,0,52 53 8,1,10,,674796,18,0,52 53 8,1,10,,630729,18,0,52 53 8,1,15,,685972,18,0,52 53 8,1,55,,703596,18,0,52 53 8,1,15,,703641,18,0,52 53 8,1,15,,703640,18,0,52 53 8,1,15,,703585,18,0,52 53 8,1,55,,703611,18,0,52 53 8,1,15,,703580,18,0,52 53 8,1,15,,650471,18,0,52 53 8,1,15,,678222,18,0,52 53 8,1,55,,648552,18,0,52 53 8,1
3201,'3',729,,703676,18,0,52 53 8,1,16,,703688,18,0,52 53 8,1,55,,703655,18,0,52 53 8,1,18,,703677,18,0,52 53 8,1,16,,703670,18,0,52 53 8,1,15,,703651,18,0,52 53 8,1,55,,703706,18,0,52 53 8,1,15,,703698,18,0,52 53 8,1,15,,703683,18,0,52 53 8,1,15,,703710,18,0,52 53 8,1,55,,703704,18,0,52 53 8,1,15,,569554,18,0,52 53 8,1,15,,703656,18,0,52 53 8,1,15,,703673,18,0,52 53 8,1,55,,663887,18,0,52 53 8,1,15,,703689,18,0,52 53 8,1,15,,703664,18,0,52 53 8,1,15,,703646,18,0,52 53 8,1,57,,703647,18,0,52 53 8,1,14,,703671,18,0,52 53 8,1,15,,703686,18,0,52 53 8,1,15,,703690,18,0,52 53 8,1,50,,703712,18,0,52 53 8,1,10,,703669,18,0,52 53 8,1,10,,703672,18,0,52 53 8,1,10,,490495,18,0,52 53 8,1,10,,703649,18,0,52 53 8,1,10,,703700,18,0,52 53 8,1,50,,703652,18,0,52 53 8,1,10,,703708,18,0,52 53 8,1,10,,703705,18,0,52 53 8,1,10,,703707,18,0,52 53 8,1,10,,621246,18,0,52 53 8,1,10,,703666,18,0,52 53 8,1,50,,703657,18,0,52 53 8,1,10,,703678,18,0,52 53 8,1,10,,703693,18,0,52 53 8,1,10,,703691,18,0,52 53 8,1,10,,703658,18,0,52 53 8,1,10,,703709,18,0,52 53 8,1,50,,672686,18,0,52 53 8,1,10,,703663,18,0,52 53 8,1,10,,703713,18,0,52 53 8,1,10,,703681,18,0,52 53 8,1,10,,703701,18,0,52 53 8,1,10,,703687,18,0,52 53 8,1,50,,703694,18,0,52 53 8,1,10,,703702,18,0,52 53 8,1,10,,609126,18,0,52 53 8,1,10,,703674,18,0,52 53 8,1,10,,703679,18,0,52 53 8,1,10,,703644,18,0,52 53 8,1,50,,703715,18,0,52 53 8,1,10,,703703,18,0,52 53 8,1,10,,703717,18,0,52 53 8,1,10,,703660,18,0,52 53 8,1,10,,703699,18,0,52 53 8,1,10,,703684,18,0,52 53 8,1,50,,703696,18,0,52 53 8,1,7,,703667,18,0,52 53 8,1,10,,703685,18,0,52 53 8,1,10,,703680,18,0,52 53 8,1,13,,678948,18,0,52 53 8,1,15,,703653,18,0,52 53 8,1,55,,703695,18,0,52 53 8,1,15,,649675,18,0,52 53 8,1,15,,703682,18,0,52 53 8,1,15,,703650,18,0,52 53 8,1,55,,703716,18,0,52 53 8,1,15,,703645,18,0,52 53 8,1,15,,703648,18,0,52 53 8,1,15,,703697,18,0,52 53 8,1,54,,703654,18,0,52 53 8,1,13,,703659,18,0,52 53 8,1,10,,703665,18,0,52 53 8,1,10,,621679,18,0,52 53 8,1,15,,703662,18,0,52 53 8,1,55,,703692,18,0,52 53 8,1,15,,703668,18,0,52 53 8,1,15,,703714,18,0,52 53 8,1,15,,668843,18,0,52 53 8,1,55,,703675,18,0,52 53 8,1,15,,703661,18,0,52 53 8,1,15,,633579,18,0,52 53 8,1,15,,703711,18,0,52 53 8,1,55,,649090,18,0,52 53 8,1
3201,'5',649,,703745,18,0,52 53 8,1,55,,703752,18,0,52 53 8,1,15,,703771,18,0,52 53 8,1,15,,703751,18,0,52 53 8,1,15,,703775,18,0,52 53 8,1,54,,579287,18,0,52 53 8,1,16,,703766,18,0,52 53 8,1,15,,703729,18,0,52 53 8,1,15,,703759,18,0,52 53 8,1,55,,703774,18,0,52 53 8,1,15,,703737,18,0,52 53 8,1,15,,703719,18,0,52 53 8,1,15,,703786,18,0,52 53 8,1,55,,703748,18,0,52 53 8,1,15,,703753,18,0,52 53 8,1,15,,688038,18,0,52 53 8,1,15,,703749,18,0,52 53 8,1,55,,703738,18,0,52 53 8,1,15,,703722,18,0,52 53 8,1,15,,703734,18,0,52 53 8,1,15,,703778,18,0,52 53 8,1,57,,703779,18,0,52 53 8,1,14,,703742,18,0,52 53 8,1,15,,703747,18,0,52 53 8,1,15,,703765,18,0,52 53 8,1,50,,703758,18,0,52 53 8,1,10,,703739,18,0,52 53 8,1,10,,703772,18,0,52 53 8,1,10,,586068,18,0,52 53 8,1,10,,703723,18,0,52 53 8,1,10,,681575,18,0,52 53 8,1,50,,703718,18,0,52 53 8,1,10,,703785,18,0,52 53 8,1,10,,703720,18,0,52 53 8,1,10,,703767,18,0,52 53 8,1,10,,703757,18,0,52 53 8,1,10,,680524,18,0,52 53 8,1,50,,703736,18,0,52 53 8,1,10,,703728,18,0,52 53 8,1,10,,703777,18,0,52 53 8,1,10,,703744,18,0,52 53 8,1,10,,703784,18,0,52 53 8,1,10,,703776,18,0,52 53 8,1,50,,638328,18,0,52 53 8,1,10,,703726,18,0,52 53 8,1,10,,703746,18,0,52 53 8,1,10,,703743,18,0,52 53 8,1,10,,703732,18,0,52 53 8,1,10,,703761,18,0,52 53 8,1,50,,703770,18,0,52 53 8,1,10,,703727,18,0,52 53 8,1,10,,703756,18,0,52 53 8,1,10,,703741,18,0,52 53 8,1,10,,703750,18,0,52 53 8,1,10,,639778,18,0,52 53 8,1,50,,703769,18,0,52 53 8,1,10,,703762,18,0,52 53 8,1,10,,640038,18,0,52 53 8,1,10,,703764,18,0,52 53 8,1,10,,621280,18,0,52 53 8,1,10,,703768,18,0,52 53 8,1,50,,703735,18,0,52 53 8,1,7,,703781,18,0,52 53 8,1,10,,703724,18,0,52 53 8,1,10,,703763,18,0,52 53 8,1,13,,663940,18,0,52 53 8,1,15,,703733,18,0,52 53 8,1,55,,703721,18,0,52 53 8,1,15,,569473,18,0,52 53 8,1,15,,671822,18,0,52 53 8,1,15,,617703,18,0,52 53 8,1,55,,703773,18,0,52 53 8,1,15,,703760,18,0,52 53 8,1,15,,703782,18,0,52 53 8,1,15,,650657,18,0,52 53 8,1,54,,688358,18,0,52 53 8,1,13,,703755,18,0,52 53 8,1,10,,565098,18,0,52 53 8,1,10,,703740,18,0,52 53 8,1,15,,677457,18,0,52 53 8,1,55,,703783,18,0,52 53 8,1,15,,703725,18,0,52 53 8,1,15,,703780,18,0,52 53 8,1,15,,703730,18,0,52 53 8,1,55,,667737,18,0,52 53 8,1,15,,655702,18,0,52 53 8,1,15,,647140,18,0,52 53 8,1,15,,703754,18,0,52 53 8,1,55,,703731,18,0,52 53 8,1
3402,'1',656,,704565,56,0,52 53 8,1,60,,704588,56,0,52 53 8,1,20,,704587,56,0,52 53 8,1,20,,704601,56,0,52 53 8,1,60,,648964,56,0,52 53 8,1,20,,473566,56,0,52 53 8,1,20,,704594,56,0,52 53 8,1,60,,704572,56,0,52 53 8,1,20,,704571,56,0,52 53 8,1,20,,704608,56,0,52 53 8,1,60,,704605,56,0,52 53 8,1,19,,704573,56,0,52 53 8,1,20,,704598,56,0,52 53 8,1,60,,704566,56,0,52 53 8,1,20,,637224,56,0,52 53 8,1,20,,622619,56,0,52 53 8,1,60,,704581,56,0,52 53 8,1,20,,704604,56,0,52 53 8,1,20,,672179,56,0,52 53 8,1,60,,704589,56,0,52 53 8,1,20,,704593,56,0,52 53 8,1,10,,704570,56,0,52 53 8,1,10,,704610,56,0,52 53 8,1,63,,704583,56,0,52 53 8,1,18,,704563,56,0,52 53 8,1,17,,704603,56,0,52 53 8,1,60,,704597,56,0,52 53 8,1,20,,704564,56,0,52 53 8,1,20,,704577,56,0,52 53 8,1,60,,704599,56,0,52 53 8,1,20,,704582,56,0,52 53 8,1,20,,704586,56,0,52 53 8,1,60,,704595,56,0,52 53 8,1,19,,618286,56,0,52 53 8,1,16,,704590,56,0,52 53 8,1,60,,704568,56,0,52 53 8,1,17,,704579,56,0,52 53 8,1,17,,631398,56,0,52 53 8,1,60,,623995,56,0,52 53 8,1,15,,704567,56,0,52 53 8,1,16,,645967,56,0,52 53 8,1,12,,622866,56,0,52 53 8,1,14,,704576,56,0,52 53 8,1,64,,704585,56,0,52 53 8,1,20,,704580,56,0,52 53 8,1,60,,653785,56,0,52 53 8,1,20,,704562,56,0,52 53 8,1,20,,646698,56,0,52 53 8,1,59,,704596,56,0,52 53 8,1,19,,618789,56,0,52 53 8,1,14,,704575,56,0,52 53 8,1,16,,704602,56,0,52 53 8,1,58,,704607,56,0,52 53 8,1,20,,704591,56,0,52 53 8,1,20,,704592,56,0,52 53 8,1,60,,704600,56,0,52 53 8,1,20,,704609,56,0,52 53 8,1,20,,704606,56,0,52 53 8,1,60,,704569,56,0,52 53 8,1,20,,704584,56,0,52 53 8,1,14,,704578,56,0,52 53 8,1,60,,704574,56,0,52 53 8,1
3402,'2',647,,704613,56,0,52 53 8,1,60,,704653,56,0,52 53 8,1,20,,704648,56,0,52 53 8,1,20,,704649,56,0,52 53 8,1,60,,704650,56,0,52 53 8,1,20,,551006,56,0,52 53 8,1,20,,607863,56,0,52 53 8,1,60,,602307,56,0,52 53 8,1,20,,573713,56,0,52 53 8,1,20,,704654,56,0,52 53 8,1,10,,704614,56,0,52 53 8,1,50,,704635,56,0,52 53 8,1,20,,704612,56,0,52 53 8,1,20,,704638,56,0,52 53 8,1,54,,704627,56,0,52 53 8,1,20,,651581,56,0,52 53 8,1,20,,704623,56,0,52 53 8,1,60,,704647,56,0,52 53 8,1,20,,704630,56,0,52 53 8,1,20,,704646,56,0,52 53 8,1,60,,704634,56,0,52 53 8,1,20,,704624,56,0,52 53 8,1,20,,704652,56,0,52 53 8,1,60,,704615,56,0,52 53 8,1,20,,704611,56,0,52 53 8,1,20,,704643,56,0,52 53 8,1,60,,672294,56,0,52 53 8,1,20,,704637,56,0,52 53 8,1,20,,704617,56,0,52 53 8,1,60,,491516,56,0,52 53 8,1,20,,704616,56,0,52 53 8,1,20,,704631,56,0,52 53 8,1,60,,678005,56,0,52 53 8,1,19,,704636,56,0,52 53 8,1,17,,704628,56,0,52 53 8,1,19,,670234,56,0,52 53 8,1,55,,704619,56,0,52 53 8,1,19,,606445,56,0,52 53 8,1,20,,704645,56,0,52 53 8,1,60,,704655,56,0,52 53 8,1,20,,704629,56,0,52 53 8,1,20,,704618,56,0,52 53 8,1,59,,704620,56,0,52 53 8,1,19,,704621,56,0,52 53 8,1,16,,704642,56,0,52 53 8,1,56,,704632,56,0,52 53 8,1,17,,704644,56,0,52 53 8,1,20,,704639,56,0,52 53 8,1,20,,704633,56,0,52 53 8,1,60,,618495,56,0,52 53 8,1,20,,679517,56,0,52 53 8,1,20,,589020,56,0,52 53 8,1,59,,652043,56,0,52 53 8,1,14,,704622,56,0,52 53 8,1,17,,621961,56,0,52 53 8,1,59,,704640,56,0,52 53 8,1,20,,674627,56,0,52 53 8,1,20,,704625,56,0,52 53 8,1,60,,704651,56,0,52 53 8,1,20,,652041,56,0,52 53 8,1,16,,704626,56,0,52 53 8,1,61,,704641,56,0,52 53 8,1
3402,'3',840,,704672,56,0,52 53 8,1,60,,704697,56,0,52 53 8,1,20,,704665,56,0,52 53 8,1,20,,704681,56,0,52 53 8,1,60,,704684,56,0,52 53 8,1,20,,704669,56,0,52 53 8,1,17,,704659,56,0,52 53 8,1,17,,605994,56,0,52 53 8,1,60,,646264,56,0,52 53 8,1,18,,704696,56,0,52 53 8,1,20,,704664,56,0,52 53 8,1,60,,704676,56,0,52 53 8,1,20,,704666,56,0,52 53 8,1,20,,704673,56,0,52 53 8,1,60,,688000,56,0,52 53 8,1,20,,704683,56,0,52 53 8,1,20,,704656,56,0,52 53 8,1,60,,704691,56,0,52 53 8,1,20,,611023,56,0,52 53 8,1,20,,704677,56,0,52 53 8,1,60,,704702,56,0,52 53 8,1,20,,671004,56,0,52 53 8,1,20,,704689,56,0,52 53 8,1,60,,704690,56,0,52 53 8,1,20,,704680,56,0,52 53 8,1,20,,704687,56,0,52 53 8,1,60,,704671,56,0,52 53 8,1,20,,704678,56,0,52 53 8,1,20,,704688,56,0,52 53 8,1,60,,704693,56,0,52 53 8,1,18,,643518,56,0,52 53 8,1,16,,704698,56,0,52 53 8,1,57,,704657,56,0,52 53 8,1,17,,704667,56,0,52 53 8,1,20,,645177,56,0,52 53 8,1,60,,704661,56,0,52 53 8,1,21,,704700,56,0,52 53 8,1,18,,704694,56,0,52 53 8,1,16,,704658,56,0,52 53 8,1,59,,704674,56,0,52 53 8,1,20,,704682,56,0,52 53 8,1,20,,704679,56,0,52 53 8,1,60,,704662,56,0,52 53 8,1,20,,704675,56,0,52 53 8,1,20,,704695,56,0,52 53 8,1,57,,704670,56,0,52 53 8,1,17,,704699,56,0,52 53 8,1,17,,704701,56,0,52 53 8,1,59,,704685,56,0,52 53 8,1,20,,704686,56,0,52 53 8,1,20,,704660,56,0,52 53 8,1,60,,704668,56,0,52 53 8,1,20,,704692,56,0,52 53 8,1,18,,523329,56,0,52 53 8,1,61,,704663,56,0,52 53 8,1
3402,'5',639,,704704,56,0,52 53 8,1,20,,548617,56,0,52 53 8,1,60,,626924,56,0,52 53 8,1,20,,704726,56,0,52 53 8,1,20,,704712,56,0,52 53 8,1,62,,635685,56,0,52 53 8,1,19,,704729,56,0,52 53 8,1,60,,704719,56,0,52 53 8,1,20,,704747,56,0,52 53 8,1,20,,611844,56,0,52 53 8,1,60,,704703,56,0,52 53 8,1,20,,704707,56,0,52 53 8,1,17,,704730,56,0,52 53 8,1,17,,704720,56,0,52 53 8,1,60,,704738,56,0,52 53 8,1,18,,704717,56,0,52 53 8,1,20,,680519,56,0,52 53 8,1,60,,624303,56,0,52 53 8,1,20,,704709,56,0,52 53 8,1,20,,704706,56,0,52 53 8,1,60,,704745,56,0,52 53 8,1,20,,704727,56,0,52 53 8,1,20,,649298,56,0,52 53 8,1,60,,704722,56,0,52 53 8,1,20,,704728,56,0,52 53 8,1,20,,704721,56,0,52 53 8,1,60,,594900,56,0,52 53 8,1,20,,704746,56,0,52 53 8,1,20,,704725,56,0,52 53 8,1,60,,704743,56,0,52 53 8,1,20,,704724,56,0,52 53 8,1,20,,704734,56,0,52 53 8,1,60,,704741,56,0,52 53 8,1,20,,704732,56,0,52 53 8,1,20,,704748,56,0,52 53 8,1,60,,704718,56,0,52 53 8,1,18,,704713,56,0,52 53 8,1,16,,704739,56,0,52 53 8,1,57,,704737,56,0,52 53 8,1,17,,669295,56,0,52 53 8,1,20,,704715,56,0,52 53 8,1,60,,704723,56,0,52 53 8,1,21,,704708,56,0,52 53 8,1,18,,704744,56,0,52 53 8,1,16,,704705,56,0,52 53 8,1,59,,704742,56,0,52 53 8,1,20,,704740,56,0,52 53 8,1,20,,660722,56,0,52 53 8,1,60,,631829,56,0,52 53 8,1,20,,704711,56,0,52 53 8,1,20,,704716,56,0,52 53 8,1,57,,704736,56,0,52 53 8,1,17,,704735,56,0,52 53 8,1,17,,704731,56,0,52 53 8,1,59,,645612,56,0,52 53 8,1,20,,611391,56,0,52 53 8,1,20,,704733,56,0,52 53 8,1,60,,704710,56,0,52 53 8,1,20,,704714,56,0,52 53 8,1,18,,659927,56,0,52 53 8,1,61,,640467,56,0,52 53 8,1
3504,'1',537,,705198,47,0,34 52 53 8,1,6,,570706,41,0,5 52 53 8,1,8,,705193,47,0,34 52 53 8,1,5,,705230,41,0,5 52 53 8,1,46,,705178,47,0,34 52 53 8,1,6,,705241,41,0,5 52 53 8,1,5,,635049,47,0,34 52 53 8,1,6,,705196,41,0,5 52 53 8,1,6,,637313,47,0,34 52 53 8,1,6,,605475,42,0,5 52 53 8,1,6,,705268,48,0,34 52 53 8,1,6,,705271,42,0,5 52 53 8,1,6,,648516,48,0,34 52 53 8,1,6,,705187,42,0,5 52 53 8,1,46,,705272,48,0,34 52 53 8,1,7,,705257,42,0,5 52 53 8,1,8,,705201,48,0,34 52 53 8,1,10,,705223,42,0,5 52 53 8,1,8,,705219,48,0,34 52 53 8,1,6,,705202,42,0,5 52 53 8,1,8,,606622,48,0,34 52 53 8,1,7,,705186,42,0,5 52 53 8,1,48,,705285,48,0,34 52 53 8,1,7,,705236,42,0,5 52 53 8,1,8,,705279,48,0,34 52 53 8,1,7,,705233,42,0,5 52 53 8,1,8,,705254,48,0,34 52 53 8,1,7,,705181,42,0,5 52 53 8,1,8,,615201,48,0,34 52 53 8,1,7,,705292,42,0,5 52 53 8,1,48,,705217,48,0,34 52 53 8,1,7,,544636,42,0,5 52 53 8,1,6,,622579,48,0,34 52 53 8,1,6,,705247,42,0,5 52 53 8,1,8,,705231,48,0,34 52 53 8,1,7,,705278,42,0,5 52 53 8,1,5,,705246,48,0,34 52 53 8,1,6,,705283,42,0,5 52 53 8,1,9,,705188,48,0,34 52 53 8,1,48,,705265,42,0,5 52 53 8,1,9,,627120,48,0,34 52 53 8,1,8,,705269,42,0,5 52 53 8,1,9,,705195,48,0,34 52 53 8,1,8,,705290,42,0,5 52 53 8,1,9,,705244,48,0,34 52 53 8,1,8,,705216,42,0,5 52 53 8,1,49,,705183,48,0,34 52 53 8,1,8,,705243,42,0,5 52 53 8,1,9,,705245,48,0,34 52 53 8,1,8,,705276,42,0,5 52 53 8,1,9,,705259,48,0,34 52 53 8,1,8,,545181,42,0,5 52 53 8,1,9,,705282,48,0,34 52 53 8,1,48,,705250,42,0,5 52 53 8,1,10,,705180,48,0,34 52 53 8,1,10,,705192,42,0,5 52 53 8,1,10,,705211,48,0,34 52 53 8,1,8,,705199,42,0,5 52 53 8,1,9,,705189,48,0,34 52 53 8,1,8,,705291,42,0,5 52 53 8,1,49,,668194,48,0,34 52 53 8,1,8,,705221,42,0,5 52 53 8,1,9,,677542,48,0,34 52 53 8,1,8,,705237,42,0,5 52 53 8,1,8,,705191,48,0,34 52 53 8,1,9,,614673,42,0,5 52 53 8,1,8,,705273,48,0,34 52 53 8,1,49,,705224,42,0,5 52 53 8,1,8,,705263,48,0,34 52 53 8,1,9,,705262,42,0,5 52 53 8,1,8,,705280,48,0,34 52 53 8,1,8,,661649,42,0,5 52 53 8,1,8,,705242,48,0,34 52 53 8,1,9,,705208,42,0,5 52 53 8,1,48,,705200,48,0,34 52 53 8,1,9,,705240,42,0,5 52 53 8,1,7,,631937,48,0,34 52 53 8,1,9,,705286,42,0,5 52 53 8,1,7,,508088,48,0,34 52 53 8,1,8,,705228,42,0,5 52 53 8,1,7,,675893,48,0,34 52 53 8,1,48,,530427,42,0,5 52 53 8,1,7,,705225,48,0,34 52 53 8,1,8,,705274,42,0,5 52 53 8,1,7,,705220,48,0,34 52 53 8,1,8,,705270,42,0,5 52 53 8,1,7,,513716,48,0,34 52 53 8,1,8,,705229,42,0,5 52 53 8,1,7,,705212,48,0,34 52 53 8,1,48,,690216,42,0,5 52 53 8,1,5,,705289,48,0,34 52 53 8,1,8,,705207,42,0,5 52 53 8,1,7,,705213,48,0,34 52 53 8,1,4,,705190,42,0,5 52 53 8,1,7,,677744,48,0,34 52 53 8,1,7,,660075,42,0,5 52 53 8,1,7,,573907,48,0,34 52 53 8,1,7,,705277,42,0,5 52 53 8,1,7,,705232,48,0,34 52 53 8,1,48,,589410,42,0,5 52 53 8,1,7,,642141,48,0,34 52 53 8,1,8,,705179,42,0,5 52 53 8,1,7,,664228,48,0,34 52 53 8,1,8,,705234,42,0,5 52 53 8,1,7,,705205,48,0,34 52 53 8,1,8,,705197,42,0,5 52 53 8,1,7,,705214,48,0,34 52 53 8,1,47,,705227,42,0,5 52 53 8,1,6,,705253,48,0,34 52 53 8,1,5,,618823,42,0,5 52 53 8,1,4,,705260,48,0,34 52 53 8,1,6,,637228,42,0,5 52 53 8,1,7,,644224,48,0,34 52 53 8,1,6,,705209,42,0,5 52 53 8,1,9,,705226,48,0,34 52 53 8,1,8,,705185,42,0,5 52 53 8,1,49,,705287,48,0,34 52 53 8,1,8,,635926,42,0,5 52 53 8,1,9,,705267,48,0,34 52 53 8,1,8,,705261,42,0,5 52 53 8,1,9,,705258,48,0,34 52 53 8,1,8,,705275,42,0,5 52 53 8,1,9,,705206,48,0,34 52 53 8,1,48,,705248,42,0,5 52 53 8,1,9,,519781,48,0,34 52 53 8,1,8,,705218,42,0,5 52 53 8,1,9,,705256,48,0,34 52 53 8,1,8,,688969,42,0,5 52 53 8,1,9,,705252,48,0,34 52 53 8,1,7,,605786,42,0,5 52 53 8,1,50,,705203,48,0,34 52 53 8,1,8,,531279,42,0,5 52 53 8,1,4,,705194,48,0,34 52 53 8,1,10,,705249,42,0,5 52 53 8,1,9,,705215,48,0,34 52 53 8,1,10,,573212,42,0,5 52 53 8,1,10,,705210,48,0,34 52 53 8,1,50,,683384,42,0,5 52 53 8,1,10,,705266,48,0,34 52 53 8,1,10,,705238,42,0,5 52 53 8,1,10,,705281,48,0,34 52 53 8,1,10,,705284,42,0,5 52 53 8,1,10,,705239,48,0,34 52 53 8,1,50,,616486,42,0,5 52 53 8,1,10,,705255,48,0,34 52 53 8,1,10,,705251,42,0,5 52 53 8,1,10,,705182,48,0,34 52 53 8,1,10,,705222,42,0,5 52 53 8,1,10,,705184,48,0,34 52 53 8,1,49,,705293,42,0,5 52 53 8,1,11,,705204,48,0,34 52 53 8,1,10,,705264,42,0,5 52 53 8,1,9,,624966,48,0,34 52 53 8,1,9,,657703,42,0,5 52 53 8,1,14,,705288,42,0,5 52 53 8,1,54,,705235,42,0,5 52 53 8,1
3504,'2',552,,705384,47,0,34 52 53 8,1,49,,705351,41,0,5 52 53 8,1,11,,705318,47,0,34 52 53 8,1,9,,679673,41,0,5 52 53 8,1,10,,705321,48,0,34 52 53 8,1,10,,705391,42,0,5 52 53 8,1,10,,705383,48,0,34 52 53 8,1,50,,705360,42,0,5 52 53 8,1,10,,705320,48,0,34 52 53 8,1,10,,705345,42,0,5 52 53 8,1,10,,705323,48,0,34 52 53 8,1,12,,705371,42,0,5 52 53 8,1,10,,605511,48,0,34 52 53 8,1,49,,667980,42,0,5 52 53 8,1,10,,705307,48,0,34 52 53 8,1,10,,643441,42,0,5 52 53 8,1,10,,705334,48,0,34 52 53 8,1,10,,705397,42,0,5 52 53 8,1,10,,705301,48,0,34 52 53 8,1,50,,705317,42,0,5 52 53 8,1,10,,705355,48,0,34 52 53 8,1,10,,705339,42,0,5 52 53 8,1,10,,685980,48,0,34 52 53 8,1,10,,705400,42,0,5 52 53 8,1,10,,655822,48,0,34 52 53 8,1,50,,705325,42,0,5 52 53 8,1,10,,705313,48,0,34 52 53 8,1,10,,705388,42,0,5 52 53 8,1,10,,705328,48,0,34 52 53 8,1,10,,705341,42,0,5 52 53 8,1,10,,705374,48,0,34 52 53 8,1,50,,705335,42,0,5 52 53 8,1,10,,705389,48,0,34 52 53 8,1,10,,705305,42,0,5 52 53 8,1,10,,608729,48,0,34 52 53 8,1,10,,672237,42,0,5 52 53 8,1,10,,705387,48,0,34 52 53 8,1,50,,656876,42,0,5 52 53 8,1,10,,705353,48,0,34 52 53 8,1,10,,705294,42,0,5 52 53 8,1,10,,705344,48,0,34 52 53 8,1,10,,705303,42,0,5 52 53 8,1,11,,705296,48,0,34 52 53 8,1,6,,705306,42,0,5 52 53 8,1,46,,705375,48,0,34 52 53 8,1,7,,705347,42,0,5 52 53 8,1,8,,705385,48,0,34 52 53 8,1,7,,705295,42,0,5 52 53 8,1,8,,705356,48,0,34 52 53 8,1,7,,660282,42,0,5 52 53 8,1,8,,705316,48,0,34 52 53 8,1,7,,705319,42,0,5 52 53 8,1,48,,549277,48,0,34 52 53 8,1,7,,705394,42,0,5 52 53 8,1,8,,705382,48,0,34 52 53 8,1,7,,705302,42,0,5 52 53 8,1,8,,705354,48,0,34 52 53 8,1,7,,705330,42,0,5 52 53 8,1,8,,705361,48,0,34 52 53 8,1,7,,705332,42,0,5 52 53 8,1,48,,620285,48,0,34 52 53 8,1,7,,679055,42,0,5 52 53 8,1,8,,705298,48,0,34 52 53 8,1,7,,705297,42,0,5 52 53 8,1,8,,705369,48,0,34 52 53 8,1,7,,624107,42,0,5 52 53 8,1,8,,705373,48,0,34 52 53 8,1,7,,705364,42,0,5 52 53 8,1,48,,705336,48,0,34 52 53 8,1,7,,705340,42,0,5 52 53 8,1,8,,632861,48,0,34 52 53 8,1,7,,705370,42,0,5 52 53 8,1,8,,705327,48,0,34 52 53 8,1,7,,705324,42,0,5 52 53 8,1,8,,705357,48,0,34 52 53 8,1,7,,705342,42,0,5 52 53 8,1,48,,705390,48,0,34 52 53 8,1,7,,705350,42,0,5 52 53 8,1,8,,705348,48,0,34 52 53 8,1,7,,705379,42,0,5 52 53 8,1,9,,678556,48,0,34 52 53 8,1,9,,705358,42,0,5 52 53 8,1,9,,705300,48,0,34 52 53 8,1,49,,705362,42,0,5 52 53 8,1,8,,705395,48,0,34 52 53 8,1,9,,601533,42,0,5 52 53 8,1,8,,705381,48,0,34 52 53 8,1,9,,705331,42,0,5 52 53 8,1,8,,705343,48,0,34 52 53 8,1,9,,705372,42,0,5 52 53 8,1,48,,705333,48,0,34 52 53 8,1,7,,705312,42,0,5 52 53 8,1,7,,705363,48,0,34 52 53 8,1,9,,671708,42,0,5 52 53 8,1,7,,614109,48,0,34 52 53 8,1,8,,705349,42,0,5 52 53 8,1,7,,705311,48,0,34 52 53 8,1,8,,705359,42,0,5 52 53 8,1,47,,673053,48,0,34 52 53 8,1,8,,705304,42,0,5 52 53 8,1,10,,705337,48,0,34 52 53 8,1,10,,705346,42,0,5 52 53 8,1,10,,705338,48,0,34 52 53 8,1,10,,705392,42,0,5 52 53 8,1,50,,705376,48,0,34 52 53 8,1,10,,639641,42,0,5 52 53 8,1,10,,705399,48,0,34 52 53 8,1,10,,639655,42,0,5 52 53 8,1,10,,613689,48,0,34 52 53 8,1,10,,705299,42,0,5 52 53 8,1,50,,705401,48,0,34 52 53 8,1,9,,705377,42,0,5 52 53 8,1,8,,705352,48,0,34 52 53 8,1,7,,705367,42,0,5 52 53 8,1,10,,705315,48,0,34 52 53 8,1,10,,620599,42,0,5 52 53 8,1,10,,705378,48,0,34 52 53 8,1,50,,705396,42,0,5 52 53 8,1,10,,705386,48,0,34 52 53 8,1,10,,705329,42,0,5 52 53 8,1,10,,705365,48,0,34 52 53 8,1,10,,705380,42,0,5 52 53 8,1,10,,705314,48,0,34 52 53 8,1,50,,579207,42,0,5 52 53 8,1,10,,705368,48,0,34 52 53 8,1,10,,705366,42,0,5 52 53 8,1,10,,641250,48,0,34 52 53 8,1,10,,705393,42,0,5 52 53 8,1,10,,705309,48,0,34 52 53 8,1,50,,705308,42,0,5 52 53 8,1,10,,705326,48,0,34 52 53 8,1,10,,705398,42,0,5 52 53 8,1,10,,667793,48,0,34 52 53 8,1,10,,617631,42,0,5 52 53 8,1,13,,644268,42,0,5 52 53 8,1,55,,705322,42,0,5 52 53 8,1
3504,'3',730,,607254,41,0,5 52 53 8,1,10,,705441,47,0,34 52 53 8,1,10,,705412,41,0,5 52 53 8,1,50,,705483,47,0,34 52 53 8,1,11,,705461,41,0,5 52 53 8,1,11,,705479,47,0,34 52 53 8,1,11,,705403,42,0,5 52 53 8,1,10,,705489,48,0,34 52 53 8,1,10,,705420,42,0,5 52 53 8,1,50,,705405,48,0,34 52 53 8,1,10,,636655,42,0,5 52 53 8,1,10,,705439,48,0,34 52 53 8,1,10,,683587,42,0,5 52 53 8,1,10,,705458,48,0,34 52 53 8,1,10,,705463,42,0,5 52 53 8,1,50,,705433,48,0,34 52 53 8,1,10,,641084,42,0,5 52 53 8,1,10,,705449,48,0,34 52 53 8,1,10,,705488,42,0,5 52 53 8,1,10,,705429,48,0,34 52 53 8,1,10,,705500,42,0,5 52 53 8,1,50,,705451,48,0,34 52 53 8,1,10,,705475,42,0,5 52 53 8,1,10,,705459,48,0,34 52 53 8,1,10,,705434,42,0,5 52 53 8,1,10,,705444,48,0,34 52 53 8,1,10,,705469,42,0,5 52 53 8,1,49,,705416,48,0,34 52 53 8,1,10,,705452,42,0,5 52 53 8,1,10,,705426,48,0,34 52 53 8,1,8,,705402,42,0,5 52 53 8,1,9,,705409,48,0,34 52 53 8,1,8,,705482,42,0,5 52 53 8,1,9,,705407,48,0,34 52 53 8,1,49,,705453,42,0,5 52 53 8,1,9,,705435,48,0,34 52 53 8,1,9,,705462,42,0,5 52 53 8,1,9,,705415,48,0,34 52 53 8,1,9,,705432,42,0,5 52 53 8,1,9,,705493,48,0,34 52 53 8,1,9,,705491,42,0,5 52 53 8,1,49,,705484,48,0,34 52 53 8,1,9,,705490,42,0,5 52 53 8,1,9,,705474,48,0,34 52 53 8,1,9,,705494,42,0,5 52 53 8,1,9,,705498,48,0,34 52 53 8,1,9,,705455,42,0,5 52 53 8,1,49,,705450,48,0,34 52 53 8,1,9,,705492,42,0,5 52 53 8,1,9,,705465,48,0,34 52 53 8,1,9,,705454,42,0,5 52 53 8,1,9,,705471,48,0,34 52 53 8,1,9,,705430,42,0,5 52 53 8,1,9,,705413,48,0,34 52 53 8,1,49,,705425,42,0,5 52 53 8,1,9,,705486,48,0,34 52 53 8,1,9,,705487,42,0,5 52 53 8,1,9,,705447,48,0,34 52 53 8,1,9,,705446,42,0,5 52 53 8,1,9,,648267,48,0,34 52 53 8,1,9,,705468,42,0,5 52 53 8,1,49,,642355,48,0,34 52 53 8,1,8,,705467,42,0,5 52 53 8,1,8,,705480,48,0,34 52 53 8,1,8,,622749,42,0,5 52 53 8,1,9,,647760,48,0,34 52 53 8,1,9,,626044,42,0,5 52 53 8,1,50,,680615,48,0,34 52 53 8,1,10,,630313,42,0,5 52 53 8,1,10,,705418,48,0,34 52 53 8,1,10,,705456,42,0,5 52 53 8,1,10,,705431,48,0,34 52 53 8,1,10,,705437,42,0,5 52 53 8,1,50,,705448,48,0,34 52 53 8,1,9,,593857,42,0,5 52 53 8,1,10,,705428,48,0,34 52 53 8,1,10,,705442,42,0,5 52 53 8,1,10,,705422,48,0,34 52 53 8,1,10,,705417,42,0,5 52 53 8,1,10,,705478,48,0,34 52 53 8,1,50,,680875,42,0,5 52 53 8,1,10,,705485,48,0,34 52 53 8,1,10,,705414,42,0,5 52 53 8,1,10,,705466,48,0,34 52 53 8,1,10,,705445,42,0,5 52 53 8,1,10,,705473,48,0,34 52 53 8,1,50,,705427,42,0,5 52 53 8,1,10,,705495,48,0,34 52 53 8,1,10,,626401,42,0,5 52 53 8,1,10,,705423,48,0,34 52 53 8,1,10,,655484,42,0,5 52 53 8,1,10,,705421,48,0,34 52 53 8,1,48,,611688,42,0,5 52 53 8,1,9,,606263,48,0,34 52 53 8,1,7,,705481,42,0,5 52 53 8,1,10,,705464,48,0,34 52 53 8,1,10,,705472,42,0,5 52 53 8,1,10,,705411,48,0,34 52 53 8,1,50,,705499,42,0,5 52 53 8,1,10,,705497,48,0,34 52 53 8,1,10,,705419,42,0,5 52 53 8,1,10,,705408,48,0,34 52 53 8,1,10,,705496,42,0,5 52 53 8,1,10,,705460,48,0,34 52 53 8,1,50,,705424,42,0,5 52 53 8,1,10,,705436,48,0,34 52 53 8,1,10,,705470,42,0,5 52 53 8,1,10,,705443,48,0,34 52 53 8,1,10,,705410,42,0,5 52 53 8,1,10,,705440,48,0,34 52 53 8,1,50,,705477,42,0,5 52 53 8,1,10,,705438,48,0,34 52 53 8,1,10,,628491,42,0,5 52 53 8,1,10,,662507,48,0,34 52 53 8,1,10,,705406,42,0,5 52 53 8,1,14,,705476,42,0,5 52 53 8,1,55,,705457,42,0,5 52 53 8,1
3504,'5',553,,705590,47,0,34 52 53 8,1,55,,705513,41,0,5 52 53 8,1,15,,662852,47,0,34 52 53 8,1,9,,668960,42,0,5 52 53 8,1,10,,705501,48,0,34 52 53 8,1,10,,656623,42,0,5 52 53 8,1,50,,661357,48,0,34 52 53 8,1,10,,705560,42,0,5 52 53 8,1,10,,616751,48,0,34 52 53 8,1,10,,705518,42,0,5 52 53 8,1,10,,705567,48,0,34 52 53 8,1,10,,705525,42,0,5 52 53 8,1,50,,705526,48,0,34 52 53 8,1,11,,631776,42,0,5 52 53 8,1,10,,581709,48,0,34 52 53 8,1,10,,705568,42,0,5 52 53 8,1,10,,630030,48,0,34 52 53 8,1,10,,705586,42,0,5 52 53 8,1,50,,705544,48,0,34 52 53 8,1,10,,705515,42,0,5 52 53 8,1,10,,705569,48,0,34 52 53 8,1,10,,684823,42,0,5 52 53 8,1,10,,705573,48,0,34 52 53 8,1,10,,705584,42,0,5 52 53 8,1,50,,705523,48,0,34 52 53 8,1,10,,705585,42,0,5 52 53 8,1,10,,705578,48,0,34 52 53 8,1,10,,705591,42,0,5 52 53 8,1,10,,705558,48,0,34 52 53 8,1,10,,705570,42,0,5 52 53 8,1,50,,705529,48,0,34 52 53 8,1,10,,705562,42,0,5 52 53 8,1,10,,555248,48,0,34 52 53 8,1,10,,652555,42,0,5 52 53 8,1,10,,705576,48,0,34 52 53 8,1,10,,705516,42,0,5 52 53 8,1,49,,655649,48,0,34 52 53 8,1,10,,705540,42,0,5 52 53 8,1,10,,705536,48,0,34 52 53 8,1,8,,705552,42,0,5 52 53 8,1,9,,705579,48,0,34 52 53 8,1,8,,648389,42,0,5 52 53 8,1,9,,705539,48,0,34 52 53 8,1,49,,657808,42,0,5 52 53 8,1,9,,626500,48,0,34 52 53 8,1,9,,705545,42,0,5 52 53 8,1,9,,579435,48,0,34 52 53 8,1,9,,705563,42,0,5 52 53 8,1,9,,551697,48,0,34 52 53 8,1,9,,607152,42,0,5 52 53 8,1,49,,705514,48,0,34 52 53 8,1,9,,705582,42,0,5 52 53 8,1,9,,705556,48,0,34 52 53 8,1,9,,590940,42,0,5 52 53 8,1,9,,705503,48,0,34 52 53 8,1,9,,705555,42,0,5 52 53 8,1,49,,705537,48,0,34 52 53 8,1,9,,705511,42,0,5 52 53 8,1,9,,705546,48,0,34 52 53 8,1,9,,705510,42,0,5 52 53 8,1,9,,705557,48,0,34 52 53 8,1,9,,652563,42,0,5 52 53 8,1,9,,563299,48,0,34 52 53 8,1,49,,705506,42,0,5 52 53 8,1,9,,705592,48,0,34 52 53 8,1,9,,705509,42,0,5 52 53 8,1,9,,705512,48,0,34 52 53 8,1,9,,705517,42,0,5 52 53 8,1,9,,705528,48,0,34 52 53 8,1,9,,705593,42,0,5 52 53 8,1,49,,647353,48,0,34 52 53 8,1,8,,524802,42,0,5 52 53 8,1,8,,705575,48,0,34 52 53 8,1,8,,705566,42,0,5 52 53 8,1,9,,705508,48,0,34 52 53 8,1,9,,705561,42,0,5 52 53 8,1,50,,705532,48,0,34 52 53 8,1,10,,705530,42,0,5 52 53 8,1,10,,705572,48,0,34 52 53 8,1,10,,663013,42,0,5 52 53 8,1,10,,705519,48,0,34 52 53 8,1,10,,705505,42,0,5 52 53 8,1,50,,645463,48,0,34 52 53 8,1,9,,705580,42,0,5 52 53 8,1,10,,705587,48,0,34 52 53 8,1,10,,705565,42,0,5 52 53 8,1,10,,705531,48,0,34 52 53 8,1,10,,661775,42,0,5 52 53 8,1,10,,705589,48,0,34 52 53 8,1,50,,705553,42,0,5 52 53 8,1,10,,522744,48,0,34 52 53 8,1,10,,705507,42,0,5 52 53 8,1,10,,513998,48,0,34 52 53 8,1,10,,678983,42,0,5 52 53 8,1,10,,705522,48,0,34 52 53 8,1,50,,639176,42,0,5 52 53 8,1,10,,705559,48,0,34 52 53 8,1,10,,705551,42,0,5 52 53 8,1,10,,705550,48,0,34 52 53 8,1,10,,705542,42,0,5 52 53 8,1,10,,705548,48,0,34 52 53 8,1,48,,705504,42,0,5 52 53 8,1,9,,705554,48,0,34 52 53 8,1,7,,705574,42,0,5 52 53 8,1,10,,705527,48,0,34 52 53 8,1,10,,705543,42,0,5 52 53 8,1,10,,705502,48,0,34 52 53 8,1,50,,705583,42,0,5 52 53 8,1,10,,650267,48,0,34 52 53 8,1,10,,705535,42,0,5 52 53 8,1,10,,705534,48,0,34 52 53 8,1,10,,705524,42,0,5 52 53 8,1,10,,705549,48,0,34 52 53 8,1,50,,671251,42,0,5 52 53 8,1,10,,705564,48,0,34 52 53 8,1,10,,705577,42,0,5 52 53 8,1,10,,705541,48,0,34 52 53 8,1,10,,705538,42,0,5 52 53 8,1,10,,705571,48,0,34 52 53 8,1,50,,705588,42,0,5 52 53 8,1,10,,705533,48,0,34 52 53 8,1,10,,591669,42,0,5 52 53 8,1,10,,705520,48,0,34 52 53 8,1,10,,705581,42,0,5 52 53 8,1,14,,705547,42,0,5 52 53 8,1,55,,705521,42,0,5 52 53 8,1
7103,'1',538,,729130,25,0,190 6,1,20,,729150,25,0,190 6,1,57,,729174,25,0,190 6,1,12,,729159,25,0,190 6,1,12,,729134,25,0,190 6,1,12,,458649,25,0,190 6,1,52,,729133,25,0,190 6,1,12,,729178,25,0,190 6,1,12,,605130,25,0,190 6,1,14,,729136,25,0,190 6,1,13,,729131,25,0,190 6,1,52,,608655,25,0,190 6,1,12,,729182,25,0,190 6,1,11,,729171,25,0,190 6,1,13,,729181,25,0,190 6,1,12,,729146,25,0,190 6,1,54,,729170,25,0,190 6,1,11,,729154,25,0,190 6,1,10,,729151,25,0,190 6,1,8,,729177,25,0,190 6,1,10,,654477,25,0,190 6,1,55,,729175,25,0,190 6,1,15,,729153,25,0,190 6,1,15,,729152,25,0,190 6,1,15,,729132,25,0,190 6,1,55,,729147,25,0,190 6,1,15,,729164,25,0,190 6,1,15,,729183,25,0,190 6,1,15,,729129,25,0,190 6,1,55,,661067,25,0,190 6,1,15,,729167,25,0,190 6,1,15,,729157,25,0,190 6,1,15,,729155,25,0,190 6,1,55,,729137,25,0,190 6,1,15,,729163,25,0,190 6,1,15,,729143,25,0,190 6,1,15,,729127,25,0,190 6,1,55,,729149,25,0,190 6,1,15,,661229,25,0,190 6,1,15,,729139,25,0,190 6,1,15,,729142,25,0,190 6,1,55,,684868,25,0,190 6,1,19,,729115,25,0,190 6,1,12,,729148,25,0,190 6,1,12,,729166,25,0,190 6,1,12,,729120,25,0,190 6,1,52,,729168,25,0,190 6,1,12,,729161,25,0,190 6,1,12,,625347,25,0,190 6,1,12,,660772,25,0,190 6,1,12,,729128,25,0,190 6,1,52,,729117,25,0,190 6,1,12,,729165,25,0,190 6,1,12,,729119,25,0,190 6,1,12,,729140,25,0,190 6,1,12,,729160,25,0,190 6,1,52,,729172,25,0,190 6,1,12,,646699,25,0,190 6,1,12,,729145,25,0,190 6,1,9,,499403,25,0,190 6,1,7,,729144,25,0,190 6,1,10,,729156,25,0,190 6,1,49,,591195,25,0,190 6,1,9,,729158,25,0,190 6,1,11,,729135,25,0,190 6,1,15,,729123,25,0,190 6,1,15,,623693,25,0,190 6,1,55,,729162,25,0,190 6,1,15,,729173,25,0,190 6,1,15,,518954,25,0,190 6,1,15,,729124,25,0,190 6,1,55,,729138,25,0,190 6,1,15,,729126,25,0,190 6,1,15,,729116,25,0,190 6,1,15,,729169,25,0,190 6,1,52,,729179,25,0,190 6,1,13,,729122,25,0,190 6,1,14,,523122,25,0,190 6,1,18,,656767,25,0,190 6,1,60,,729125,25,0,190 6,1,20,,729121,25,0,190 6,1,20,,650325,25,0,190 6,1,60,,729176,25,0,190 6,1,20,,729180,25,0,190 6,1,20,,729118,25,0,190 6,1,60,,729141,25,0,190 6,1
7103,'2',553,,373295,25,0,190 6,1,60,,729193,25,0,190 6,1,20,,653397,25,0,190 6,1,20,,729188,25,0,190 6,1,60,,729223,25,0,190 6,1,20,,624546,25,0,190 6,1,20,,729224,25,0,190 6,1,61,,422078,25,0,190 6,1,24,,729208,25,0,190 6,1,20,,729217,25,0,190 6,1,60,,729206,25,0,190 6,1,20,,729209,25,0,190 6,1,20,,729195,25,0,190 6,1,60,,542394,25,0,190 6,1,20,,545704,25,0,190 6,1,20,,729213,25,0,190 6,1,60,,729197,25,0,190 6,1,20,,729190,25,0,190 6,1,20,,729207,25,0,190 6,1,62,,638464,25,0,190 6,1,21,,729225,25,0,190 6,1,60,,729227,25,0,190 6,1,20,,729226,25,0,190 6,1,20,,729198,25,0,190 6,1,60,,729184,25,0,190 6,1,20,,621565,25,0,190 6,1,20,,729215,25,0,190 6,1,60,,559937,25,0,190 6,1,20,,729214,25,0,190 6,1,20,,729191,25,0,190 6,1,60,,729202,25,0,190 6,1,20,,729187,25,0,190 6,1,20,,729219,25,0,190 6,1,60,,729203,25,0,190 6,1,20,,729210,25,0,190 6,1,20,,729221,25,0,190 6,1,60,,729201,25,0,190 6,1,20,,729200,25,0,190 6,1,20,,729212,25,0,190 6,1,60,,729205,25,0,190 6,1,16,,729196,25,0,190 6,1,15,,729218,25,0,190 6,1,18,,729199,25,0,190 6,1,60,,647574,25,0,190 6,1,20,,729186,25,0,190 6,1,20,,729185,25,0,190 6,1,60,,729216,25,0,190 6,1,20,,729204,25,0,190 6,1,20,,663566,25,0,190 6,1,61,,544890,25,0,190 6,1,18,,729192,25,0,190 6,1,18,,729194,25,0,190 6,1,68,,631440,25,0,190 6,1,30,,729222,25,0,190 6,1,70,,729220,25,0,190 6,1,28,,729211,25,0,190 6,1,72,,729189,25,0,190 6,1
7103,'3',730,,729260,25,0,190 6,1,26,,729266,25,0,190 6,1,60,,679387,25,0,190 6,1,20,,729257,25,0,190 6,1,22,,729254,25,0,190 6,1,62,,729249,25,0,190 6,1,22,,729241,25,0,190 6,1,62,,729261,25,0,190 6,1,22,,729255,25,0,190 6,1,22,,729244,25,0,190 6,1,62,,729269,25,0,190 6,1,22,,662130,25,0,190 6,1,22,,729253,25,0,190 6,1,65,,729250,25,0,190 6,1,21,,630304,25,0,190 6,1,60,,729230,25,0,190 6,1,20,,638850,25,0,190 6,1,20,,729240,25,0,190 6,1,60,,729229,25,0,190 6,1,20,,729267,25,0,190 6,1,20,,729236,25,0,190 6,1,60,,729237,25,0,190 6,1,20,,642794,25,0,190 6,1,20,,729252,25,0,190 6,1,60,,729258,25,0,190 6,1,20,,729232,25,0,190 6,1,20,,729263,25,0,190 6,1,60,,729239,25,0,190 6,1,20,,729234,25,0,190 6,1,20,,729242,25,0,190 6,1,60,,729228,25,0,190 6,1,20,,729243,25,0,190 6,1,20,,729248,25,0,190 6,1,60,,729259,25,0,190 6,1,21,,667557,25,0,190 6,1,22,,729247,25,0,190 6,1,62,,729251,25,0,190 6,1,22,,729235,25,0,190 6,1,22,,729233,25,0,190 6,1,62,,729231,25,0,190 6,1,21,,729262,25,0,190 6,1,23,,729264,25,0,190 6,1,58,,729238,25,0,190 6,1,30,,729265,25,0,190 6,1,70,,729268,25,0,190 6,1,30,,729245,25,0,190 6,1,70,,729256,25,0,190 6,1,28,,651405,25,0,190 6,1,72,,729246,25,0,190 6,1
7103,'5',553,,729291,25,0,190 6,1,60,,729308,25,0,190 6,1,20,,729285,25,0,190 6,1,20,,627797,25,0,190 6,1,60,,729295,25,0,190 6,1,20,,729279,25,0,190 6,1,20,,729280,25,0,190 6,1,60,,729271,25,0,190 6,1,23,,729302,25,0,190 6,1,22,,674693,25,0,190 6,1,62,,729290,25,0,190 6,1,22,,729276,25,0,190 6,1,62,,618235,25,0,190 6,1,22,,729296,25,0,190 6,1,22,,636083,25,0,190 6,1,62,,729300,25,0,190 6,1,22,,729277,25,0,190 6,1,22,,729293,25,0,190 6,1,65,,729299,25,0,190 6,1,21,,729309,25,0,190 6,1,60,,644802,25,0,190 6,1,20,,729311,25,0,190 6,1,20,,729289,25,0,190 6,1,60,,661176,25,0,190 6,1,20,,729306,25,0,190 6,1,20,,606612,25,0,190 6,1,60,,729307,25,0,190 6,1,20,,729281,25,0,190 6,1,20,,641125,25,0,190 6,1,60,,729275,25,0,190 6,1,20,,729278,25,0,190 6,1,20,,626126,25,0,190 6,1,60,,729303,25,0,190 6,1,20,,729286,25,0,190 6,1,20,,729282,25,0,190 6,1,60,,729301,25,0,190 6,1,20,,729288,25,0,190 6,1,20,,729310,25,0,190 6,1,60,,729298,25,0,190 6,1,21,,729304,25,0,190 6,1,22,,729274,25,0,190 6,1,62,,729287,25,0,190 6,1,22,,729284,25,0,190 6,1,22,,663691,25,0,190 6,1,62,,729305,25,0,190 6,1,21,,729283,25,0,190 6,1,23,,729272,25,0,190 6,1,58,,729273,25,0,190 6,1,30,,729294,25,0,190 6,1,70,,729297,25,0,190 6,1,30,,644386,25,0,190 6,1,70,,662591,25,0,190 6,1,28,,729270,25,0,190 6,1,72,,729292,25,0,190 6,1
7104,'1',520,,729336,7,0,116 8,1,15,,729357,7,0,116 8,1,8,,662654,7,0,116 8,1,64,,729328,7,0,116 8,1,24,,546412,7,0,116 8,1,12,,729370,7,0,116 8,1,13,,729326,7,0,116 8,1,51,,729316,7,0,116 8,1,12,,650339,7,0,116 8,1,11,,729362,7,0,116 8,1,11,,729342,7,0,116 8,1,9,,729337,7,0,116 8,1,52,,729338,7,0,116 8,1,12,,620826,7,0,116 8,1,12,,729332,7,0,116 8,1,12,,729331,7,0,116 8,1,12,,729341,7,0,116 8,1,52,,729350,7,0,116 8,1,11,,729354,7,0,116 8,1,15,,729372,7,0,116 8,1,16,,617207,7,0,116 8,1,56,,729373,7,0,116 8,1,15,,729371,7,0,116 8,1,15,,685580,7,0,116 8,1,15,,729349,7,0,116 8,1,55,,729340,7,0,116 8,1,15,,729374,7,0,116 8,1,15,,729313,7,0,116 8,1,15,,729351,7,0,116 8,1,55,,588927,7,0,116 8,1,15,,729355,7,0,116 8,1,15,,729365,7,0,116 8,1,15,,729353,7,0,116 8,1,55,,681942,7,0,116 8,1,15,,729347,7,0,116 8,1,15,,729334,7,0,116 8,1,15,,729361,7,0,116 8,1,55,,729356,7,0,116 8,1,15,,633828,7,0,116 8,1,15,,729312,7,0,116 8,1,12,,729314,7,0,116 8,1,11,,729323,7,0,116 8,1,50,,729352,7,0,116 8,1,12,,654890,7,0,116 8,1,12,,524915,7,0,116 8,1,12,,729329,7,0,116 8,1,12,,729366,7,0,116 8,1,52,,729364,7,0,116 8,1,12,,584150,7,0,116 8,1,12,,621076,7,0,116 8,1,12,,729335,7,0,116 8,1,12,,729369,7,0,116 8,1,52,,729322,7,0,116 8,1,12,,729358,7,0,116 8,1,12,,729317,7,0,116 8,1,12,,729330,7,0,116 8,1,12,,653777,7,0,116 8,1,52,,729367,7,0,116 8,1,12,,633090,7,0,116 8,1,12,,729344,7,0,116 8,1,11,,729315,7,0,116 8,1,11,,729368,7,0,116 8,1,52,,573252,7,0,116 8,1,14,,571497,7,0,116 8,1,15,,729324,7,0,116 8,1,15,,729333,7,0,116 8,1,55,,626275,7,0,116 8,1,15,,729318,7,0,116 8,1,15,,729359,7,0,116 8,1,15,,656765,7,0,116 8,1,55,,729363,7,0,116 8,1,15,,729319,7,0,116 8,1,15,,729360,7,0,116 8,1,15,,585728,7,0,116 8,1,55,,729320,7,0,116 8,1,18,,655783,7,0,116 8,1,20,,729339,7,0,116 8,1,20,,729348,7,0,116 8,1,60,,729327,7,0,116 8,1,20,,729345,7,0,116 8,1,20,,536951,7,0,116 8,1,60,,632763,7,0,116 8,1,20,,729346,7,0,116 8,1,20,,729343,7,0,116 8,1,85,,625790,7,0,17 52 53 8,1
7104,'2',553,,729386,7,0,116 8,1,60,,729410,7,0,116 8,1,20,,729419,7,0,116 8,1,20,,729406,7,0,116 8,1,60,,729397,7,0,116 8,1,20,,729383,7,0,116 8,1,20,,729394,7,0,116 8,1,59,,729416,7,0,116 8,1,20,,498436,7,0,116 8,1,20,,729422,7,0,116 8,1,60,,648597,7,0,116 8,1,20,,686835,7,0,116 8,1,20,,729387,7,0,116 8,1,60,,729411,7,0,116 8,1,20,,681632,7,0,116 8,1,20,,729412,7,0,116 8,1,60,,729380,7,0,116 8,1,20,,729381,7,0,116 8,1,20,,729395,7,0,116 8,1,60,,729382,7,0,116 8,1,20,,729376,7,0,116 8,1,20,,729415,7,0,116 8,1,60,,729392,7,0,116 8,1,20,,729399,7,0,116 8,1,20,,659291,7,0,116 8,1,60,,729398,7,0,116 8,1,20,,729391,7,0,116 8,1,20,,644616,7,0,116 8,1,60,,729375,7,0,116 8,1,20,,729385,7,0,116 8,1,20,,729400,7,0,116 8,1,60,,729403,7,0,116 8,1,20,,729393,7,0,116 8,1,20,,729421,7,0,116 8,1,60,,729418,7,0,116 8,1,20,,729378,7,0,116 8,1,20,,729401,7,0,116 8,1,60,,729407,7,0,116 8,1,20,,729424,7,0,116 8,1,20,,729402,7,0,116 8,1,59,,729384,7,0,116 8,1,20,,729417,7,0,116 8,1,20,,729377,7,0,116 8,1,60,,729405,7,0,116 8,1,20,,729396,7,0,116 8,1,20,,729388,7,0,116 8,1,60,,625882,7,0,116 8,1,20,,621560,7,0,116 8,1,20,,729379,7,0,116 8,1,60,,729389,7,0,116 8,1,27,,729420,7,0,116 8,1,70,,729404,7,0,116 8,1,30,,729414,7,0,116 8,1,70,,729408,7,0,116 8,1,30,,729390,7,0,116 8,1,20,,729409,7,0,116 8,1,85,,729423,7,0,17 52 53 8,1
7104,'3',739,,729467,7,0,116 8,1,19,,729462,7,0,116 8,1,60,,729427,7,0,116 8,1,22,,729450,7,0,116 8,1,62,,729430,7,0,116 8,1,22,,729453,7,0,116 8,1,21,,729445,7,0,116 8,1,63,,729443,7,0,116 8,1,22,,619810,7,0,116 8,1,22,,729442,7,0,116 8,1,62,,729463,7,0,116 8,1,22,,729437,7,0,116 8,1,20,,621229,7,0,116 8,1,58,,729457,7,0,116 8,1,18,,729464,7,0,116 8,1,20,,729431,7,0,116 8,1,60,,729454,7,0,116 8,1,20,,729444,7,0,116 8,1,20,,729460,7,0,116 8,1,60,,729440,7,0,116 8,1,20,,729465,7,0,116 8,1,20,,729448,7,0,116 8,1,60,,678241,7,0,116 8,1,20,,729428,7,0,116 8,1,20,,729434,7,0,116 8,1,60,,729436,7,0,116 8,1,20,,729439,7,0,116 8,1,20,,729456,7,0,116 8,1,60,,729468,7,0,116 8,1,20,,729426,7,0,116 8,1,20,,729452,7,0,116 8,1,60,,729432,7,0,116 8,1,20,,729425,7,0,116 8,1,26,,729451,7,0,116 8,1,65,,641763,7,0,116 8,1,23,,729447,7,0,116 8,1,62,,729461,7,0,116 8,1,22,,729441,7,0,116 8,1,22,,729433,7,0,116 8,1,62,,729438,7,0,116 8,1,26,,729435,7,0,116 8,1,70,,729466,7,0,116 8,1,28,,645582,7,0,116 8,1,70,,729429,7,0,116 8,1,30,,729459,7,0,116 8,1,70,,729449,7,0,116 8,1,30,,729458,7,0,116 8,1,20,,729455,7,0,116 8,1,85,,729446,7,0,17 52 53 8,1
7104,'5',553,,729474,7,0,116 8,1,60,,729483,7,0,116 8,1,20,,729492,7,0,116 8,1,20,,729506,7,0,116 8,1,60,,729495,7,0,116 8,1,20,,729500,7,0,116 8,1,23,,729494,7,0,116 8,1,62,,729493,7,0,116 8,1,22,,729471,7,0,116 8,1,62,,729510,7,0,116 8,1,22,,729486,7,0,116 8,1,21,,659356,7,0,116 8,1,63,,729485,7,0,116 8,1,22,,729496,7,0,116 8,1,22,,729473,7,0,116 8,1,62,,729512,7,0,116 8,1,22,,729488,7,0,116 8,1,20,,533142,7,0,116 8,1,58,,729505,7,0,116 8,1,18,,647812,7,0,116 8,1,20,,682765,7,0,116 8,1,60,,729478,7,0,116 8,1,20,,729469,7,0,116 8,1,20,,729472,7,0,116 8,1,60,,729498,7,0,116 8,1,20,,729470,7,0,116 8,1,20,,729499,7,0,116 8,1,60,,729476,7,0,116 8,1,20,,729511,7,0,116 8,1,20,,729508,7,0,116 8,1,60,,619958,7,0,116 8,1,20,,729487,7,0,116 8,1,20,,729504,7,0,116 8,1,60,,634008,7,0,116 8,1,20,,729482,7,0,116 8,1,20,,729509,7,0,116 8,1,60,,729489,7,0,116 8,1,20,,729507,7,0,116 8,1,26,,729484,7,0,116 8,1,65,,623855,7,0,116 8,1,23,,729497,7,0,116 8,1,62,,729513,7,0,116 8,1,22,,729481,7,0,116 8,1,22,,729477,7,0,116 8,1,62,,729490,7,0,116 8,1,26,,729491,7,0,116 8,1,70,,729475,7,0,116 8,1,28,,729502,7,0,116 8,1,70,,671824,7,0,116 8,1,30,,729501,7,0,116 8,1,70,,729503,7,0,116 8,1,30,,666670,7,0,116 8,1,20,,729479,7,0,116 8,1,85,,729480,7,0,17 52 53 8,1
7303,'1',537,,636312,31,0,34 52 53 8,1,22,,683378,31,0,34 52 53 8,1,63,,730453,31,0,34 52 53 8,1,22,,524837,31,0,34 52 53 8,1,62,,730456,31,0,34 52 53 8,1,29,,730398,31,0,34 52 53 8,1,24,,730389,31,0,34 52 53 8,1,64,,730463,31,0,34 52 53 8,1,24,,730441,31,0,34 52 53 8,1,64,,730471,31,0,34 52 53 8,1,21,,730420,31,0,34 52 53 8,1,21,,730405,31,0,34 52 53 8,1,62,,730436,31,0,34 52 53 8,1,24,,730448,31,0,34 52 53 8,1,64,,730417,31,0,34 52 53 8,1,24,,730461,31,0,34 52 53 8,1,24,,623196,31,0,34 52 53 8,1,64,,730426,31,0,34 52 53 8,1,24,,642047,31,0,34 52 53 8,1,64,,678154,31,0,34 52 53 8,1,24,,730390,31,0,34 52 53 8,1,24,,730442,31,0,34 52 53 8,1,64,,730393,31,0,34 52 53 8,1,20,,730381,31,0,34 52 53 8,1,22,,730462,31,0,34 52 53 8,1,65,,730460,31,0,34 52 53 8,1,22,,730385,31,0,34 52 53 8,1,64,,730383,31,0,34 52 53 8,1,24,,689220,31,0,34 52 53 8,1,24,,669178,31,0,34 52 53 8,1,64,,730437,31,0,34 52 53 8,1,24,,730458,31,0,34 52 53 8,1,64,,540162,31,0,34 52 53 8,1,24,,690266,31,0,34 52 53 8,1,24,,730409,31,0,34 52 53 8,1,64,,730455,31,0,34 52 53 8,1,11,,730408,31,0,34 52 53 8,1,18,,730451,31,0,34 52 53 8,1,64,,622273,31,0,34 52 53 8,1,24,,532600,31,0,34 52 53 8,1,64,,730406,31,0,34 52 53 8,1,24,,730411,31,0,34 52 53 8,1,24,,537342,31,0,34 52 53 8,1,64,,613611,31,0,34 52 53 8,1,17,,730392,31,0,34 52 53 8,1,24,,730457,31,0,34 52 53 8,1,64,,730447,31,0,34 52 53 8,1,24,,730454,31,0,34 52 53 8,1,64,,730416,31,0,34 52 53 8,1,24,,730418,31,0,34 52 53 8,1,24,,730446,31,0,34 52 53 8,1,64,,730414,31,0,34 52 53 8,1
7303,'2',551,,608155,31,0,34 52 53 8,1,63,,621549,31,0,34 52 53 8,1,24,,730490,31,0,34 52 53 8,1,64,,466402,31,0,34 52 53 8,1,24,,730533,31,0,34 52 53 8,1,24,,730491,31,0,34 52 53 8,1,64,,730510,31,0,34 52 53 8,1,25,,730504,31,0,34 52 53 8,1,64,,730481,31,0,34 52 53 8,1,24,,573958,31,0,34 52 53 8,1,24,,529541,31,0,34 52 53 8,1,64,,730476,31,0,34 52 53 8,1,25,,730478,31,0,34 52 53 8,1,60,,730532,31,0,34 52 53 8,1,24,,730530,31,0,34 52 53 8,1,24,,730492,31,0,34 52 53 8,1,62,,730559,31,0,34 52 53 8,1,22,,730521,31,0,34 52 53 8,1,22,,730528,31,0,34 52 53 8,1,62,,730541,31,0,34 52 53 8,1,22,,730529,31,0,34 52 53 8,1,62,,730495,31,0,34 52 53 8,1,22,,730516,31,0,34 52 53 8,1,22,,730538,31,0,34 52 53 8,1,62,,730505,31,0,34 52 53 8,1,22,,730549,31,0,34 52 53 8,1,22,,680817,31,0,34 52 53 8,1,62,,730480,31,0,34 52 53 8,1,22,,674235,31,0,34 52 53 8,1,22,,730534,31,0,34 52 53 8,1,62,,730522,31,0,34 52 53 8,1,22,,730526,31,0,34 52 53 8,1,62,,730511,31,0,34 52 53 8,1,22,,730537,31,0,34 52 53 8,1,22,,650440,31,0,34 52 53 8,1,62,,730543,31,0,34 52 53 8,1,20,,730525,31,0,34 52 53 8,1,18,,730561,31,0,34 52 53 8,1,64,,730494,31,0,34 52 53 8,1,24,,730531,31,0,34 52 53 8,1,24,,730479,31,0,34 52 53 8,1,64,,730499,31,0,34 52 53 8,1,24,,619061,31,0,34 52 53 8,1,64,,730509,31,0,34 52 53 8,1,15,,730554,31,0,34 52 53 8,1,24,,645064,31,0,34 52 53 8,1,64,,730527,31,0,34 52 53 8,1,24,,648619,31,0,34 52 53 8,1,64,,730497,31,0,34 52 53 8,1,24,,730535,31,0,34 52 53 8,1,24,,730560,31,0,34 52 53 8,1,64,,730482,31,0,34 52 53 8,1
7303,'3',728,,730595,31,0,34 52 53 8,1,24,,730582,31,0,34 52 53 8,1,64,,610709,31,0,34 52 53 8,1,26,,730575,31,0,34 52 53 8,1,62,,730585,31,0,34 52 53 8,1,22,,730626,31,0,34 52 53 8,1,22,,730617,31,0,34 52 53 8,1,62,,730567,31,0,34 52 53 8,1,23,,730593,31,0,34 52 53 8,1,12,,730589,31,0,34 52 53 8,1,64,,730627,31,0,34 52 53 8,1,24,,730616,31,0,34 52 53 8,1,24,,730563,31,0,34 52 53 8,1,64,,675076,31,0,34 52 53 8,1,24,,730599,31,0,34 52 53 8,1,64,,730610,31,0,34 52 53 8,1,24,,658114,31,0,34 52 53 8,1,24,,730606,31,0,34 52 53 8,1,64,,730565,31,0,34 52 53 8,1,24,,730602,31,0,34 52 53 8,1,64,,730619,31,0,34 52 53 8,1,24,,730628,31,0,34 52 53 8,1,24,,622069,31,0,34 52 53 8,1,64,,629483,31,0,34 52 53 8,1,24,,730571,31,0,34 52 53 8,1,64,,730608,31,0,34 52 53 8,1,24,,730630,31,0,34 52 53 8,1,24,,730584,31,0,34 52 53 8,1,64,,730597,31,0,34 52 53 8,1,24,,730581,31,0,34 52 53 8,1,64,,730611,31,0,34 52 53 8,1,18,,730624,31,0,34 52 53 8,1,18,,730579,31,0,34 52 53 8,1,64,,730564,31,0,34 52 53 8,1,24,,730570,31,0,34 52 53 8,1,24,,616150,31,0,34 52 53 8,1,64,,618076,31,0,34 52 53 8,1,24,,632095,31,0,34 52 53 8,1,64,,730574,31,0,34 52 53 8,1,16,,730598,31,0,34 52 53 8,1,24,,730620,31,0,34 52 53 8,1,64,,730591,31,0,34 52 53 8,1,24,,626032,31,0,34 52 53 8,1,64,,730577,31,0,34 52 53 8,1,24,,730592,31,0,34 52 53 8,1,24,,644075,31,0,34 52 53 8,1,69,,628412,31,0,34 52 53 8,1
7303,'5',622,,563281,31,0,34 52 53 8,1,24,,730710,31,0,34 52 53 8,1,64,,730650,31,0,34 52 53 8,1,24,,730672,31,0,34 52 53 8,1,24,,730679,31,0,34 52 53 8,1,60,,730636,31,0,34 52 53 8,1,24,,730700,31,0,34 52 53 8,1,62,,624837,31,0,34 52 53 8,1,22,,730655,31,0,34 52 53 8,1,22,,587567,31,0,34 52 53 8,1,62,,686078,31,0,34 52 53 8,1,23,,730656,31,0,34 52 53 8,1,12,,730665,31,0,34 52 53 8,1,64,,730654,31,0,34 52 53 8,1,24,,540422,31,0,34 52 53 8,1,24,,653167,31,0,34 52 53 8,1,64,,730675,31,0,34 52 53 8,1,24,,730661,31,0,34 52 53 8,1,64,,730706,31,0,34 52 53 8,1,24,,730688,31,0,34 52 53 8,1,24,,730649,31,0,34 52 53 8,1,64,,730699,31,0,34 52 53 8,1,24,,730698,31,0,34 52 53 8,1,64,,730682,31,0,34 52 53 8,1,24,,730643,31,0,34 52 53 8,1,24,,730690,31,0,34 52 53 8,1,64,,730684,31,0,34 52 53 8,1,24,,730668,31,0,34 52 53 8,1,64,,730693,31,0,34 52 53 8,1,24,,730697,31,0,34 52 53 8,1,24,,730669,31,0,34 52 53 8,1,64,,730709,31,0,34 52 53 8,1,24,,523909,31,0,34 52 53 8,1,64,,730652,31,0,34 52 53 8,1,18,,730667,31,0,34 52 53 8,1,18,,598595,31,0,34 52 53 8,1,64,,730691,31,0,34 52 53 8,1,24,,730639,31,0,34 52 53 8,1,24,,730641,31,0,34 52 53 8,1,64,,647147,31,0,34 52 53 8,1,24,,666817,31,0,34 52 53 8,1,64,,730644,31,0,34 52 53 8,1,16,,730704,31,0,34 52 53 8,1,24,,730687,31,0,34 52 53 8,1,64,,730713,31,0,34 52 53 8,1,24,,681407,31,0,34 52 53 8,1,64,,613855,31,0,34 52 53 8,1,24,,629354,31,0,34 52 53 8,1,24,,685057,31,0,34 52 53 8,1,64,,605260,31,0,34 52 53 8,1
8903,'1',455,,630110,21,0,95 63,1,64,,739177,21,0,95 63,1,18,,739189,21,0,95 63,1,17,,551922,20,0,95 63,1,50,,739240,20,0,95 63,1,10,,739224,20,0,95 63,1,10,,677312,20,0,95 63,1,10,,739231,20,0,95 63,1,10,,739217,20,0,95 63,1,10,,739205,20,0,95 63,1,50,,739250,20,0,95 63,1,10,,599126,20,0,95 63,1,10,,739212,20,0,95 63,1,11,,739178,20,0,95 63,1,12,,739202,20,0,95 63,1,10,,739199,20,0,95 63,1,50,,739245,20,0,95 63,1,10,,739253,20,0,95 63,1,10,,739229,20,0,95 63,1,10,,685383,20,0,95 63,1,10,,739197,20,0,95 63,1,10,,607469,20,0,95 63,1,50,,739180,20,0,95 63,1,10,,739243,20,0,95 63,1,10,,739207,20,0,95 63,1,11,,739227,20,0,95 63,1,10,,677310,20,0,95 63,1,10,,739235,20,0,95 63,1,50,,739249,20,0,95 63,1,10,,739198,20,0,95 63,1,10,,739209,20,0,95 63,1,10,,739216,20,0,95 63,1,10,,739183,20,0,95 63,1,10,,739192,20,0,95 63,1,50,,739181,20,0,95 63,1,10,,739258,20,0,95 63,1,10,,686781,20,0,95 63,1,10,,687613,20,0,95 63,1,10,,739190,20,0,95 63,1,10,,739187,20,0,95 63,1,50,,739201,20,0,95 63,1,10,,616305,20,0,95 63,1,10,,739200,20,0,95 63,1,10,,739221,20,0,95 63,1,10,,739222,20,0,95 63,1,10,,739230,20,0,95 63,1,50,,518016,20,0,95 63,1,10,,623152,20,0,95 63,1,10,,739175,20,0,95 63,1,10,,739239,20,0,95 63,1,10,,570742,20,0,95 63,1,10,,552680,20,0,95 63,1,51,,599845,20,0,95 63,1,14,,739220,20,0,95 63,1,10,,739256,20,0,95 63,1,10,,739213,20,0,95 63,1,10,,739257,20,0,95 63,1,50,,631325,20,0,95 63,1,10,,739218,20,0,95 63,1,10,,739237,20,0,95 63,1,10,,739206,20,0,95 63,1,10,,739215,20,0,95 63,1,10,,739236,20,0,95 63,1,50,,739184,20,0,95 63,1,10,,739210,20,0,95 63,1,10,,640547,20,0,95 63,1,10,,739238,20,0,95 63,1,10,,739226,20,0,95 63,1,10,,550192,20,0,95 63,1,50,,675142,20,0,95 63,1,10,,739214,20,0,95 63,1,10,,642563,20,0,95 63,1,10,,575596,20,0,95 63,1,10,,739241,20,0,95 63,1,10,,739251,20,0,95 63,1,50,,628073,20,0,95 63,1,10,,676753,20,0,95 63,1,10,,739232,20,0,95 63,1,10,,676232,20,0,95 63,1,10,,638413,20,0,95 63,1,10,,739254,20,0,95 63,1,50,,739186,20,0,95 63,1,7,,739193,20,0,95 63,1,6,,739185,20,0,95 63,1,10,,739252,20,0,95 63,1,10,,651550,20,0,95 63,1,10,,739247,20,0,95 63,1,10,,739203,20,0,95 63,1,50,,739173,20,0,95 63,1,10,,739191,20,0,95 63,1,10,,739211,20,0,95 63,1,10,,664633,20,0,95 63,1,10,,464759,20,0,95 63,1,10,,630570,20,0,95 63,1,50,,739225,20,0,95 63,1,10,,658430,20,0,95 63,1,10,,609706,20,0,95 63,1,10,,739259,20,0,95 63,1,10,,739228,20,0,95 63,1,10,,739246,20,0,95 63,1,49,,739182,20,0,95 63,1,6,,739195,20,0,95 63,1,10,,675308,20,0,95 63,1,10,,739234,20,0,95 63,1,10,,739174,20,0,95 63,1,10,,739176,20,0,95 63,1,50,,739208,20,0,95 63,1,10,,658475,20,0,95 63,1,10,,739204,20,0,95 63,1,10,,628115,20,0,95 63,1,10,,739188,20,0,95 63,1,10,,739248,20,0,95 63,1,50,,739194,20,0,95 63,1,10,,739233,20,0,95 63,1,10,,739219,20,0,95 63,1,10,,605632,20,0,95 63,1,10,,739244,20,0,95 63,1,10,,739255,20,0,95 63,1,50,,526535,20,0,95 63,1,10,,739179,20,0,95 63,1,10,,739242,20,0,95 63,1,13,,739196,20,0,95 63,1,15,,739223,20,0,95 63,1,55,,598616,20,0,95 63,1,15,,641867,20,0,95 63,1
8903,'2',552,,739296,21,0,95 63,1,50,,739273,20,0,95 63,1,10,,739336,20,0,95 63,1,10,,739343,20,0,95 63,1,10,,739264,20,0,95 63,1,10,,739327,20,0,95 63,1,10,,739263,20,0,95 63,1,50,,619109,20,0,95 63,1,10,,739359,20,0,95 63,1,10,,739294,20,0,95 63,1,10,,739313,20,0,95 63,1,10,,554078,20,0,95 63,1,10,,739272,20,0,95 63,1,50,,739348,20,0,95 63,1,15,,739293,20,0,95 63,1,10,,739321,20,0,95 63,1,10,,739362,20,0,95 63,1,10,,739282,20,0,95 63,1,10,,739344,20,0,95 63,1,50,,739364,20,0,95 63,1,10,,739339,20,0,95 63,1,10,,739312,20,0,95 63,1,10,,739284,20,0,95 63,1,10,,739306,20,0,95 63,1,10,,739301,20,0,95 63,1,50,,674217,20,0,95 63,1,10,,739262,20,0,95 63,1,10,,679679,20,0,95 63,1,10,,678195,20,0,95 63,1,10,,739324,20,0,95 63,1,10,,739279,20,0,95 63,1,51,,614902,20,0,95 63,1,15,,739277,20,0,95 63,1,10,,739311,20,0,95 63,1,10,,739278,20,0,95 63,1,8,,541230,20,0,95 63,1,8,,670480,20,0,95 63,1,48,,739341,20,0,95 63,1,8,,739338,20,0,95 63,1,6,,739322,20,0,95 63,1,8,,739318,20,0,95 63,1,8,,739305,20,0,95 63,1,8,,739281,20,0,95 63,1,8,,739316,20,0,95 63,1,48,,739320,20,0,95 63,1,8,,739333,20,0,95 63,1,8,,739309,20,0,95 63,1,8,,739325,20,0,95 63,1,8,,739355,20,0,95 63,1,8,,739347,20,0,95 63,1,8,,516159,20,0,95 63,1,8,,739275,20,0,95 63,1,48,,739326,20,0,95 63,1,8,,739323,20,0,95 63,1,8,,739319,20,0,95 63,1,8,,739261,20,0,95 63,1,8,,739260,20,0,95 63,1,8,,689334,20,0,95 63,1,8,,739337,20,0,95 63,1,48,,588433,20,0,95 63,1,8,,739291,20,0,95 63,1,8,,739286,20,0,95 63,1,8,,658047,20,0,95 63,1,8,,675245,20,0,95 63,1,8,,739358,20,0,95 63,1,8,,739331,20,0,95 63,1,8,,653849,20,0,95 63,1,48,,472562,20,0,95 63,1,8,,739269,20,0,95 63,1,8,,739361,20,0,95 63,1,8,,605153,20,0,95 63,1,8,,739292,20,0,95 63,1,8,,739350,20,0,95 63,1,8,,739274,20,0,95 63,1,48,,642642,20,0,95 63,1,8,,739287,20,0,95 63,1,8,,739340,20,0,95 63,1,8,,739266,20,0,95 63,1,8,,739351,20,0,95 63,1,8,,739300,20,0,95 63,1,8,,607522,20,0,95 63,1,8,,739289,20,0,95 63,1,48,,739354,20,0,95 63,1,8,,687650,20,0,95 63,1,8,,739329,20,0,95 63,1,8,,739276,20,0,95 63,1,8,,739283,20,0,95 63,1,8,,739342,20,0,95 63,1,8,,739290,20,0,95 63,1,48,,739297,20,0,95 63,1,5,,460024,20,0,95 63,1,6,,739345,20,0,95 63,1,5,,739317,20,0,95 63,1,8,,639074,20,0,95 63,1,8,,739288,20,0,95 63,1,8,,739328,20,0,95 63,1,8,,739352,20,0,95 63,1,8,,739265,20,0,95 63,1,48,,739335,20,0,95 63,1,8,,739308,20,0,95 63,1,8,,739310,20,0,95 63,1,8,,739299,20,0,95 63,1,8,,739346,20,0,95 63,1,8,,678539,20,0,95 63,1,8,,546257,20,0,95 63,1,48,,678692,20,0,95 63,1,8,,739349,20,0,95 63,1,8,,739334,20,0,95 63,1,8,,739295,20,0,95 63,1,8,,565361,20,0,95 63,1,8,,739332,20,0,95 63,1,8,,739357,20,0,95 63,1,8,,739271,20,0,95 63,1,47,,628272,20,0,95 63,1,7,,739268,20,0,95 63,1,10,,739353,20,0,95 63,1,10,,739270,20,0,95 63,1,10,,739314,20,0,95 63,1,10,,650827,20,0,95 63,1,50,,739303,20,0,95 63,1,10,,739280,20,0,95 63,1,10,,617104,20,0,95 63,1,10,,689321,20,0,95 63,1,10,,739267,20,0,95 63,1,10,,739302,20,0,95 63,1,50,,739304,20,0,95 63,1,10,,739298,20,0,95 63,1,10,,739307,20,0,95 63,1,10,,739315,20,0,95 63,1,10,,620594,20,0,95 63,1,10,,632895,20,0,95 63,1,50,,739330,20,0,95 63,1,10,,739363,20,0,95 63,1,10,,739356,20,0,95 63,1,13,,739285,20,0,95 63,1,15,,605681,20,0,95 63,1,55,,641756,20,0,95 63,1,15,,625043,20,0,95 63,1
8903,'3',552,,739426,21,0,95 63,1,55,,739383,21,0,95 63,1,15,,739372,21,0,95 63,1,15,,739420,21,0,95 63,1,15,,739408,21,0,95 63,1,55,,739443,21,0,95 63,1,15,,739391,21,0,95 63,1,15,,739367,21,0,95 63,1,12,,739404,21,0,95 63,1,53,,612123,21,0,95 63,1,15,,739418,20,0,95 63,1,10,,615004,20,0,95 63,1,10,,739445,20,0,95 63,1,10,,739379,20,0,95 63,1,10,,618571,20,0,95 63,1,50,,739450,20,0,95 63,1,10,,739423,20,0,95 63,1,10,,739430,20,0,95 63,1,10,,739453,20,0,95 63,1,10,,739411,20,0,95 63,1,10,,404688,20,0,95 63,1,50,,462859,20,0,95 63,1,10,,739394,20,0,95 63,1,10,,739412,20,0,95 63,1,10,,739376,20,0,95 63,1,10,,739409,20,0,95 63,1,10,,739421,20,0,95 63,1,50,,676956,20,0,95 63,1,10,,739413,20,0,95 63,1,10,,739375,20,0,95 63,1,10,,739386,20,0,95 63,1,10,,739377,20,0,95 63,1,10,,739429,20,0,95 63,1,51,,739425,20,0,95 63,1,13,,739368,20,0,95 63,1,10,,556383,20,0,95 63,1,10,,739449,20,0,95 63,1,10,,739403,20,0,95 63,1,50,,739393,20,0,95 63,1,10,,661533,20,0,95 63,1,10,,614127,20,0,95 63,1,10,,739390,20,0,95 63,1,10,,681896,20,0,95 63,1,10,,739369,20,0,95 63,1,50,,739392,20,0,95 63,1,10,,739366,20,0,95 63,1,10,,739398,20,0,95 63,1,10,,739402,20,0,95 63,1,10,,739380,20,0,95 63,1,10,,675955,20,0,95 63,1,50,,739434,20,0,95 63,1,10,,739382,20,0,95 63,1,10,,641115,20,0,95 63,1,10,,739397,20,0,95 63,1,10,,659102,20,0,95 63,1,10,,628568,20,0,95 63,1,50,,739419,20,0,95 63,1,10,,739431,20,0,95 63,1,10,,687411,20,0,95 63,1,10,,739400,20,0,95 63,1,10,,739456,20,0,95 63,1,10,,739385,20,0,95 63,1,50,,739441,20,0,95 63,1,10,,739384,20,0,95 63,1,10,,739415,20,0,95 63,1,10,,739454,20,0,95 63,1,10,,739399,20,0,95 63,1,10,,739414,20,0,95 63,1,50,,604967,20,0,95 63,1,10,,739432,20,0,95 63,1,10,,739422,20,0,95 63,1,10,,613476,20,0,95 63,1,10,,739433,20,0,95 63,1,10,,739440,20,0,95 63,1,50,,645438,20,0,95 63,1,8,,739416,20,0,95 63,1,7,,739461,20,0,95 63,1,10,,665114,20,0,95 63,1,10,,739396,20,0,95 63,1,10,,739405,20,0,95 63,1,10,,739406,20,0,95 63,1,50,,739460,20,0,95 63,1,10,,739381,20,0,95 63,1,10,,739437,20,0,95 63,1,10,,739451,20,0,95 63,1,10,,739365,20,0,95 63,1,10,,739446,20,0,95 63,1,50,,739424,20,0,95 63,1,10,,739410,20,0,95 63,1,10,,739401,20,0,95 63,1,10,,739428,20,0,95 63,1,10,,739374,20,0,95 63,1,10,,739447,20,0,95 63,1,48,,739389,20,0,95 63,1,6,,739373,20,0,95 63,1,10,,662990,20,0,95 63,1,10,,739439,20,0,95 63,1,10,,739448,20,0,95 63,1,10,,739388,20,0,95 63,1,50,,739452,20,0,95 63,1,10,,739387,20,0,95 63,1,10,,739458,20,0,95 63,1,10,,739427,20,0,95 63,1,10,,628590,20,0,95 63,1,10,,739417,20,0,95 63,1,50,,739442,20,0,95 63,1,10,,739457,20,0,95 63,1,10,,739436,20,0,95 63,1,10,,739370,20,0,95 63,1,10,,739459,20,0,95 63,1,10,,739378,20,0,95 63,1,50,,739455,20,0,95 63,1,10,,739438,20,0,95 63,1,10,,739371,20,0,95 63,1,14,,739435,20,0,95 63,1,15,,739444,20,0,95 63,1,55,,739395,20,0,95 63,1,15,,665126,20,0,95 63,1
8903,'5',552,,739504,21,0,95 63,1,50,,606341,20,0,95 63,1,10,,739495,20,0,95 63,1,10,,688076,20,0,95 63,1,10,,739492,20,0,95 63,1,10,,739551,20,0,95 63,1,10,,739538,20,0,95 63,1,50,,619973,20,0,95 63,1,10,,739510,20,0,95 63,1,10,,739515,20,0,95 63,1,10,,548801,20,0,95 63,1,10,,739474,20,0,95 63,1,10,,739518,20,0,95 63,1,50,,739471,20,0,95 63,1,15,,739488,20,0,95 63,1,10,,739473,20,0,95 63,1,10,,739476,20,0,95 63,1,10,,739552,20,0,95 63,1,10,,739522,20,0,95 63,1,50,,739559,20,0,95 63,1,10,,659198,20,0,95 63,1,10,,739544,20,0,95 63,1,10,,739520,20,0,95 63,1,10,,650976,20,0,95 63,1,10,,680512,20,0,95 63,1,50,,739519,20,0,95 63,1,10,,739537,20,0,95 63,1,10,,739511,20,0,95 63,1,10,,739499,20,0,95 63,1,10,,739556,20,0,95 63,1,10,,739532,20,0,95 63,1,50,,668176,20,0,95 63,1,10,,739561,20,0,95 63,1,10,,739512,20,0,95 63,1,10,,739467,20,0,95 63,1,10,,739529,20,0,95 63,1,10,,739516,20,0,95 63,1,51,,739490,20,0,95 63,1,13,,739534,20,0,95 63,1,10,,739506,20,0,95 63,1,10,,739514,20,0,95 63,1,10,,739496,20,0,95 63,1,50,,739475,20,0,95 63,1,10,,739524,20,0,95 63,1,10,,739485,20,0,95 63,1,10,,739528,20,0,95 63,1,10,,739546,20,0,95 63,1,10,,739493,20,0,95 63,1,50,,739500,20,0,95 63,1,10,,739535,20,0,95 63,1,10,,739525,20,0,95 63,1,10,,739543,20,0,95 63,1,10,,739472,20,0,95 63,1,10,,739465,20,0,95 63,1,50,,739463,20,0,95 63,1,10,,739505,20,0,95 63,1,10,,618216,20,0,95 63,1,10,,739508,20,0,95 63,1,10,,739517,20,0,95 63,1,10,,739462,20,0,95 63,1,50,,739507,20,0,95 63,1,10,,739540,20,0,95 63,1,10,,739560,20,0,95 63,1,10,,739562,20,0,95 63,1,10,,640484,20,0,95 63,1,10,,739466,20,0,95 63,1,50,,739498,20,0,95 63,1,10,,739550,20,0,95 63,1,10,,739536,20,0,95 63,1,10,,739523,20,0,95 63,1,10,,739501,20,0,95 63,1,10,,648793,20,0,95 63,1,50,,739483,20,0,95 63,1,10,,663153,20,0,95 63,1,10,,739554,20,0,95 63,1,10,,739469,20,0,95 63,1,10,,739545,20,0,95 63,1,10,,739478,20,0,95 63,1,50,,739509,20,0,95 63,1,8,,739526,20,0,95 63,1,7,,739484,20,0,95 63,1,10,,587346,20,0,95 63,1,10,,556006,20,0,95 63,1,10,,739542,20,0,95 63,1,10,,739494,20,0,95 63,1,50,,739541,20,0,95 63,1,10,,739553,20,0,95 63,1,10,,535294,20,0,95 63,1,10,,739563,20,0,95 63,1,10,,739531,20,0,95 63,1,10,,739481,20,0,95 63,1,50,,739468,20,0,95 63,1,10,,739557,20,0,95 63,1,10,,739487,20,0,95 63,1,10,,739539,20,0,95 63,1,10,,739491,20,0,95 63,1,10,,739486,20,0,95 63,1,48,,739479,20,0,95 63,1,6,,739548,20,0,95 63,1,10,,739489,20,0,95 63,1,10,,539062,20,0,95 63,1,10,,739547,20,0,95 63,1,10,,739530,20,0,95 63,1,50,,549428,20,0,95 63,1,10,,739497,20,0,95 63,1,10,,739503,20,0,95 63,1,10,,739527,20,0,95 63,1,10,,739533,20,0,95 63,1,10,,739477,20,0,95 63,1,50,,627739,20,0,95 63,1,10,,739555,20,0,95 63,1,10,,739521,20,0,95 63,1,10,,641617,20,0,95 63,1,10,,739549,20,0,95 63,1,10,,739464,20,0,95 63,1,50,,739482,20,0,95 63,1,10,,739502,20,0,95 63,1,10,,739558,20,0,95 63,1,14,,739480,20,0,95 63,1,15,,739470,20,0,95 63,1,55,,635244,20,0,95 63,1,15,,739513,20,0,95 63,1
8904,'1',455,,635945,22,0,51,1,64,,739589,22,0,68 8,1,19,,739613,22,0,68 8,1,12,,739645,22,0,68 8,1,50,,644231,22,0,68 8,1,10,,739606,22,0,68 8,1,10,,739593,22,0,68 8,1,10,,739600,22,0,68 8,1,10,,739572,22,0,68 8,1,10,,739630,22,0,68 8,1,50,,632367,22,0,68 8,1,10,,739569,22,0,68 8,1,9,,739649,22,0,68 8,1,8,,739575,22,0,68 8,1,9,,642489,22,0,68 8,1,10,,739583,22,0,68 8,1,10,,567480,22,0,68 8,1,50,,739635,22,0,68 8,1,10,,739565,22,0,68 8,1,10,,618323,22,0,68 8,1,10,,739619,22,0,68 8,1,10,,739582,22,0,68 8,1,10,,739643,22,0,68 8,1,50,,648012,22,0,68 8,1,10,,673833,22,0,68 8,1,10,,739564,22,0,68 8,1,10,,530082,22,0,68 8,1,10,,739604,22,0,68 8,1,10,,739648,22,0,68 8,1,50,,668086,22,0,68 8,1,10,,739598,22,0,68 8,1,10,,739610,22,0,68 8,1,10,,739621,22,0,68 8,1,10,,679300,22,0,68 8,1,10,,739642,22,0,68 8,1,50,,739638,22,0,68 8,1,10,,547979,22,0,68 8,1,10,,739618,22,0,68 8,1,10,,739622,22,0,68 8,1,10,,612451,22,0,68 8,1,10,,458659,22,0,68 8,1,50,,739602,22,0,68 8,1,10,,739573,22,0,68 8,1,10,,739637,22,0,68 8,1,10,,594064,22,0,68 8,1,10,,739609,22,0,68 8,1,10,,739578,22,0,68 8,1,50,,739566,22,0,68 8,1,10,,739611,22,0,68 8,1,10,,739603,22,0,68 8,1,10,,739584,22,0,68 8,1,9,,739581,22,0,68 8,1,9,,628810,22,0,68 8,1,47,,739616,22,0,68 8,1,9,,739574,22,0,68 8,1,10,,739634,22,0,68 8,1,10,,739627,22,0,68 8,1,10,,739568,22,0,68 8,1,10,,653736,22,0,68 8,1,50,,501553,22,0,68 8,1,10,,739647,22,0,68 8,1,10,,739633,22,0,68 8,1,10,,739640,26,0,68 8,1,10,,739625,22,0,68 8,1,10,,739628,22,0,68 8,1,50,,739576,22,0,68 8,1,10,,739632,22,0,68 8,1,10,,739567,22,0,68 8,1,10,,739588,22,0,68 8,1,10,,739601,22,0,68 8,1,10,,739608,22,0,68 8,1,50,,739585,22,0,68 8,1,10,,739652,22,0,68 8,1,10,,739599,22,0,68 8,1,10,,550765,22,0,68 8,1,10,,656249,22,0,68 8,1,10,,739654,22,0,68 8,1,50,,739653,22,0,68 8,1,10,,650380,22,0,68 8,1,10,,739631,22,0,68 8,1,10,,739570,22,0,68 8,1,10,,739605,22,0,68 8,1,10,,621058,22,0,68 8,1,50,,739614,22,0,68 8,1,9,,739644,22,0,68 8,1,10,,739607,22,0,68 8,1,10,,739639,22,0,68 8,1,10,,629096,22,0,68 8,1,10,,739650,22,0,68 8,1,10,,739587,22,0,68 8,1,50,,449258,22,0,68 8,1,10,,623888,22,0,68 8,1,10,,739597,22,0,68 8,1,10,,739623,22,0,68 8,1,10,,739591,22,0,68 8,1,10,,631385,22,0,68 8,1,50,,739624,22,0,68 8,1,10,,640085,22,0,68 8,1,10,,739620,22,0,68 8,1,10,,739596,22,0,68 8,1,10,,739615,22,0,68 8,1,10,,739612,22,0,68 8,1,48,,739636,22,0,68 8,1,7,,684518,22,0,68 8,1,10,,739590,22,0,68 8,1,10,,649396,22,0,68 8,1,10,,739595,22,0,68 8,1,10,,739577,22,0,68 8,1,50,,680055,22,0,68 8,1,10,,739571,22,0,68 8,1,10,,739586,22,0,68 8,1,10,,739629,22,0,68 8,1,10,,739594,22,0,68 8,1,10,,739617,22,0,68 8,1,50,,739579,22,0,68 8,1,10,,739646,22,0,68 8,1,10,,739641,22,0,68 8,1,10,,739580,22,0,68 8,1,10,,739651,22,0,68 8,1,10,,572017,22,0,68 8,1,50,,739626,22,0,68 8,1,10,,668982,22,0,68 8,1,10,,664780,22,0,68 8,1,10,,575369,22,0,68 8,1,15,,630513,22,0,68 8,1,54,,565302,22,0,51,1,15,,739592,22,0,51,1
8904,'2',553,,739765,22,0,68 8,1,55,,607356,22,0,68 8,1,14,,739733,22,0,68 8,1,10,,674390,22,0,68 8,1,10,,739683,22,0,68 8,1,10,,739703,22,0,68 8,1,50,,739681,22,0,68 8,1,10,,739752,22,0,68 8,1,10,,739661,22,0,68 8,1,10,,739664,22,0,68 8,1,10,,609228,22,0,68 8,1,7,,739691,22,0,68 8,1,8,,739769,22,0,68 8,1,50,,613632,22,0,68 8,1,9,,739768,22,0,68 8,1,11,,739725,22,0,68 8,1,10,,739758,22,0,68 8,1,10,,739666,22,0,68 8,1,10,,739660,22,0,68 8,1,50,,739690,22,0,68 8,1,10,,739721,22,0,68 8,1,10,,739737,22,0,68 8,1,10,,739723,22,0,68 8,1,10,,739656,22,0,68 8,1,10,,739749,22,0,68 8,1,50,,739713,22,0,68 8,1,10,,739694,22,0,68 8,1,10,,739731,22,0,68 8,1,10,,739715,22,0,68 8,1,9,,739665,22,0,68 8,1,10,,739708,22,0,68 8,1,47,,739747,22,0,68 8,1,10,,739655,22,0,68 8,1,10,,739744,22,0,68 8,1,8,,739757,22,0,68 8,1,8,,739677,22,0,68 8,1,8,,739676,22,0,68 8,1,8,,739696,22,0,68 8,1,48,,739669,22,0,68 8,1,8,,739699,22,0,68 8,1,8,,739710,22,0,68 8,1,8,,739771,22,0,68 8,1,8,,739730,22,0,68 8,1,8,,739738,22,0,68 8,1,8,,739735,22,0,68 8,1,8,,477765,22,0,68 8,1,48,,739746,22,0,68 8,1,8,,739750,22,0,68 8,1,8,,739772,22,0,68 8,1,8,,739693,22,0,68 8,1,8,,609081,22,0,68 8,1,8,,739759,22,0,68 8,1,8,,739754,22,0,68 8,1,48,,739705,22,0,68 8,1,8,,739716,22,0,68 8,1,8,,739748,22,0,68 8,1,8,,739671,22,0,68 8,1,8,,739764,22,0,68 8,1,8,,739753,22,0,68 8,1,8,,739685,22,0,68 8,1,8,,527215,22,0,68 8,1,48,,739767,22,0,68 8,1,8,,739680,22,0,68 8,1,8,,739719,22,0,68 8,1,8,,739659,22,0,68 8,1,8,,739714,22,0,68 8,1,8,,739692,22,0,68 8,1,8,,739712,22,0,68 8,1,48,,739672,22,0,68 8,1,8,,739717,22,0,68 8,1,8,,739761,22,0,68 8,1,8,,739707,22,0,68 8,1,8,,739732,22,0,68 8,1,8,,665354,22,0,68 8,1,8,,513499,22,0,68 8,1,8,,739766,22,0,68 8,1,48,,739770,22,0,68 8,1,8,,739695,22,0,68 8,1,8,,739751,22,0,68 8,1,8,,494376,22,0,68 8,1,8,,674987,22,0,68 8,1,8,,739667,22,0,68 8,1,8,,739701,22,0,68 8,1,48,,739739,22,0,68 8,1,8,,672612,22,0,68 8,1,8,,516290,22,0,68 8,1,8,,739697,22,0,68 8,1,8,,739658,22,0,68 8,1,9,,739773,22,0,68 8,1,9,,739700,22,0,68 8,1,49,,395064,22,0,68 8,1,5,,739709,22,0,68 8,1,8,,739678,22,0,68 8,1,6,,739675,22,0,68 8,1,8,,739682,22,0,68 8,1,8,,739763,22,0,68 8,1,8,,549929,22,0,68 8,1,8,,739684,22,0,68 8,1,48,,476629,22,0,68 8,1,8,,640867,22,0,68 8,1,8,,739657,22,0,68 8,1,8,,739704,22,0,68 8,1,8,,739679,22,0,68 8,1,8,,739718,22,0,68 8,1,8,,739734,22,0,68 8,1,8,,739745,22,0,68 8,1,48,,739689,22,0,68 8,1,8,,739687,22,0,68 8,1,8,,739728,22,0,68 8,1,8,,739674,22,0,68 8,1,8,,661674,22,0,68 8,1,8,,739756,22,0,68 8,1,8,,739740,22,0,68 8,1,48,,650823,22,0,68 8,1,8,,739720,22,0,68 8,1,6,,739741,22,0,68 8,1,10,,739711,22,0,68 8,1,10,,739670,22,0,68 8,1,10,,739762,22,0,68 8,1,10,,739736,22,0,68 8,1,50,,686146,22,0,68 8,1,10,,667537,22,0,68 8,1,10,,739724,22,0,68 8,1,10,,739686,22,0,68 8,1,10,,739729,22,0,68 8,1,10,,739698,22,0,68 8,1,50,,739668,22,0,68 8,1,10,,739702,22,0,68 8,1,10,,739727,22,0,68 8,1,10,,739742,22,0,68 8,1,10,,739663,22,0,68 8,1,10,,739760,22,0,68 8,1,50,,739755,22,0,68 8,1,10,,739722,22,0,68 8,1,10,,739743,22,0,68 8,1,10,,668324,22,0,68 8,1,14,,739662,22,0,68 8,1,54,,739688,22,0,51,1,15,,739726,22,0,51,1
8904,'3',552,,739802,22,0,51,1,55,,739852,22,0,51,1,15,,739792,22,0,51,1,15,,678736,22,0,51,1,15,,739845,22,0,51,1,55,,739836,22,0,51,1,15,,739861,22,0,51,1,15,,739846,22,0,68 8,1,13,,739797,22,0,68 8,1,53,,739865,22,0,68 8,1,13,,739868,22,0,68 8,1,12,,739850,22,0,68 8,1,10,,507118,22,0,68 8,1,10,,739794,22,0,68 8,1,10,,739841,22,0,68 8,1,50,,739864,22,0,68 8,1,10,,739840,22,0,68 8,1,10,,629722,22,0,68 8,1,10,,649588,22,0,68 8,1,10,,625587,22,0,68 8,1,10,,739870,22,0,68 8,1,50,,739872,22,0,68 8,1,10,,650910,22,0,68 8,1,10,,739873,22,0,68 8,1,10,,536153,22,0,68 8,1,10,,492836,22,0,68 8,1,10,,739854,22,0,68 8,1,50,,739787,22,0,68 8,1,10,,648680,22,0,68 8,1,10,,739839,22,0,68 8,1,10,,739777,22,0,68 8,1,9,,739791,22,0,68 8,1,9,,739779,22,0,68 8,1,50,,739874,22,0,68 8,1,10,,739847,22,0,68 8,1,10,,739795,22,0,68 8,1,10,,739806,22,0,68 8,1,10,,739823,22,0,68 8,1,10,,739833,22,0,68 8,1,50,,739853,22,0,68 8,1,10,,739848,22,0,68 8,1,10,,739813,22,0,68 8,1,10,,739857,22,0,68 8,1,10,,739842,22,0,68 8,1,10,,739817,22,0,68 8,1,50,,459729,22,0,68 8,1,10,,739783,22,0,68 8,1,10,,739875,22,0,68 8,1,10,,739844,22,0,68 8,1,10,,739814,22,0,68 8,1,10,,739819,22,0,68 8,1,50,,739776,22,0,68 8,1,10,,739789,22,0,68 8,1,10,,739818,22,0,68 8,1,10,,739871,22,0,68 8,1,10,,739822,22,0,68 8,1,10,,739774,22,0,68 8,1,50,,739782,22,0,68 8,1,10,,739831,22,0,68 8,1,10,,739780,22,0,68 8,1,10,,739786,22,0,68 8,1,10,,739869,22,0,68 8,1,10,,689842,22,0,68 8,1,50,,739812,22,0,68 8,1,10,,739798,22,0,68 8,1,10,,739824,22,0,68 8,1,10,,739808,22,0,68 8,1,10,,739855,22,0,68 8,1,10,,739837,22,0,68 8,1,50,,739830,22,0,68 8,1,10,,649648,22,0,68 8,1,10,,647682,22,0,68 8,1,10,,739811,22,0,68 8,1,10,,739834,22,0,68 8,1,10,,739804,22,0,68 8,1,49,,739799,22,0,68 8,1,9,,516622,22,0,68 8,1,8,,739832,22,0,68 8,1,10,,739821,22,0,68 8,1,10,,739793,22,0,68 8,1,10,,739827,22,0,68 8,1,50,,739828,22,0,68 8,1,10,,739815,22,0,68 8,1,10,,739835,22,0,68 8,1,10,,739805,22,0,68 8,1,10,,739790,22,0,68 8,1,10,,739856,22,0,68 8,1,50,,739863,22,0,68 8,1,10,,739785,22,0,68 8,1,10,,739858,22,0,68 8,1,10,,739829,22,0,68 8,1,10,,739825,22,0,68 8,1,10,,739801,22,0,68 8,1,50,,739788,22,0,68 8,1,7,,739781,22,0,68 8,1,7,,739775,22,0,68 8,1,10,,739867,22,0,68 8,1,10,,739838,22,0,68 8,1,10,,739800,22,0,68 8,1,10,,739866,22,0,68 8,1,50,,673281,22,0,68 8,1,10,,739820,22,0,68 8,1,10,,739784,22,0,68 8,1,10,,739843,22,0,68 8,1,10,,739826,22,0,68 8,1,10,,739860,22,0,68 8,1,50,,739807,22,0,68 8,1,10,,739851,22,0,68 8,1,10,,739816,22,0,68 8,1,10,,739810,22,0,68 8,1,10,,739849,22,0,68 8,1,10,,656510,22,0,68 8,1,50,,739862,22,0,68 8,1,10,,739778,22,0,68 8,1,10,,739859,22,0,68 8,1,10,,641782,22,0,68 8,1,13,,739809,22,0,68 8,1,54,,739803,22,0,51,1,15,,655071,22,0,51,1
8904,'5',553,,739901,22,0,68 8,1,55,,739972,22,0,68 8,1,14,,739969,22,0,68 8,1,10,,739916,22,0,68 8,1,10,,739918,22,0,68 8,1,10,,739948,22,0,68 8,1,50,,739939,22,0,68 8,1,10,,674877,22,0,68 8,1,10,,739973,22,0,68 8,1,10,,739886,22,0,68 8,1,10,,739942,22,0,68 8,1,7,,739914,22,0,68 8,1,8,,739928,22,0,68 8,1,51,,739889,22,0,68 8,1,11,,739966,22,0,68 8,1,9,,739933,22,0,68 8,1,10,,739900,22,0,68 8,1,10,,739890,22,0,68 8,1,10,,739982,22,0,68 8,1,50,,739883,22,0,68 8,1,10,,739926,22,0,68 8,1,10,,739945,22,0,68 8,1,10,,739881,22,0,68 8,1,10,,739963,22,0,68 8,1,10,,739952,22,0,68 8,1,50,,739955,22,0,68 8,1,10,,739895,22,0,68 8,1,10,,651784,22,0,68 8,1,10,,739921,22,0,68 8,1,10,,739929,22,0,68 8,1,10,,739887,22,0,68 8,1,50,,739878,22,0,68 8,1,10,,739897,22,0,68 8,1,10,,739925,22,0,68 8,1,10,,739962,22,0,68 8,1,9,,739937,22,0,68 8,1,9,,739944,22,0,68 8,1,50,,739956,22,0,68 8,1,10,,739888,22,0,68 8,1,10,,739951,22,0,68 8,1,10,,686640,22,0,68 8,1,10,,739902,22,0,68 8,1,10,,739936,22,0,68 8,1,50,,739958,22,0,68 8,1,10,,739940,22,0,68 8,1,10,,739898,22,0,68 8,1,10,,606043,22,0,68 8,1,10,,739911,22,0,68 8,1,10,,739892,22,0,68 8,1,50,,739943,22,0,68 8,1,10,,739920,22,0,68 8,1,10,,652831,22,0,68 8,1,10,,651842,22,0,68 8,1,10,,739977,22,0,68 8,1,10,,739978,22,0,68 8,1,50,,739946,22,0,68 8,1,10,,739983,22,0,68 8,1,10,,739949,22,0,68 8,1,10,,739885,22,0,68 8,1,10,,739934,22,0,68 8,1,10,,739905,22,0,68 8,1,50,,739876,22,0,68 8,1,10,,739979,22,0,68 8,1,10,,668543,22,0,68 8,1,10,,565735,22,0,68 8,1,10,,739922,22,0,68 8,1,10,,739880,22,0,68 8,1,50,,739947,22,0,68 8,1,10,,739908,22,0,68 8,1,10,,739930,22,0,68 8,1,10,,739894,22,0,68 8,1,10,,739953,22,0,68 8,1,10,,739913,22,0,68 8,1,50,,631813,22,0,68 8,1,10,,739974,22,0,68 8,1,10,,739935,22,0,68 8,1,10,,739915,22,0,68 8,1,10,,739923,22,0,68 8,1,10,,739984,22,0,68 8,1,49,,739959,22,0,68 8,1,9,,739906,22,0,68 8,1,8,,739954,22,0,68 8,1,10,,739932,22,0,68 8,1,10,,739975,22,0,68 8,1,10,,739967,22,0,68 8,1,50,,739960,22,0,68 8,1,10,,739924,22,0,68 8,1,10,,666131,22,0,68 8,1,10,,739884,22,0,68 8,1,10,,739882,22,0,68 8,1,10,,739961,22,0,68 8,1,50,,628623,22,0,68 8,1,10,,618228,22,0,68 8,1,10,,739950,22,0,68 8,1,10,,645922,22,0,68 8,1,10,,739957,22,0,68 8,1,10,,739981,22,0,68 8,1,50,,739971,22,0,68 8,1,7,,739893,22,0,68 8,1,7,,629335,22,0,68 8,1,10,,632613,22,0,68 8,1,10,,739896,22,0,68 8,1,10,,739912,22,0,68 8,1,10,,739877,22,0,68 8,1,50,,739976,22,0,68 8,1,10,,739970,22,0,68 8,1,10,,739907,22,0,68 8,1,10,,739919,22,0,68 8,1,10,,739927,22,0,68 8,1,10,,739938,22,0,68 8,1,50,,739931,22,0,68 8,1,10,,739910,22,0,68 8,1,10,,739917,22,0,68 8,1,10,,739909,22,0,68 8,1,10,,739964,22,0,68 8,1,10,,739899,22,0,68 8,1,50,,739904,22,0,68 8,1,10,,606017,22,0,68 8,1,10,,739891,22,0,68 8,1,10,,739980,22,0,68 8,1,13,,739941,22,0,68 8,1,54,,739965,22,0,51,1,15,,739903,22,0,51,1
16402,'1',538,,764082,18,0,52 53 8,1,76,,636360,18,0,52 53 8,1,31,,764076,18,0,52 53 8,1,75,,764104,18,0,52 53 8,1,27,,764101,18,0,52 53 8,1,62,,764099,18,0,52 53 8,1,22,,764081,18,0,52 53 8,1,22,,764093,18,0,52 53 8,1,63,,764086,18,0,52 53 8,1,16,,764090,18,0,52 53 8,1,22,,764091,18,0,52 53 8,1,70,,764106,18,0,52 53 8,1,30,,764075,18,0,52 53 8,1,70,,764079,18,0,52 53 8,1,30,,764089,18,0,52 53 8,1,70,,764073,18,0,52 53 8,1,30,,764077,18,0,52 53 8,1,70,,764078,18,0,52 53 8,1,30,,764103,18,0,52 53 8,1,70,,764083,18,0,52 53 8,1,30,,677846,18,0,52 53 8,1,76,,764095,18,0,52 53 8,1,25,,764088,18,0,52 53 8,1,65,,576377,18,0,52 53 8,1,25,,764100,18,0,52 53 8,1,65,,764074,18,0,52 53 8,1,25,,505845,18,0,52 53 8,1,65,,764097,18,0,52 53 8,1,25,,764085,18,0,52 53 8,1,25,,764105,18,0,52 53 8,1,63,,683867,18,0,52 53 8,1,22,,627196,18,0,52 53 8,1,65,,764094,18,0,52 53 8,1,25,,764102,18,0,52 53 8,1,30,,764084,18,0,52 53 8,1,70,,764092,18,0,52 53 8,1,30,,764096,18,0,52 53 8,1,67,,664231,18,0,52 53 8,1,30,,649907,18,0,52 53 8,1,65,,764080,18,0,52 53 8,1,25,,386580,18,0,52 53 8,1,65,,764087,18,0,52 53 8,1,25,,382470,18,0,52 53 8,1,25,,764098,18,0,52 53 8,1,65,,764072,18,0,52 53 8,1
16402,'2',553,,764112,18,0,52 53 8,1,72,,764116,18,0,52 53 8,1,30,,764109,18,0,52 53 8,1,70,,764114,18,0,52 53 8,1,30,,764121,18,0,52 53 8,1,70,,764132,18,0,52 53 8,1,30,,764129,18,0,52 53 8,1,70,,764134,18,0,52 53 8,1,30,,764113,18,0,52 53 8,1,70,,764136,18,0,52 53 8,1,30,,764108,18,0,52 53 8,1,70,,764115,18,0,52 53 8,1,30,,615900,18,0,52 53 8,1,69,,655866,18,0,52 53 8,1,30,,764131,18,0,52 53 8,1,70,,764120,18,0,52 53 8,1,30,,764119,18,0,52 53 8,1,70,,677214,18,0,52 53 8,1,30,,764122,18,0,52 53 8,1,70,,764111,18,0,52 53 8,1,30,,764128,18,0,52 53 8,1,70,,764117,18,0,52 53 8,1,30,,764123,18,0,52 53 8,1,70,,764140,18,0,52 53 8,1,30,,675024,18,0,52 53 8,1,70,,764127,18,0,52 53 8,1,30,,764130,18,0,52 53 8,1,70,,764125,18,0,52 53 8,1,30,,764126,18,0,52 53 8,1,70,,533583,18,0,52 53 8,1,30,,764133,18,0,52 53 8,1,70,,764135,18,0,52 53 8,1,30,,764124,18,0,52 53 8,1,69,,764118,18,0,52 53 8,1,30,,764138,18,0,52 53 8,1,65,,764139,18,0,52 53 8,1,25,,764110,18,0,52 53 8,1,65,,659751,18,0,52 53 8,1,25,,649043,18,0,52 53 8,1,25,,764137,18,0,52 53 8,1,65,,764107,18,0,52 53 8,1
16402,'3',729,,764172,18,0,52 53 8,1,18,,678917,18,0,52 53 8,1,66,,764143,18,0,52 53 8,1,25,,764159,18,0,52 53 8,1,65,,764142,18,0,52 53 8,1,25,,764167,18,0,52 53 8,1,25,,764145,18,0,52 53 8,1,65,,613806,18,0,52 53 8,1,25,,764160,18,0,52 53 8,1,65,,764174,18,0,52 53 8,1,25,,764165,18,0,52 53 8,1,25,,764171,18,0,52 53 8,1,66,,764157,18,0,52 53 8,1,30,,764163,18,0,52 53 8,1,70,,764149,18,0,52 53 8,1,30,,764148,18,0,52 53 8,1,70,,648208,18,0,52 53 8,1,30,,613331,18,0,52 53 8,1,70,,764164,18,0,52 53 8,1,30,,764162,18,0,52 53 8,1,70,,764168,18,0,52 53 8,1,30,,764161,18,0,52 53 8,1,70,,764169,18,0,52 53 8,1,30,,764155,18,0,52 53 8,1,70,,764175,18,0,52 53 8,1,30,,681524,18,0,52 53 8,1,69,,764156,18,0,52 53 8,1,30,,764150,18,0,52 53 8,1,70,,764173,18,0,52 53 8,1,25,,764151,18,0,52 53 8,1,65,,764170,18,0,52 53 8,1,25,,764154,18,0,52 53 8,1,65,,764166,18,0,52 53 8,1,24,,764144,18,0,52 53 8,1,25,,764176,18,0,52 53 8,1,65,,764152,18,0,52 53 8,1,25,,764146,18,0,52 53 8,1,65,,764147,18,0,52 53 8,1,25,,764158,18,0,52 53 8,1,25,,764141,18,0,52 53 8,1,65,,764153,18,0,52 53 8,1
16402,'5',553,,764181,18,0,52 53 8,1,70,,764212,18,0,52 53 8,1,30,,764210,18,0,52 53 8,1,70,,618711,18,0,52 53 8,1,25,,551123,18,0,52 53 8,1,65,,764192,18,0,52 53 8,1,25,,764197,18,0,52 53 8,1,65,,764187,18,0,52 53 8,1,25,,764208,18,0,52 53 8,1,25,,635902,18,0,52 53 8,1,65,,764199,18,0,52 53 8,1,25,,764183,18,0,52 53 8,1,65,,764188,18,0,52 53 8,1,25,,764204,18,0,52 53 8,1,25,,764177,18,0,52 53 8,1,66,,764185,18,0,52 53 8,1,30,,764211,18,0,52 53 8,1,70,,764202,18,0,52 53 8,1,30,,764195,18,0,52 53 8,1,70,,764189,18,0,52 53 8,1,30,,764200,18,0,52 53 8,1,70,,764190,18,0,52 53 8,1,30,,627671,18,0,52 53 8,1,70,,764209,18,0,52 53 8,1,30,,764198,18,0,52 53 8,1,70,,764203,18,0,52 53 8,1,30,,764196,18,0,52 53 8,1,70,,764179,18,0,52 53 8,1,30,,764182,18,0,52 53 8,1,69,,609669,18,0,52 53 8,1,30,,764180,18,0,52 53 8,1,70,,764207,18,0,52 53 8,1,25,,764194,18,0,52 53 8,1,65,,612695,18,0,52 53 8,1,25,,764184,18,0,52 53 8,1,65,,764206,18,0,52 53 8,1,24,,623632,18,0,52 53 8,1,25,,764178,18,0,52 53 8,1,65,,764193,18,0,52 53 8,1,25,,764186,18,0,52 53 8,1,65,,662584,18,0,52 53 8,1,25,,764201,18,0,52 53 8,1,25,,764191,18,0,52 53 8,1,65,,764205,18,0,52 53 8,1
17103,'1',537,,766101,15,0,5 190 6,1,17,,766143,15,0,5 190 6,1,60,,766134,15,0,5 190 6,1,20,,649877,15,0,5 190 6,1,20,,766145,15,0,5 190 6,1,65,,766111,15,0,5 190 6,1,25,,766141,15,0,5 190 6,1,65,,766115,15,0,5 190 6,1,25,,686126,15,0,5 190 6,1,25,,766117,15,0,5 190 6,1,64,,766110,15,0,5 190 6,1,25,,766139,15,0,5 190 6,1,65,,766118,15,0,5 190 6,1,25,,766126,15,0,5 190 6,1,65,,766108,15,0,5 190 6,1,25,,766119,15,0,5 190 6,1,25,,766133,15,0,5 190 6,1,65,,766128,15,0,5 190 6,1,25,,766109,15,0,5 190 6,1,65,,766125,15,0,5 190 6,1,25,,766106,15,0,5 190 6,1,25,,766140,15,0,5 190 6,1,68,,676715,15,0,5 190 6,1,30,,766120,15,0,5 190 6,1,70,,766144,15,0,5 190 6,1,30,,766132,15,0,5 190 6,1,70,,766100,15,0,5 190 6,1,30,,766099,15,0,5 190 6,1,70,,766103,15,0,5 190 6,1,30,,766112,15,0,5 190 6,1,70,,766130,15,0,5 190 6,1,30,,766122,15,0,5 190 6,1,64,,766135,15,0,5 190 6,1,19,,569207,15,0,5 190 6,1,20,,766123,15,0,5 190 6,1,60,,766131,15,0,5 190 6,1,20,,766105,15,0,5 190 6,1,20,,766136,15,0,5 190 6,1,60,,671400,15,0,5 190 6,1,20,,766107,15,0,5 190 6,1,20,,531291,15,0,5 190 6,1,58,,606878,15,0,5 190 6,1,20,,766124,15,0,5 190 6,1,20,,766127,15,0,5 190 6,1,60,,766102,15,0,5 190 6,1,20,,766138,15,0,5 190 6,1,20,,766142,15,0,5 190 6,1,60,,766116,15,0,5 190 6,1,20,,766104,15,0,5 190 6,1,20,,766113,15,0,5 190 6,1,56,,690234,15,0,5 190 6,1
17103,'2',552,,766162,15,0,5 190 6,1,56,,766198,15,0,5 190 6,1,20,,766169,15,0,5 190 6,1,20,,766194,15,0,5 190 6,1,60,,615351,15,0,5 190 6,1,20,,766179,15,0,5 190 6,1,20,,766184,15,0,5 190 6,1,61,,766195,15,0,5 190 6,1,21,,766191,15,0,5 190 6,1,20,,643439,15,0,5 190 6,1,60,,766170,15,0,5 190 6,1,20,,639333,15,0,5 190 6,1,20,,766156,15,0,5 190 6,1,60,,766155,15,0,5 190 6,1,20,,637461,15,0,5 190 6,1,20,,766168,15,0,5 190 6,1,60,,766166,15,0,5 190 6,1,20,,766167,15,0,5 190 6,1,20,,766183,15,0,5 190 6,1,60,,766180,15,0,5 190 6,1,21,,766160,15,0,5 190 6,1,22,,766176,15,0,5 190 6,1,62,,766199,15,0,5 190 6,1,22,,766185,15,0,5 190 6,1,22,,766187,15,0,5 190 6,1,62,,766146,15,0,5 190 6,1,22,,766174,15,0,5 190 6,1,62,,766175,15,0,5 190 6,1,22,,766171,15,0,5 190 6,1,22,,766181,15,0,5 190 6,1,62,,766148,15,0,5 190 6,1,22,,766165,15,0,5 190 6,1,22,,766189,15,0,5 190 6,1,62,,766164,15,0,5 190 6,1,22,,766154,15,0,5 190 6,1,62,,553193,15,0,5 190 6,1,22,,766159,15,0,5 190 6,1,20,,766151,15,0,5 190 6,1,60,,766177,15,0,5 190 6,1,16,,766149,15,0,5 190 6,1,19,,643823,15,0,5 190 6,1,20,,561895,15,0,5 190 6,1,60,,766192,15,0,5 190 6,1,20,,766190,15,0,5 190 6,1,20,,766186,15,0,5 190 6,1,60,,766150,15,0,5 190 6,1,20,,766178,15,0,5 190 6,1,20,,766173,15,0,5 190 6,1,59,,766153,15,0,5 190 6,1,20,,766172,15,0,5 190 6,1,20,,766197,15,0,5 190 6,1,60,,766161,15,0,5 190 6,1,20,,538390,15,0,5 190 6,1,20,,766182,15,0,5 190 6,1,60,,604833,15,0,5 190 6,1,20,,617976,15,0,5 190 6,1,20,,766193,15,0,5 190 6,1,56,,766157,15,0,5 190 6,1
17103,'3',552,,766205,15,0,5 190 6,1,56,,766226,15,0,5 190 6,1,20,,659894,15,0,5 190 6,1,20,,766206,15,0,5 190 6,1,60,,537659,15,0,5 190 6,1,21,,766233,15,0,5 190 6,1,21,,766204,15,0,5 190 6,1,60,,766241,15,0,5 190 6,1,20,,617642,15,0,5 190 6,1,20,,766228,15,0,5 190 6,1,60,,656570,15,0,5 190 6,1,20,,524557,15,0,5 190 6,1,20,,766247,15,0,5 190 6,1,60,,766227,15,0,5 190 6,1,20,,766222,15,0,5 190 6,1,20,,766213,15,0,5 190 6,1,60,,766221,15,0,5 190 6,1,20,,766210,15,0,5 190 6,1,20,,766202,15,0,5 190 6,1,59,,766237,15,0,5 190 6,1,21,,766203,15,0,5 190 6,1,20,,766239,15,0,5 190 6,1,60,,766224,15,0,5 190 6,1,20,,766245,15,0,5 190 6,1,20,,682058,15,0,5 190 6,1,60,,634326,15,0,5 190 6,1,20,,661768,15,0,5 190 6,1,20,,766201,15,0,5 190 6,1,60,,766223,15,0,5 190 6,1,20,,613305,15,0,5 190 6,1,20,,766230,15,0,5 190 6,1,60,,766216,15,0,5 190 6,1,20,,766243,15,0,5 190 6,1,20,,633737,15,0,5 190 6,1,60,,766200,15,0,5 190 6,1,20,,677656,15,0,5 190 6,1,20,,766217,15,0,5 190 6,1,60,,766219,15,0,5 190 6,1,20,,766235,15,0,5 190 6,1,19,,578729,15,0,5 190 6,1,57,,766246,15,0,5 190 6,1,18,,631596,15,0,5 190 6,1,16,,629311,15,0,5 190 6,1,18,,766211,15,0,5 190 6,1,60,,766234,15,0,5 190 6,1,20,,766207,15,0,5 190 6,1,20,,766208,15,0,5 190 6,1,60,,766212,15,0,5 190 6,1,20,,766238,15,0,5 190 6,1,20,,766232,15,0,5 190 6,1,59,,766209,15,0,5 190 6,1,20,,766248,15,0,5 190 6,1,20,,766218,15,0,5 190 6,1,60,,635166,15,0,5 190 6,1,20,,660325,15,0,5 190 6,1,20,,766225,15,0,5 190 6,1,60,,766220,15,0,5 190 6,1,20,,766215,15,0,5 190 6,1,20,,766244,15,0,5 190 6,1,56,,766240,15,0,5 190 6,1
17103,'5',552,,766252,15,0,5 190 6,1,56,,766277,15,0,5 190 6,1,20,,524745,15,0,5 190 6,1,20,,766287,15,0,5 190 6,1,57,,766266,15,0,5 190 6,1,17,,766289,15,0,5 190 6,1,16,,766278,15,0,5 190 6,1,16,,766274,15,0,5 190 6,1,60,,766271,15,0,5 190 6,1,16,,766267,15,0,5 190 6,1,20,,766264,15,0,5 190 6,1,60,,766256,15,0,5 190 6,1,20,,766251,15,0,5 190 6,1,20,,766270,15,0,5 190 6,1,60,,766261,15,0,5 190 6,1,20,,766260,15,0,5 190 6,1,20,,766279,15,0,5 190 6,1,60,,766288,15,0,5 190 6,1,20,,654749,15,0,5 190 6,1,20,,594238,15,0,5 190 6,1,59,,766258,15,0,5 190 6,1,21,,766299,15,0,5 190 6,1,20,,766285,15,0,5 190 6,1,60,,766283,15,0,5 190 6,1,20,,766250,15,0,5 190 6,1,20,,766295,15,0,5 190 6,1,60,,766286,15,0,5 190 6,1,20,,766284,15,0,5 190 6,1,20,,766298,15,0,5 190 6,1,60,,766302,15,0,5 190 6,1,20,,766255,15,0,5 190 6,1,20,,766292,15,0,5 190 6,1,60,,606031,15,0,5 190 6,1,20,,766265,15,0,5 190 6,1,20,,766254,15,0,5 190 6,1,60,,766282,15,0,5 190 6,1,20,,766291,15,0,5 190 6,1,20,,766293,15,0,5 190 6,1,60,,766262,15,0,5 190 6,1,20,,766303,15,0,5 190 6,1,19,,597926,15,0,5 190 6,1,57,,651248,15,0,5 190 6,1,18,,766281,15,0,5 190 6,1,16,,617061,15,0,5 190 6,1,18,,766301,15,0,5 190 6,1,60,,766280,15,0,5 190 6,1,20,,766249,15,0,5 190 6,1,20,,766296,15,0,5 190 6,1,60,,766263,15,0,5 190 6,1,20,,766294,15,0,5 190 6,1,20,,609343,15,0,5 190 6,1,59,,766257,15,0,5 190 6,1,20,,766297,15,0,5 190 6,1,20,,766275,15,0,5 190 6,1,60,,766253,15,0,5 190 6,1,20,,766276,15,0,5 190 6,1,20,,669733,15,0,5 190 6,1,60,,766300,15,0,5 190 6,1,20,,635320,15,0,5 190 6,1,20,,766273,15,0,5 190 6,1,56,,766272,15,0,5 190 6,1
17104,'1',457,,766334,7,0,17,1,60,,766307,7,0,17,1,20,,766319,7,0,5 75 6,1,17,,766331,7,0,5 75 6,1,60,,766336,7,0,5 75 6,1,20,,766328,7,0,5 75 6,1,20,,667506,7,0,5 75 6,1,65,,490908,7,0,5 75 6,1,25,,766332,7,0,5 75 6,1,65,,766305,7,0,5 75 6,1,25,,625841,7,0,5 75 6,1,25,,487348,7,0,5 75 6,1,65,,766310,7,0,5 75 6,1,25,,766308,7,0,5 75 6,1,65,,766322,7,0,5 75 6,1,25,,667628,7,0,5 75 6,1,65,,766345,7,0,5 75 6,1,25,,766306,7,0,5 75 6,1,25,,581804,7,0,5 75 6,1,65,,766341,7,0,5 75 6,1,25,,766318,7,0,5 75 6,1,65,,614658,7,0,5 75 6,1,25,,766347,7,0,5 75 6,1,66,,648869,7,0,5 75 6,1,30,,618780,7,0,5 75 6,1,70,,766325,7,0,5 75 6,1,30,,766335,7,0,5 75 6,1,70,,766321,7,0,5 75 6,1,30,,766323,7,0,5 75 6,1,70,,766348,7,0,5 75 6,1,30,,766344,7,0,5 75 6,1,70,,766317,7,0,5 75 6,1,30,,676225,7,0,5 75 6,1,70,,766339,7,0,5 75 6,1,19,,766311,7,0,5 75 6,1,20,,766320,7,0,5 75 6,1,20,,766326,7,0,5 75 6,1,60,,766340,7,0,5 75 6,1,20,,766315,7,0,5 75 6,1,20,,766312,7,0,5 75 6,1,60,,766327,7,0,5 75 6,1,20,,766333,7,0,5 75 6,1,20,,635949,7,0,5 75 6,1,59,,766324,7,0,5 75 6,1,20,,766338,7,0,5 75 6,1,20,,766337,7,0,5 75 6,1,60,,766316,7,0,5 75 6,1,20,,766314,7,0,5 75 6,1,20,,766342,7,0,5 75 6,1,60,,766309,7,0,5 75 6,1,20,,766313,7,0,5 75 6,1,19,,766329,7,0,5 75 6,1
17104,'2',552,,766355,7,0,5 75 6,1,57,,766370,7,0,5 75 6,1,20,,766384,7,0,5 75 6,1,20,,766391,7,0,5 75 6,1,60,,766371,7,0,5 75 6,1,20,,766377,7,0,5 75 6,1,20,,766358,7,0,5 75 6,1,61,,766378,7,0,5 75 6,1,20,,766363,7,0,5 75 6,1,20,,623561,7,0,5 75 6,1,60,,620946,7,0,5 75 6,1,20,,766373,7,0,5 75 6,1,20,,766381,7,0,5 75 6,1,60,,766390,7,0,5 75 6,1,20,,766388,7,0,5 75 6,1,20,,766379,7,0,5 75 6,1,60,,766365,7,0,5 75 6,1,20,,672269,7,0,5 75 6,1,20,,669058,7,0,5 75 6,1,60,,766356,7,0,5 75 6,1,22,,579496,7,0,5 75 6,1,22,,766361,7,0,5 75 6,1,62,,766372,7,0,5 75 6,1,22,,766369,7,0,5 75 6,1,62,,766362,7,0,5 75 6,1,22,,766357,7,0,5 75 6,1,22,,766376,7,0,5 75 6,1,62,,766380,7,0,5 75 6,1,22,,766393,7,0,5 75 6,1,22,,766352,7,0,5 75 6,1,62,,683504,7,0,5 75 6,1,22,,766382,7,0,5 75 6,1,22,,766366,7,0,5 75 6,1,62,,766383,7,0,5 75 6,1,22,,766359,7,0,5 75 6,1,62,,629444,7,0,5 75 6,1,22,,530797,7,0,5 75 6,1,21,,766398,7,0,5 75 6,1,56,,766354,7,0,5 75 6,1,19,,766389,7,0,5 75 6,1,19,,766360,7,0,5 75 6,1,20,,766394,7,0,5 75 6,1,60,,766353,7,0,5 75 6,1,20,,766368,7,0,5 75 6,1,20,,766385,7,0,5 75 6,1,60,,766399,7,0,5 75 6,1,20,,766374,7,0,5 75 6,1,20,,766351,7,0,5 75 6,1,59,,766396,7,0,5 75 6,1,20,,766397,7,0,5 75 6,1,20,,683532,7,0,5 75 6,1,60,,766350,7,0,5 75 6,1,20,,685988,7,0,5 75 6,1,20,,766349,7,0,5 75 6,1,60,,571579,7,0,5 75 6,1,20,,766367,7,0,5 75 6,1,19,,766392,7,0,5 75 6,1
17104,'3',549,,653532,7,0,5 75 6,1,60,,766453,7,0,5 75 6,1,20,,766426,7,0,5 75 6,1,20,,567651,7,0,5 75 6,1,61,,613046,7,0,5 75 6,1,20,,766424,7,0,5 75 6,1,20,,766418,7,0,5 75 6,1,60,,766438,7,0,5 75 6,1,20,,766403,7,0,5 75 6,1,20,,766425,7,0,5 75 6,1,60,,766444,7,0,5 75 6,1,20,,766445,7,0,5 75 6,1,20,,766446,7,0,5 75 6,1,60,,766435,7,0,5 75 6,1,20,,766412,7,0,5 75 6,1,20,,766407,7,0,5 75 6,1,60,,766401,7,0,5 75 6,1,20,,766417,7,0,5 75 6,1,20,,616974,7,0,5 75 6,1,60,,584549,7,0,5 75 6,1,20,,766452,7,0,5 75 6,1,20,,766431,7,0,5 75 6,1,60,,766421,7,0,5 75 6,1,20,,766423,7,0,5 75 6,1,20,,766420,7,0,5 75 6,1,60,,766427,7,0,5 75 6,1,20,,766432,7,0,5 75 6,1,20,,684998,7,0,5 75 6,1,60,,766439,7,0,5 75 6,1,20,,766406,7,0,5 75 6,1,20,,766433,7,0,5 75 6,1,60,,652458,7,0,5 75 6,1,20,,766402,7,0,5 75 6,1,20,,766411,7,0,5 75 6,1,60,,766443,7,0,5 75 6,1,20,,766428,7,0,5 75 6,1,20,,766410,7,0,5 75 6,1,60,,766416,7,0,5 75 6,1,20,,687384,7,0,5 75 6,1,19,,766449,7,0,5 75 6,1,56,,766414,7,0,5 75 6,1,16,,766422,7,0,5 75 6,1,18,,766404,7,0,5 75 6,1,20,,766440,7,0,5 75 6,1,60,,766436,7,0,5 75 6,1,20,,766413,7,0,5 75 6,1,20,,766448,7,0,5 75 6,1,60,,632154,7,0,5 75 6,1,20,,766408,7,0,5 75 6,1,19,,578263,7,0,5 75 6,1,60,,766409,7,0,5 75 6,1,20,,766437,7,0,5 75 6,1,20,,619151,7,0,5 75 6,1,60,,766430,7,0,5 75 6,1,20,,766434,7,0,5 75 6,1,20,,766415,7,0,5 75 6,1,60,,669461,7,0,5 75 6,1,20,,766450,7,0,5 75 6,1,19,,766442,7,0,5 75 6,1
17104,'5',552,,766484,7,0,5 75 6,1,57,,766475,7,0,5 75 6,1,20,,766495,7,0,5 75 6,1,20,,766474,7,0,5 75 6,1,55,,766458,7,0,5 75 6,1,15,,766503,7,0,5 75 6,1,20,,766460,7,0,5 75 6,1,16,,766455,7,0,5 75 6,1,55,,766489,7,0,5 75 6,1,20,,766486,7,0,5 75 6,1,20,,766480,7,0,5 75 6,1,60,,584452,7,0,5 75 6,1,20,,586945,7,0,5 75 6,1,20,,766488,7,0,5 75 6,1,60,,646688,7,0,5 75 6,1,20,,766477,7,0,5 75 6,1,20,,766472,7,0,5 75 6,1,60,,766456,7,0,5 75 6,1,20,,766499,7,0,5 75 6,1,20,,766501,7,0,5 75 6,1,60,,766457,7,0,5 75 6,1,20,,627849,7,0,5 75 6,1,20,,519624,7,0,5 75 6,1,60,,677023,7,0,5 75 6,1,20,,522152,7,0,5 75 6,1,20,,766483,7,0,5 75 6,1,60,,533398,7,0,5 75 6,1,20,,766473,7,0,5 75 6,1,20,,677707,7,0,5 75 6,1,60,,766494,7,0,5 75 6,1,20,,766500,7,0,5 75 6,1,20,,766478,7,0,5 75 6,1,60,,652996,7,0,5 75 6,1,20,,766502,7,0,5 75 6,1,20,,641628,7,0,5 75 6,1,60,,766491,7,0,5 75 6,1,20,,766479,7,0,5 75 6,1,20,,766476,7,0,5 75 6,1,60,,766467,7,0,5 75 6,1,20,,766487,7,0,5 75 6,1,17,,766466,7,0,5 75 6,1,58,,766454,7,0,5 75 6,1,16,,766497,7,0,5 75 6,1,18,,766471,7,0,5 75 6,1,20,,766485,7,0,5 75 6,1,60,,766481,7,0,5 75 6,1,20,,766468,7,0,5 75 6,1,20,,632234,7,0,5 75 6,1,60,,644158,7,0,5 75 6,1,20,,766482,7,0,5 75 6,1,19,,766462,7,0,5 75 6,1,60,,766465,7,0,5 75 6,1,20,,766459,7,0,5 75 6,1,20,,550343,7,0,5 75 6,1,60,,655638,7,0,5 75 6,1,20,,766469,7,0,5 75 6,1,20,,766464,7,0,5 75 6,1,60,,766496,7,0,5 75 6,1,20,,766493,7,0,5 75 6,1,19,,766463,7,0,5 75 6,1
33401,'1',505,,639255,27,0,5 55 8,1,32,,613529,27,0,17 52 53 8,1,1992,,658514,18,0,5 55 8,1,71,,769848,27,0,5 55 8,1
33401,'2',552,,769858,18,0,17 52 53 8,1,55,,549902,27,0,17 52 53 8,1,15,,769868,18,0,17 52 53 8,1,15,,769856,27,0,17 52 53 8,1,1892,,530487,18,0,5 55 8,1,71,,769863,27,0,5 55 8,1
33401,'3',554,,769894,27,0,5 55 8,1,60,,769898,27,0,5 55 8,1,20,,769886,27,0,5 55 8,1,20,,769908,18,0,5 55 8,1,60,,769907,18,0,5 55 8,1,1815,,769880,18,0,5 55 8,1,71,,687441,27,0,5 55 8,1
33401,'5',553,,769929,18,0,17 52 53 8,1,52,,600566,27,0,17 52 53 8,1,15,,550055,18,0,17 52 53 8,1,15,,546572,27,0,17 52 53 8,1,1894,,769923,18,0,5 55 8,1,71,,769924,27,0,5 55 8,1
33402,'1',459,,769945,112,0,17 154 8,1,55,,669155,56,0,17 154 8,1,15,,769944,112,0,17 154 8,1,15,,769939,56,0,17 154 8,1,11,,678368,56,0,17 154 8,1,48,,769934,28,0,17 154 8,1,8,,538348,113,0,17 154 8,1,8,,769935,28,0,17 154 8,1,8,,769946,57,0,17 154 8,1,8,,668666,57,0,17 154 8,1,1983,,769937,57,0,5 132 133,1
33402,'2',559,,606208,112,0,17 154 8,1,55,,769960,57,0,17 154 8,1,12,,769949,57,0,17 154 8,1,1992,,769955,57,0,5 132 133,1
33402,'3',559,,769979,112,0,34 52 53 8,1,52,,769969,56,0,17 154 8,1,15,,769972,112,0,34 52 53 8,1,10,,769983,56,0,17 154 8,1,10,,769991,112,0,34 52 53 8,1,10,,769998,56,0,17 154 8,1,50,,769974,112,0,34 52 53 8,1,10,,769980,56,0,17 154 8,1,10,,769975,112,0,34 52 53 8,1,10,,769982,56,0,17 154 8,1,10,,770001,112,0,34 52 53 8,1,10,,769977,56,0,17 154 8,1,51,,769986,112,0,17 154 8,1,14,,690063,57,0,17 154 8,1,1797,,769971,57,0,5 132 133,1
33402,'5',559,,626101,112,0,17 154 8,1,51,,645337,57,0,17 154 8,1,10,,770021,57,0,17 154 8,1,1998,,770003,57,0,5 132 133,1
